# This file uses centimeters as units for non-parametric coordinates.

mtllib Crate_LOW.mtl
g default
v -2.214421 0.107481 1.289866
v -2.214421 2.411185 1.289866
v -2.042589 2.411185 0.833791
v -2.042589 0.107481 0.833791
v -2.023908 0.107481 -0.830450
v -2.023908 2.411185 -0.768210
v -2.220484 2.411185 -1.214179
v -2.220484 0.107481 -1.276420
v 2.025576 0.107481 -0.818480
v 2.025576 2.411185 -0.795465
v 2.228987 2.411185 -1.238358
v 2.228987 0.107481 -1.261373
v 2.212896 0.107481 1.277367
v 2.212896 2.411185 1.277367
v 1.985510 2.411185 0.846291
v 1.985510 0.107481 0.846291
v -2.212260 2.411185 0.844416
v -2.240324 2.411185 0.876229
v -2.240324 0.107481 0.876229
v -2.212260 0.107481 0.844416
v -2.193906 0.107481 -0.831758
v -2.223671 0.107481 -0.861984
v -2.223671 2.411185 -0.799744
v -2.193906 2.411185 -0.769517
v 2.225801 0.107481 -0.846938
v 2.195574 0.107481 -0.817173
v 2.195574 2.411185 -0.794157
v 2.225801 2.411185 -0.823923
v 2.186994 2.411185 0.863729
v 2.155180 2.411185 0.835666
v 2.155180 0.107481 0.835666
v 2.186994 0.107481 0.863729
v -2.042589 1.761836 0.830694
v -2.212260 1.761836 0.841319
v -2.240324 1.761836 0.873132
v -2.214421 1.761836 1.286769
v -2.042589 0.794820 0.848370
v -2.212260 0.794820 0.858995
v -2.240324 0.794820 0.890808
v -2.214421 0.794820 1.304446
v -2.023908 0.932700 -0.793927
v -2.193906 0.932700 -0.795234
v -2.223671 0.932700 -0.825461
v -2.220484 0.932700 -1.239896
v -2.023908 1.735297 -0.784527
v -2.193906 1.735297 -0.785835
v -2.223671 1.735297 -0.816061
v -2.220484 1.735297 -1.230497
v 2.025576 0.693525 -0.795465
v 2.195574 0.693525 -0.794157
v 2.225801 0.693525 -0.823923
v 2.228987 0.693525 -1.238358
v 2.228987 1.645556 -1.222550
v 2.225801 1.645556 -0.808115
v 2.195574 1.645556 -0.778349
v 2.025576 1.645556 -0.779657
v 2.212896 1.628670 1.287225
v 2.186994 1.628670 0.873588
v 2.155180 1.628670 0.845524
v 1.985510 1.628670 0.856149
v 2.212896 0.950115 1.287225
v 2.186994 0.950115 0.873588
v 2.155180 0.950115 0.845524
v 1.985510 0.950115 0.856149
v -2.105577 0.097595 1.319247
v 2.104695 0.097595 1.319247
v -2.105577 2.392458 1.319247
v 2.104695 2.361358 1.319247
v -2.105577 2.399850 -1.251014
v 2.124466 2.366369 -1.251014
v -2.105577 0.097595 -1.251014
v 2.124466 0.097595 -1.251014
v 2.068717 2.362989 0.482335
v -2.110519 2.394865 0.482335
v -2.110519 0.097595 0.482335
v 2.068717 0.097595 0.482335
v 2.088488 2.364920 -0.507654
v -2.087873 2.397712 -0.507654
v -2.087873 0.097595 -0.507654
v 2.088488 0.097595 -0.507654
v 2.075495 1.203889 -1.251014
v 2.039507 1.250951 -0.507532
v 2.055704 1.270254 1.319247
v 2.019732 1.279948 0.482332
v 2.124466 1.237082 -1.251014
v 2.117465 1.225944 -1.251014
v 2.088506 1.284462 -0.508015
v 2.081524 1.273320 -0.507733
v 2.119546 1.155428 -1.251014
v 2.124466 1.143189 -1.251014
v 2.088481 1.190672 -0.507322
v 2.083565 1.202850 -0.508061
v 2.104695 1.210969 1.319247
v 2.099705 1.223141 1.319247
v 2.068717 1.220206 0.482335
v 2.063754 1.232390 0.482344
v 2.097801 1.293436 1.319247
v 2.104695 1.304637 1.319247
v 2.068717 1.313941 0.482335
v 2.061788 1.302762 0.482335
v -2.016492 1.079116 1.319247
v -2.021422 1.050658 0.482289
v -1.998768 1.052032 -0.507640
v -2.016472 1.082682 -1.251014
v -2.105577 1.109161 1.319247
v -2.092702 1.093950 1.319247
v -2.110514 1.080289 0.482115
v -2.097605 1.065118 0.482480
v -2.094686 1.042444 1.319247
v -2.105577 1.025749 1.319247
v -2.110518 0.996779 0.482536
v -2.099670 1.013495 0.482345
v -2.087873 1.081177 -0.507654
v -2.074914 1.066040 -0.507702
v -2.087873 0.997537 -0.507654
v -2.077074 1.014285 -0.507654
v -2.092579 1.096352 -1.251014
v -2.105577 1.111480 -1.251014
v -2.105577 1.027721 -1.251014
v -2.094818 1.044495 -1.251014
v -2.280420 0.011457 1.270384
v 2.277541 0.004237 1.270384
v -2.280420 0.101081 1.270384
v 2.277541 0.102062 1.270384
v -2.280420 0.101081 -1.240727
v 2.277541 0.110093 -1.240727
v -2.280420 0.011457 -1.240727
v 2.277541 0.012268 -1.240727
v 2.277541 0.094031 0.615406
v -2.280420 0.112020 0.615406
v -2.280420 0.022396 0.615406
v 2.277541 -0.003794 0.615406
v 2.277541 0.110093 -0.352839
v -2.280420 0.112020 -0.352839
v -2.280420 0.022396 -0.352839
v 2.277541 0.012268 -0.352839
v 2.249436 0.112289 0.615406
v 2.249436 0.123520 1.270384
v 2.249436 -0.017221 1.270384
v 2.249436 -0.028452 0.615406
v 2.249436 -0.005603 -0.352839
v 2.249436 -0.005797 -1.240727
v 2.249436 0.134944 -1.240727
v 2.249436 0.135137 -0.352839
v -2.253232 0.140458 0.615406
v -2.253232 0.123520 1.270384
v -2.253232 -0.017221 1.270384
v -2.253232 -0.000283 0.615406
v -2.253232 -0.000090 -0.352839
v -2.253232 -0.017124 -1.240727
v -2.253232 0.123616 -1.240727
v -2.253232 0.140651 -0.352839
v -0.025122 -0.011519 -1.240727
v -0.025122 -0.002818 -0.352839
v -0.025122 -0.014222 0.615406
v -0.025122 -0.017221 1.270384
v 1.489870 0.130117 1.270384
v 1.489870 0.126526 0.615406
v 1.489870 0.143230 -0.352839
v 1.489870 0.138469 -1.240727
v 1.028189 -0.002272 -1.240727
v 1.028189 0.002489 -0.352839
v 1.028189 -0.014215 0.615406
v 1.028189 -0.010624 1.270384
v -1.532698 0.116923 1.270384
v -1.532698 0.128190 0.615406
v -1.532698 0.132944 -0.352839
v -1.532698 0.119300 -1.240727
v -1.346709 -0.021441 -1.240727
v -1.346709 -0.007797 -0.352839
v -1.346709 -0.012551 0.615406
v -1.346709 -0.023818 1.270384
v -2.200548 2.417726 1.457566
v 2.200548 2.387689 1.454582
v -2.200548 2.529871 1.457566
v 2.200548 2.499834 1.454582
v -2.200548 2.514272 -1.413928
v 2.200548 2.518071 -1.413928
v -2.200548 2.400045 -1.413928
v 2.200548 2.403843 -1.413928
v 2.200548 2.509598 0.661567
v 2.200548 2.469206 0.695681
v 2.200548 2.500262 0.729053
v -2.200548 2.533663 0.718446
v -2.200548 2.486140 0.683740
v -2.200548 2.536644 0.649627
v -2.200548 2.393072 0.711971
v -2.200548 2.423219 0.683740
v -2.200548 2.386713 0.649634
v 2.200548 2.359669 0.722584
v 2.200548 2.406286 0.695681
v 2.200548 2.359667 0.661567
v 2.200548 2.543966 -0.680701
v 2.200548 2.479004 -0.657306
v 2.200548 2.510891 -0.621037
v -2.200548 2.545774 -0.675425
v -2.200548 2.474874 -0.651334
v -2.200548 2.502438 -0.614689
v -2.200548 2.372188 -0.608440
v -2.200548 2.411954 -0.651334
v -2.200548 2.372673 -0.685225
v 2.200548 2.380642 -0.614789
v 2.200548 2.416084 -0.657306
v 2.200548 2.382661 -0.690501
v -2.200548 2.510251 -0.044162
v -2.200548 2.478602 -0.021437
v -2.200548 2.531152 0.006347
v -2.200548 2.381583 0.016430
v -2.200548 2.415682 -0.021437
v -2.200548 2.379862 -0.044162
v 2.200548 2.369779 -0.039411
v 2.200548 2.411230 -0.078129
v 2.200548 2.371782 -0.100857
v 2.200548 2.519348 -0.049500
v 2.200548 2.474150 -0.078129
v 2.200548 2.502169 -0.100850
v -2.200548 2.559493 -1.393724
v 2.200548 2.552490 -1.393709
v 2.200548 2.390851 -1.393916
v -2.200548 2.386059 -1.393931
v -2.200548 2.547092 1.423823
v 2.200548 2.510597 1.420806
v 2.200548 2.369859 1.420644
v -2.200548 2.406355 1.423661
v -2.445210 2.493562 -0.602023
v -2.445210 2.471848 -0.635148
v -2.445210 2.422282 -0.635148
v -2.445210 2.390955 -0.596375
v -2.451742 2.477800 -0.052541
v -2.451742 2.502731 -0.072302
v -2.451742 2.400016 -0.072302
v -2.451742 2.428233 -0.052541
v 2.449828 2.376836 0.768893
v 2.419808 2.385816 1.420961
v 2.449828 2.500738 0.774659
v 2.419808 2.509845 1.421106
v 2.449828 2.473368 0.735780
v 2.449828 2.417918 0.735780
v 2.419808 2.401529 1.451215
v 2.419808 2.500360 1.451215
v -2.419614 2.421385 1.410687
v -2.436914 2.401875 0.745518
v -2.419614 2.539462 1.410828
v -2.436914 2.519831 0.751122
v -2.436914 2.479959 0.722160
v -2.436914 2.427169 0.722160
v -2.419614 2.430925 1.440032
v -2.419614 2.525013 1.440032
v 2.449135 2.396769 -0.136433
v 2.449135 2.504400 -0.136428
v 2.436321 2.404083 -0.580062
v 2.436321 2.511600 -0.585503
v 2.436321 2.485278 -0.617088
v 2.436321 2.433339 -0.617088
v 2.449135 2.429332 -0.111298
v 2.449135 2.481271 -0.111298
v -2.403316 2.473375 -0.691343
v -2.403316 2.523827 -0.713534
v -2.403316 2.386132 -0.722676
v -2.403316 2.419664 -0.691343
v -2.426821 2.417085 -1.391821
v -2.426821 2.405146 -1.373166
v -2.426821 2.543125 -1.372973
v -2.426821 2.514593 -1.391821
v -2.495849 2.517236 0.029366
v -2.495849 2.474300 0.003994
v -2.495849 2.422892 0.003994
v -2.495849 2.395032 0.038718
v -2.468663 2.392946 0.612235
v -2.468663 2.515446 0.612229
v -2.468663 2.470589 0.643391
v -2.468663 2.419180 0.643391
v 2.435696 2.358002 0.626681
v 2.435696 2.484177 0.626681
v 2.416247 2.356017 -0.004841
v 2.416247 2.481888 -0.013853
v 2.435696 2.450185 0.656123
v 2.435696 2.397234 0.656123
v 2.416247 2.390900 -0.038571
v 2.416247 2.443851 -0.038571
v 2.419235 2.547160 -1.386269
v 2.419235 2.410568 -1.386463
v 2.419235 2.421548 -1.405230
v 2.419235 2.518075 -1.405230
v 2.396610 2.468854 -0.680923
v 2.396610 2.523750 -0.702577
v 2.396610 2.415684 -0.680923
v 2.396610 2.387440 -0.711768
v -1.359056 2.527168 1.457566
v -1.359056 2.552825 1.423817
v -1.359056 2.539989 0.745045
v -1.359056 2.485942 0.710595
v -1.359056 2.538070 0.676481
v -1.359056 2.535492 0.030378
v -1.359056 2.484348 0.002433
v -1.359056 2.515302 -0.020292
v -1.359056 2.510652 -0.596859
v -1.359056 2.482261 -0.633432
v -1.359056 2.554280 -0.657390
v -1.359056 2.567006 -1.375819
v -1.359056 2.521596 -1.396026
v -1.359056 2.407368 -1.396026
v -1.359056 2.393572 -1.376026
v -1.359056 2.381179 -0.667191
v -1.359056 2.419341 -0.633432
v -1.359056 2.380401 -0.590611
v -1.359056 2.384914 -0.020293
v -1.359056 2.421427 0.002433
v -1.359056 2.385923 0.040462
v -1.359056 2.388139 0.676487
v -1.359056 2.423022 0.710595
v -1.359056 2.389725 0.738571
v -1.359056 2.402417 1.423654
v -1.359056 2.415023 1.457566
v -0.495058 2.515537 1.454582
v -0.495058 2.539927 1.420827
v -0.495058 2.527698 0.729866
v -0.495058 2.476884 0.695678
v -0.495058 2.535064 0.661564
v -0.495058 2.535478 0.030543
v -0.495058 2.476877 0.002432
v -0.495058 2.507119 -0.020291
v -0.495058 2.505714 -0.596934
v -0.495058 2.476475 -0.633434
v -0.495058 2.537848 -0.657255
v -0.495058 2.549554 -1.375816
v -0.495058 2.515744 -1.396026
v -0.495058 2.401517 -1.396026
v -0.495058 2.387916 -1.376023
v -0.495058 2.376543 -0.667055
v -0.495058 2.413555 -0.633434
v -0.495058 2.375464 -0.590686
v -0.495058 2.376731 -0.020294
v -0.495058 2.413957 0.002432
v -0.495058 2.377009 0.040629
v -0.495058 2.376232 0.661568
v -0.495058 2.413964 0.695678
v -0.495058 2.377434 0.723394
v -0.495058 2.389519 1.420664
v -0.495058 2.403393 1.454582
v 0.460166 2.498978 1.436680
v 0.460166 2.503079 1.402917
v 0.460166 2.491521 0.708692
v 0.460166 2.463168 0.674793
v 0.460166 2.518198 0.640679
v 0.460166 2.521921 0.006856
v 0.460166 2.464916 -0.021438
v 0.460166 2.494370 -0.044161
v 0.460166 2.496554 -0.617903
v 0.460166 2.466376 -0.654321
v 0.460166 2.513132 -0.677990
v 0.460166 2.523711 -1.393715
v 0.460166 2.505574 -1.413928
v 0.460166 2.391346 -1.413928
v 0.460166 2.377961 -1.393922
v 0.460166 2.367716 -0.687791
v 0.460166 2.403456 -0.654321
v 0.460166 2.366304 -0.611654
v 0.460166 2.363982 -0.044165
v 0.460166 2.401995 -0.021438
v 0.460166 2.363452 0.016943
v 0.460166 2.359367 0.640682
v 0.460166 2.400248 0.674793
v 0.460166 2.360144 0.702221
v 0.460166 2.371557 1.402755
v 0.460166 2.386833 1.436680
v 1.446761 2.491249 1.436680
v 1.446761 2.493903 1.402910
v 1.446761 2.483039 0.696459
v 1.446761 2.458377 0.662860
v 1.446761 2.510154 0.628746
v 1.446761 2.517294 -0.022792
v 1.446761 2.461937 -0.051275
v 1.446761 2.490578 -0.073997
v 1.446761 2.496468 -0.635890
v 1.446761 2.465321 -0.672224
v 1.446761 2.513391 -0.695738
v 1.446761 2.522804 -1.399679
v 1.446761 2.504445 -1.419896
v 1.446761 2.390217 -1.419896
v 1.446761 2.377054 -1.399886
v 1.446761 2.367974 -0.705538
v 1.446761 2.402401 -0.672224
v 1.446761 2.366218 -0.629642
v 1.446761 2.360190 -0.074003
v 1.446761 2.399017 -0.051275
v 1.446761 2.358825 -0.012703
v 1.446761 2.351323 0.628747
v 1.446761 2.395457 0.662860
v 1.446761 2.351661 0.689990
v 1.446761 2.362381 1.402747
v 1.446761 2.379104 1.436680
v -2.402618 2.555634 -1.387940
v -2.381628 2.533977 -0.696839
v -2.381628 2.474874 -0.673592
v -2.381628 2.411954 -0.673592
v -2.381628 2.372673 -0.706404
v -2.402618 2.393996 -1.388142
v -2.402618 2.407982 -1.407657
v -2.402618 2.522210 -1.407657
v -2.423183 2.505814 -0.616203
v -2.429128 2.517110 -0.056055
v -2.429128 2.485461 -0.035028
v -2.429128 2.422541 -0.035028
v -2.429128 2.386721 -0.056055
v -2.423183 2.375564 -0.610216
v -2.423183 2.415330 -0.651317
v -2.423183 2.478250 -0.651317
v -2.460654 2.531152 0.014707
v -2.436708 2.529877 0.628368
v -2.436708 2.475499 0.661143
v -2.436708 2.412579 0.661143
v -2.436708 2.379946 0.628374
v -2.460654 2.381583 0.024524
v -2.460654 2.415682 -0.011980
v -2.460654 2.478602 -0.011980
v -2.409645 2.529773 0.725301
v -2.394341 2.552021 1.434362
v -2.394341 2.534800 1.466042
v -2.394341 2.422655 1.466042
v -2.394341 2.411284 1.434209
v -2.409645 2.389181 0.719222
v -2.409645 2.419329 0.693741
v -2.409645 2.482249 0.693741
v 2.378810 2.560082 -1.398158
v 2.378810 2.525664 -1.417933
v 2.378810 2.411436 -1.417933
v 2.378810 2.398444 -1.398361
v 2.360368 2.374619 -0.697687
v 2.360368 2.408043 -0.665462
v 2.360368 2.470963 -0.665462
v 2.360368 2.535924 -0.688102
v 2.408339 2.522232 -0.601288
v 2.408339 2.490345 -0.635080
v 2.408339 2.427425 -0.635080
v 2.408339 2.391984 -0.595466
v 2.420322 2.383123 -0.120305
v 2.420322 2.422571 -0.094133
v 2.420322 2.485492 -0.094133
v 2.420322 2.513511 -0.120299
v 2.381987 2.497577 -0.032227
v 2.381987 2.452379 -0.058538
v 2.381987 2.389459 -0.058538
v 2.381987 2.348008 -0.022689
v 2.399152 2.348408 0.644748
v 2.399152 2.395027 0.676090
v 2.399152 2.457947 0.676090
v 2.399152 2.498339 0.644748
v 2.412862 2.506946 0.755302
v 2.412862 2.475890 0.716117
v 2.412862 2.412970 0.716117
v 2.412862 2.366354 0.749209
v 2.387388 2.376543 1.432089
v 2.387388 2.394373 1.464061
v 2.387388 2.506518 1.464061
v 2.387388 2.517281 1.432242
v -2.184070 -0.062261 1.389763
v 2.181599 -0.056116 1.389763
v -2.184070 2.395189 1.388701
v 2.181599 2.374274 1.388701
v -2.184070 2.393274 1.237071
v 2.181599 2.372359 1.237071
v -2.184070 -0.062261 1.238987
v 2.181599 -0.056116 1.238987
v -2.184070 1.492904 1.372389
v -2.184070 1.492904 1.256361
v 2.181599 1.495051 1.256361
v 2.181599 1.495051 1.372389
v -2.184070 0.815280 1.372389
v -2.184070 0.815280 1.256361
v 2.181599 0.882895 1.256361
v 2.181599 0.882895 1.372389
v -2.184070 1.545918 1.465227
v -2.184070 1.524852 1.198881
v 2.181599 1.526999 1.198881
v 2.181599 1.548065 1.420489
v -2.184070 1.447734 1.422786
v -2.184070 1.441989 1.210797
v 2.181599 1.444136 1.210797
v 2.181599 1.449881 1.424230
v -2.184070 0.868236 1.422361
v -2.184070 0.866321 1.195901
v 2.181599 0.933936 1.195901
v 2.181599 0.935851 1.423805
v -2.184070 0.770793 1.454019
v -2.184070 0.759303 1.195901
v 2.181599 0.826917 1.195901
v 2.181599 0.838408 1.453014
v 2.181599 2.308512 1.417510
v -2.184070 2.329428 1.462247
v -2.184070 2.312191 1.194412
v 2.181599 2.291276 1.194412
v 2.181599 -0.011474 1.464931
v -2.184070 -0.017619 1.465936
v -2.184070 -0.019534 1.192922
v 2.181599 -0.013389 1.192922
v 2.423892 -0.040722 1.256671
v 2.423892 -0.040722 1.385414
v 2.423892 -0.004477 1.217337
v 2.423892 -0.002678 1.415988
v 2.411287 0.766674 1.219881
v 2.411287 0.777470 1.405813
v 2.411287 0.815380 1.271506
v 2.411287 0.815380 1.370579
v -2.398037 -0.031563 1.265364
v -2.398037 -0.031563 1.388648
v -2.398037 0.007147 1.450931
v -2.398037 0.005316 1.227698
v -2.421025 0.748156 1.441188
v -2.421025 0.737171 1.230134
v -2.421025 0.786729 1.374442
v -2.421025 0.786729 1.279570
v -2.478452 1.529282 1.371895
v -2.478452 1.529282 1.278444
v -2.478452 1.575499 1.429310
v -2.478452 1.555359 1.232148
v -2.452590 2.325595 1.426911
v -2.452590 2.309117 1.228548
v -2.452591 2.375484 1.385033
v -2.452591 2.373653 1.262907
v 2.381922 1.536127 1.275607
v 2.381922 1.536127 1.365160
v 2.381921 1.561782 1.231241
v 2.381921 1.581596 1.420180
v 2.380398 2.269452 1.227792
v 2.380398 2.285664 1.417881
v 2.380398 2.341217 1.260718
v 2.380398 2.343018 1.377750
v -2.428493 0.868994 1.370922
v -2.428493 0.868994 1.278145
v -2.428493 0.915448 1.421102
v -2.428493 0.913673 1.229800
v -2.421724 1.416539 1.421442
v -2.421724 1.411215 1.241711
v -2.421724 1.455705 1.370922
v -2.421724 1.455705 1.278145
v 2.458353 0.911409 1.269031
v 2.458353 0.911409 1.369476
v 2.458353 0.956756 1.216691
v 2.458353 0.958558 1.420613
v 2.418124 1.396870 1.229586
v 2.418124 1.402274 1.420982
v 2.418124 1.442025 1.269031
v 2.418124 1.442025 1.369476
v -0.013083 1.571330 1.440228
v -0.013083 1.518315 1.372389
v -0.013083 1.473146 1.378128
v -0.013083 0.927230 1.377702
v -0.013083 0.874274 1.372389
v -0.013083 0.829787 1.446964
v -0.013083 -0.040607 1.458881
v -0.013083 -0.085250 1.389763
v -0.013083 -0.085250 1.238987
v -0.013083 -0.042523 1.192922
v -0.013083 0.818296 1.195901
v -0.013083 0.874274 1.256361
v -0.013083 0.925315 1.195901
v -0.013083 1.467401 1.210797
v -0.013083 1.518315 1.256361
v -0.013083 1.550263 1.198881
v -0.013083 2.304696 1.194412
v -0.013083 2.385779 1.237071
v -0.013083 2.387694 1.388701
v -0.013083 2.321932 1.437249
v 1.027362 1.519389 1.377332
v 1.027362 1.474220 1.394964
v 1.027362 0.950218 1.394539
v 1.027362 0.897263 1.377332
v 1.027362 0.852776 1.457957
v 1.027362 -0.022968 1.469874
v 1.027362 -0.067610 1.394706
v 1.027362 -0.067610 1.243930
v 1.027362 -0.024883 1.197865
v 1.027362 0.841285 1.200844
v 1.027362 0.897263 1.261304
v 1.027362 0.948303 1.200844
v 1.027362 1.468474 1.215740
v 1.027362 1.519389 1.261304
v 1.027362 1.551337 1.203823
v 1.027362 2.322335 1.199355
v 1.027362 2.403418 1.242013
v 1.027362 2.405334 1.393644
v 1.027362 2.339572 1.434295
v 1.027362 1.572403 1.437274
v -1.131773 1.524512 1.251418
v -1.131773 1.473598 1.205854
v -1.131773 0.886436 1.190958
v -1.131773 0.835395 1.251418
v -1.131773 0.779417 1.190958
v -1.131773 -0.043371 1.187979
v -1.131773 -0.086098 1.234044
v -1.131773 -0.086098 1.384820
v -1.131773 -0.041456 1.453938
v -1.131773 0.790908 1.442021
v -1.131773 0.835395 1.367446
v -1.131773 0.888351 1.384653
v -1.131773 1.479343 1.385078
v -1.131773 1.524512 1.367446
v -1.131773 1.577527 1.475061
v -1.131773 2.333426 1.472082
v -1.131773 2.399188 1.383758
v -1.131773 2.397273 1.232128
v -1.131773 2.316190 1.189469
v -1.131773 1.556460 1.193938
v -2.434503 2.340619 1.452459
v -2.456203 1.556190 1.455438
v -2.456203 1.507095 1.380684
v -2.456203 1.507095 1.264656
v -2.456203 1.535123 1.207175
v -2.434503 2.323383 1.202707
v -2.434504 2.393073 1.245365
v -2.434504 2.394988 1.396996
v -2.395644 1.439036 1.440571
v -2.400955 0.889953 1.440145
v -2.400955 0.839215 1.380145
v -2.400955 0.839215 1.264117
v -2.400955 0.888038 1.203657
v -2.395644 1.433290 1.218553
v -2.395644 1.481925 1.264117
v -2.395644 1.481925 1.380145
v -2.398042 0.766340 1.461898
v -2.379721 -0.011464 1.473814
v -2.379721 -0.052797 1.397642
v -2.379721 -0.052797 1.246866
v -2.379721 -0.013379 1.200801
v -2.398042 0.754849 1.203780
v -2.398042 0.807528 1.264240
v -2.398042 0.807528 1.380268
v 2.404229 1.422696 1.434500
v 2.404229 1.465497 1.376418
v 2.404229 1.465497 1.260390
v 2.404229 1.416951 1.214826
v 2.437022 0.941204 1.199931
v 2.437022 0.892467 1.260390
v 2.437022 0.892467 1.376418
v 2.437022 0.943119 1.434074
v 2.356526 1.556528 1.442325
v 2.355344 2.307758 1.439346
v 2.355344 2.369808 1.392538
v 2.355344 2.367893 1.240908
v 2.355344 2.290522 1.198249
v 2.356526 1.535462 1.202718
v 2.356526 1.507140 1.260198
v 2.356526 1.507140 1.376226
v 2.391099 0.809431 1.427192
v 2.391099 0.850572 1.378384
v 2.391099 0.850572 1.262356
v 2.391099 0.797940 1.201897
v 2.401944 -0.026554 1.198918
v 2.401944 -0.065925 1.244982
v 2.401944 -0.065925 1.395758
v 2.401944 -0.024639 1.439109
v -2.193956 -0.062261 -1.189926
v 2.203842 -0.085250 -1.189926
v -2.193956 2.411080 -1.190989
v 2.203842 2.374274 -1.190989
v -2.193956 2.409165 -1.342619
v 2.203842 2.372359 -1.342619
v -2.193956 -0.062261 -1.340702
v 2.203842 -0.085250 -1.340702
v -2.193956 1.768350 -1.207300
v -2.193956 1.768350 -1.323328
v 2.203842 1.728120 -1.323328
v 2.203842 1.728120 -1.207300
v -2.193956 0.711988 -1.207300
v -2.193956 0.711988 -1.323328
v 2.203842 0.763712 -1.323328
v 2.203842 0.763712 -1.207300
v -2.193956 1.821364 -1.136014
v -2.193956 1.800298 -1.380809
v 2.203842 1.760068 -1.380809
v 2.203842 1.781135 -1.136014
v -2.193956 1.723181 -1.156903
v -2.193956 1.717435 -1.368892
v 2.203842 1.677206 -1.368892
v 2.203842 1.682951 -1.155459
v -2.193956 0.764944 -1.157328
v -2.193956 0.763029 -1.383788
v 2.203842 0.814752 -1.383788
v 2.203842 0.816667 -1.155885
v -2.193956 0.667501 -1.146840
v -2.193956 0.656010 -1.383788
v 2.203842 0.707734 -1.383788
v 2.203842 0.719224 -1.146840
v 2.203842 2.308512 -1.138993
v -2.193956 2.345319 -1.138993
v -2.193956 2.328083 -1.385278
v 2.203842 2.291276 -1.385278
v 2.203842 -0.040607 -1.134924
v -2.193956 -0.017619 -1.134924
v -2.193956 -0.019534 -1.386767
v 2.203842 -0.042523 -1.386767
v 2.413703 -0.062446 -1.327089
v 2.413703 -0.062446 -1.194919
v 2.413703 -0.024435 -1.367470
v 2.413703 -0.022548 -1.163531
v 2.445312 0.666841 -1.364859
v 2.445312 0.678163 -1.173977
v 2.445312 0.717919 -1.311859
v 2.445312 0.717919 -1.210149
v -2.416577 -0.059957 -1.318882
v -2.416577 -0.059957 -1.190639
v -2.416577 -0.021261 -1.143857
v -2.416577 -0.023091 -1.358062
v -2.439565 0.630896 -1.153993
v -2.439565 0.619914 -1.355528
v -2.439565 0.669455 -1.205417
v -2.439565 0.669455 -1.304104
v -2.405083 1.793327 -1.202840
v -2.405083 1.793327 -1.307068
v -2.405082 1.838833 -1.138803
v -2.405082 1.819003 -1.358703
v -2.379221 2.343049 -1.141480
v -2.379221 2.326824 -1.362717
v -2.379222 2.390101 -1.188187
v -2.379222 2.388298 -1.324396
v 2.413704 1.777440 -1.310810
v 2.413704 1.777440 -1.208804
v 2.413703 1.803117 -1.361344
v 2.413703 1.822948 -1.146134
v 2.428071 2.277037 -1.365272
v 2.428071 2.293262 -1.148753
v 2.428071 2.348863 -1.327769
v 2.428071 2.350666 -1.194464
v -2.372874 0.741292 -1.206196
v -2.372874 0.741292 -1.304239
v -2.372874 0.789950 -1.153169
v -2.372874 0.788092 -1.355327
v -2.421724 1.672160 -1.152810
v -2.421724 1.666583 -1.342740
v -2.421724 1.713184 -1.206196
v -2.421724 1.713184 -1.304239
v 2.415977 0.792540 -1.313165
v 2.415977 0.792540 -1.207665
v 2.415977 0.838987 -1.368138
v 2.415977 0.840832 -1.153955
v 2.375747 1.644422 -1.354594
v 2.375747 1.649956 -1.153568
v 2.375747 1.690671 -1.313165
v 2.375747 1.690671 -1.207665
v -0.013083 1.841479 -1.121237
v -0.013083 1.788464 -1.207300
v -0.013083 1.743295 -1.166851
v -0.013083 0.808047 -1.167277
v -0.013083 0.755091 -1.207300
v -0.013083 0.710604 -1.132725
v -0.013083 -0.040607 -1.120809
v -0.013083 -0.085250 -1.189926
v -0.013083 -0.085250 -1.340702
v -0.013083 -0.042523 -1.386767
v -0.013083 0.699113 -1.383788
v -0.013083 0.755091 -1.323328
v -0.013083 0.806132 -1.383788
v -0.013083 1.737550 -1.368892
v -0.013083 1.788464 -1.323328
v -0.013083 1.820412 -1.380809
v -0.013083 2.333830 -1.385278
v -0.013083 2.414912 -1.342619
v -0.013083 2.416827 -1.190989
v -0.013083 2.351066 -1.124216
v 1.027362 1.768350 -1.202357
v 1.027362 1.723181 -1.161908
v 1.027362 0.831035 -1.162334
v 1.027362 0.778079 -1.202357
v 1.027362 0.733592 -1.141898
v 1.027362 -0.052101 -1.129981
v 1.027362 -0.096744 -1.184983
v 1.027362 -0.096744 -1.335759
v 1.027362 -0.054017 -1.381824
v 1.027362 0.722101 -1.378845
v 1.027362 0.778079 -1.318385
v 1.027362 0.829120 -1.378845
v 1.027362 1.717435 -1.363950
v 1.027362 1.768350 -1.318385
v 1.027362 1.800298 -1.375866
v 1.027362 2.322335 -1.380335
v 1.027362 2.403418 -1.337676
v 1.027362 2.405334 -1.186046
v 1.027362 2.339572 -1.134050
v 1.027362 1.821364 -1.131071
v -1.131773 1.799958 -1.328271
v -1.131773 1.749044 -1.373835
v -1.131773 0.783143 -1.388731
v -1.131773 0.732103 -1.328271
v -1.131773 0.676125 -1.388731
v -1.131773 -0.019534 -1.391710
v -1.131773 -0.062261 -1.345645
v -1.131773 -0.062261 -1.194869
v -1.131773 -0.017619 -1.125751
v -1.131773 0.687616 -1.137668
v -1.131773 0.732103 -1.212243
v -1.131773 0.785059 -1.172219
v -1.131773 1.754789 -1.171794
v -1.131773 1.799958 -1.212243
v -1.131773 1.852973 -1.126180
v -1.131773 2.362560 -1.129159
v -1.131773 2.428322 -1.195932
v -1.131773 2.426406 -1.347562
v -1.131773 2.345324 -1.390220
v -1.131773 1.831907 -1.385752
v 2.407937 2.290392 -1.380779
v 2.394859 1.784456 -1.376310
v 2.394860 1.756760 -1.318829
v 2.394860 1.756760 -1.202801
v 2.394859 1.805523 -1.131515
v 2.407937 2.307628 -1.134494
v 2.407937 2.369038 -1.186490
v 2.407937 2.367122 -1.338120
v 2.348274 1.662538 -1.364739
v 2.382074 0.822244 -1.379635
v 2.382074 0.773578 -1.319175
v 2.382074 0.773578 -1.203147
v 2.382074 0.824159 -1.145300
v 2.348274 1.668283 -1.144874
v 2.348274 1.711011 -1.203147
v 2.348274 1.711011 -1.319175
v 2.423160 0.675175 -1.379299
v 2.394451 -0.030854 -1.382278
v 2.394451 -0.069811 -1.336213
v 2.394451 -0.069811 -1.185437
v 2.394451 -0.028939 -1.147869
v 2.423160 0.686666 -1.159786
v 2.423160 0.727393 -1.202811
v 2.423160 0.727393 -1.318839
v -2.396658 1.683997 -1.360095
v -2.396658 1.732326 -1.314530
v -2.396658 1.732326 -1.198502
v -2.396658 1.689742 -1.136729
v -2.353184 0.775436 -1.137154
v -2.353184 0.724996 -1.198502
v -2.353184 0.724996 -1.314530
v -2.353184 0.773521 -1.374990
v -2.359846 2.340078 -1.376426
v -2.359846 2.407034 -1.333767
v -2.359846 2.408949 -1.182137
v -2.359846 2.357314 -1.130141
v -2.383003 1.822892 -1.127162
v -2.383003 1.774060 -1.198448
v -2.383003 1.774060 -1.314476
v -2.383003 1.801826 -1.371957
v -2.415348 0.636649 -1.374877
v -2.415348 0.688895 -1.314417
v -2.415348 0.688895 -1.198389
v -2.415348 0.648139 -1.137929
v -2.394627 -0.034531 -1.126013
v -2.394627 -0.075431 -1.181015
v -2.394627 -0.075431 -1.331791
v -2.394627 -0.036446 -1.377856
vt 0.844605 0.971739
vt 0.816889 0.971601
vt 0.816611 0.817391
vt 0.847219 0.817343
vt 0.858608 0.817298
vt 0.858827 0.971605
vt 0.773217 0.817298
vt 0.801460 0.972403
vt 0.773717 0.971788
vt 0.803812 0.818160
vt 0.815200 0.818016
vt 0.815683 0.972438
vt 0.730379 0.817689
vt 0.741786 0.971974
vt 0.730384 0.972180
vt 0.744613 0.817853
vt 0.772370 0.817298
vt 0.772400 0.971967
vt 0.901412 0.971643
vt 0.890018 0.817298
vt 0.901401 0.817379
vt 0.859432 0.817430
vt 0.887186 0.971727
vt 0.859444 0.971592
vt 0.844375 0.817346
vt 0.847442 0.971744
vt 0.800967 0.818109
vt 0.804300 0.972448
vt 0.741768 0.817882
vt 0.744633 0.971963
vt 0.890026 0.971730
vt 0.887178 0.817301
vt 0.858820 0.860829
vt 0.847438 0.860804
vt 0.844601 0.860812
vt 0.816861 0.860926
vt 0.858158 0.925602
vt 0.846764 0.925620
vt 0.843917 0.925624
vt 0.816118 0.925657
vt 0.815963 0.873380
vt 0.804583 0.873426
vt 0.801745 0.873380
vt 0.774013 0.872690
vt 0.815632 0.927166
vt 0.804235 0.927139
vt 0.801391 0.927096
vt 0.773608 0.926528
vt 0.729691 0.857000
vt 0.741073 0.857115
vt 0.743914 0.857090
vt 0.771654 0.856631
vt 0.771417 0.920587
vt 0.743644 0.920749
vt 0.740806 0.920765
vt 0.729422 0.920837
vt 0.859031 0.919219
vt 0.886796 0.919278
vt 0.889638 0.919279
vt 0.901029 0.919233
vt 0.859019 0.873834
vt 0.886796 0.873775
vt 0.889638 0.873773
vt 0.901026 0.873814
vt 0.716781 0.768109
vt 0.716685 0.772831
vt 0.663064 0.776005
vt 0.663162 0.771304
vt 0.716931 0.776241
vt 0.663250 0.779431
vt 0.531426 0.781040
vt 0.531562 0.777576
vt 0.591845 0.778051
vt 0.591839 0.781498
vt 0.531422 0.772925
vt 0.591793 0.773383
vt 0.663119 0.770356
vt 0.716798 0.767157
vt 0.591838 0.782446
vt 0.531407 0.781989
vt 0.531282 0.691677
vt 0.591740 0.691485
vt 0.591789 0.772435
vt 0.531403 0.771976
vt 0.591899 0.858119
vt 0.531587 0.858145
vt 0.663287 0.691577
vt 0.663291 0.780378
vt 0.663143 0.858270
vt 0.716991 0.691778
vt 0.716960 0.777189
vt 0.716737 0.858553
vt 0.585157 0.589617
vt 0.531655 0.591416
vt 0.531441 0.585133
vt 0.585129 0.583354
vt 0.531663 0.597003
vt 0.585223 0.595189
vt 0.717030 0.585301
vt 0.716971 0.591527
vt 0.656515 0.589647
vt 0.656619 0.583402
vt 0.716813 0.597131
vt 0.656516 0.595236
vt 0.656641 0.581965
vt 0.717027 0.583864
vt 0.531643 0.598444
vt 0.585229 0.596624
vt 0.656617 0.517146
vt 0.716870 0.516996
vt 0.656494 0.596671
vt 0.716804 0.598571
vt 0.716864 0.691145
vt 0.656471 0.691461
vt 0.584929 0.691487
vt 0.585375 0.516985
vt 0.585133 0.581917
vt 0.531282 0.691358
vt 0.531842 0.516677
vt 0.531428 0.583696
vt 0.729546 0.077548
vt 0.729538 0.080204
vt 0.680217 0.080231
vt 0.680211 0.077710
vt 0.680254 0.090393
vt 0.680247 0.087585
vt 0.729486 0.087560
vt 0.729480 0.090223
vt 0.680312 0.431670
vt 0.729588 0.431749
vt 0.729479 0.438479
vt 0.680257 0.438415
vt 0.607380 0.077532
vt 0.607398 0.080362
vt 0.607438 0.431633
vt 0.607475 0.438374
vt 0.607478 0.090226
vt 0.607465 0.087719
vt 0.540644 0.080429
vt 0.540637 0.077607
vt 0.540618 0.431697
vt 0.540703 0.438430
vt 0.540667 0.090298
vt 0.540661 0.087786
vt 0.729452 0.441128
vt 0.729683 0.495345
vt 0.680345 0.495535
vt 0.680239 0.441375
vt 0.680327 0.429005
vt 0.680269 0.360772
vt 0.729540 0.360680
vt 0.729625 0.428783
vt 0.607429 0.428978
vt 0.607477 0.360774
vt 0.540589 0.428735
vt 0.540730 0.360664
vt 0.607486 0.441344
vt 0.607360 0.495564
vt 0.540497 0.495251
vt 0.540725 0.441085
vt 0.607480 0.261354
vt 0.540710 0.261332
vt 0.540706 0.182122
vt 0.607459 0.182132
vt 0.680285 0.261365
vt 0.680301 0.182161
vt 0.729531 0.261342
vt 0.729555 0.182115
vt 0.729433 0.020428
vt 0.680207 0.020567
vt 0.607398 0.020419
vt 0.540612 0.020474
vt 0.941225 0.052319
vt 0.940272 0.113992
vt 0.931721 0.113783
vt 0.932825 0.052175
vt 0.800581 0.049123
vt 0.800373 0.111339
vt 0.791557 0.111307
vt 0.792393 0.048939
vt 0.876600 0.111708
vt 0.871770 0.111508
vt 0.873716 0.045992
vt 0.878125 0.046712
vt 0.989766 0.511871
vt 0.985080 0.511881
vt 0.983551 0.448786
vt 0.988157 0.448529
vt 0.815094 0.433479
vt 0.812587 0.431838
vt 0.812568 0.428103
vt 0.815462 0.425737
vt 0.854154 0.026942
vt 0.852618 0.030838
vt 0.851568 0.020417
vt 0.854010 0.022871
vt 0.937463 0.425912
vt 0.935759 0.422569
vt 0.936000 0.418708
vt 0.938737 0.416779
vt 0.855597 0.431808
vt 0.854098 0.433668
vt 0.854149 0.425964
vt 0.855622 0.428089
vt 0.929992 0.052071
vt 0.928489 0.113701
vt 0.996026 0.048779
vt 0.995383 0.113756
vt 0.943031 0.114044
vt 0.943896 0.052315
vt 0.925965 0.406666
vt 0.877712 0.409225
vt 0.877664 0.399874
vt 0.925448 0.397373
vt 0.883930 0.020415
vt 0.931644 0.026646
vt 0.930453 0.035402
vt 0.883240 0.029300
vt 0.936346 0.511772
vt 0.934988 0.448289
vt 0.981417 0.419449
vt 0.980767 0.428636
vt 0.745815 0.771019
vt 0.748160 0.707669
vt 0.796051 0.708224
vt 0.793490 0.771402
vt 0.981442 0.797807
vt 0.980931 0.807294
vt 0.933780 0.805097
vt 0.933664 0.795620
vt 0.804140 0.049159
vt 0.804206 0.111352
vt 0.802358 0.022887
vt 0.803719 0.021943
vt 0.804201 0.032229
vt 0.802686 0.030160
vt 0.789683 0.111301
vt 0.790643 0.048879
vt 0.801142 0.393695
vt 0.801019 0.403948
vt 0.799617 0.403116
vt 0.799691 0.395869
vt 0.869875 0.772299
vt 0.871533 0.708817
vt 0.914532 0.709322
vt 0.912352 0.772369
vt 0.851880 0.802156
vt 0.851828 0.810252
vt 0.818798 0.809392
vt 0.818518 0.801300
vt 0.856608 0.452485
vt 0.858167 0.515602
vt 0.814726 0.515739
vt 0.813384 0.452273
vt 0.881452 0.026034
vt 0.881950 0.022083
vt 0.983345 0.425428
vt 0.983615 0.421572
vt 0.999116 0.048483
vt 0.998659 0.113684
vt 0.797246 0.771528
vt 0.799720 0.708293
vt 0.983517 0.800489
vt 0.983301 0.804469
vt 0.874847 0.402092
vt 0.875064 0.406265
vt 0.811241 0.515747
vt 0.809906 0.452121
vt 0.864463 0.109982
vt 0.858753 0.110138
vt 0.857137 0.046050
vt 0.862707 0.045021
vt 0.865465 0.772381
vt 0.867177 0.708764
vt 0.734761 0.044496
vt 0.738619 0.044982
vt 0.736111 0.109173
vt 0.732279 0.109019
vt 0.851439 0.395100
vt 0.853065 0.399252
vt 0.853059 0.403263
vt 0.850737 0.405382
vt 0.816109 0.803250
vt 0.816050 0.807155
vt 0.741985 0.771033
vt 0.744246 0.707624
vt 0.915537 0.772535
vt 0.917767 0.709392
vt 0.931403 0.802331
vt 0.931639 0.798360
vt 0.853733 0.807818
vt 0.853760 0.803912
vt 0.859569 0.452328
vt 0.861055 0.515579
vt 0.930498 0.448070
vt 0.931956 0.511771
vt 0.928170 0.405369
vt 0.927753 0.397961
vt 0.933734 0.027634
vt 0.932783 0.034615
vt 0.811027 0.435178
vt 0.814152 0.435375
vt 0.805139 0.451510
vt 0.806506 0.434298
vt 0.870241 0.789136
vt 0.866103 0.789741
vt 0.855048 0.435679
vt 0.857627 0.435285
vt 0.914151 0.789976
vt 0.911144 0.789363
vt 0.864312 0.451520
vt 0.862076 0.434170
vt 0.939184 0.380841
vt 0.991112 0.382102
vt 0.988298 0.398000
vt 0.938217 0.394838
vt 0.873768 0.381049
vt 0.925386 0.380843
vt 0.926023 0.394900
vt 0.876340 0.397024
vt 0.870322 0.381178
vt 0.872759 0.397203
vt 0.995138 0.382499
vt 0.992453 0.398907
vt 0.865615 0.381969
vt 0.868234 0.398269
vt 0.936342 0.380861
vt 0.935788 0.394679
vt 0.928018 0.380893
vt 0.928228 0.394784
vt 0.942487 0.037919
vt 0.993473 0.033181
vt 0.881346 0.031359
vt 0.931704 0.037620
vt 0.877567 0.030253
vt 0.869070 0.044281
vt 0.873505 0.028263
vt 0.996263 0.032341
vt 0.940541 0.038300
vt 0.933766 0.037956
vt 0.913935 0.441837
vt 0.875273 0.440821
vt 0.877296 0.425297
vt 0.912674 0.425262
vt 0.815422 0.783651
vt 0.854778 0.783292
vt 0.852906 0.799878
vt 0.817490 0.799052
vt 0.811761 0.783766
vt 0.814219 0.799288
vt 0.871125 0.440543
vt 0.873379 0.424669
vt 0.807040 0.784533
vt 0.809718 0.800309
vt 0.917366 0.441685
vt 0.916092 0.424676
vt 0.857511 0.783355
vt 0.855616 0.800012
vt 0.862257 0.783925
vt 0.860168 0.800808
vt 0.853792 0.032622
vt 0.858013 0.031164
vt 0.738685 0.030265
vt 0.742245 0.031490
vt 0.867121 0.043060
vt 0.862196 0.029180
vt 0.791868 0.033957
vt 0.793414 0.034173
vt 0.801107 0.034171
vt 0.803633 0.034260
vt 0.932397 0.428161
vt 0.936566 0.428739
vt 0.925734 0.447340
vt 0.927864 0.427252
vt 0.746576 0.790645
vt 0.742869 0.790949
vt 0.791507 0.789035
vt 0.981694 0.431292
vt 0.986180 0.430587
vt 0.794911 0.789409
vt 0.992893 0.447529
vt 0.990651 0.429381
vt 0.798964 0.440569
vt 0.746164 0.439811
vt 0.747990 0.426192
vt 0.797606 0.425575
vt 0.931220 0.779248
vt 0.984577 0.779952
vt 0.982671 0.794881
vt 0.932560 0.792759
vt 0.988561 0.780195
vt 0.986271 0.795423
vt 0.993253 0.781449
vt 0.990646 0.796880
vt 0.803309 0.440569
vt 0.801730 0.425229
vt 0.741896 0.439729
vt 0.743982 0.425892
vt 0.922526 0.780952
vt 0.927182 0.779495
vt 0.928978 0.793566
vt 0.924648 0.795189
vt 0.788279 0.376891
vt 0.790052 0.376895
vt 0.790620 0.390149
vt 0.789080 0.390234
vt 0.798523 0.377083
vt 0.798334 0.390501
vt 0.801484 0.377166
vt 0.800919 0.390531
vt 0.854024 0.380446
vt 0.859226 0.381014
vt 0.857016 0.393459
vt 0.852387 0.392236
vt 0.863897 0.382430
vt 0.861408 0.394901
vt 0.732792 0.379631
vt 0.736328 0.379384
vt 0.737996 0.391379
vt 0.734627 0.391983
vt 0.930736 0.178065
vt 0.927587 0.178004
vt 0.875526 0.177539
vt 0.870920 0.177563
vt 0.989114 0.576781
vt 0.984043 0.576708
vt 0.936594 0.576923
vt 0.931706 0.576944
vt 0.861447 0.580488
vt 0.858602 0.580473
vt 0.815207 0.580849
vt 0.811688 0.580890
vt 0.862770 0.175713
vt 0.857817 0.175590
vt 0.803341 0.175787
vt 0.800330 0.175818
vt 0.791598 0.175849
vt 0.789750 0.175833
vt 0.735849 0.174916
vt 0.732084 0.174846
vt 0.868313 0.643651
vt 0.872619 0.643700
vt 0.915512 0.644491
vt 0.918791 0.644560
vt 0.745119 0.642590
vt 0.749116 0.642606
vt 0.795810 0.643313
vt 0.799635 0.643390
vt 0.998015 0.179415
vt 0.994563 0.179414
vt 0.941982 0.178421
vt 0.939212 0.178336
vt 0.929402 0.249913
vt 0.926813 0.249902
vt 0.874200 0.249606
vt 0.870873 0.249629
vt 0.987812 0.648604
vt 0.982941 0.648549
vt 0.935255 0.648827
vt 0.930468 0.648818
vt 0.860373 0.652311
vt 0.857575 0.652295
vt 0.814425 0.652774
vt 0.810867 0.652807
vt 0.860329 0.247843
vt 0.856384 0.247755
vt 0.802267 0.247557
vt 0.800206 0.247569
vt 0.791537 0.247568
vt 0.789712 0.247545
vt 0.736359 0.246948
vt 0.732673 0.246917
vt 0.868275 0.571710
vt 0.872531 0.571769
vt 0.915197 0.572690
vt 0.918528 0.572742
vt 0.744429 0.570699
vt 0.748519 0.570707
vt 0.795413 0.571477
vt 0.799417 0.571559
vt 0.997463 0.251337
vt 0.993805 0.251318
vt 0.940766 0.250215
vt 0.937936 0.250137
vt 0.928420 0.324214
vt 0.925836 0.324160
vt 0.872358 0.324077
vt 0.869222 0.324071
vt 0.987224 0.722900
vt 0.982553 0.722880
vt 0.933337 0.722942
vt 0.928646 0.722908
vt 0.858911 0.726556
vt 0.856161 0.726559
vt 0.813841 0.726976
vt 0.810241 0.726997
vt 0.859390 0.322696
vt 0.855362 0.322604
vt 0.801662 0.321421
vt 0.799587 0.321384
vt 0.790912 0.321237
vt 0.789094 0.321219
vt 0.736359 0.321629
vt 0.732752 0.321699
vt 0.868607 0.497414
vt 0.872810 0.497539
vt 0.914629 0.498479
vt 0.918012 0.498479
vt 0.743290 0.496483
vt 0.747479 0.496516
vt 0.795756 0.497236
vt 0.799954 0.497309
vt 0.997648 0.325567
vt 0.993774 0.325456
vt 0.939861 0.324321
vt 0.936976 0.324311
vt 0.856866 0.029317
vt 0.860589 0.027499
vt 0.740117 0.028331
vt 0.743560 0.029674
vt 0.791309 0.031904
vt 0.793508 0.031972
vt 0.801007 0.032083
vt 0.857024 0.433160
vt 0.860793 0.432172
vt 0.912885 0.792112
vt 0.910108 0.791353
vt 0.871205 0.791138
vt 0.867210 0.791789
vt 0.807778 0.432312
vt 0.811570 0.433234
vt 0.985324 0.427920
vt 0.989157 0.426779
vt 0.793639 0.792147
vt 0.790401 0.791626
vt 0.747536 0.793476
vt 0.743992 0.793918
vt 0.929318 0.424419
vt 0.933220 0.425399
vt 0.933637 0.035253
vt 0.940915 0.035852
vt 0.943780 0.035760
vt 0.991456 0.031071
vt 0.993963 0.029885
vt 0.875719 0.025819
vt 0.879315 0.027842
vt 0.798124 0.393597
vt 0.790702 0.393382
vt 0.788776 0.393424
vt 0.739101 0.394223
vt 0.735874 0.394942
vt 0.859772 0.397587
vt 0.855940 0.396222
vt 0.814970 0.801649
vt 0.811047 0.802726
vt 0.874719 0.422312
vt 0.878417 0.423014
vt 0.911651 0.422858
vt 0.914915 0.422112
vt 0.858878 0.803300
vt 0.854897 0.802404
vt 0.929911 0.796412
vt 0.926112 0.797937
vt 0.745414 0.423019
vt 0.749264 0.423559
vt 0.796417 0.422722
vt 0.800342 0.422120
vt 0.989146 0.799828
vt 0.985269 0.798479
vt 0.873787 0.400126
vt 0.869630 0.401335
vt 0.990921 0.401902
vt 0.986867 0.400864
vt 0.938729 0.397376
vt 0.935753 0.397348
vt 0.928193 0.397276
vt 0.091276 0.554425
vt 0.089757 0.466342
vt 0.096341 0.466211
vt 0.098171 0.554279
vt 0.343256 0.551079
vt 0.342394 0.464541
vt 0.353859 0.464404
vt 0.354944 0.550954
vt 0.074421 0.554598
vt 0.073671 0.466226
vt 0.078410 0.466297
vt 0.079378 0.554593
vt 0.091801 0.445067
vt 0.090741 0.435240
vt 0.093208 0.431917
vt 0.094966 0.447052
vt 0.094569 0.827820
vt 0.096491 0.818593
vt 0.100382 0.814571
vt 0.096775 0.831226
vt 0.285762 0.835575
vt 0.284529 0.828489
vt 0.287273 0.823468
vt 0.288336 0.838714
vt 0.421850 0.548277
vt 0.417820 0.457833
vt 0.422789 0.457082
vt 0.426901 0.548022
vt 0.282050 0.438572
vt 0.282954 0.431737
vt 0.285345 0.428638
vt 0.284964 0.443290
vt 0.277728 0.549899
vt 0.271577 0.549676
vt 0.274199 0.458153
vt 0.279724 0.458944
vt 0.201467 0.836111
vt 0.201373 0.828889
vt 0.204947 0.824916
vt 0.204988 0.839806
vt 0.490509 0.554837
vt 0.491923 0.465100
vt 0.498057 0.464928
vt 0.496662 0.554858
vt 0.200659 0.438953
vt 0.201561 0.431169
vt 0.205526 0.427546
vt 0.203855 0.443378
vt 0.198549 0.555543
vt 0.195214 0.465163
vt 0.201024 0.465339
vt 0.202897 0.555489
vt 0.342507 0.815511
vt 0.344158 0.830570
vt 0.362011 0.550786
vt 0.360766 0.464007
vt 0.338100 0.433968
vt 0.337158 0.448444
vt 0.337296 0.551095
vt 0.336944 0.464334
vt 0.243035 0.838102
vt 0.242963 0.824085
vt 0.246152 0.827931
vt 0.246397 0.835162
vt 0.444714 0.554511
vt 0.446891 0.464829
vt 0.452193 0.465034
vt 0.450021 0.554565
vt 0.237220 0.447204
vt 0.238927 0.432429
vt 0.241970 0.435942
vt 0.240861 0.443673
vt 0.243826 0.555033
vt 0.241480 0.465393
vt 0.246904 0.465102
vt 0.247604 0.555022
vt 0.151149 0.839092
vt 0.154798 0.822930
vt 0.156838 0.828682
vt 0.155552 0.836002
vt 0.000884 0.552705
vt 0.003269 0.462120
vt 0.009582 0.462811
vt 0.007252 0.552882
vt 0.153912 0.442638
vt 0.151779 0.428260
vt 0.155872 0.431876
vt 0.156586 0.439568
vt 0.166061 0.550574
vt 0.161095 0.460581
vt 0.168097 0.459140
vt 0.173191 0.550169
vt 0.346874 0.817883
vt 0.348523 0.827053
vt 0.343177 0.437281
vt 0.341964 0.446117
vt 0.079495 0.449453
vt 0.089932 0.449440
vt 0.075492 0.449394
vt 0.093868 0.449556
vt 0.008116 0.444908
vt 0.013825 0.446887
vt 0.175925 0.453943
vt 0.160562 0.443567
vt 0.167617 0.438840
vt 0.156393 0.444783
vt 0.082873 0.797651
vt 0.094220 0.797632
vt 0.094112 0.812473
vt 0.083759 0.812334
vt 0.100884 0.797767
vt 0.099756 0.812267
vt 0.078141 0.797866
vt 0.079795 0.812465
vt 0.160136 0.804211
vt 0.167317 0.805476
vt 0.162126 0.822218
vt 0.156198 0.820633
vt 0.175886 0.809372
vt 0.169959 0.825522
vt 0.013921 0.806623
vt 0.020215 0.805453
vt 0.024164 0.821782
vt 0.018833 0.824164
vt 0.264673 0.805804
vt 0.273084 0.801996
vt 0.279930 0.822737
vt 0.272194 0.826297
vt 0.281238 0.800564
vt 0.285802 0.820936
vt 0.424952 0.798299
vt 0.429985 0.798895
vt 0.425522 0.820808
vt 0.421310 0.818961
vt 0.340084 0.794331
vt 0.342909 0.813079
vt 0.365957 0.794026
vt 0.363730 0.813012
vt 0.347555 0.794064
vt 0.348027 0.813031
vt 0.359030 0.793924
vt 0.358257 0.812611
vt 0.265608 0.454319
vt 0.270230 0.441204
vt 0.277884 0.444675
vt 0.414691 0.444724
vt 0.418872 0.442651
vt 0.283082 0.445760
vt 0.359138 0.450827
vt 0.338159 0.451042
vt 0.353353 0.451750
vt 0.343091 0.451605
vt 0.185645 0.808682
vt 0.194632 0.806190
vt 0.197913 0.822968
vt 0.189655 0.825612
vt 0.200374 0.805911
vt 0.203294 0.822293
vt 0.494423 0.804327
vt 0.500546 0.804659
vt 0.497914 0.822206
vt 0.492187 0.820855
vt 0.245923 0.805093
vt 0.251272 0.805233
vt 0.249340 0.821960
vt 0.244307 0.821569
vt 0.260445 0.807160
vt 0.257747 0.823920
vt 0.444297 0.804218
vt 0.449599 0.804024
vt 0.450737 0.820550
vt 0.445722 0.821400
vt 0.186096 0.463410
vt 0.188827 0.443124
vt 0.197388 0.444948
vt 0.490692 0.445243
vt 0.496547 0.444270
vt 0.202861 0.445345
vt 0.449625 0.447107
vt 0.454637 0.448005
vt 0.255843 0.462331
vt 0.243393 0.447950
vt 0.251586 0.445079
vt 0.238486 0.448774
vt 0.270029 0.717874
vt 0.279265 0.717606
vt 0.246798 0.723122
vt 0.250575 0.723032
vt 0.200655 0.723852
vt 0.196305 0.723904
vt 0.165808 0.720345
vt 0.172516 0.720646
vt 0.100154 0.718807
vt 0.093695 0.718806
vt 0.081863 0.718973
vt 0.076934 0.719094
vt 0.012188 0.722231
vt 0.005836 0.722681
vt 0.493645 0.722661
vt 0.499799 0.722681
vt 0.447985 0.722229
vt 0.442679 0.722198
vt 0.424518 0.715441
vt 0.429578 0.715508
vt 0.365403 0.715104
vt 0.358313 0.715192
vt 0.346578 0.715371
vt 0.338058 0.715563
vt 0.244880 0.635988
vt 0.248426 0.635935
vt 0.202366 0.636668
vt 0.198221 0.636736
vt 0.198560 0.555576
vt 0.166955 0.632217
vt 0.173676 0.632174
vt 0.099035 0.633647
vt 0.092570 0.633778
vt 0.080723 0.633983
vt 0.075787 0.634043
vt 0.008647 0.634433
vt 0.002273 0.634483
vt 0.491499 0.635749
vt 0.497648 0.635731
vt 0.449376 0.635319
vt 0.444067 0.635248
vt 0.421942 0.628873
vt 0.426997 0.628773
vt 0.363460 0.629914
vt 0.356234 0.630025
vt 0.344255 0.630225
vt 0.337800 0.630337
vt 0.279515 0.630729
vt 0.272896 0.630684
vt 0.196318 0.723907
vt 0.280960 0.824899
vt 0.274472 0.828022
vt 0.423894 0.823230
vt 0.419770 0.821419
vt 0.364255 0.815466
vt 0.357662 0.814828
vt 0.348387 0.814990
vt 0.198967 0.825958
vt 0.192027 0.828340
vt 0.495892 0.825345
vt 0.490443 0.823778
vt 0.452247 0.823286
vt 0.447473 0.824325
vt 0.255696 0.826550
vt 0.248632 0.824798
vt 0.093876 0.814596
vt 0.084484 0.814583
vt 0.079267 0.815082
vt 0.025826 0.824267
vt 0.020552 0.826462
vt 0.167708 0.827275
vt 0.161086 0.824367
vt 0.242664 0.445949
vt 0.250008 0.443297
vt 0.451127 0.445183
vt 0.456003 0.446337
vt 0.489619 0.443175
vt 0.495372 0.442007
vt 0.190200 0.441059
vt 0.197882 0.442774
vt 0.343565 0.448809
vt 0.352772 0.448762
vt 0.360010 0.447757
vt 0.412619 0.441978
vt 0.416470 0.439942
vt 0.272856 0.438966
vt 0.279056 0.441850
vt 0.158551 0.441109
vt 0.164840 0.436696
vt 0.010849 0.442491
vt 0.016299 0.444898
vt 0.074292 0.447127
vt 0.079716 0.446746
vt 0.089926 0.446904
vt 0.450936 0.130909
vt 0.451894 0.041036
vt 0.457208 0.041009
vt 0.456529 0.130983
vt 0.165031 0.130510
vt 0.165380 0.040899
vt 0.176954 0.040911
vt 0.176913 0.130519
vt 0.434078 0.130641
vt 0.435884 0.040655
vt 0.440594 0.040851
vt 0.439038 0.130736
vt 0.441855 0.011660
vt 0.440162 0.021717
vt 0.436732 0.024303
vt 0.439203 0.008770
vt 0.435293 0.398019
vt 0.436623 0.407812
vt 0.434132 0.411763
vt 0.432045 0.395398
vt 0.221491 0.401308
vt 0.220386 0.409324
vt 0.216232 0.413739
vt 0.220071 0.397044
vt 0.224926 0.128996
vt 0.224367 0.036657
vt 0.229413 0.035803
vt 0.230026 0.128832
vt 0.220202 0.009016
vt 0.220536 0.016913
vt 0.218715 0.020928
vt 0.216489 0.004341
vt 0.117925 0.128970
vt 0.111040 0.128698
vt 0.112308 0.035507
vt 0.119085 0.036444
vt 0.336392 0.400344
vt 0.336686 0.407992
vt 0.333045 0.412259
vt 0.332576 0.396489
vt 0.333526 0.129917
vt 0.334787 0.037507
vt 0.341002 0.037148
vt 0.339728 0.129896
vt 0.335321 0.008117
vt 0.335853 0.016349
vt 0.332502 0.020881
vt 0.331285 0.004179
vt 0.007665 0.126845
vt 0.005564 0.031952
vt 0.011488 0.032059
vt 0.012998 0.126816
vt 0.178378 0.408242
vt 0.182230 0.391558
vt 0.184093 0.130361
vt 0.183943 0.040590
vt 0.183005 0.022876
vt 0.180797 0.006239
vt 0.158463 0.130389
vt 0.158974 0.040617
vt 0.265109 0.399007
vt 0.265149 0.413902
vt 0.261809 0.409831
vt 0.261560 0.402152
vt 0.258339 0.129051
vt 0.262098 0.037214
vt 0.267468 0.037619
vt 0.263684 0.129176
vt 0.268778 0.008497
vt 0.270301 0.024165
vt 0.266464 0.021172
vt 0.265894 0.012935
vt 0.084826 0.126098
vt 0.080884 0.032003
vt 0.086399 0.031728
vt 0.089694 0.126016
vt 0.383723 0.400252
vt 0.384800 0.415993
vt 0.381342 0.412385
vt 0.380396 0.404737
vt 0.367381 0.127834
vt 0.372012 0.034637
vt 0.378366 0.035560
vt 0.373771 0.128102
vt 0.385691 0.002088
vt 0.384154 0.016934
vt 0.380908 0.012200
vt 0.382190 0.004372
vt 0.517593 0.130249
vt 0.515516 0.037643
vt 0.521273 0.037004
vt 0.523431 0.130154
vt 0.175332 0.404150
vt 0.177067 0.393780
vt 0.177283 0.020269
vt 0.176567 0.009991
vt 0.441132 0.026240
vt 0.452511 0.026468
vt 0.436706 0.026148
vt 0.456601 0.026402
vt 0.377764 0.017582
vt 0.383472 0.018955
vt 0.363480 0.030883
vt 0.369832 0.013925
vt 0.511137 0.020706
vt 0.515535 0.019468
vt 0.435561 0.377981
vt 0.447049 0.378246
vt 0.446376 0.393890
vt 0.436314 0.393344
vt 0.452476 0.378402
vt 0.450749 0.393853
vt 0.430753 0.377933
vt 0.432453 0.393136
vt 0.505019 0.382783
vt 0.510784 0.383578
vt 0.505875 0.401295
vt 0.500689 0.399495
vt 0.363572 0.385681
vt 0.372332 0.381944
vt 0.377045 0.399189
vt 0.369389 0.403050
vt 0.378726 0.381031
vt 0.382543 0.397862
vt 0.229096 0.381817
vt 0.237848 0.385608
vt 0.232975 0.400315
vt 0.225314 0.396561
vt 0.112521 0.381878
vt 0.119325 0.381091
vt 0.122065 0.395373
vt 0.115811 0.397194
vt 0.223997 0.381025
vt 0.221276 0.395113
vt 0.158958 0.377219
vt 0.160795 0.390014
vt 0.183911 0.377078
vt 0.181654 0.389674
vt 0.165375 0.376957
vt 0.165667 0.389571
vt 0.176939 0.376794
vt 0.176192 0.389189
vt 0.237829 0.031319
vt 0.224081 0.021173
vt 0.231392 0.016844
vt 0.219980 0.022726
vt 0.117410 0.019975
vt 0.123480 0.022245
vt 0.182433 0.024893
vt 0.160317 0.024872
vt 0.176416 0.025676
vt 0.165794 0.025418
vt 0.341410 0.382888
vt 0.350393 0.386564
vt 0.346431 0.399102
vt 0.338682 0.395412
vt 0.005515 0.386303
vt 0.011347 0.385943
vt 0.013508 0.398818
vt 0.007552 0.399955
vt 0.335212 0.382081
vt 0.333435 0.394354
vt 0.087942 0.384224
vt 0.093367 0.384424
vt 0.090155 0.401467
vt 0.084504 0.400324
vt 0.246454 0.384788
vt 0.255373 0.381363
vt 0.259291 0.397251
vt 0.251411 0.400897
vt 0.260750 0.380919
vt 0.264009 0.396574
vt 0.350229 0.035053
vt 0.339197 0.023108
vt 0.347639 0.020776
vt 0.333576 0.023667
vt 0.006676 0.017129
vt 0.012705 0.017705
vt 0.264336 0.026027
vt 0.269081 0.026479
vt 0.253017 0.034274
vt 0.256215 0.022894
vt 0.079097 0.020538
vt 0.084658 0.019685
vt 0.110431 0.297486
vt 0.118266 0.297262
vt 0.089329 0.299373
vt 0.094198 0.299345
vt 0.011135 0.300234
vt 0.005799 0.300330
vt 0.509656 0.299638
vt 0.516390 0.300080
vt 0.454591 0.296847
vt 0.448061 0.296698
vt 0.436090 0.296550
vt 0.431102 0.296528
vt 0.376460 0.297753
vt 0.370061 0.297937
vt 0.335273 0.298795
vt 0.341478 0.298945
vt 0.259302 0.298105
vt 0.253958 0.298113
vt 0.224726 0.297196
vt 0.229825 0.297324
vt 0.184489 0.296437
vt 0.177331 0.296386
vt 0.165489 0.296361
vt 0.158171 0.296407
vt 0.087242 0.209583
vt 0.092110 0.209526
vt 0.012068 0.210393
vt 0.006738 0.210444
vt 0.514495 0.212123
vt 0.521235 0.212338
vt 0.455675 0.210740
vt 0.449234 0.210605
vt 0.437423 0.210447
vt 0.432500 0.210423
vt 0.374563 0.210028
vt 0.368162 0.209997
vt 0.334361 0.211326
vt 0.340554 0.211339
vt 0.261352 0.210550
vt 0.256005 0.210460
vt 0.224387 0.209994
vt 0.229478 0.209949
vt 0.184432 0.210445
vt 0.177271 0.210509
vt 0.165415 0.210497
vt 0.158091 0.210445
vt 0.118442 0.210016
vt 0.110618 0.209960
vt 0.223133 0.019190
vt 0.229781 0.015249
vt 0.118970 0.018135
vt 0.124805 0.020502
vt 0.159772 0.022899
vt 0.165989 0.023348
vt 0.176267 0.023529
vt 0.338443 0.020116
vt 0.346371 0.017932
vt 0.007909 0.014077
vt 0.013888 0.014896
vt 0.077817 0.018217
vt 0.083367 0.017061
vt 0.257603 0.020532
vt 0.265222 0.023478
vt 0.441664 0.024647
vt 0.452058 0.024830
vt 0.456646 0.024506
vt 0.510423 0.018693
vt 0.514698 0.017612
vt 0.371212 0.012464
vt 0.378284 0.015743
vt 0.260016 0.399709
vt 0.253111 0.402872
vt 0.088965 0.404004
vt 0.083400 0.402748
vt 0.014468 0.400825
vt 0.008564 0.402029
vt 0.344948 0.400637
vt 0.338181 0.397430
vt 0.176146 0.391301
vt 0.165778 0.391613
vt 0.160218 0.391802
vt 0.123312 0.397210
vt 0.117251 0.399202
vt 0.231559 0.402177
vt 0.224457 0.398673
vt 0.377890 0.401570
vt 0.371099 0.404939
vt 0.504340 0.403512
vt 0.499349 0.401674
vt 0.451122 0.396047
vt 0.446021 0.395910
vt 0.436686 0.395492
vn -0.209024 -0.008818 -0.977871
vn -0.210141 0.004663 -0.977660
vn -0.062497 0.004760 -0.998034
vn -0.062496 -0.008999 -0.998005
vn -0.999990 0.000022 -0.004520
vn -0.999984 -0.000057 -0.005754
vn -0.998045 0.000567 0.062499
vn -0.998045 -0.000298 0.062499
vn -0.154924 -0.027831 0.987534
vn -0.158263 -0.043659 0.986431
vn -0.007682 -0.044215 0.998993
vn -0.007686 -0.028197 0.999573
vn -0.999970 0.000340 -0.007690
vn -0.998387 -0.002510 0.056723
vn -0.998148 -0.001732 0.060812
vn -0.999970 0.000219 -0.007690
vn -0.007687 -0.025234 0.999652
vn 0.140418 -0.024962 0.989778
vn 0.139712 -0.000003 0.990192
vn -0.007690 0.000000 0.999970
vn 0.997087 0.000001 0.076269
vn 0.997157 -0.001909 0.075327
vn 0.999970 -0.000196 0.007690
vn 0.999970 0.000000 0.007690
vn -0.062494 -0.012573 -0.997966
vn 0.085624 -0.012551 -0.996249
vn 0.086546 -0.006726 -0.996225
vn -0.062497 -0.006732 -0.998022
vn 0.998045 -0.000420 -0.062499
vn 0.991628 -0.000871 -0.129125
vn 0.991460 -0.001643 -0.130398
vn 0.998045 -0.000787 -0.062499
vn -0.211071 -0.001829 -0.977469
vn -0.062498 -0.001867 -0.998043
vn -0.999994 -0.000008 -0.003507
vn -0.998045 0.000118 0.062499
vn -0.208459 0.020740 -0.977811
vn -0.062485 0.021165 -0.997822
vn -0.999980 0.000135 -0.006347
vn -0.998044 -0.001326 0.062499
vn -0.156167 -0.017185 0.987581
vn -0.007688 -0.017391 0.999819
vn -0.998237 -0.001028 0.059348
vn -0.999970 0.000133 -0.007690
vn -0.154517 -0.023846 0.987702
vn -0.007687 -0.024135 0.999679
vn -0.998116 -0.001481 0.061334
vn -0.999970 0.000186 -0.007690
vn -0.007684 -0.039241 0.999200
vn 0.142743 -0.038840 0.988997
vn 0.997371 -0.002844 0.072410
vn 0.999970 -0.000302 0.007690
vn 0.997285 0.001520 0.073629
vn 0.999970 0.000159 0.007690
vn 0.141811 0.020434 0.989683
vn -0.007688 0.020642 0.999757
vn 0.998045 0.000404 -0.062499
vn 0.991626 0.000837 -0.129142
vn 0.086534 0.006460 -0.996228
vn -0.062498 0.006466 -0.998024
vn 0.998045 0.000731 -0.062499
vn 0.991468 0.001525 -0.130339
vn 0.085668 0.011656 -0.996256
vn -0.062495 0.011676 -0.997977
vn 0.780432 0.625237 -0.001977
vn 0.997569 0.053318 0.044873
vn 0.999213 0.024806 0.030945
vn 0.775163 0.631755 -0.002950
vn 0.560562 -0.824287 0.079505
vn 0.564916 -0.823341 0.054580
vn 0.574068 -0.818103 -0.033958
vn 0.998652 0.029633 -0.042615
vn 0.999753 0.020362 -0.008885
vn 0.569035 -0.822305 0.003559
vn 0.773148 0.633690 -0.026069
vn 0.772093 0.635363 -0.013649
vn 0.999500 0.004561 0.031289
vn 0.998835 0.004165 0.048071
vn 0.999944 -0.006381 -0.008445
vn 0.999053 -0.006481 -0.043021
vn 0.999077 0.000000 -0.042950
vn 0.999959 0.000000 -0.009016
vn 0.999947 0.004558 -0.009251
vn 0.999070 0.004296 -0.042902
vn 0.999963 0.000002 -0.008651
vn 0.999077 0.000000 -0.042950
vn 0.999491 -0.000002 0.031904
vn 0.999433 -0.006295 0.033091
vn 0.999474 0.000002 0.032418
vn 0.998831 -0.000004 0.048337
vn 0.998788 -0.006627 0.048763
vn 0.998831 -0.000000 0.048343
vn -0.998589 0.053087 -0.001595
vn -0.999559 0.016890 0.024406
vn -0.521986 0.851643 0.047276
vn -0.520645 0.853658 0.014016
vn -0.314260 -0.948818 -0.031397
vn -0.307857 -0.951256 -0.018309
vn -0.513156 0.857889 -0.026413
vn -0.999791 0.019784 0.005128
vn -0.998780 0.048198 -0.010752
vn -0.519737 0.854137 -0.018015
vn -0.318983 -0.947139 0.034328
vn -0.315762 -0.948770 0.011426
vn -0.999888 0.011468 -0.009605
vn -0.999911 0.012181 0.005484
vn -0.999682 -0.009320 0.023427
vn -0.999944 -0.010058 -0.003447
vn -0.999954 0.000002 -0.009581
vn -0.999983 -0.000000 0.005906
vn -0.999903 -0.009888 -0.009782
vn -0.999936 -0.009466 0.006228
vn -0.999983 -0.000002 0.005902
vn -0.999952 -0.000001 -0.009805
vn -0.999996 0.000000 -0.002923
vn -0.999996 0.000002 -0.002656
vn -0.999931 0.011571 -0.002166
vn -0.999717 0.000000 0.023808
vn -0.999717 0.000000 0.023808
vn -0.999633 0.012022 0.024295
vn 0.038246 0.999203 -0.011426
vn 0.972088 0.234590 -0.003449
vn 0.973730 0.227703 0.001375
vn 0.040517 0.999150 0.007555
vn 0.008755 -0.999933 -0.007581
vn 0.972914 -0.231165 -0.001403
vn 0.974517 -0.224288 0.003298
vn 0.010236 -0.999883 0.011390
vn -0.972756 -0.231824 -0.001996
vn -0.972556 -0.232616 -0.004950
vn -0.973879 0.227018 0.004831
vn -0.973720 0.227741 0.001978
vn 0.040238 0.999146 0.009350
vn 0.973714 0.227764 0.002383
vn -0.972794 -0.231664 0.001729
vn -0.973686 0.227888 -0.001711
vn 0.008942 -0.999916 -0.009346
vn 0.972934 -0.231072 -0.002403
vn 0.974784 0.223149 -0.000024
vn 0.039020 0.999235 -0.002692
vn -0.972691 -0.232074 0.003656
vn -0.973768 0.227514 -0.003584
vn 0.009731 -0.999949 0.002730
vn 0.971784 -0.235872 0.000026
vn -0.021739 0.999532 0.021512
vn 0.013087 0.999683 0.021524
vn 0.013549 0.999856 0.010211
vn -0.023273 0.999678 0.010148
vn -0.036069 -0.999298 -0.010159
vn -0.003493 -0.999947 -0.009713
vn -0.003128 -0.999879 -0.015218
vn -0.037251 -0.999075 -0.021504
vn -0.034437 -0.999383 0.006944
vn -0.001642 -0.999991 0.003809
vn -0.033526 -0.999290 0.017220
vn 0.000645 -0.999895 0.014491
vn -0.025311 0.999655 -0.006947
vn 0.011221 0.999913 -0.006931
vn 0.008342 0.999816 -0.017273
vn -0.026419 0.999503 -0.017212
vn 0.003913 -0.999992 -0.000822
vn 0.006201 -0.999927 0.010364
vn 0.000646 -0.999987 0.005009
vn -0.001642 -0.999975 -0.006830
vn 0.002062 -0.999958 -0.008974
vn -0.003493 -0.999962 -0.008015
vn 0.002427 -0.999980 -0.005860
vn -0.003128 -0.999975 0.006284
vn 0.013712 0.999842 -0.011313
vn 0.014300 0.999869 0.007618
vn 0.011324 0.999892 0.009318
vn 0.007647 0.999967 -0.002790
vn 0.005767 -0.263779 0.964566
vn -0.000677 -0.261074 0.965319
vn 0.003248 0.242689 0.970099
vn 0.008766 0.245469 0.969365
vn 0.010693 0.124113 -0.992211
vn 0.010923 0.129034 -0.991580
vn 0.010547 -0.154048 -0.988007
vn 0.011097 -0.154187 -0.987979
vn 0.004258 0.996213 -0.086842
vn 0.004112 0.999929 0.011177
vn -0.056780 0.995740 0.072655
vn -0.003961 0.995905 -0.090324
vn -0.001014 0.997063 0.076575
vn -0.008979 0.997536 0.069585
vn -0.967779 0.250737 -0.023112
vn -0.926406 0.152588 -0.344221
vn -0.921053 -0.157380 -0.356221
vn -0.970927 -0.238685 -0.018167
vn -0.928956 0.076169 0.362268
vn -0.975547 0.213433 0.052486
vn -0.978459 -0.203403 0.035296
vn -0.928110 -0.117828 0.353168
vn -0.952466 0.303829 0.022273
vn -0.843640 0.129422 -0.521077
vn -0.836954 -0.206255 -0.506919
vn -0.960367 -0.276997 0.031117
vn -0.885747 0.105184 0.452094
vn -0.967689 0.252067 -0.006401
vn -0.970042 -0.242908 0.003680
vn -0.884235 -0.104756 0.455142
vn -0.004595 0.999953 0.008581
vn 0.004007 0.999889 0.014368
vn -0.002972 -0.999659 -0.025938
vn -0.009188 -0.999578 -0.027556
vn -0.009483 -0.999351 0.034765
vn -0.004019 -0.999387 0.034784
vn 0.950714 -0.305750 0.051566
vn 0.943347 -0.330424 0.030262
vn 0.948808 0.314527 0.028920
vn 0.948372 0.314552 0.040600
vn -0.955562 -0.293673 0.025632
vn -0.960306 -0.276874 0.033958
vn -0.958536 0.284369 0.018540
vn -0.963024 0.269356 0.005693
vn 0.000317 0.996619 -0.082166
vn -0.004385 0.996296 -0.085878
vn -0.950884 -0.305115 0.052202
vn -0.949357 0.307953 0.062339
vn 0.006239 -0.998777 -0.049045
vn -0.003527 -0.998786 -0.049131
vn -0.004932 -0.998257 0.058811
vn 0.003188 -0.998349 0.057353
vn 0.952103 0.305394 -0.015307
vn 0.947462 -0.319651 -0.011775
vn 0.946640 -0.319871 -0.039445
vn 0.945642 0.322224 -0.043959
vn -0.014636 0.998980 -0.042721
vn 0.005507 0.999216 -0.039199
vn -0.844343 -0.084054 -0.529170
vn -0.981223 -0.191097 0.026162
vn -0.979000 0.201234 0.032627
vn -0.854367 0.067020 -0.515330
vn 0.002093 -0.999360 -0.035725
vn 0.004603 -0.999247 -0.038524
vn 0.954965 0.295385 0.028106
vn 0.959698 -0.280476 0.017662
vn 0.663738 -0.114722 -0.739115
vn 0.681710 0.094921 -0.725439
vn 0.002458 -0.998529 -0.054158
vn 0.000707 -0.998446 -0.055732
vn -0.001097 -0.997535 0.070157
vn -0.000737 -0.997418 0.071818
vn 0.953530 0.301124 -0.010216
vn 0.955274 -0.295407 -0.013613
vn 0.956477 -0.288446 -0.044177
vn 0.946932 0.319697 -0.033360
vn -0.003137 0.999154 0.041007
vn -0.000518 0.999007 0.044555
vn 0.000442 0.998580 -0.053269
vn -0.000458 0.998319 -0.057960
vn -0.904145 0.133675 -0.405774
vn -0.916597 -0.115223 -0.382848
vn -0.865554 0.144970 0.479375
vn -0.873120 -0.172933 0.455801
vn -0.043353 -0.992289 0.116121
vn -0.007186 -0.999478 0.031487
vn 0.848723 0.160265 0.503969
vn 0.841145 -0.165326 0.514920
vn 0.855843 0.228406 -0.464073
vn 0.865397 -0.157189 -0.475793
vn -0.006424 0.832101 0.554586
vn -0.054486 0.844836 0.532245
vn 0.003991 0.993983 0.109460
vn -0.018671 0.993473 0.112531
vn -0.021513 -0.998155 -0.056786
vn 0.001649 -0.999883 -0.015187
vn 0.002940 -0.999434 0.033518
vn 0.001246 -0.999372 0.035422
vn 0.948413 0.310771 0.062719
vn 0.820152 0.106804 0.562089
vn 0.827920 -0.185330 0.529341
vn 0.952521 -0.302945 0.030450
vn 0.896305 0.165224 -0.411507
vn 0.888774 -0.187350 -0.418307
vn -0.031576 -0.999394 -0.014633
vn -0.001744 -0.999954 0.009384
vn 0.847605 -0.196704 -0.492822
vn 0.867729 0.118723 -0.482650
vn 0.859423 -0.133227 0.493601
vn 0.860254 0.159585 0.484247
vn -0.032865 0.908708 -0.416137
vn 0.005673 0.911682 -0.410857
vn 0.811981 -0.145735 0.565198
vn 0.805191 0.162533 0.570308
vn -0.906285 -0.130509 0.402014
vn -0.909098 0.115095 0.400367
vn -0.051079 0.371677 -0.926956
vn -0.017395 0.997898 -0.062419
vn -0.063777 -0.376269 -0.924313
vn -0.063952 -0.996617 -0.051619
vn -0.017990 0.999190 0.035988
vn -0.106967 0.233197 0.966528
vn -0.118524 -0.213878 0.969643
vn -0.065478 -0.994846 0.077421
vn 0.013879 -0.999192 0.037709
vn 0.017767 -0.998674 -0.048321
vn 0.069193 -0.996323 -0.050531
vn 0.061604 -0.997260 0.040954
vn -0.021381 0.998332 -0.053624
vn -0.024296 0.999695 -0.004389
vn -0.004824 0.999988 0.001370
vn -0.000099 0.998356 -0.057312
vn 0.042617 0.979883 0.194968
vn 0.138440 0.370768 -0.918349
vn 0.083769 -0.995799 -0.036977
vn 0.164452 -0.264930 -0.950141
vn -0.024313 -0.250509 0.967809
vn 0.017955 -0.234814 0.971875
vn -0.033912 0.269059 0.962527
vn 0.004190 0.255434 0.966817
vn -0.033050 -0.998603 0.041242
vn -0.035855 -0.999183 -0.018630
vn -0.037758 0.994965 -0.092844
vn -0.028897 0.999582 0.001279
vn -0.140490 0.280647 -0.949473
vn -0.134105 -0.279403 -0.950763
vn -0.062269 -0.241434 0.968417
vn -0.052703 0.241505 0.968967
vn 0.027361 -0.998003 0.056936
vn 0.026603 -0.996726 -0.076353
vn 0.091929 -0.992605 -0.079277
vn 0.093844 -0.993899 0.057953
vn -0.022176 0.998873 -0.041961
vn -0.021776 0.997689 0.064371
vn -0.014311 0.997567 0.068229
vn -0.014863 0.999196 -0.037231
vn 0.024970 0.944975 0.326189
vn 0.134547 0.361340 -0.922676
vn 0.058730 -0.994371 -0.088185
vn 0.169261 -0.377513 -0.910404
vn 0.068452 -0.996649 0.044782
vn 0.139660 -0.229922 0.963136
vn 0.054716 0.956036 -0.288099
vn 0.113332 0.272875 0.955351
vn -0.082082 0.991007 0.105680
vn -0.185658 0.181497 0.965707
vn -0.180815 -0.314436 0.931899
vn -0.059678 -0.997932 0.023876
vn -0.060836 -0.997162 -0.044359
vn -0.090766 -0.149841 -0.984535
vn -0.086805 0.135611 -0.986952
vn -0.078108 0.996457 -0.031174
vn -0.081606 0.231258 -0.969464
vn -0.056324 0.994814 -0.084689
vn -0.080849 -0.361586 -0.928827
vn -0.029336 -0.998241 -0.051522
vn -0.023650 -0.998498 0.049426
vn -0.055888 0.995979 0.070014
vn -0.150569 0.273444 0.950030
vn -0.126938 -0.338583 0.932335
vn -0.007782 -0.998293 0.057878
vn -0.007625 -0.997408 -0.071545
vn -0.044772 -0.997424 -0.056043
vn -0.038020 -0.997524 0.059156
vn 0.015385 0.998068 -0.060202
vn 0.014756 0.996971 0.076360
vn 0.130407 0.989629 0.060232
vn 0.130866 0.989818 -0.055986
vn 0.169674 0.294880 0.940349
vn 0.137242 -0.294332 0.945798
vn 0.123743 -0.356824 -0.925940
vn 0.195180 0.231697 -0.953007
vn 0.015375 -0.999369 -0.032026
vn 0.005756 -0.154884 -0.987916
vn 0.039749 -0.150539 -0.987805
vn 0.052774 -0.997693 -0.042695
vn -0.002788 0.141796 -0.989892
vn 0.032810 0.140223 -0.989576
vn -0.032249 0.999200 -0.023664
vn 0.054754 0.998187 -0.025006
vn -0.032305 0.995262 0.091707
vn 0.121937 0.173213 0.977307
vn 0.056723 0.992566 0.107685
vn 0.102509 -0.335324 0.936509
vn 0.014441 -0.999325 0.033795
vn 0.046387 -0.998733 0.019506
vn 0.016075 0.248290 0.968553
vn 0.026688 0.999593 0.010066
vn 0.025273 0.996528 -0.079331
vn 0.018543 0.988841 0.147820
vn 0.010841 0.996410 0.083961
vn 0.008100 0.996555 -0.082536
vn 0.002365 0.886139 -0.463413
vn 0.010323 0.998750 0.048908
vn 0.009005 0.998752 -0.049128
vn 0.013949 0.892981 0.449878
vn 0.023805 0.995011 0.096880
vn 0.022845 0.999352 -0.027801
vn -0.007052 0.137172 -0.990522
vn -0.011109 -0.154985 -0.987854
vn -0.008352 -0.999387 -0.033996
vn -0.007558 -0.999353 0.035164
vn -0.008512 -0.999776 -0.019401
vn -0.010233 -0.998171 -0.059575
vn -0.008807 -0.997814 0.065501
vn -0.011494 -0.999931 -0.002605
vn -0.014691 -0.998297 -0.056448
vn -0.012932 -0.998332 0.056264
vn -0.014025 -0.999754 0.017182
vn -0.017297 -0.999273 -0.033975
vn -0.016091 -0.999229 0.035824
vn 0.007000 -0.258230 0.966058
vn 0.014247 0.269548 0.962882
vn 0.023075 0.999726 -0.004027
vn 0.021708 0.997877 -0.061399
vn 0.017873 0.950231 0.311033
vn 0.012578 0.996133 0.086958
vn 0.008618 0.996791 -0.079579
vn -0.005774 0.879551 -0.475769
vn 0.008259 0.998537 0.053444
vn 0.005619 0.998923 -0.046058
vn 0.012916 0.946285 0.323076
vn 0.014845 0.996422 0.083198
vn 0.012880 0.999788 -0.016086
vn -0.010931 0.145804 -0.989253
vn -0.013005 -0.155058 -0.987820
vn -0.005467 -0.999451 -0.032689
vn -0.004349 -0.999400 0.034356
vn -0.005578 -0.999828 -0.017703
vn -0.007822 -0.997861 -0.064907
vn -0.005097 -0.998149 0.060603
vn -0.008639 -0.999910 -0.010307
vn -0.012535 -0.997888 -0.063731
vn -0.010204 -0.998425 0.055172
vn -0.011113 -0.999835 0.014390
vn -0.014172 -0.999120 -0.039475
vn -0.013210 -0.999265 0.035990
vn 0.005356 -0.259246 0.965797
vn -0.010751 0.277363 0.960705
vn -0.004596 0.999954 -0.008450
vn -0.003846 0.998585 -0.053041
vn -0.004097 0.942840 0.333221
vn 0.002326 0.996762 0.080373
vn 0.000366 0.997669 -0.068243
vn -0.016905 0.899839 -0.435894
vn -0.004133 0.998250 0.058983
vn -0.006166 0.998997 -0.044360
vn -0.009727 0.944218 0.329178
vn -0.016909 0.996455 0.082416
vn -0.016890 0.999709 -0.017239
vn -0.001490 0.145572 -0.989347
vn 0.001104 -0.155779 -0.987791
vn 0.007938 -0.999481 -0.031206
vn 0.008057 -0.999406 0.033503
vn 0.007794 -0.999867 -0.014305
vn 0.005959 -0.997422 -0.071509
vn 0.007928 -0.998321 0.057385
vn 0.004087 -0.999800 -0.019576
vn 0.000532 -0.997674 -0.068167
vn 0.001384 -0.998665 0.051634
vn 0.001252 -0.999809 0.019526
vn -0.000006 -0.998963 -0.045528
vn -0.000939 -0.999329 0.036617
vn -0.010038 -0.257938 0.966109
vn 0.012723 -0.980561 0.195802
vn 0.003387 -0.980942 0.194272
vn 0.022316 -0.065460 0.997606
vn -0.001840 -0.067103 0.997744
vn 0.006715 0.949007 0.315184
vn 0.024734 0.945840 0.323688
vn 0.023892 0.917857 -0.396191
vn 0.005625 0.921399 -0.388577
vn 0.000709 -0.047728 -0.998860
vn 0.000849 -0.047288 -0.998881
vn 0.001096 -0.977005 -0.213211
vn 0.012984 -0.977287 -0.211524
vn 0.951527 -0.299574 0.069651
vn 0.952823 -0.297674 -0.059315
vn 0.990034 0.010728 -0.140419
vn 0.990872 0.012895 0.134187
vn -0.964128 -0.261674 -0.044543
vn -0.965281 -0.257052 0.046435
vn -0.992107 -0.036002 0.120113
vn -0.993179 -0.033668 -0.111634
vn -0.954800 -0.294188 -0.042557
vn -0.946338 -0.311702 0.085367
vn -0.993502 0.024483 0.111147
vn -0.991457 0.024045 -0.128201
vn -0.000841 -0.076896 -0.997039
vn -0.001792 -0.078757 -0.996892
vn 0.055213 -0.068661 -0.996111
vn -0.001610 -0.147608 -0.989045
vn 0.940299 -0.327102 0.094027
vn 0.949130 -0.311259 -0.047639
vn 0.986553 -0.008149 -0.163239
vn 0.987436 -0.006548 0.157887
vn 0.008086 -0.067282 0.997701
vn -0.004111 -0.339611 0.940557
vn 0.042235 -0.105052 0.993569
vn -0.003837 -0.065522 0.997844
vn -0.949916 -0.300615 -0.085388
vn -0.948576 -0.301816 0.095446
vn -0.982898 -0.000252 0.184149
vn -0.983941 0.003417 -0.178461
vn 0.000563 -0.077642 -0.996981
vn -0.000713 -0.083189 -0.996534
vn 0.047615 -0.054648 -0.997370
vn 0.000070 -0.008079 -0.999967
vn 0.961943 -0.261454 0.079417
vn 0.962525 -0.261424 -0.072131
vn 0.990522 0.075248 -0.114910
vn 0.991015 0.073690 0.111620
vn -0.009001 0.492199 0.870436
vn 0.053097 0.336946 0.940026
vn -0.026837 -0.069211 0.997241
vn -0.020155 -0.040451 0.998978
vn -0.992322 0.038001 0.117703
vn -0.992826 0.035307 -0.114233
vn 0.000274 0.046374 -0.998924
vn 0.000229 0.043671 -0.999046
vn 0.989406 0.005988 -0.145055
vn 0.985976 0.008736 0.166661
vn 0.008810 0.052228 0.998596
vn -0.002076 0.045179 0.998977
vn -0.985425 0.025182 -0.168237
vn -0.982194 0.025667 0.186108
vn -0.945575 0.315274 0.080555
vn -0.943568 0.316167 -0.098579
vn 0.002669 0.106176 -0.994344
vn 0.001023 0.105834 -0.994383
vn 0.987488 0.092051 0.128038
vn 0.988406 0.093241 -0.119832
vn 0.982050 0.179360 -0.058375
vn 0.983035 0.177531 0.046087
vn -0.019376 0.041668 0.998944
vn -0.023703 0.066195 0.997525
vn -0.994102 -0.022302 -0.106132
vn -0.992754 -0.017356 0.118908
vn -0.959049 0.276572 0.061092
vn -0.956550 0.280716 -0.078807
vn 0.002617 0.070127 -0.997535
vn -0.000282 0.070497 -0.997512
vn 0.988822 0.021415 0.147554
vn 0.989023 0.021268 -0.146225
vn 0.971297 0.225693 -0.075135
vn 0.973859 0.217699 0.064853
vn -0.003120 0.100363 0.994946
vn 0.022780 0.099124 0.994814
vn -0.974505 0.217603 0.054679
vn -0.971587 0.223249 -0.078606
vn 0.960188 0.256719 -0.110154
vn 0.963168 0.256166 0.081767
vn 0.049181 -0.978961 -0.198034
vn 0.048100 -0.978029 0.202843
vn 0.076509 -0.055769 -0.995508
vn 0.168709 -0.060812 0.983788
vn 0.254957 0.923104 -0.287883
vn 0.078373 0.065682 -0.994758
vn 0.253259 0.938554 0.234469
vn 0.169095 0.080561 0.982302
vn -0.027815 -0.976876 -0.211991
vn -0.023327 -0.980624 0.194507
vn -0.121353 -0.973583 0.193414
vn -0.132529 -0.970011 -0.203750
vn 0.013282 -0.070010 0.997458
vn -0.031127 -0.070117 0.997053
vn -0.011238 -0.050149 -0.998679
vn -0.117064 -0.051505 -0.991788
vn 0.013493 0.105511 0.994327
vn -0.029161 0.399934 0.916080
vn -0.101114 0.970827 0.217419
vn -0.037616 0.114094 0.992758
vn -0.049396 0.006592 -0.998758
vn -0.122061 0.948404 -0.292628
vn -0.011352 0.073700 -0.997216
vn -0.124933 0.077918 -0.989101
vn -0.043260 -0.223315 -0.973786
vn -0.007132 -0.564812 0.825189
vn -0.110170 -0.960700 0.254792
vn -0.116658 -0.978649 -0.169223
vn -0.012035 -0.117213 0.993034
vn -0.102958 -0.097357 0.989910
vn -0.008963 -0.078890 -0.996843
vn -0.096158 -0.076188 -0.992446
vn -0.014112 0.094463 0.995428
vn -0.098307 0.081310 0.991829
vn -0.010129 0.043576 -0.998999
vn -0.097102 0.046608 -0.994183
vn -0.002718 0.964634 0.263579
vn -0.056195 0.961911 0.267524
vn -0.005934 0.921039 -0.389425
vn -0.070599 0.928497 -0.364566
vn 0.182938 -0.968142 -0.170981
vn 0.163197 -0.943612 0.288034
vn 0.119172 -0.076831 -0.989896
vn -0.034238 -0.064428 0.997335
vn 0.127163 0.046853 -0.990775
vn -0.032286 0.051083 0.998172
vn 0.140747 0.912254 -0.384686
vn 0.113283 0.941460 0.317522
vn -0.178586 -0.937616 0.298299
vn -0.203838 -0.941171 -0.269533
vn 0.040895 -0.061391 0.997276
vn 0.012563 -0.084967 0.996305
vn -0.010240 -0.075465 -0.997096
vn -0.110351 -0.070747 -0.991372
vn 0.040061 0.057924 0.997517
vn -0.126046 0.958443 0.255928
vn 0.016890 0.085899 0.996161
vn -0.145404 0.945617 -0.290975
vn -0.012346 0.094276 -0.995470
vn -0.105279 0.097999 -0.989602
vn 0.096870 -0.957585 -0.271381
vn 0.084570 -0.951774 0.294915
vn 0.068770 -0.092100 -0.993372
vn 0.006091 -0.107444 0.994192
vn 0.198800 0.934545 -0.295135
vn 0.060671 0.099756 -0.993160
vn 0.191569 0.947947 0.254358
vn -0.000511 0.082377 0.996601
vn 0.012570 -0.592049 0.805804
vn 0.012162 -0.107933 0.994084
vn 0.019132 0.036546 0.999149
vn 0.020932 -0.035933 0.999135
vn -0.008393 0.487015 0.873354
vn 0.000407 0.099842 0.995003
vn 0.001915 -0.068268 0.997665
vn -0.010145 -0.980495 0.196283
vn -0.010329 -0.977187 -0.212129
vn -0.000463 -0.050271 -0.998735
vn -0.001693 0.071323 -0.997452
vn -0.000207 0.004054 -0.999992
vn 0.002058 -0.073457 -0.997296
vn -0.001363 0.097623 -0.995223
vn 0.001881 -0.151150 -0.988509
vn 0.000765 -0.076201 -0.997092
vn 0.000146 0.045421 -0.998968
vn 0.003170 0.919582 -0.392885
vn 0.004736 0.962757 0.270327
vn 0.011008 0.093028 0.995603
vn -0.004195 0.018780 0.999815
vn -0.000480 -0.548633 0.836063
vn -0.003558 -0.019147 0.999810
vn -0.019991 0.551587 0.833878
vn -0.010012 0.097229 0.995212
vn -0.006871 -0.065269 0.997844
vn 0.007272 -0.980305 0.197354
vn 0.009316 -0.977314 -0.211592
vn 0.004957 -0.048498 -0.998811
vn 0.002589 0.070152 -0.997533
vn 0.004765 -0.003503 -0.999983
vn 0.007086 -0.075025 -0.997157
vn 0.004405 0.100106 -0.994967
vn 0.004205 -0.140711 -0.990042
vn 0.004394 -0.078224 -0.996926
vn 0.004436 0.044626 -0.998994
vn -0.000788 0.918776 -0.394779
vn -0.000005 0.955784 0.294070
vn 0.016514 0.072225 0.997252
vn 0.016357 -0.091261 0.995693
vn 0.000496 -0.977931 0.208928
vn 0.019971 -0.977359 0.210642
vn 0.013192 -0.050843 0.998620
vn 0.006097 -0.057626 0.998320
vn 0.019199 0.955437 0.294570
vn 0.024874 0.954177 0.298206
vn 0.023630 0.918056 -0.395746
vn 0.017669 0.920447 -0.390467
vn -0.000021 -0.054237 -0.998528
vn 0.000467 -0.053074 -0.998590
vn 0.018682 -0.977122 -0.211858
vn -0.000001 -0.977559 -0.210664
vn 0.938205 -0.340142 0.063843
vn 0.941353 -0.332825 -0.055525
vn 0.991975 -0.049513 -0.116339
vn 0.991765 -0.046466 0.119344
vn -0.941360 -0.332386 -0.057975
vn -0.942307 -0.329010 0.061721
vn -0.989719 -0.039751 0.137387
vn -0.990626 -0.039980 -0.130623
vn -0.956644 -0.287997 -0.043474
vn -0.945962 -0.312623 0.086153
vn -0.992645 0.038150 0.114895
vn -0.990673 0.036909 -0.131169
vn -0.003073 -0.110459 -0.993876
vn -0.001734 -0.114084 -0.993470
vn 0.060825 -0.196423 -0.978631
vn -0.004059 -0.146388 -0.989219
vn 0.960248 -0.269354 0.073295
vn 0.967948 -0.248325 -0.037563
vn 0.991391 -0.040057 -0.124654
vn 0.992060 -0.039116 0.119531
vn 0.002921 -0.123714 0.992314
vn -0.007407 -0.307679 0.951461
vn 0.049561 -0.281854 0.958176
vn -0.000534 -0.123381 0.992359
vn -0.966422 -0.248320 -0.066074
vn -0.965959 -0.248325 0.072508
vn -0.988020 -0.059002 0.142600
vn -0.988664 -0.056959 -0.138922
vn 0.000521 -0.047337 -0.998879
vn -0.000641 -0.050880 -0.998705
vn 0.052367 0.049598 -0.997395
vn 0.000070 -0.007998 -0.999968
vn 0.921080 -0.371799 0.115665
vn 0.922284 -0.371536 -0.106548
vn 0.982694 0.040057 -0.180855
vn 0.983164 0.037996 0.178733
vn -0.001802 0.200586 0.979675
vn 0.057656 0.177620 0.982409
vn -0.012192 -0.052551 0.998544
vn -0.004870 -0.044997 0.998975
vn -0.990528 0.055669 0.125522
vn -0.991177 0.052038 -0.121904
vn 0.001210 0.063894 -0.997956
vn 0.001141 0.061402 -0.998112
vn 0.994019 -0.023005 -0.106761
vn 0.992670 -0.019161 0.119326
vn 0.008166 0.100377 0.994916
vn 0.002660 0.091944 0.995761
vn -0.990269 -0.046410 -0.131202
vn -0.988790 -0.045601 0.142181
vn -0.945961 0.314765 0.077983
vn -0.943325 0.316953 -0.098377
vn 0.001496 0.063762 -0.997964
vn 0.001663 0.064536 -0.997914
vn 0.978651 0.055092 0.198010
vn 0.980756 0.055942 -0.187051
vn 0.938288 0.328837 -0.107151
vn 0.941098 0.327139 0.085528
vn -0.003702 0.046206 0.998925
vn -0.009540 0.049089 0.998749
vn -0.991424 -0.024705 -0.128329
vn -0.989740 -0.022289 0.141133
vn -0.953283 0.293738 0.070501
vn -0.948342 0.304140 -0.090252
vn 0.001990 0.079008 -0.996872
vn -0.000326 0.078783 -0.996892
vn 0.992030 -0.035436 0.120921
vn 0.993068 -0.034644 -0.112319
vn 0.943462 0.318661 -0.091293
vn 0.949035 0.305933 0.075751
vn 0.005731 0.093784 0.995576
vn 0.014056 0.088207 0.996003
vn -0.973419 0.221833 0.056979
vn -0.969358 0.230544 -0.084823
vn 0.971341 0.218765 -0.092948
vn 0.974680 0.213801 0.065477
vn 0.112737 -0.971809 -0.207069
vn 0.112200 -0.967921 0.224811
vn 0.073622 -0.050422 -0.996011
vn 0.111067 -0.039117 0.993043
vn 0.187356 0.936126 -0.297599
vn 0.081774 0.075382 -0.993796
vn 0.185914 0.947921 0.258616
vn 0.117019 0.075212 0.990278
vn 0.008115 -0.977264 -0.211872
vn 0.011545 -0.978677 0.205083
vn 0.004783 -0.977775 0.209602
vn -0.009552 -0.980422 -0.196675
vn 0.000841 -0.065024 0.997883
vn -0.013362 -0.060456 0.998082
vn -0.010402 -0.057892 -0.998269
vn -0.099209 -0.064882 -0.992949
vn -0.003620 0.106636 0.994292
vn -0.040709 0.289776 0.956228
vn -0.150361 0.958122 0.243709
vn -0.022617 0.096897 0.995037
vn -0.055891 0.087542 -0.994592
vn -0.169764 0.941632 -0.290706
vn -0.013175 0.085771 -0.996228
vn -0.108228 0.085173 -0.990471
vn -0.068506 -0.116540 -0.990821
vn -0.036611 -0.275890 0.960492
vn -0.091336 -0.958871 0.268744
vn -0.111751 -0.980077 -0.164197
vn 0.003141 -0.134943 0.990848
vn -0.006402 -0.126403 0.991958
vn -0.008701 -0.114137 -0.993427
vn -0.101418 -0.118796 -0.987726
vn -0.000956 0.101841 0.994800
vn 0.003726 0.093675 0.995596
vn -0.011904 0.060989 -0.998068
vn -0.097562 0.067845 -0.992914
vn -0.012622 0.957701 0.287489
vn -0.074572 0.958377 0.275595
vn -0.017557 0.920033 -0.391447
vn -0.103625 0.931215 -0.349428
vn 0.217600 -0.961606 -0.167224
vn 0.204038 -0.941839 0.267035
vn 0.077893 -0.102660 -0.991662
vn 0.037183 -0.105124 0.993764
vn 0.077908 0.067563 -0.994669
vn 0.031670 0.099087 0.994575
vn 0.096875 0.919702 -0.380477
vn 0.084539 0.951695 0.295178
vn -0.128942 -0.944327 0.302689
vn -0.166979 -0.948998 -0.267432
vn 0.027258 -0.046434 0.998549
vn 0.047374 -0.045285 0.997850
vn -0.010753 -0.045775 -0.998894
vn -0.109956 -0.040404 -0.993115
vn 0.023236 0.047734 0.998590
vn -0.210023 0.943085 0.257841
vn 0.037820 0.055251 0.997756
vn -0.233133 0.927128 -0.293399
vn -0.013161 0.060423 -0.998086
vn -0.115213 0.058140 -0.991638
vn 0.130889 -0.954381 -0.268376
vn 0.114650 -0.949203 0.293035
vn 0.074182 -0.057495 -0.995586
vn -0.013357 -0.067537 0.997627
vn 0.202498 0.935652 -0.289051
vn 0.067388 0.062495 -0.995768
vn 0.188299 0.949236 0.251982
vn -0.020129 0.051530 0.998469
vn 0.001689 -0.381630 0.924314
vn -0.005304 -0.136484 0.990628
vn 0.003997 0.043351 0.999052
vn 0.005433 -0.042540 0.999080
vn -0.005837 0.282623 0.959213
vn -0.008092 0.108867 0.994023
vn -0.007231 -0.069927 0.997526
vn -0.011151 -0.979375 0.201741
vn -0.010304 -0.976868 -0.213597
vn -0.000531 -0.056933 -0.998378
vn -0.001434 0.083063 -0.996543
vn -0.000016 0.000577 -1.000000
vn 0.000892 -0.045229 -0.998976
vn -0.000643 0.060892 -0.998144
vn 0.001504 -0.152288 -0.988335
vn 0.000929 -0.110129 -0.993917
vn -0.000168 0.064642 -0.997909
vn -0.002416 0.919958 -0.392010
vn -0.003294 0.959163 0.282836
vn -0.006587 0.114812 0.993365
vn -0.003960 0.041016 0.999151
vn -0.008153 -0.395157 0.918577
vn -0.003705 -0.040947 0.999154
vn -0.009393 0.304346 0.952515
vn 0.000083 0.104027 0.994574
vn 0.000611 -0.067906 0.997692
vn -0.015964 -0.979319 0.201693
vn -0.014637 -0.977216 -0.211744
vn 0.003619 -0.055404 -0.998457
vn 0.002945 0.079616 -0.996821
vn 0.004571 -0.000000 -0.999990
vn 0.005828 -0.046383 -0.998907
vn 0.005197 0.061701 -0.998081
vn 0.002384 -0.144281 -0.989534
vn 0.002930 -0.112076 -0.993695
vn 0.005234 0.063885 -0.997944
vn 0.011587 0.919543 -0.392818
vn 0.009892 0.958530 0.284821
vn 0.003067 0.113569 0.993525
vn 0.000005 -0.138515 0.990360
s 1
g Crate_LOW
usemtl initialShadingGroup
f 34/34/1 17/4/2 3/5/3 33/33/4
f 18/25/5 35/35/6 36/36/7 2/3/8
s 2
f 42/42/9 21/10/10 5/11/11 41/41/12
f 8/7/13 22/27/14 43/43/15 44/44/16
s 3
f 49/49/17 50/50/18 55/55/19 56/56/20
f 54/54/21 51/51/22 52/52/23 53/53/24
s 4
f 15/19/25 30/31/26 59/59/27 60/60/28
f 57/57/29 58/58/30 29/23/31 14/24/32
s 1
f 34/34/1 35/35/6 18/25/5 17/4/2
s 2
f 42/42/9 43/43/15 22/27/14 21/10/10
s 3
f 54/54/21 55/55/19 50/50/18 51/51/22
s 4
f 58/58/30 59/59/27 30/31/26 29/23/31
s 1
f 38/38/33 34/34/1 33/33/4 37/37/34
f 38/38/33 39/39/35 35/35/6 34/34/1
f 36/36/7 35/35/6 39/39/35 40/40/36
f 20/26/37 38/38/33 37/37/34 4/6/38
f 20/26/37 19/1/39 39/39/35 38/38/33
f 40/40/36 39/39/35 19/1/39 1/2/40
s 2
f 46/46/41 42/42/9 41/41/12 45/45/42
f 46/46/41 47/47/43 43/43/15 42/42/9
f 44/44/16 43/43/15 47/47/43 48/48/44
f 24/28/45 46/46/41 45/45/42 6/12/46
f 24/28/45 23/8/47 47/47/43 46/46/41
f 48/48/44 47/47/43 23/8/47 7/9/48
s 3
f 9/13/49 26/29/50 50/50/18 49/49/17
f 50/50/18 26/29/50 25/16/51 51/51/22
f 52/52/23 51/51/22 25/16/51 12/17/52
f 28/30/53 54/54/21 53/53/24 11/18/54
f 28/30/53 27/14/55 55/55/19 54/54/21
f 56/56/20 55/55/19 27/14/55 10/15/56
s 4
f 61/61/57 62/62/58 58/58/30 57/57/29
f 62/62/58 63/63/59 59/59/27 58/58/30
f 60/60/28 59/59/27 63/63/59 64/64/60
f 13/22/61 32/32/62 62/62/58 61/61/57
f 32/32/62 31/20/63 63/63/59 62/62/58
f 64/64/60 63/63/59 31/20/63 16/21/64
s 6
f 89/65/65 81/66/66 82/67/67 92/68/68
f 82/67/67 81/66/66 86/69/69 88/70/70
f 97/71/71 83/72/72 84/73/73 100/74/74
f 84/73/73 83/72/72 94/75/75 96/76/76
f 82/67/67 84/73/73 96/76/76 92/68/68
f 84/73/73 82/67/67 88/70/70 100/74/74
f 91/77/77 90/78/78 89/65/65 92/68/68
f 99/79/79 98/80/80 97/71/71 100/74/74
f 66/81/81 76/82/82 95/83/83 93/84/84
f 98/80/80 99/79/79 73/85/85 68/86/86
f 95/83/83 76/82/82 80/87/87 91/77/77
f 73/85/85 99/79/79 87/88/88 77/89/89
f 91/77/77 80/87/87 72/90/90 90/78/78
f 77/89/89 87/88/88 85/91/91 70/92/92
f 88/70/70 86/69/69 85/91/91 87/88/88
f 95/83/83 91/77/77 92/68/68 96/76/76
f 95/83/83 96/76/76 94/75/75 93/84/84
f 99/79/79 100/74/74 88/70/70 87/88/88
s 9
f 103/93/93 104/94/94 120/95/95 116/96/96
f 117/97/97 104/94/94 103/93/93 114/98/98
f 109/99/99 101/100/100 102/101/101 112/102/102
f 102/101/101 101/100/100 106/103/103 108/104/104
f 102/101/101 103/93/93 116/96/96 112/102/102
f 103/93/93 102/101/101 108/104/104 114/98/98
f 111/105/105 110/106/106 109/99/99 112/102/102
f 118/107/107 117/97/97 114/98/98 113/108/108
f 75/109/109 65/110/110 110/106/106 111/105/105
f 107/111/111 105/112/112 67/113/113 74/114/114
f 113/108/108 107/111/111 74/114/114 78/115/115
f 79/116/116 75/109/109 111/105/105 115/117/117
f 118/107/107 113/108/108 78/115/115 69/118/118
f 71/119/119 79/116/116 115/117/117 119/120/120
f 108/104/104 106/103/103 105/112/112 107/111/111
f 115/117/117 111/105/105 112/102/102 116/96/96
f 113/108/108 114/98/98 108/104/104 107/111/111
f 120/95/95 119/120/120 115/117/117 116/96/96
s 11
f 138/121/121 124/122/122 129/123/123 137/124/124
f 140/125/125 132/126/126 122/127/127 139/128/128
f 122/127/127 132/126/126 129/123/123 124/122/122
f 131/129/129 121/130/130 123/131/131 130/132/132
f 144/133/133 137/124/124 129/123/123 133/134/134
f 135/135/135 131/129/129 130/132/132 134/136/136
f 141/137/137 136/138/138 132/126/126 140/125/125
f 129/123/123 132/126/126 136/138/138 133/134/134
f 144/133/133 133/134/134 126/139/139 143/140/140
f 127/141/141 135/135/135 134/136/136 125/142/142
f 142/143/143 128/144/144 136/138/138 141/137/137
f 133/134/134 136/138/138 128/144/144 126/139/139
f 146/145/145 165/146/146 166/147/147 145/148/148
f 148/149/149 171/150/150 172/151/151 147/152/152
f 149/153/153 170/154/154 171/150/150 148/149/149
f 150/155/155 169/156/156 170/154/154 149/153/153
f 152/157/157 167/158/158 168/159/159 151/160/160
f 152/157/157 145/148/148 166/147/147 167/158/158
f 123/131/131 146/145/145 145/148/148 130/132/132
f 131/129/129 148/149/149 147/152/152 121/130/130
f 135/135/135 149/153/153 148/149/149 131/129/129
f 127/141/141 150/155/155 149/153/153 135/135/135
f 134/136/136 152/157/157 151/160/160 125/142/142
f 130/132/132 145/148/148 152/157/157 134/136/136
f 154/161/161 153/162/162 161/163/163 162/164/164
f 155/165/165 154/161/161 162/164/164 163/166/166
f 156/167/167 155/165/165 163/166/166 164/168/168
f 157/169/169 138/121/121 137/124/124 158/170/170
f 159/171/171 158/170/170 137/124/124 144/133/133
f 160/172/172 159/171/171 144/133/133 143/140/140
f 162/164/164 161/163/163 142/143/143 141/137/137
f 163/166/166 162/164/164 141/137/137 140/125/125
f 164/168/168 163/166/166 140/125/125 139/128/128
f 170/154/154 169/156/156 153/162/162 154/161/161
f 171/150/150 170/154/154 154/161/161 155/165/165
f 172/151/151 171/150/150 155/165/165 156/167/167
s 16
f 173/173/173 314/174/174 289/175/175 175/176/176
f 177/177/177 301/178/178 302/179/179 179/180/180
f 291/181/181 292/182/182 185/183/183 184/184/184
f 292/185/182 293/186/185 186/187/186 185/188/183
f 225/189/187 226/190/188 227/191/189 228/192/190
f 257/193/191 258/194/192 259/195/193 260/196/194
f 265/197/195 266/198/196 267/199/197 268/200/198
f 229/201/199 230/202/200 231/203/201 232/204/202
f 221/205/203 290/206/204 291/181/181 184/184/184
f 187/207/205 312/208/206 313/209/207 224/210/208
f 234/211/209 233/212/210 235/213/211 236/214/212
f 242/215/213 241/216/214 243/217/215 244/218/216
f 186/187/186 293/186/185 294/219/217 207/220/218
f 268/200/198 269/221/219 270/222/220 265/197/195
f 208/223/221 309/224/222 310/225/223 189/226/224
f 274/227/225 273/228/226 275/229/227 276/230/228
f 217/231/229 300/232/230 301/178/178 177/177/177
f 261/233/231 262/234/232 263/235/233 264/236/234
f 179/180/180 302/179/179 303/237/235 220/238/236
f 281/239/237 282/240/238 283/241/239 284/242/240
f 228/192/190 231/203/201 230/202/200 225/189/187
f 199/243/241 306/244/242 307/245/243 210/246/244
f 250/247/245 249/248/246 251/249/247 252/250/248
f 205/251/249 296/252/250 297/253/251 198/254/252
f 244/218/216 245/255/253 246/256/254 242/215/213
f 271/257/255 270/222/220 269/221/219 272/258/256
f 187/207/205 188/259/257 311/260/258 312/208/206
f 188/261/257 189/226/224 310/225/223 311/262/258
f 274/227/225 277/263/259 278/264/260 273/228/226
f 237/265/261 235/213/211 233/212/210 238/266/262
f 297/253/251 298/267/263 197/268/264 198/254/252
f 298/269/263 299/270/265 196/271/266 197/272/264
f 199/243/241 200/273/267 305/274/268 306/244/242
f 200/275/267 201/276/269 304/277/270 305/278/268
f 286/279/271 285/280/272 287/281/273 288/282/274
f 253/283/275 252/250/248 251/249/247 254/284/276
f 208/223/221 209/285/277 308/286/278 309/224/222
f 209/287/277 210/246/244 307/245/243 308/288/278
f 275/229/227 279/289/279 280/290/280 276/230/228
f 255/291/281 249/248/246 250/247/245 256/292/282
f 205/251/249 206/293/283 295/294/284 296/252/250
f 206/295/283 207/220/218 294/219/217 295/296/284
f 196/271/266 299/270/265 300/232/230 217/231/229
f 286/279/271 288/282/274 282/240/238 281/239/237
f 220/238/236 303/237/235 304/277/270 201/276/269
f 263/235/233 262/234/232 259/195/193 258/194/192
f 175/176/176 289/175/175 290/206/204 221/205/203
f 239/297/285 234/211/209 236/214/212 240/298/286
f 224/210/208 313/209/207 314/174/174 173/173/173
f 243/217/215 241/216/214 247/299/287 248/300/288
f 198/254/252 197/268/264 408/301/289 401/302/290
f 197/268/264 200/303/267 407/304/291 408/301/289
f 200/273/267 199/243/241 406/305/292 407/306/291
f 206/293/283 205/251/249 402/307/293 403/308/294
f 210/246/244 209/287/277 404/309/295 405/310/296
f 209/311/277 206/293/283 403/308/294 404/312/295
f 199/243/241 210/246/244 405/310/296 406/305/292
f 205/251/249 198/254/252 401/302/290 402/307/293
f 223/313/297 190/314/298 452/315/299 453/316/300
f 183/317/301 222/318/302 456/319/303 449/320/304
f 182/321/305 183/317/301 449/320/304 450/322/306
f 190/314/298 191/323/307 451/324/308 452/315/299
f 191/325/307 182/321/305 450/322/306 451/326/308
f 174/327/309 223/313/297 453/316/300 454/328/310
f 222/318/302 176/329/311 455/330/312 456/319/303
f 176/329/311 174/327/309 454/328/310 455/330/312
f 187/207/205 224/210/208 421/331/313 422/332/314
f 221/205/203 184/184/184 417/333/315 418/334/316
f 184/184/184 185/183/183 424/335/317 417/333/315
f 185/183/183 188/336/257 423/337/318 424/335/317
f 188/259/257 187/207/205 422/332/314 423/338/318
f 224/210/208 173/173/173 420/339/319 421/331/313
f 173/173/173 175/176/176 419/340/320 420/339/319
f 175/176/176 221/205/203 418/334/316 419/340/320
f 213/341/321 202/342/322 436/343/323 437/344/324
f 195/345/325 216/346/326 440/347/327 433/348/328
f 194/349/329 195/345/325 433/348/328 434/350/330
f 202/342/322 203/351/331 435/352/332 436/343/323
f 203/353/331 194/349/329 434/350/330 435/354/332
f 212/355/333 213/341/321 437/344/324 438/356/334
f 216/346/326 215/357/335 439/358/336 440/347/327
f 215/357/335 212/359/333 438/360/334 439/358/336
f 197/272/264 196/271/266 394/361/337 395/362/338
f 201/276/269 200/275/267 396/363/339 397/364/340
f 200/365/267 197/272/264 395/362/338 396/366/339
f 179/180/180 220/238/236 398/367/341 399/368/342
f 217/231/229 177/177/177 400/369/343 393/370/344
f 177/177/177 179/180/180 399/368/342 400/369/343
f 220/238/236 201/276/269 397/364/340 398/367/341
f 196/271/266 217/231/229 393/370/344 394/361/337
f 207/220/218 206/295/283 416/371/345 409/372/346
f 206/295/283 209/373/277 415/374/347 416/371/345
f 209/285/277 208/223/221 414/375/348 415/376/347
f 208/223/221 189/226/224 413/377/349 414/375/348
f 186/187/186 207/220/218 409/372/346 410/378/350
f 185/188/183 186/187/186 410/378/350 411/379/351
f 189/226/224 188/261/257 412/380/352 413/377/349
f 188/381/257 185/188/183 411/379/351 412/382/352
f 192/383/353 211/384/354 444/385/355 445/386/356
f 214/387/357 181/388/358 448/389/359 441/390/360
f 181/388/358 182/391/305 447/392/361 448/389/359
f 182/391/305 191/393/307 446/394/362 447/392/361
f 191/395/307 192/383/353 445/386/356 446/396/362
f 211/384/354 212/397/333 443/398/363 444/385/355
f 212/399/333 215/400/335 442/401/364 443/402/363
f 215/400/335 214/387/357 441/390/360 442/401/364
f 219/403/365 180/404/366 427/405/367 428/406/368
f 180/404/366 178/407/369 426/408/370 427/405/367
f 178/407/369 218/409/371 425/410/372 426/408/370
f 193/411/373 194/412/329 431/413/374 432/414/375
f 194/412/329 203/415/331 430/416/376 431/413/374
f 203/417/331 204/418/377 429/419/378 430/420/376
f 204/418/377 219/403/365 428/406/368 429/419/378
f 218/409/371 193/411/373 432/414/375 425/410/372
f 289/175/175 315/421/379 316/422/380 290/206/204
f 291/181/181 290/206/204 316/422/380 317/423/381
f 317/423/381 318/424/382 292/182/182 291/181/181
f 318/425/382 319/426/383 293/186/185 292/185/182
f 294/219/217 293/186/185 319/426/383 320/427/384
f 295/296/284 294/219/217 320/427/384 321/428/385
f 296/252/250 295/294/284 321/429/385 322/430/386
f 297/253/251 296/252/250 322/430/386 323/431/387
f 323/431/387 324/432/388 298/267/263 297/253/251
f 324/433/388 325/434/389 299/270/265 298/269/263
f 300/232/230 299/270/265 325/434/389 326/435/390
f 301/178/178 300/232/230 326/435/390 327/436/391
f 302/179/179 301/178/178 327/436/391 328/437/392
f 303/237/235 302/179/179 328/437/392 329/438/393
f 304/277/270 303/237/235 329/438/393 330/439/394
f 305/278/268 304/277/270 330/439/394 331/440/395
f 306/244/242 305/274/268 331/441/395 332/442/396
f 307/245/243 306/244/242 332/442/396 333/443/397
f 308/288/278 307/245/243 333/443/397 334/444/398
f 309/224/222 308/286/278 334/445/398 335/446/399
f 310/225/223 309/224/222 335/446/399 336/447/400
f 311/262/258 310/225/223 336/447/400 337/448/401
f 312/208/206 311/260/258 337/449/401 338/450/402
f 313/209/207 312/208/206 338/450/402 339/451/403
f 314/174/174 313/209/207 339/451/403 340/452/404
f 289/175/175 314/174/174 340/452/404 315/421/379
f 315/421/379 341/453/405 342/454/406 316/422/380
f 317/423/381 316/422/380 342/454/406 343/455/407
f 343/455/407 344/456/408 318/424/382 317/423/381
f 344/457/408 345/458/409 319/426/383 318/425/382
f 320/427/384 319/426/383 345/458/409 346/459/410
f 321/428/385 320/427/384 346/459/410 347/460/411
f 322/430/386 321/429/385 347/461/411 348/462/412
f 323/431/387 322/430/386 348/462/412 349/463/413
f 349/463/413 350/464/414 324/432/388 323/431/387
f 350/465/414 351/466/415 325/434/389 324/433/388
f 326/435/390 325/434/389 351/466/415 352/467/416
f 327/436/391 326/435/390 352/467/416 353/468/417
f 328/437/392 327/436/391 353/468/417 354/469/418
f 329/438/393 328/437/392 354/469/418 355/470/419
f 330/439/394 329/438/393 355/470/419 356/471/420
f 331/440/395 330/439/394 356/471/420 357/472/421
f 332/442/396 331/441/395 357/473/421 358/474/422
f 333/443/397 332/442/396 358/474/422 359/475/423
f 334/444/398 333/443/397 359/475/423 360/476/424
f 335/446/399 334/445/398 360/477/424 361/478/425
f 336/447/400 335/446/399 361/478/425 362/479/426
f 337/448/401 336/447/400 362/479/426 363/480/427
f 338/450/402 337/449/401 363/481/427 364/482/428
f 339/451/403 338/450/402 364/482/428 365/483/429
f 340/452/404 339/451/403 365/483/429 366/484/430
f 315/421/379 340/452/404 366/484/430 341/453/405
f 341/453/405 367/485/431 368/486/432 342/454/406
f 343/455/407 342/454/406 368/486/432 369/487/433
f 369/487/433 370/488/434 344/456/408 343/455/407
f 370/489/434 371/490/435 345/458/409 344/457/408
f 346/459/410 345/458/409 371/490/435 372/491/436
f 347/460/411 346/459/410 372/491/436 373/492/437
f 348/462/412 347/461/411 373/493/437 374/494/438
f 349/463/413 348/462/412 374/494/438 375/495/439
f 375/495/439 376/496/440 350/464/414 349/463/413
f 376/497/440 377/498/441 351/466/415 350/465/414
f 352/467/416 351/466/415 377/498/441 378/499/442
f 353/468/417 352/467/416 378/499/442 379/500/443
f 354/469/418 353/468/417 379/500/443 380/501/444
f 355/470/419 354/469/418 380/501/444 381/502/445
f 356/471/420 355/470/419 381/502/445 382/503/446
f 357/472/421 356/471/420 382/503/446 383/504/447
f 358/474/422 357/473/421 383/505/447 384/506/448
f 359/475/423 358/474/422 384/506/448 385/507/449
f 360/476/424 359/475/423 385/507/449 386/508/450
f 361/478/425 360/477/424 386/509/450 387/510/451
f 362/479/426 361/478/425 387/510/451 388/511/452
f 363/480/427 362/479/426 388/511/452 389/512/453
f 364/482/428 363/481/427 389/513/453 390/514/454
f 365/483/429 364/482/428 390/514/454 391/515/455
f 366/484/430 365/483/429 391/515/455 392/516/456
f 341/453/405 366/484/430 392/516/456 367/485/431
f 367/485/431 176/329/311 222/318/302 368/486/432
f 369/487/433 368/486/432 222/318/302 183/317/301
f 183/317/301 182/321/305 370/488/434 369/487/433
f 182/391/305 181/388/358 371/490/435 370/489/434
f 372/491/436 371/490/435 181/388/358 214/387/357
f 373/492/437 372/491/436 214/387/357 215/400/335
f 374/494/438 373/493/437 215/357/335 216/346/326
f 375/495/439 374/494/438 216/346/326 195/345/325
f 195/345/325 194/349/329 376/496/440 375/495/439
f 194/412/329 193/411/373 377/498/441 376/497/440
f 378/499/442 377/498/441 193/411/373 218/409/371
f 379/500/443 378/499/442 218/409/371 178/407/369
f 380/501/444 379/500/443 178/407/369 180/404/366
f 381/502/445 380/501/444 180/404/366 219/403/365
f 382/503/446 381/502/445 219/403/365 204/418/377
f 383/504/447 382/503/446 204/418/377 203/417/331
f 384/506/448 383/505/447 203/351/331 202/342/322
f 385/507/449 384/506/448 202/342/322 213/341/321
f 386/508/450 385/507/449 213/341/321 212/355/333
f 387/510/451 386/509/450 212/397/333 211/384/354
f 388/511/452 387/510/451 211/384/354 192/383/353
f 389/512/453 388/511/452 192/383/353 191/395/307
f 390/514/454 389/513/453 191/323/307 190/314/298
f 391/515/455 390/514/454 190/314/298 223/313/297
f 392/516/456 391/515/455 223/313/297 174/327/309
f 367/485/431 392/516/456 174/327/309 176/329/311
f 394/361/337 393/370/344 263/235/233 258/194/192
f 395/362/338 394/361/337 258/194/192 257/517/191
f 396/366/339 395/362/338 257/517/191 260/518/194
f 397/364/340 396/363/339 260/519/194 259/520/193
f 398/367/341 397/364/340 259/520/193 262/521/232
f 399/368/342 398/367/341 262/521/232 261/522/231
f 400/369/343 399/368/342 261/522/231 264/523/234
f 393/370/344 400/369/343 264/523/234 263/235/233
f 402/307/293 401/302/290 225/189/187 230/202/200
f 403/308/294 402/307/293 230/202/200 229/524/199
f 404/312/295 403/308/294 229/524/199 232/525/202
f 405/310/296 404/309/295 232/526/202 231/527/201
f 406/305/292 405/310/296 231/527/201 228/528/190
f 407/306/291 406/305/292 228/528/190 227/529/189
f 408/301/289 407/304/291 227/530/189 226/531/188
f 401/302/290 408/301/289 226/531/188 225/189/187
f 410/378/350 409/372/346 265/197/195 270/222/220
f 411/379/351 410/378/350 270/222/220 271/532/255
f 412/382/352 411/379/351 271/532/255 272/533/256
f 413/377/349 412/380/352 272/534/256 269/535/219
f 414/375/348 413/377/349 269/535/219 268/536/198
f 415/376/347 414/375/348 268/536/198 267/537/197
f 416/371/345 415/374/347 267/538/197 266/539/196
f 409/372/346 416/371/345 266/539/196 265/197/195
f 418/334/316 417/333/315 244/218/216 243/217/215
f 419/340/320 418/334/316 243/217/215 248/540/288
f 420/339/319 419/340/320 248/540/288 247/541/287
f 421/331/313 420/339/319 247/541/287 241/542/214
f 422/332/314 421/331/313 241/542/214 242/543/213
f 423/338/318 422/332/314 242/543/213 246/544/254
f 424/335/317 423/337/318 246/545/254 245/546/253
f 417/333/315 424/335/317 245/546/253 244/218/216
f 426/408/370 425/410/372 281/239/237 284/547/240
f 427/405/367 426/408/370 284/547/240 283/548/239
f 428/406/368 427/405/367 283/548/239 282/549/238
f 429/419/378 428/406/368 282/549/238 288/550/274
f 430/420/376 429/419/378 288/550/274 287/551/273
f 431/413/374 430/416/376 287/552/273 285/553/272
f 432/414/375 431/413/374 285/553/272 286/279/271
f 425/410/372 432/414/375 286/279/271 281/239/237
f 434/350/330 433/348/328 252/250/248 253/554/275
f 435/354/332 434/350/330 253/554/275 254/555/276
f 436/343/323 435/352/332 254/556/276 251/557/247
f 437/344/324 436/343/323 251/557/247 249/558/246
f 438/356/334 437/344/324 249/558/246 255/559/281
f 439/358/336 438/360/334 255/560/281 256/561/282
f 440/347/327 439/358/336 256/561/282 250/247/245
f 433/348/328 440/347/327 250/247/245 252/250/248
f 442/401/364 441/390/360 276/230/228 280/562/280
f 443/402/363 442/401/364 280/562/280 279/563/279
f 444/385/355 443/398/363 279/564/279 275/565/227
f 445/386/356 444/385/355 275/565/227 273/566/226
f 446/396/362 445/386/356 273/566/226 278/567/260
f 447/392/361 446/394/362 278/568/260 277/569/259
f 448/389/359 447/392/361 277/569/259 274/227/225
f 441/390/360 448/389/359 274/227/225 276/230/228
f 450/322/306 449/320/304 235/213/211 237/570/261
f 451/326/308 450/322/306 237/570/261 238/571/262
f 452/315/299 451/324/308 238/572/262 233/573/210
f 453/316/300 452/315/299 233/573/210 234/574/209
f 454/328/310 453/316/300 234/574/209 239/575/285
f 455/330/312 454/328/310 239/575/285 240/576/286
f 456/319/303 455/330/312 240/576/286 236/214/212
f 449/320/304 456/319/303 236/214/212 235/213/211
s 42
f 571/577/457 458/578/458 493/579/459 570/580/460
f 582/581/461 460/582/462 462/583/463 581/584/464
f 573/585/465 496/586/466 464/587/467 572/588/468
f 572/588/468 464/587/467 458/578/458 571/577/457
f 498/589/469 497/590/470 499/591/471 500/592/472
f 505/593/473 506/594/474 507/595/475 508/596/476
f 514/597/477 513/598/478 515/599/479 516/600/480
f 579/601/481 475/602/482 467/603/483 578/604/484
f 522/605/485 521/606/486 523/607/487 524/608/488
f 584/609/489 565/610/490 468/611/491 476/612/492
f 530/613/493 529/614/494 531/615/495 532/616/496
f 576/617/497 483/618/498 471/619/499 575/620/500
f 538/621/501 537/622/502 539/623/503 540/624/504
f 568/625/505 472/626/506 484/627/507 567/628/508
f 516/600/480 515/599/479 517/629/509 518/630/510
f 580/631/511 492/632/512 475/602/482 579/601/481
f 524/608/488 523/607/487 525/633/513 526/634/514
f 583/635/515 584/609/489 476/612/492 489/636/516
f 534/637/517 533/638/518 535/639/519 536/640/520
f 578/641/484 467/642/483 479/643/521 577/644/522
f 542/645/523 541/646/524 543/647/525 544/648/526
f 566/649/527 480/650/528 468/651/491 565/652/490
f 532/616/496 531/615/495 533/638/518 534/637/517
f 577/644/522 479/643/521 483/618/498 576/617/497
f 540/624/504 539/623/503 541/646/524 542/645/523
f 567/628/508 484/627/507 480/650/528 566/649/527
f 510/653/529 509/654/530 511/655/531 512/656/532
f 575/657/500 471/658/499 487/659/533 574/660/534
f 502/661/535 501/662/536 503/663/537 504/664/538
f 569/665/539 488/666/540 472/667/506 568/668/505
f 583/635/515 489/636/516 460/582/462 582/581/461
f 518/630/510 517/629/509 519/669/541 520/670/542
f 581/584/464 462/583/463 492/632/512 580/631/511
f 526/634/514 525/633/513 527/671/543 528/672/544
f 570/580/460 493/579/459 488/666/540 569/665/539
f 508/596/476 507/595/475 509/654/530 510/653/529
f 574/660/534 487/659/533 496/586/466 573/585/465
f 500/592/472 499/591/471 501/662/536 502/661/535
f 458/578/458 464/587/467 650/673/545 651/674/546
f 464/587/467 496/586/466 649/675/547 650/673/545
f 493/579/459 458/578/458 651/674/546 652/676/548
f 487/659/533 471/658/499 647/677/549 648/678/550
f 471/679/499 472/667/506 646/680/551 647/681/549
f 472/667/506 488/666/540 645/682/552 646/680/551
f 496/586/466 487/659/533 648/678/550 649/675/547
f 488/666/540 493/579/459 652/676/548 645/682/552
f 463/683/553 457/684/554 623/685/555 624/686/556
f 457/684/554 494/687/557 622/688/558 623/685/555
f 495/689/559 463/683/553 624/686/556 625/690/560
f 485/691/561 469/692/562 628/693/563 621/694/564
f 469/692/562 470/695/565 627/696/566 628/693/563
f 470/697/565 486/698/567 626/699/568 627/700/566
f 494/687/557 485/691/561 621/694/564 622/688/558
f 486/698/567 495/689/559 625/690/560 626/699/568
f 466/701/569 465/702/570 607/703/571 608/704/572
f 465/702/570 473/705/573 606/706/574 607/703/571
f 474/707/575 466/708/569 608/709/572 609/710/576
f 473/705/573 490/711/577 605/712/578 606/706/574
f 491/713/579 474/707/575 609/710/576 610/714/580
f 490/711/577 459/715/581 612/716/582 605/712/578
f 459/715/581 461/717/583 611/718/584 612/716/582
f 461/717/583 491/713/579 610/714/580 611/718/584
f 468/611/491 467/719/483 643/720/585 644/721/586
f 467/603/483 475/602/482 642/722/587 643/723/585
f 476/612/492 468/611/491 644/721/586 637/724/588
f 475/602/482 492/632/512 641/725/589 642/722/587
f 489/636/516 476/612/492 637/724/588 638/726/590
f 492/632/512 462/583/463 640/727/591 641/725/589
f 462/583/463 460/582/462 639/728/592 640/727/591
f 460/582/462 489/636/516 638/726/590 639/728/592
f 470/729/565 469/730/562 615/731/593 616/732/594
f 469/730/562 481/733/595 614/734/596 615/731/593
f 482/735/597 470/736/565 616/737/594 617/738/598
f 477/739/599 465/740/570 620/741/600 613/742/601
f 465/740/570 466/743/569 619/744/602 620/741/600
f 466/745/569 478/746/603 618/747/604 619/748/602
f 481/733/595 477/739/599 613/742/601 614/734/596
f 478/746/603 482/735/597 617/738/598 618/747/604
f 472/626/506 471/749/499 634/750/605 635/751/606
f 471/619/499 483/618/498 633/752/607 634/753/605
f 484/627/507 472/626/506 635/751/606 636/754/608
f 479/643/521 467/642/483 631/755/609 632/756/610
f 467/757/483 468/651/491 630/758/611 631/759/609
f 468/651/491 480/650/528 629/760/612 630/758/611
f 483/618/498 479/643/521 632/756/610 633/752/607
f 480/650/528 484/627/507 636/754/608 629/760/612
f 465/702/570 598/761/613 599/762/614 473/705/573
f 477/739/599 597/763/615 598/764/613 465/740/570
f 481/733/595 596/765/616 597/763/615 477/739/599
f 469/730/562 595/766/617 596/765/616 481/733/595
f 485/691/561 594/767/618 595/768/617 469/692/562
f 494/687/557 593/769/619 594/767/618 485/691/561
f 457/684/554 592/770/620 593/769/619 494/687/557
f 463/683/553 591/771/621 592/770/620 457/684/554
f 495/689/559 590/772/622 591/771/621 463/683/553
f 486/698/567 589/773/623 590/772/622 495/689/559
f 470/697/565 588/774/624 589/773/623 486/698/567
f 482/735/597 587/775/625 588/776/624 470/736/565
f 478/746/603 586/777/626 587/775/625 482/735/597
f 466/745/569 585/778/627 586/777/626 478/746/603
f 474/707/575 604/779/628 585/780/627 466/708/569
f 491/713/579 603/781/629 604/779/628 474/707/575
f 461/717/583 602/782/630 603/781/629 491/713/579
f 459/715/581 601/783/631 602/782/630 461/717/583
f 490/711/577 600/784/632 601/783/631 459/715/581
f 473/705/573 599/762/614 600/784/632 490/711/577
f 547/785/633 566/649/527 565/652/490 546/786/634
f 548/787/635 567/628/508 566/649/527 547/785/633
f 549/788/636 568/789/505 567/628/508 548/787/635
f 550/790/637 569/665/539 568/668/505 549/791/636
f 551/792/638 570/580/460 569/665/539 550/790/637
f 552/793/639 571/577/457 570/580/460 551/792/638
f 553/794/640 572/588/468 571/577/457 552/793/639
f 554/795/641 573/585/465 572/588/468 553/794/640
f 555/796/642 574/660/534 573/585/465 554/795/641
f 556/797/643 575/657/500 574/660/534 555/796/642
f 557/798/644 576/617/497 575/620/500 556/799/643
f 558/800/645 577/644/522 576/617/497 557/798/644
f 559/801/646 578/641/484 577/644/522 558/800/645
f 560/802/647 579/601/481 578/604/484 559/803/646
f 561/804/648 580/631/511 579/601/481 560/802/647
f 562/805/649 581/584/464 580/631/511 561/804/648
f 563/806/650 582/581/461 581/584/464 562/805/649
f 564/807/651 583/635/515 582/581/461 563/806/650
f 564/807/651 545/808/652 584/609/489 583/635/515
f 546/809/634 565/610/490 584/609/489 545/808/652
f 585/778/627 559/801/646 558/800/645 586/777/626
f 587/775/625 586/777/626 558/800/645 557/798/644
f 588/776/624 587/775/625 557/798/644 556/799/643
f 589/773/623 588/774/624 556/797/643 555/796/642
f 590/772/622 589/773/623 555/796/642 554/795/641
f 591/771/621 590/772/622 554/795/641 553/794/640
f 592/770/620 591/771/621 553/794/640 552/793/639
f 593/769/619 592/770/620 552/793/639 551/792/638
f 594/767/618 593/769/619 551/792/638 550/790/637
f 595/768/617 594/767/618 550/790/637 549/791/636
f 596/765/616 595/810/617 549/788/636 548/787/635
f 597/763/615 596/765/616 548/787/635 547/785/633
f 598/764/613 597/763/615 547/785/633 546/786/634
f 599/762/614 598/761/613 546/809/634 545/808/652
f 600/784/632 599/762/614 545/808/652 564/807/651
f 601/783/631 600/784/632 564/807/651 563/806/650
f 602/782/630 601/783/631 563/806/650 562/805/649
f 603/781/629 602/782/630 562/805/649 561/804/648
f 604/779/628 603/781/629 561/804/648 560/802/647
f 585/780/627 604/779/628 560/802/647 559/803/646
f 606/706/574 605/712/578 517/629/509 515/599/479
f 607/703/571 606/706/574 515/599/479 513/811/478
f 608/704/572 607/703/571 513/811/478 514/812/477
f 609/710/576 608/709/572 514/813/477 516/814/480
f 610/714/580 609/710/576 516/814/480 518/815/510
f 611/718/584 610/714/580 518/815/510 520/816/542
f 612/716/582 611/718/584 520/816/542 519/817/541
f 605/712/578 612/716/582 519/817/541 517/629/509
f 614/734/596 613/742/601 533/638/518 531/615/495
f 615/731/593 614/734/596 531/615/495 529/818/494
f 616/732/594 615/731/593 529/818/494 530/819/493
f 617/738/598 616/737/594 530/820/493 532/821/496
f 618/747/604 617/738/598 532/821/496 534/822/517
f 619/748/602 618/747/604 534/822/517 536/823/520
f 620/741/600 619/744/602 536/824/520 535/825/519
f 613/742/601 620/741/600 535/825/519 533/638/518
f 622/688/558 621/694/564 509/654/530 507/595/475
f 623/685/555 622/688/558 507/595/475 506/826/474
f 624/686/556 623/685/555 506/826/474 505/827/473
f 625/690/560 624/686/556 505/827/473 508/828/476
f 626/699/568 625/690/560 508/828/476 510/829/529
f 627/700/566 626/699/568 510/829/529 512/830/532
f 628/693/563 627/696/566 512/831/532 511/832/531
f 621/694/564 628/693/563 511/832/531 509/654/530
f 630/758/611 629/760/612 542/645/523 544/833/526
f 631/759/609 630/758/611 544/833/526 543/834/525
f 632/756/610 631/755/609 543/835/525 541/836/524
f 633/752/607 632/756/610 541/836/524 539/837/503
f 634/753/605 633/752/607 539/837/503 537/838/502
f 635/751/606 634/750/605 537/839/502 538/840/501
f 636/754/608 635/751/606 538/840/501 540/624/504
f 629/760/612 636/754/608 540/624/504 542/645/523
f 638/726/590 637/724/588 524/608/488 526/634/514
f 639/728/592 638/726/590 526/634/514 528/841/544
f 640/727/591 639/728/592 528/841/544 527/842/543
f 641/725/589 640/727/591 527/842/543 525/843/513
f 642/722/587 641/725/589 525/843/513 523/844/487
f 643/723/585 642/722/587 523/844/487 521/845/486
f 644/721/586 643/720/585 521/846/486 522/847/485
f 637/724/588 644/721/586 522/847/485 524/608/488
f 646/680/551 645/682/552 502/661/535 504/848/538
f 647/681/549 646/680/551 504/848/538 503/849/537
f 648/678/550 647/677/549 503/850/537 501/851/536
f 649/675/547 648/678/550 501/851/536 499/852/471
f 650/673/545 649/675/547 499/852/471 497/853/470
f 651/674/546 650/673/545 497/853/470 498/854/469
f 652/676/548 651/674/546 498/854/469 500/592/472
f 645/682/552 652/676/548 500/592/472 502/661/535
s 60
f 767/855/653 654/856/654 689/857/655 766/858/656
f 778/859/657 656/860/658 658/861/659 777/862/660
f 769/863/661 692/864/662 660/865/663 768/866/664
f 768/866/664 660/865/663 654/856/654 767/855/653
f 694/867/665 693/868/666 695/869/667 696/870/668
f 701/871/669 702/872/670 703/873/671 704/874/672
f 710/875/673 709/876/674 711/877/675 712/878/676
f 775/879/677 671/880/678 663/881/679 774/882/680
f 718/883/681 717/884/682 719/885/683 720/886/684
f 780/887/685 761/888/686 664/889/687 672/890/688
f 726/891/689 725/892/690 727/893/691 728/894/692
f 772/895/693 679/896/694 667/897/695 771/898/696
f 734/899/697 733/900/698 735/901/699 736/902/700
f 764/903/701 668/904/702 680/905/703 763/906/704
f 712/878/676 711/877/675 713/907/705 714/908/706
f 776/909/707 688/910/708 671/880/678 775/879/677
f 720/886/684 719/885/683 721/911/709 722/912/710
f 779/913/711 780/887/685 672/890/688 685/914/712
f 730/915/713 729/916/714 731/917/715 732/918/716
f 774/919/680 663/920/679 675/921/717 773/922/718
f 738/923/719 737/924/720 739/925/721 740/926/722
f 762/927/723 676/928/724 664/929/687 761/930/686
f 728/894/692 727/893/691 729/916/714 730/915/713
f 773/922/718 675/921/717 679/896/694 772/895/693
f 736/902/700 735/901/699 737/924/720 738/923/719
f 763/906/704 680/905/703 676/928/724 762/927/723
f 706/931/725 705/932/726 707/933/727 708/934/728
f 771/935/696 667/936/695 683/937/729 770/938/730
f 698/939/731 697/940/732 699/941/733 700/942/734
f 765/943/735 684/944/736 668/945/702 764/946/701
f 779/913/711 685/914/712 656/860/658 778/859/657
f 714/908/706 713/907/705 715/947/737 716/948/738
f 777/862/660 658/861/659 688/910/708 776/909/707
f 722/912/710 721/911/709 723/949/739 724/950/740
f 766/858/656 689/857/655 684/944/736 765/943/735
f 704/874/672 703/873/671 705/932/726 706/931/725
f 770/938/730 683/937/729 692/864/662 769/863/661
f 696/870/668 695/869/667 697/940/732 698/939/731
f 654/856/654 660/865/663 819/951/741 820/952/742
f 660/865/663 692/864/662 818/953/743 819/951/741
f 689/857/655 654/856/654 820/952/742 821/954/744
f 683/937/729 667/936/695 824/955/745 817/956/746
f 667/936/695 668/957/702 823/958/747 824/955/745
f 668/945/702 684/944/736 822/959/748 823/960/747
f 692/864/662 683/937/729 817/956/746 818/953/743
f 684/944/736 689/857/655 821/954/744 822/959/748
f 659/961/749 653/962/750 846/963/751 847/964/752
f 653/962/750 690/965/753 845/966/754 846/963/751
f 691/967/755 659/961/749 847/964/752 848/968/756
f 681/969/757 665/970/758 843/971/759 844/972/760
f 665/973/758 666/974/761 842/975/762 843/976/759
f 666/974/761 682/977/763 841/978/764 842/975/762
f 690/965/753 681/969/757 844/972/760 845/966/754
f 682/977/763 691/967/755 848/968/756 841/978/764
f 662/979/765 661/980/766 838/981/767 839/982/768
f 661/983/766 669/984/769 837/985/770 838/986/767
f 670/987/771 662/979/765 839/982/768 840/988/772
f 669/984/769 686/989/773 836/990/774 837/985/770
f 687/991/775 670/987/771 840/988/772 833/992/776
f 686/989/773 655/993/777 835/994/778 836/990/774
f 655/993/777 657/995/779 834/996/780 835/994/778
f 657/995/779 687/991/775 833/992/776 834/996/780
f 664/997/687 663/881/679 803/998/781 804/999/782
f 663/881/679 671/880/678 802/1000/783 803/998/781
f 672/890/688 664/889/687 804/1001/782 805/1002/784
f 671/880/678 688/910/708 801/1003/785 802/1000/783
f 685/914/712 672/890/688 805/1002/784 806/1004/786
f 688/910/708 658/861/659 808/1005/787 801/1003/785
f 658/861/659 656/860/658 807/1006/788 808/1005/787
f 656/860/658 685/914/712 806/1004/786 807/1006/788
f 666/1007/761 665/1008/758 830/1009/789 831/1010/790
f 665/1011/758 677/1012/791 829/1013/792 830/1014/789
f 678/1015/793 666/1007/761 831/1010/790 832/1016/794
f 673/1017/795 661/1018/766 827/1019/796 828/1020/797
f 661/1021/766 662/1022/765 826/1023/798 827/1024/796
f 662/1022/765 674/1025/799 825/1026/800 826/1023/798
f 677/1012/791 673/1017/795 828/1020/797 829/1013/792
f 674/1025/799 678/1015/793 832/1016/794 825/1026/800
f 668/1027/702 667/897/695 811/1028/801 812/1029/802
f 667/897/695 679/896/694 810/1030/803 811/1028/801
f 680/905/703 668/904/702 812/1031/802 813/1032/804
f 675/921/717 663/920/679 816/1033/805 809/1034/806
f 663/920/679 664/1035/687 815/1036/807 816/1033/805
f 664/929/687 676/928/724 814/1037/808 815/1038/807
f 679/896/694 675/921/717 809/1034/806 810/1030/803
f 676/928/724 680/905/703 813/1032/804 814/1037/808
f 661/983/766 794/1039/809 795/1040/810 669/984/769
f 673/1017/795 793/1041/811 794/1042/809 661/1018/766
f 677/1012/791 792/1043/812 793/1041/811 673/1017/795
f 665/1011/758 791/1044/813 792/1043/812 677/1012/791
f 681/969/757 790/1045/814 791/1046/813 665/970/758
f 690/965/753 789/1047/815 790/1045/814 681/969/757
f 653/962/750 788/1048/816 789/1047/815 690/965/753
f 659/961/749 787/1049/817 788/1048/816 653/962/750
f 691/967/755 786/1050/818 787/1049/817 659/961/749
f 682/977/763 785/1051/819 786/1050/818 691/967/755
f 666/974/761 784/1052/820 785/1051/819 682/977/763
f 678/1015/793 783/1053/821 784/1054/820 666/1007/761
f 674/1025/799 782/1055/822 783/1053/821 678/1015/793
f 662/1022/765 781/1056/823 782/1055/822 674/1025/799
f 670/987/771 800/1057/824 781/1058/823 662/979/765
f 687/991/775 799/1059/825 800/1057/824 670/987/771
f 657/995/779 798/1060/826 799/1059/825 687/991/775
f 655/993/777 797/1061/827 798/1060/826 657/995/779
f 686/989/773 796/1062/828 797/1061/827 655/993/777
f 669/984/769 795/1040/810 796/1062/828 686/989/773
f 743/1063/829 762/927/723 761/930/686 742/1064/830
f 744/1065/831 763/906/704 762/927/723 743/1063/829
f 745/1066/832 764/903/701 763/906/704 744/1065/831
f 746/1067/833 765/943/735 764/946/701 745/1068/832
f 747/1069/834 766/858/656 765/943/735 746/1067/833
f 748/1070/835 767/855/653 766/858/656 747/1069/834
f 749/1071/836 768/866/664 767/855/653 748/1070/835
f 750/1072/837 769/863/661 768/866/664 749/1071/836
f 751/1073/838 770/938/730 769/863/661 750/1072/837
f 752/1074/839 771/935/696 770/938/730 751/1073/838
f 753/1075/840 772/895/693 771/898/696 752/1076/839
f 754/1077/841 773/922/718 772/895/693 753/1075/840
f 755/1078/842 774/919/680 773/922/718 754/1077/841
f 756/1079/843 775/879/677 774/882/680 755/1080/842
f 757/1081/844 776/909/707 775/879/677 756/1079/843
f 758/1082/845 777/862/660 776/909/707 757/1081/844
f 759/1083/846 778/859/657 777/862/660 758/1082/845
f 760/1084/847 779/913/711 778/859/657 759/1083/846
f 760/1084/847 741/1085/848 780/887/685 779/913/711
f 742/1086/830 761/888/686 780/887/685 741/1085/848
f 781/1056/823 755/1078/842 754/1077/841 782/1055/822
f 783/1053/821 782/1055/822 754/1077/841 753/1075/840
f 784/1054/820 783/1053/821 753/1075/840 752/1076/839
f 785/1051/819 784/1052/820 752/1074/839 751/1073/838
f 786/1050/818 785/1051/819 751/1073/838 750/1072/837
f 787/1049/817 786/1050/818 750/1072/837 749/1071/836
f 788/1048/816 787/1049/817 749/1071/836 748/1070/835
f 789/1047/815 788/1048/816 748/1070/835 747/1069/834
f 790/1045/814 789/1047/815 747/1069/834 746/1067/833
f 791/1046/813 790/1045/814 746/1067/833 745/1068/832
f 792/1043/812 791/1044/813 745/1066/832 744/1065/831
f 793/1041/811 792/1043/812 744/1065/831 743/1063/829
f 794/1042/809 793/1041/811 743/1063/829 742/1064/830
f 795/1040/810 794/1039/809 742/1086/830 741/1085/848
f 796/1062/828 795/1040/810 741/1085/848 760/1084/847
f 797/1061/827 796/1062/828 760/1084/847 759/1083/846
f 798/1060/826 797/1061/827 759/1083/846 758/1082/845
f 799/1059/825 798/1060/826 758/1082/845 757/1081/844
f 800/1057/824 799/1059/825 757/1081/844 756/1079/843
f 781/1058/823 800/1057/824 756/1079/843 755/1080/842
f 802/1000/783 801/1003/785 721/911/709 719/885/683
f 803/998/781 802/1000/783 719/885/683 717/1087/682
f 804/999/782 803/998/781 717/1087/682 718/1088/681
f 805/1002/784 804/1001/782 718/1089/681 720/1090/684
f 806/1004/786 805/1002/784 720/1090/684 722/1091/710
f 807/1006/788 806/1004/786 722/1091/710 724/1092/740
f 808/1005/787 807/1006/788 724/1092/740 723/1093/739
f 801/1003/785 808/1005/787 723/1093/739 721/911/709
f 810/1030/803 809/1034/806 737/924/720 735/901/699
f 811/1028/801 810/1030/803 735/901/699 733/1094/698
f 812/1029/802 811/1028/801 733/1094/698 734/1095/697
f 813/1032/804 812/1031/802 734/1096/697 736/1097/700
f 814/1037/808 813/1032/804 736/1097/700 738/1098/719
f 815/1038/807 814/1037/808 738/1098/719 740/1099/722
f 816/1033/805 815/1036/807 740/1100/722 739/1101/721
f 809/1034/806 816/1033/805 739/1101/721 737/924/720
f 818/953/743 817/956/746 697/940/732 695/869/667
f 819/951/741 818/953/743 695/869/667 693/1102/666
f 820/952/742 819/951/741 693/1102/666 694/1103/665
f 821/954/744 820/952/742 694/1103/665 696/1104/668
f 822/959/748 821/954/744 696/1104/668 698/1105/731
f 823/960/747 822/959/748 698/1105/731 700/1106/734
f 824/955/745 823/958/747 700/1107/734 699/1108/733
f 817/956/746 824/955/745 699/1108/733 697/940/732
f 826/1023/798 825/1026/800 730/915/713 732/1109/716
f 827/1024/796 826/1023/798 732/1109/716 731/1110/715
f 828/1020/797 827/1019/796 731/1111/715 729/1112/714
f 829/1013/792 828/1020/797 729/1112/714 727/1113/691
f 830/1014/789 829/1013/792 727/1113/691 725/1114/690
f 831/1010/790 830/1009/789 725/1115/690 726/1116/689
f 832/1016/794 831/1010/790 726/1116/689 728/894/692
f 825/1026/800 832/1016/794 728/894/692 730/915/713
f 834/996/780 833/992/776 714/908/706 716/1117/738
f 835/994/778 834/996/780 716/1117/738 715/1118/737
f 836/990/774 835/994/778 715/1118/737 713/1119/705
f 837/985/770 836/990/774 713/1119/705 711/1120/675
f 838/986/767 837/985/770 711/1120/675 709/1121/674
f 839/982/768 838/981/767 709/1122/674 710/1123/673
f 840/988/772 839/982/768 710/1123/673 712/878/676
f 833/992/776 840/988/772 712/878/676 714/908/706
f 842/975/762 841/978/764 706/931/725 708/1124/728
f 843/976/759 842/975/762 708/1124/728 707/1125/727
f 844/972/760 843/971/759 707/1126/727 705/1127/726
f 845/966/754 844/972/760 705/1127/726 703/1128/671
f 846/963/751 845/966/754 703/1128/671 702/1129/670
f 847/964/752 846/963/751 702/1129/670 701/1130/669
f 848/968/756 847/964/752 701/1130/669 704/874/672
f 841/978/764 848/968/756 704/874/672 706/931/725
