# This file uses centimeters as units for non-parametric coordinates.

g default
v 1.230562 -0.669715 -1.903339
v -1.576704 -0.394682 -2.046778
v -1.924618 0.367315 0.458830
v 1.674893 0.336618 0.620614
v -1.606085 0.186702 1.312949
v 0.838328 0.265350 1.453666
v -0.867039 0.107678 1.615141
v -0.779372 0.263712 0.473978
v -0.758862 -0.866496 -2.101372
v -0.030265 0.114672 1.670875
v 0.461622 0.264238 0.540028
v 0.221315 -0.898422 -2.039086
v 1.591109 -0.255949 -1.678799
v 0.470296 -0.411710 -1.783203
v -0.728209 -0.313226 -1.881637
v -1.907870 0.019758 -1.828454
v 1.964554 0.356733 -0.720175
v 0.692561 0.333097 -0.742550
v -0.710076 0.343152 -0.752888
v -2.012542 0.457994 -0.785825
v -1.995869 0.380797 -0.140143
v -0.751932 0.319616 -0.116130
v 0.606936 0.319389 -0.082477
v 1.891060 0.360476 -0.059244
v -1.877100 0.272655 -1.432538
v -0.678419 0.175205 -1.432934
v 0.715737 0.060778 -1.412133
v 1.945650 0.113175 -1.292244
v -1.847518 0.286699 0.973585
v -0.824621 0.166477 1.044416
v 0.226931 0.174521 1.090525
v 1.261713 0.379773 1.130465
v 0.397820 0.169455 1.639449
v 0.781459 0.195395 1.068599
v 1.144497 0.262942 0.600841
v 1.316634 0.318853 -0.066705
v 1.394474 0.325954 -0.725378
v 1.373053 0.052076 -1.345101
v 1.073119 -0.346932 -1.687318
v 0.792017 -0.864913 -1.999496
v -1.207737 -0.684495 -2.122965
v -1.303188 -0.154018 -1.851574
v -1.285018 0.214909 -1.436396
v -1.344113 0.347609 -0.748363
v -1.379898 0.317612 -0.100244
v -1.369001 0.261754 0.459130
v -1.319153 0.170869 0.990842
v -1.261912 0.127186 1.505596
v -0.255972 -0.900208 -2.064039
v -0.112984 -0.363452 -1.831826
v -0.011329 0.128237 -1.421418
v -0.029115 0.337875 -0.755987
v -0.081563 0.319968 -0.106024
v -0.180144 0.264725 0.500369
v -0.303355 0.168557 1.074207
v -0.437630 0.103647 1.650527
v 1.742031 0.532457 -1.701130
v 1.983655 0.848917 -1.420965
v -1.991231 0.503012 -1.718853
v -1.984289 0.885313 -1.447246
v -1.818032 0.225775 -2.086808
v 1.384465 0.073817 -2.045688
v -1.451873 -0.317681 -2.200807
v 1.128443 -0.338982 -2.169434
v 0.782246 -0.661462 -2.225239
v 0.226761 -0.778339 -2.202551
v -0.243563 -0.780215 -2.215136
v -0.746599 -0.786471 -2.211225
v -1.178336 -0.588198 -2.186458
v 0.973895 0.290748 -2.263697
v -1.234452 -0.023220 -2.265566
v 0.349646 0.347606 -2.110622
v -0.099338 0.029708 -2.159243
v -0.685396 0.271190 -2.092526
v -0.019911 0.656542 -1.936933
v 0.100900 1.066891 -1.515563
v -0.575448 1.114491 -1.448812
v -0.623238 0.699466 -1.910874
v -1.275195 1.121353 -1.460096
v -1.226300 0.609230 -1.932520
v 0.598613 0.679983 -1.855560
v 0.773938 1.218870 -1.464176
v 1.172849 0.623529 -1.900718
v 1.543417 0.927740 -1.487760
v 0.767538 1.435953 -1.422235
v 1.538105 1.282350 -1.482922
v 2.064800 1.194444 -1.383415
v 0.110627 1.335085 -1.542853
v -0.549459 1.349729 -1.270683
v -1.255293 1.376817 -1.214813
v -1.952762 1.329542 -1.310840
v -2.018178 1.655870 -0.751727
v -2.054413 1.788304 -0.203805
v -2.143305 1.266478 0.505807
v -1.987796 0.888932 1.025951
v -1.743079 0.661628 1.490540
v -1.377614 0.654000 1.668046
v -0.911434 0.621192 1.767758
v -0.076293 0.646356 1.925365
v -0.495481 0.641141 1.806811
v 0.404272 0.694003 1.881979
v 0.899582 0.730337 1.596627
v 1.356038 0.964621 1.317555
v 1.754084 0.995665 0.720549
v 2.128681 1.013942 0.031000
v 2.211574 1.163058 -0.698171
v -1.216880 1.815716 -0.782577
v -0.525905 1.785971 -0.802514
v 0.184949 1.786960 -0.924876
v 0.858736 1.775357 -0.973947
v 1.632986 1.599154 -0.870696
v 1.627431 1.650159 -0.081863
v 0.914315 2.042235 -0.144149
v -1.198066 2.236462 -0.294104
v -0.522942 2.219153 -0.248574
v 0.156205 2.211506 -0.235284
v -0.148554 2.099948 0.794400
v 0.494625 1.993042 0.826838
v -0.366021 1.446840 1.367650
v 0.215101 1.436847 1.417859
v -0.856522 1.476433 1.341893
v -1.577064 1.402289 1.265094
v -0.853214 2.129598 0.759897
v -1.706483 1.837268 0.708958
v 1.147607 1.630284 0.889081
v 0.696459 1.374563 1.429331
v 1.485347 -0.373098 -1.744883
v 0.990609 -0.502108 -1.761416
v 0.396598 -0.556948 -1.841171
v -0.154963 -0.520140 -1.892794
v -0.737003 -0.472799 -1.945533
v -1.274650 -0.302384 -1.939472
v -1.812397 -0.100042 -1.891354
v -1.753257 0.073177 -2.176763
v -1.213478 -0.190403 -2.261341
v -0.721501 -0.018223 -2.054063
v -0.134891 -0.196570 -2.089387
v 0.312741 0.025551 -2.096963
v 0.925452 0.029912 -2.206134
v 1.315528 -0.045882 -2.088308
v 1.361829 -0.524645 -1.821415
v 0.888761 -0.697958 -1.830923
v 0.305284 -0.738509 -1.902437
v -0.208153 -0.716152 -1.949221
v -0.750618 -0.674008 -1.999703
v -1.243435 -0.497962 -2.013112
v -1.694340 -0.244570 -1.971093
v -1.618548 -0.132197 -2.219069
v -1.196620 -0.387411 -2.215879
v -0.743170 -0.415246 -2.094886
v -0.187914 -0.492588 -2.137897
v 0.271812 -0.380884 -2.128683
v 0.861382 -0.322517 -2.173148
v 1.225587 -0.192042 -2.134662
v 1.710197 -0.114059 -1.545602
v 1.181747 -0.191680 -1.583735
v 0.561080 -0.226374 -1.678627
v -0.073063 -0.166743 -1.716674
v -0.706572 -0.114372 -1.754256
v -1.294811 -0.004409 -1.720922
v -1.896678 0.110290 -1.687832
v -1.887151 0.331367 -1.965088
v -1.231230 0.204570 -2.151007
v -0.666892 0.433813 -2.045896
v -0.047576 0.261136 -2.195672
v 0.435132 0.498724 -2.060850
v 1.050073 0.446786 -2.165638
v 1.525937 0.235501 -1.938459
v -1.885756 0.193082 -1.562843
v -1.289273 0.113112 -1.586412
v -0.691188 0.041746 -1.606588
v -0.041081 -0.009235 -1.581208
v 0.639085 -0.075381 -1.556317
v 1.277410 -0.064332 -1.472404
v 1.823973 0.006776 -1.423446
v 1.643824 0.382963 -1.830996
v 1.111010 0.534622 -2.034244
v 0.516834 0.597493 -1.966916
v -0.034611 0.475963 -2.091244
v -0.645487 0.566842 -1.981573
v -1.227114 0.390758 -2.017960
v -1.946462 0.420259 -1.849151
v -1.978020 0.762281 -1.528363
v -1.259905 0.965680 -1.613837
v -0.591373 0.989021 -1.599878
v 0.066116 0.949637 -1.655576
v 0.708427 1.021888 -1.493826
v 1.426023 0.794258 -1.590886
v 1.901726 0.746830 -1.500206
v 1.954200 0.301675 -0.906791
v 1.389481 0.291942 -0.935785
v 0.701963 0.306163 -0.966777
v -0.022605 0.321813 -0.971917
v -0.699350 0.333437 -0.970477
v -1.325100 0.342081 -0.966774
v -1.968443 0.388347 -0.973879
v -1.982977 0.622004 -1.630111
v -1.243634 0.808863 -1.816494
v -0.608625 0.827572 -1.763041
v 0.019864 0.794802 -1.810960
v 0.643328 0.803781 -1.663534
v 1.289983 0.707176 -1.760527
v 1.814290 0.630293 -1.606264
v 1.949610 0.200103 -1.114273
v 1.382117 0.185166 -1.169307
v 0.711425 0.201980 -1.223757
v -0.014869 0.247558 -1.227767
v -0.686886 0.279851 -1.229325
v -1.302492 0.303731 -1.228013
v -1.910668 0.346339 -1.220058
v 2.053221 0.681186 -1.177128
v 2.042283 0.598638 -1.338010
v 1.945994 0.486424 -1.509809
v 1.863463 0.389297 -1.609269
v 1.744126 0.252352 -1.731079
v 1.621345 0.112131 -1.838913
v 1.481537 -0.041982 -1.950286
v 1.404238 -0.162032 -2.004681
v 1.302009 -0.312576 -2.065690
v 1.191654 -0.463927 -2.118847
v 0.792608 -0.752379 -2.178746
v 0.225120 -0.837608 -2.170077
v -0.244406 -0.836238 -2.195452
v -0.752949 -0.823176 -2.193787
v -1.190443 -0.623458 -2.173665
v -1.503911 -0.351825 -2.164072
v -1.662083 -0.184852 -2.160015
v -1.813321 0.002567 -2.115626
v -1.896856 0.162726 -2.036316
v -1.959688 0.273101 -1.915027
v -2.006341 0.351896 -1.768523
v -1.988599 0.423449 -1.610614
v -1.969329 0.527120 -1.490278
v -1.989688 0.632783 -1.343055
v -2.038252 0.725456 -1.228327
v -2.001457 1.453839 -1.132742
v -1.242279 1.525446 -1.068641
v -0.547912 1.510169 -1.127434
v 0.125484 1.533481 -1.379322
v 0.803471 1.583325 -1.295482
v 1.579142 1.434223 -1.297849
v 2.178290 1.200530 -1.167156
v 1.940264 0.264486 -1.501284
v 2.025895 0.353542 -1.376520
v 2.062458 0.478110 -1.144773
v 2.039144 0.541684 -0.976191
v 2.210206 1.188593 -0.964423
v 1.605958 1.515887 -1.116093
v 0.828244 1.672035 -1.158313
v 0.150743 1.650842 -1.183787
v -0.542822 1.643026 -0.997088
v -1.231122 1.652484 -0.944489
v -2.009351 1.542155 -0.966820
v -2.065125 0.597820 -1.021966
v -2.018561 0.521746 -1.201525
v -1.951149 0.446991 -1.372842
v -1.953478 0.355309 -1.529418
v -1.996498 0.276655 -1.669183
v -1.992415 0.193677 -1.830532
v -1.933060 0.093147 -1.957255
v -1.846856 -0.056238 -2.039723
v -1.699552 -0.228211 -2.107126
v -1.543415 -0.378344 -2.127344
v -1.200687 -0.653289 -2.157580
v -0.758795 -0.853752 -2.164495
v -0.248287 -0.886354 -2.153381
v 0.224400 -0.879422 -2.121833
v 0.797541 -0.816643 -2.111344
v 1.229068 -0.564813 -2.043400
v 1.355815 -0.417446 -1.983032
v 1.468350 -0.261921 -1.917915
v 1.554794 -0.141227 -1.855284
v 1.694245 0.004380 -1.741071
v 1.820506 0.136585 -1.629822
v 1.942463 0.361029 -0.535442
v 1.372753 0.332938 -0.541155
v 0.668643 0.336507 -0.557869
v -0.043771 0.339149 -0.574077
v -0.721761 0.342052 -0.574651
v -1.354099 0.344576 -0.566859
v -2.020105 0.451275 -0.587807
v -2.043835 1.699711 -0.602469
v -1.210549 1.942919 -0.655302
v -0.525139 1.908587 -0.648808
v 0.176081 1.914214 -0.737795
v 0.881518 1.884137 -0.757836
v 1.653510 1.651766 -0.660214
v 2.197782 1.120192 -0.476624
v -2.014794 0.399621 -0.366182
v -1.366708 0.333948 -0.338561
v -0.736511 0.333701 -0.350320
v -0.062248 0.332912 -0.345058
v 0.638472 0.331660 -0.325283
v 1.345318 0.329814 -0.309045
v 1.917102 0.361235 -0.302627
v 2.186305 1.071942 -0.196261
v 1.650692 1.667452 -0.375912
v 0.908348 1.989560 -0.465290
v 0.165653 2.074871 -0.502168
v -0.523716 2.072872 -0.463712
v -1.203675 2.098244 -0.488761
v -2.062718 1.749619 -0.409203
v -1.954810 0.372203 0.186522
v -1.374501 0.293058 0.177760
v -0.765571 0.295482 0.177147
v -0.130518 0.296175 0.195340
v 0.534784 0.296058 0.226917
v 1.231169 0.295229 0.265036
v 1.796604 0.322409 0.280356
v 1.914280 0.993050 0.395938
v 1.427738 1.691879 0.421582
v 0.737205 2.092474 0.356761
v 0.088605 2.255989 0.346123
v -0.687895 2.312440 0.274428
v -1.535160 2.209040 0.265330
v -2.139214 1.581173 0.164419
v -1.940186 0.375432 0.323259
v -1.371772 0.278483 0.317619
v -0.772432 0.280782 0.324690
v -0.155171 0.281644 0.346956
v 0.498439 0.281263 0.382540
v 1.188116 0.279921 0.431899
v 1.743973 0.318373 0.452443
v 1.836612 0.994739 0.558068
v 1.290463 1.663645 0.655342
v 0.622981 2.062636 0.597441
v -0.026998 2.197159 0.576419
v -0.770704 2.243188 0.523663
v -1.634830 2.041645 0.494439
v -2.174201 1.438655 0.342972
v 1.847645 0.341467 0.099323
v 1.276734 0.308931 0.088238
v 0.573252 0.309538 0.062031
v -0.104419 0.309770 0.034731
v -0.758302 0.309217 0.020851
v -1.377381 0.306923 0.029604
v -1.971150 0.367864 0.037785
v -2.099710 1.695290 -0.031063
v -1.372346 2.306570 -0.041973
v -0.598263 2.301755 -0.010772
v 0.127684 2.270623 0.031678
v 0.839943 2.081961 0.090364
v 1.544226 1.683752 0.154715
v 2.006802 0.994056 0.228007
v 1.468928 0.356339 0.878421
v 0.961924 0.232637 0.836389
v 0.343589 0.226503 0.817829
v -0.242156 0.224912 0.790104
v -0.802216 0.223379 0.762122
v -1.344001 0.223358 0.727515
v -1.887500 0.321244 0.717120
v -2.018053 1.092513 0.763925
v -1.655327 1.636492 1.004056
v -0.855343 1.804579 1.056752
v -0.259278 1.795745 1.113569
v 0.356413 1.747777 1.160162
v 0.945906 1.538515 1.196787
v 1.572661 0.983058 1.032709
v 1.573607 0.346344 0.747340
v 1.054731 0.248755 0.716725
v 0.403582 0.246870 0.676773
v -0.210643 0.246578 0.643007
v -0.790616 0.245426 0.615857
v -1.356721 0.244216 0.591264
v -1.904140 0.345483 0.588489
v -2.076791 1.182388 0.630783
v -1.682413 1.739740 0.855049
v -0.856020 1.981056 0.919216
v -0.202788 1.966065 0.966753
v 0.428541 1.887607 1.004117
v 1.054908 1.593450 1.047378
v 1.667807 0.990124 0.875665
v -1.875114 0.307627 0.830492
v -1.333109 0.202812 0.843628
v -0.812091 0.201071 0.886609
v -0.269073 0.202695 0.915361
v 0.292323 0.206055 0.938017
v 0.882620 0.217718 0.938556
v 1.378028 0.366509 0.989227
v 1.485107 0.976496 1.164327
v 0.841347 1.474521 1.308606
v 0.294333 1.614043 1.276808
v -0.306222 1.643146 1.226029
v -0.855274 1.653814 1.173944
v -1.627779 1.541137 1.126768
v -1.995335 1.004883 0.880386
v -1.760535 0.227206 1.126889
v -1.294522 0.116054 1.203969
v -0.842182 0.100499 1.279042
v -0.360442 0.103254 1.312603
v 0.116795 0.112423 1.331861
v 0.620794 0.147626 1.312345
v 1.082575 0.326830 1.273796
v 1.197475 0.858142 1.483389
v 0.583573 1.108263 1.662616
v 0.084314 1.129341 1.673666
v -0.426566 1.126398 1.594727
v -0.884503 1.122726 1.564749
v -1.498269 1.093752 1.465410
v -1.936823 0.790135 1.252168
v 1.181728 0.355136 1.195972
v 0.708861 0.174610 1.178714
v 0.177188 0.147723 1.199768
v -0.329163 0.140702 1.182253
v -0.832584 0.138360 1.150811
v -1.308048 0.146983 1.087284
v -1.811187 0.257653 1.043594
v -1.976701 0.843672 1.130216
v -1.542697 1.264183 1.357885
v -0.868989 1.327615 1.459435
v -0.393400 1.303288 1.471727
v 0.156258 1.297089 1.532310
v 0.644729 1.252126 1.531799
v 1.290089 0.917602 1.398176
v -1.697525 0.202829 1.212730
v -1.282054 0.089167 1.334536
v -0.853362 0.062123 1.421253
v -0.393822 0.065282 1.454726
v 0.052592 0.076573 1.476020
v 0.527628 0.128285 1.461034
v 0.974872 0.297892 1.354998
v 1.074292 0.796440 1.550689
v 0.515969 0.935580 1.790497
v 0.006859 0.947397 1.828306
v -0.463375 0.922949 1.712770
v -0.897889 0.904738 1.667099
v -1.448362 0.905331 1.573361
v -1.866929 0.731089 1.370939
v -0.515078 -0.890888 -2.078801
v -0.487079 -0.694699 -1.974284
v -0.454171 -0.495927 -1.919531
v -0.429215 -0.337669 -1.857352
v -0.398635 -0.139521 -1.736389
v -0.375184 0.017406 -1.594669
v -0.354142 0.153153 -1.427899
v -0.360248 0.265023 -1.228897
v -0.370445 0.327970 -0.971200
v -0.379126 0.340491 -0.754391
v -0.392254 0.340643 -0.574372
v -0.408816 0.333174 -0.347770
v -0.426130 0.319774 -0.111219
v -0.440511 0.309459 0.027594
v -0.456932 0.295848 0.185991
v -0.472440 0.281135 0.335504
v -0.488144 0.264239 0.486808
v -0.508746 0.245963 0.629049
v -0.530025 0.224199 0.775733
v -0.548181 0.201843 0.900580
v -0.571280 0.167298 1.058849
v -0.587915 0.139346 1.166052
v -0.608033 0.101023 1.295112
v -0.630003 0.062759 1.437326
v -0.658711 0.102718 1.635452
v -0.709248 0.630954 1.783012
v -0.686409 0.911943 1.685979
v -0.661957 1.124670 1.579643
v -0.637863 1.315180 1.464549
v -0.618142 1.461159 1.353375
v -0.588474 1.648996 1.199751
v -0.565915 1.802352 1.087143
v -0.538836 1.978111 0.947113
v -0.510833 2.122868 0.781948
v -0.409169 2.230573 0.552934
v -0.310196 2.292314 0.310354
v -0.245261 2.290596 0.009417
v -0.192886 2.213266 -0.241165
v -0.188528 2.070347 -0.479767
v -0.183860 1.906959 -0.688583
v -0.180065 1.782802 -0.859839
v -0.207131 1.658674 -1.093210
v -0.226447 1.533062 -1.261549
v -0.236967 1.354920 -1.422200
v -0.248155 1.104130 -1.494876
v -0.273355 0.996397 -1.648419
v -0.303159 0.809917 -1.784697
v -0.330197 0.676045 -1.920688
v -0.348600 0.522692 -2.034898
v -0.371670 0.371009 -2.149928
v -0.413593 0.138616 -2.158539
v -0.430904 -0.098296 -2.052121
v -0.472009 -0.460748 -2.101251
v -0.503231 -0.791757 -2.225660
v -0.505912 -0.835938 -2.206177
v -0.512759 -0.880370 -2.167086
v -1.057799 0.109058 1.570554
v -1.057713 0.071200 1.379143
v -1.057694 0.107335 1.243102
v -1.059122 0.142419 1.120529
v -1.060246 0.168653 1.018910
v -1.060332 0.201723 0.866097
v -1.060351 0.223105 0.745588
v -1.060340 0.244723 0.604123
v -1.060305 0.262715 0.466896
v -1.057992 0.279543 0.321305
v -1.055700 0.294279 0.177434
v -1.053267 0.308120 0.025021
v -1.051131 0.318663 -0.108561
v -1.036774 0.333780 -0.344720
v -1.023043 0.343330 -0.570936
v -1.012165 0.345615 -0.750736
v -0.997486 0.338213 -0.968747
v -0.980172 0.291816 -1.228888
v -0.967349 0.195320 -1.435389
v -0.976014 0.077294 -1.598204
v -0.986554 -0.059741 -1.740905
v -1.001618 -0.234637 -1.872016
v -0.992695 -0.389858 -1.946768
v -0.985237 -0.589731 -2.007653
v -0.983624 -0.804977 -2.111614
v -0.973212 -0.766267 -2.176604
v -0.963466 -0.731587 -2.193496
v -0.952804 -0.692633 -2.202945
v -0.954273 -0.398422 -2.165173
v -0.953123 -0.100798 -2.157206
v -0.955907 0.123645 -2.147990
v -0.936041 0.310927 -2.067708
v -0.922165 0.480132 -1.991833
v -0.910858 0.659436 -1.927923
v -0.910729 0.824749 -1.793496
v -0.910166 0.970872 -1.600735
v -0.909165 1.112560 -1.448984
v -0.885349 1.342082 -1.224029
v -0.878536 1.490915 -1.073022
v -0.869908 1.619272 -0.943819
v -0.854830 1.783701 -0.776867
v -0.852412 1.916344 -0.643252
v -0.847976 2.080946 -0.471983
v -0.844543 2.228283 -0.270756
v -0.966665 2.315286 -0.027303
v -1.093557 2.304114 0.278470
v -1.192240 2.204205 0.534145
v -1.273557 2.044565 0.783474
v -1.257943 1.895993 0.924762
v -1.239355 1.747534 1.055366
v -1.225402 1.630368 1.178424
v -1.203269 1.472795 1.341868
v -1.195154 1.318915 1.452110
v -1.180308 1.114946 1.535828
v -1.160755 0.906598 1.625644
v -1.137752 0.638773 1.741027
v -0.263307 0.107544 1.660073
v -0.202746 0.069389 1.463701
v -0.156195 0.106898 1.320767
v -0.112459 0.143508 1.189698
v -0.076416 0.171290 1.081234
v -0.028817 0.204224 0.925074
v 0.008522 0.225541 0.801961
v 0.052223 0.246562 0.657439
v 0.094509 0.264322 0.517319
v 0.124549 0.281546 0.362192
v 0.154206 0.296220 0.208862
v 0.185599 0.309846 0.046427
v 0.213089 0.319704 -0.095948
v 0.237635 0.332382 -0.336595
v 0.261116 0.338018 -0.567140
v 0.279737 0.336044 -0.750246
v 0.287503 0.316133 -0.969882
v 0.296014 0.228893 -1.226493
v 0.299923 0.100313 -1.418222
v 0.250126 -0.036667 -1.571506
v 0.198430 -0.191728 -1.701242
v 0.136640 -0.384098 -1.811032
v 0.081075 -0.535917 -1.870618
v 0.011530 -0.725848 -1.928710
v -0.051708 -0.902885 -2.052078
v -0.045960 -0.884583 -2.141099
v -0.043428 -0.834847 -2.180808
v -0.042375 -0.778224 -2.202416
v 0.009188 -0.446996 -2.128062
v 0.056976 -0.103379 -2.106063
v 0.095890 0.163676 -2.149749
v 0.157575 0.361172 -2.131375
v 0.201666 0.531133 -2.042769
v 0.245301 0.672640 -1.907777
v 0.288199 0.804316 -1.753137
v 0.337295 0.960717 -1.562885
v 0.388432 1.134362 -1.479055
v 0.392573 1.381425 -1.502034
v 0.416257 1.575990 -1.362108
v 0.440023 1.679099 -1.181047
v 0.472889 1.796443 -0.954926
v 0.478474 1.921092 -0.758168
v 0.486264 2.068771 -0.501582
v 0.489244 2.183765 -0.207692
v 0.441059 2.225871 0.056890
v 0.370074 2.205049 0.355191
v 0.253515 2.153601 0.591055
v 0.127630 2.062326 0.813492
v 0.067749 1.936888 0.986694
v 0.004163 1.777977 1.136798
v -0.049309 1.632387 1.249941
v -0.117287 1.442159 1.388595
v -0.157882 1.297571 1.493537
v -0.207750 1.126657 1.627307
v -0.263803 0.936483 1.766784
v -0.317067 0.643732 1.860466
v 0.499835 -0.895560 -2.017889
v 0.588962 -0.719787 -1.864325
v 0.685570 -0.530718 -1.800840
v 0.763701 -0.380275 -1.736319
v 0.863063 -0.210222 -1.631331
v 0.949646 -0.071176 -1.514111
v 1.035598 0.055667 -1.378763
v 1.037840 0.193184 -1.196858
v 1.036638 0.299751 -0.951820
v 1.034226 0.329828 -0.734205
v 1.011376 0.335039 -0.549735
v 0.982536 0.330885 -0.317374
v 0.952388 0.319234 -0.074794
v 0.915678 0.309077 0.074775
v 0.873756 0.295554 0.245463
v 0.834146 0.280596 0.406565
v 0.794022 0.262994 0.569556
v 0.720542 0.247042 0.696119
v 0.644582 0.228311 0.826676
v 0.579676 0.210230 0.938039
v 0.496886 0.182705 1.079476
v 0.436075 0.158305 1.189006
v 0.362342 0.125383 1.321405
v 0.284434 0.094304 1.467925
v 0.179471 0.128861 1.667196
v 0.159744 0.670125 1.929281
v 0.255264 0.960832 1.837792
v 0.326737 1.140297 1.691497
v 0.396565 1.290776 1.550009
v 0.450580 1.417163 1.436478
v 0.562401 1.561347 1.310342
v 0.648427 1.669602 1.200973
v 0.745717 1.775424 1.049457
v 0.829832 1.852619 0.877855
v 0.964000 1.894755 0.636094
v 1.079396 1.908377 0.391195
v 1.186364 1.895132 0.122330
v 1.265114 1.858522 -0.114201
v 1.272815 1.839587 -0.422259
v 1.264355 1.794616 -0.717780
v 1.242487 1.715946 -0.937211
v 1.210150 1.609763 -1.146209
v 1.182119 1.515561 -1.299875
v 1.142958 1.358204 -1.441456
v 1.149689 1.079455 -1.444333
v 1.053549 0.884579 -1.502217
v 0.957557 0.743731 -1.704089
v 0.878016 0.648035 -1.874595
v 0.805972 0.563168 -1.996981
v 0.734018 0.477487 -2.115182
v 0.648421 0.321217 -2.199659
v 0.616015 0.031682 -2.129532
v 0.559419 -0.355161 -2.143062
v 0.497157 -0.724447 -2.224508
v 0.502547 -0.805181 -2.187508
v 0.505428 -0.865286 -2.128082
v 1.374419 0.268474 0.608354
v 1.427391 0.281202 0.439485
v 1.474416 0.295760 0.270723
v 1.522387 0.309324 0.092139
v 1.563701 0.318900 -0.064521
v 1.591289 0.329225 -0.306588
v 1.617694 0.331234 -0.538634
v 1.639586 0.323190 -0.721840
v 1.632270 0.288567 -0.921455
v 1.625936 0.185700 -1.141907
v 1.618153 0.063718 -1.310997
v 1.511954 -0.047403 -1.437644
v 1.407889 -0.172071 -1.549890
v 1.295486 -0.323229 -1.656974
v 1.203206 -0.458944 -1.729547
v 1.091732 -0.632831 -1.800570
v 0.994830 -0.813013 -1.968107
v 0.995284 -0.730511 -2.102648
v 0.976003 -0.642599 -2.178027
v 0.932940 -0.520874 -2.219997
v 1.017835 -0.264631 -2.184039
v 1.102381 -0.007669 -2.191987
v 1.167475 0.189216 -2.208883
v 1.287680 0.378120 -2.126868
v 1.360609 0.514192 -1.992424
v 1.429941 0.621599 -1.847943
v 1.524140 0.696850 -1.712143
v 1.635119 0.791026 -1.573467
v 1.740513 0.904238 -1.501450
v 1.769197 1.262513 -1.474069
v 1.848166 1.406636 -1.262497
v 1.886103 1.426747 -1.056482
v 1.899873 1.446180 -0.799459
v 1.907245 1.448882 -0.582360
v 1.896886 1.424405 -0.295107
v 1.858301 1.390437 -0.002184
v 1.786404 1.415663 0.199878
v 1.682558 1.421595 0.435575
v 1.563016 1.403967 0.639962
v 1.437561 1.384157 0.837539
v 1.344460 1.358555 0.994077
v 1.238149 1.321698 1.150109
v 1.140343 1.282833 1.272260
v 1.006546 1.235001 1.418350
v 0.942327 1.154131 1.526701
v 0.859599 1.013128 1.628812
v 0.754390 0.875599 1.682923
v 0.616447 0.709830 1.758103
v 0.594823 0.195708 1.572439
v 0.729851 0.180714 1.423584
v 0.828068 0.189620 1.295002
v 0.925429 0.205350 1.189296
v 0.996063 0.216131 1.093231
v 1.101903 0.232541 0.959386
v 1.184952 0.245225 0.853421
v 1.280639 0.257696 0.729539
v -1.415588 -0.531799 -2.080790
v -1.489705 -0.358526 -1.992221
v -1.569123 -0.194466 -1.909189
v -1.635506 -0.073536 -1.822635
v -1.624700 0.051198 -1.696376
v -1.615834 0.152394 -1.570068
v -1.609191 0.238850 -1.430007
v -1.635347 0.317147 -1.221409
v -1.677141 0.346693 -0.969949
v -1.707225 0.350088 -0.757174
v -1.710091 0.346251 -0.571934
v -1.713446 0.334430 -0.337463
v -1.706556 0.317442 -0.092682
v -1.700448 0.307094 0.034279
v -1.691479 0.293863 0.179100
v -1.683898 0.279942 0.315239
v -1.678326 0.263692 0.452341
v -1.659631 0.246242 0.580954
v -1.644390 0.226102 0.713778
v -1.633436 0.206988 0.827616
v -1.612783 0.178044 0.970838
v -1.587641 0.159909 1.054117
v -1.554199 0.138526 1.155834
v -1.513807 0.123817 1.267144
v -1.456426 0.149423 1.409178
v -1.582394 0.657610 1.581654
v -1.700494 0.820772 1.508149
v -1.784035 0.955040 1.399490
v -1.830674 1.070137 1.278323
v -1.856086 1.156305 1.175072
v -1.887002 1.276806 1.028753
v -1.914334 1.369457 0.908040
v -1.949708 1.463751 0.762566
v -1.981011 1.548794 0.617050
v -1.949452 1.725861 0.419666
v -1.899531 1.892436 0.222358
v -1.835678 2.037958 -0.028072
v -1.736716 2.098166 -0.273723
v -1.717422 2.015407 -0.503470
v -1.680487 1.905926 -0.694258
v -1.652106 1.808735 -0.830376
v -1.644342 1.652787 -1.014218
v -1.644436 1.527911 -1.143901
v -1.625937 1.396989 -1.300392
v -1.671099 1.043445 -1.535622
v -1.664251 0.911950 -1.632062
v -1.661837 0.741552 -1.765357
v -1.653732 0.581575 -1.865866
v -1.623777 0.433178 -1.963700
v -1.592016 0.301402 -2.078468
v -1.555234 0.142713 -2.210508
v -1.517295 -0.044704 -2.269624
v -1.431796 -0.256676 -2.234687
v -1.327252 -0.439613 -2.191908
v -1.362854 -0.476001 -2.171103
v -1.391324 -0.506504 -2.147469
v 0.771618 1.335637 -1.455173
v 1.144455 1.225727 -1.462667
v 1.537965 1.111053 -1.506170
v 1.757419 1.091806 -1.507272
v 2.035379 1.025815 -1.414611
v 2.106391 0.912791 -1.076737
v 2.072337 0.840629 -0.829626
v 2.082737 0.756164 -0.522637
v 2.071862 0.704801 -0.272769
v 2.019337 0.674211 -0.046454
v 1.953330 0.654166 0.154263
v 1.892571 0.645741 0.341867
v 1.826230 0.645416 0.519276
v 1.740415 0.648923 0.686706
v 1.636006 0.653508 0.845874
v 1.502805 0.658407 1.032232
v 1.335147 0.673058 1.250642
v 1.254858 0.641769 1.316845
v 1.146991 0.604617 1.388664
v 1.026065 0.562308 1.456382
v 0.881470 0.507140 1.544957
v 0.613234 0.463451 1.686496
v 0.403481 0.443771 1.772343
v 0.173501 0.396121 1.829231
v -0.056522 0.373832 1.833047
v -0.296762 0.377502 1.794930
v -0.471471 0.377686 1.768131
v -0.688661 0.373519 1.747223
v -0.895031 0.371637 1.721931
v -1.105603 0.382596 1.681654
v -1.331576 0.395985 1.611650
v -1.532560 0.409997 1.515612
v -1.677494 0.438452 1.405835
v -1.787030 0.482091 1.296336
v -1.882053 0.530951 1.152030
v -1.934755 0.595323 0.998257
v -1.940166 0.661242 0.864085
v -1.934963 0.720904 0.736529
v -1.948545 0.779840 0.594981
v -1.991324 0.840454 0.456116
v -2.051252 0.905136 0.317501
v -2.091555 0.961908 0.157043
v -2.084714 1.010074 -0.022200
v -2.056376 1.047669 -0.207959
v -2.027626 1.064889 -0.409123
v -2.025975 1.074757 -0.637327
v -2.077209 1.087612 -0.933830
v -2.067565 1.115220 -1.190081
v -1.971092 1.121115 -1.378444
v -1.644105 1.242626 -1.434063
v -1.264388 1.257587 -1.331706
v -0.896565 1.234881 -1.331078
v -0.559460 1.235726 -1.348267
v -0.246960 1.239055 -1.469237
v 0.105518 1.206517 -1.550702
v 0.393661 1.261329 -1.510689
v -2.057835 1.369696 -0.752221
v -2.060353 1.383431 -0.600625
v -2.088693 1.391113 -0.415877
v -2.133264 1.380682 -0.229273
v -2.173323 1.326321 -0.042341
v -2.192363 1.253650 0.156278
v -2.156491 1.159645 0.343198
v -2.058978 1.063366 0.482425
v -1.985546 0.996479 0.610090
v -1.953595 0.918860 0.756837
v -1.959519 0.841373 0.870336
v -1.969627 0.753621 1.000150
v -1.960574 0.705797 1.093543
v -1.874000 0.423143 1.073481
v -1.905602 0.445830 0.979645
v -1.932619 0.483461 0.851154
v -1.945094 0.524384 0.727234
v -1.964335 0.565281 0.596752
v -1.990038 0.603692 0.460938
v -2.014310 0.637357 0.318556
v -2.033638 0.670362 0.168422
v -2.041587 0.695182 0.001738
v -2.036518 0.719206 -0.184395
v -2.024247 0.735845 -0.388551
v -2.023218 0.758527 -0.592310
v -2.043695 0.769826 -0.757287
v 1.594691 0.816385 0.982855
v 1.672563 0.818711 0.858337
v 1.762989 0.819903 0.709337
v 1.846014 0.818698 0.544793
v 1.916892 0.818880 0.371791
v 1.992560 0.825012 0.190069
v 2.093584 0.832331 -0.007503
v 2.155706 0.868136 -0.238657
v 2.163664 0.922337 -0.481912
v 2.157122 0.972496 -0.671869
v 2.037189 0.571929 -0.690306
v 2.043854 0.547032 -0.509380
v 2.030481 0.518021 -0.280590
v 1.985015 0.497375 -0.052242
v 1.933256 0.470879 0.137079
v 1.880291 0.464827 0.321103
v 1.813606 0.471617 0.497236
v 1.722221 0.481844 0.660416
v 1.620900 0.489272 0.797895
v 1.533528 0.496229 0.909854
vt 0.624859 0.578704
vt 0.945138 0.569457
vt 0.571880 0.243825
vt 0.982201 0.251213
vt 0.661784 0.145106
vt 0.942226 0.153533
vt 0.856582 0.120772
vt 0.850374 0.253068
vt 0.849186 0.615941
vt 0.761686 0.117608
vt 0.709972 0.249498
vt 0.738462 0.612004
vt 0.585758 0.524924
vt 0.712984 0.547754
vt 0.849219 0.548304
vt 0.984838 0.518930
vt 0.543262 0.395570
vt 0.687615 0.395406
vt 0.846697 0.392189
vt 0.996714 0.391255
vt 0.990708 0.318485
vt 0.849332 0.320098
vt 0.695386 0.320512
vt 0.550001 0.321341
vt 0.980800 0.466362
vt 0.844789 0.472538
vt 0.686324 0.478900
vt 0.546549 0.465160
vt 0.971502 0.192772
vt 0.853421 0.187516
vt 0.734955 0.185879
vt 0.613108 0.182515
vt 0.712668 0.122599
vt 0.672465 0.190054
vt 0.632639 0.244329
vt 0.615144 0.320648
vt 0.608076 0.395507
vt 0.611518 0.473850
vt 0.644847 0.534163
vt 0.674127 0.604772
vt 0.901723 0.600653
vt 0.915068 0.533452
vt 0.913607 0.470151
vt 0.918588 0.389644
vt 0.920332 0.316025
vt 0.917058 0.252462
vt 0.909248 0.191743
vt 0.901814 0.132153
vt 0.792205 0.615230
vt 0.779280 0.547969
vt 0.769035 0.474815
vt 0.769477 0.394665
vt 0.773388 0.321125
vt 0.782605 0.252087
vt 0.794686 0.185936
vt 0.807857 0.118329
vt 0.063841 0.278214
vt 0.110031 0.311585
vt 0.071417 0.337821
vt 0.025361 0.299533
vt 0.609041 0.140107
vt 0.566275 0.214687
vt 0.494165 0.177245
vt 0.545439 0.113363
vt 0.560990 0.939347
vt 0.569752 0.561119
vt 0.634434 0.597438
vt 0.606468 0.920831
vt 0.029368 0.218090
vt 0.003286 0.220601
vt 0.086672 0.128690
vt 0.578400 0.046236
vt 0.140041 0.100089
vt 0.137077 0.060472
vt 0.210190 0.084883
vt 0.209513 0.057760
vt 0.269081 0.083637
vt 0.269396 0.056679
vt 0.332260 0.078895
vt 0.333109 0.060371
vt 0.390769 0.091046
vt 0.392579 0.075877
vt 0.432385 0.115487
vt 0.449480 0.093713
vt 0.620372 0.644166
vt 0.679054 0.627894
vt 0.711344 0.663932
vt 0.667928 0.888386
vt 0.639906 0.865622
vt 0.695217 0.861085
vt 0.721510 0.720540
vt 0.611645 0.705059
vt 0.720309 0.768319
vt 0.640775 0.750758
vt 0.717602 0.819064
vt 0.612830 0.808380
vt 0.574776 0.740627
vt 0.567057 0.800512
vt 0.570945 0.860360
vt 0.569422 0.678819
vt 0.575810 0.621945
vt 0.525415 0.582446
vt 0.502940 0.659296
vt 0.482079 0.660438
vt 0.490522 0.585082
vt 0.524333 0.536217
vt 0.485301 0.532400
vt 0.496253 0.723624
vt 0.520551 0.725872
vt 0.478898 0.789858
vt 0.507256 0.793415
vt 0.467376 0.859155
vt 0.501783 0.862883
vt 0.514561 0.936969
vt 0.468372 0.928248
vt 0.226584 0.514267
vt 0.165437 0.487908
vt 0.182660 0.347421
vt 0.259322 0.349187
vt 0.097406 0.385837
vt 0.104122 0.441002
vt 0.320064 0.464961
vt 0.330120 0.355371
vt 0.392426 0.352394
vt 0.388990 0.425526
vt 0.441289 0.338433
vt 0.452782 0.399072
vt 0.167414 0.124660
vt 0.155113 0.194672
vt 0.103973 0.189576
vt 0.116859 0.124498
vt 0.219321 0.125174
vt 0.215748 0.193050
vt 0.268427 0.195504
vt 0.273571 0.124092
vt 0.325083 0.123534
vt 0.323288 0.198243
vt 0.380053 0.125158
vt 0.384953 0.197852
vt 0.455670 0.183263
vt 0.441720 0.122879
vt 0.160105 0.319478
vt 0.094855 0.282198
vt 0.106548 0.221635
vt 0.171909 0.241923
vt 0.250892 0.323219
vt 0.254817 0.238246
vt 0.345252 0.233339
vt 0.350162 0.322535
vt 0.444915 0.326350
vt 0.427967 0.220935
vt 0.529142 0.265341
vt 0.532828 0.309898
vt 0.397883 0.932418
vt 0.408813 0.850925
vt 0.417914 0.784762
vt 0.426469 0.716673
vt 0.428614 0.652064
vt 0.421887 0.575346
vt 0.411574 0.503073
vt 0.329407 0.494048
vt 0.343611 0.570688
vt 0.347072 0.646551
vt 0.331782 0.933753
vt 0.349804 0.841125
vt 0.352246 0.780062
vt 0.352949 0.718380
vt 0.253062 0.738518
vt 0.080349 0.759408
vt 0.079500 0.711460
vt 0.253564 0.679415
vt 0.169680 0.751264
vt 0.173617 0.693956
vt 0.171412 0.799412
vt 0.080281 0.805395
vt 0.174538 0.870675
vt 0.090742 0.856754
vt 0.252537 0.801855
vt 0.242141 0.884562
vt 0.227772 0.953764
vt 0.244757 0.610719
vt 0.247873 0.524253
vt 0.094104 0.659338
vt 0.125012 0.603761
vt 0.179648 0.567415
vt 0.178934 0.646124
vt 0.156141 0.936178
vt 0.105096 0.898941
vt 0.597506 0.539936
vt 0.555010 0.094034
vt 0.653733 0.553784
vt 0.720454 0.565828
vt 0.783035 0.567182
vt 0.849194 0.567746
vt 0.911115 0.552846
vt 0.973126 0.533307
vt 0.055000 0.259980
vt 0.015964 0.278678
vt 0.624727 0.915449
vt 0.656039 0.864232
vt 0.641559 0.812368
vt 0.663118 0.755351
vt 0.643382 0.709970
vt 0.644795 0.648421
vt 0.613966 0.122575
vt 0.648164 0.605870
vt 0.611012 0.559120
vt 0.566032 0.069892
vt 0.664264 0.577659
vt 0.729516 0.588043
vt 0.787596 0.590555
vt 0.849166 0.591329
vt 0.906273 0.576264
vt 0.959029 0.551111
vt 0.042616 0.238758
vt 0.008302 0.249763
vt 0.647600 0.904036
vt 0.675495 0.862730
vt 0.680162 0.816421
vt 0.691795 0.761540
vt 0.682641 0.715072
vt 0.678217 0.655355
vt 0.619946 0.100946
vt 0.663964 0.616935
vt 0.572926 0.503038
vt 0.528001 0.136331
vt 0.632901 0.512828
vt 0.703465 0.523386
vt 0.775626 0.522095
vt 0.847627 0.521565
vt 0.914582 0.510940
vt 0.983182 0.500214
vt 0.081294 0.289300
vt 0.040029 0.315123
vt 0.590322 0.927560
vt 0.615625 0.863382
vt 0.596080 0.805797
vt 0.619163 0.745016
vt 0.595913 0.696127
vt 0.604194 0.636464
vt 0.594132 0.166427
vt 0.612345 0.582127
vt 0.981829 0.483438
vt 0.095870 0.300477
vt 0.914119 0.490700
vt 0.846220 0.497273
vt 0.772361 0.498598
vt 0.694935 0.501320
vt 0.622268 0.493507
vt 0.560253 0.483911
vt 0.511706 0.156932
vt 0.580535 0.190333
vt 0.591471 0.570830
vt 0.590267 0.629354
vt 0.582608 0.687609
vt 0.597010 0.742751
vt 0.581615 0.803226
vt 0.593617 0.861770
vt 0.055054 0.327263
vt 0.575906 0.933692
vt 0.529221 0.937125
vt 0.090210 0.370047
vt 0.523304 0.862120
vt 0.526077 0.795752
vt 0.537125 0.730484
vt 0.522171 0.665374
vt 0.542532 0.594109
vt 0.538178 0.544626
vt 0.540866 0.249653
vt 0.545121 0.417269
vt 0.449419 0.209399
vt 0.609172 0.419667
vt 0.687191 0.420949
vt 0.769393 0.419103
vt 0.846151 0.416808
vt 0.917094 0.414459
vt 0.990274 0.413250
vt 0.161722 0.334564
vt 0.546397 0.938132
vt 0.080585 0.352401
vt 0.548403 0.861019
vt 0.548158 0.798366
vt 0.557397 0.736042
vt 0.548115 0.672880
vt 0.560879 0.608936
vt 0.555024 0.553718
vt 0.554870 0.231011
vt 0.546075 0.443049
vt 0.472912 0.191640
vt 0.610431 0.448800
vt 0.686699 0.452300
vt 0.769199 0.449163
vt 0.845444 0.446680
vt 0.915240 0.444447
vt 0.984174 0.441200
vt 0.133141 0.324086
vt 0.492867 0.252335
vt 0.510415 0.237667
vt 0.531006 0.218177
vt 0.543306 0.202226
vt 0.558825 0.179736
vt 0.572986 0.156791
vt 0.588316 0.131489
vt 0.594887 0.113499
vt 0.602844 0.090783
vt 0.610585 0.067576
vt 0.139332 0.087268
vt 0.210123 0.076402
vt 0.268972 0.076213
vt 0.332459 0.073758
vt 0.391296 0.086144
vt 0.011782 0.219846
vt 0.438140 0.108497
vt 0.018296 0.246041
vt 0.027685 0.272974
vt 0.037087 0.293710
vt 0.050668 0.308739
vt 0.067288 0.319872
vt 0.085184 0.329646
vt 0.098410 0.343000
vt 0.113932 0.357870
vt 0.126415 0.371267
vt 0.124524 0.457919
vt 0.444884 0.932010
vt 0.447339 0.856664
vt 0.458304 0.788780
vt 0.473431 0.721888
vt 0.463682 0.657207
vt 0.466935 0.581683
vt 0.503640 0.319111
vt 0.462129 0.516969
vt 0.523226 0.191610
vt 0.508473 0.207092
vt 0.483718 0.228116
vt 0.464351 0.239406
vt 0.478328 0.323170
vt 0.440563 0.509285
vt 0.447353 0.578551
vt 0.448356 0.654829
vt 0.452921 0.719794
vt 0.440652 0.787349
vt 0.430422 0.854298
vt 0.142454 0.470998
vt 0.424710 0.932275
vt 0.152724 0.360462
vt 0.132931 0.348058
vt 0.113546 0.334861
vt 0.096144 0.322074
vt 0.079590 0.312235
vt 0.062317 0.300912
vt 0.048391 0.287253
vt 0.038388 0.267815
vt 0.027015 0.243105
vt 0.018855 0.219088
vt 0.442797 0.102573
vt 0.391860 0.081748
vt 0.332800 0.068425
vt 0.269084 0.068009
vt 0.209849 0.068390
vt 0.138314 0.075651
vt 0.078178 0.094403
vt 0.587241 0.081758
vt 0.578309 0.105447
vt 0.570202 0.123927
vt 0.554361 0.148221
vt 0.539435 0.170269
vt 0.545489 0.374884
vt 0.405030 0.224775
vt 0.610066 0.374558
vt 0.689792 0.374460
vt 0.770576 0.374101
vt 0.847449 0.372032
vt 0.919108 0.369054
vt 0.996570 0.369108
vt 0.205910 0.350096
vt 0.182190 0.495639
vt 0.379862 0.934839
vt 0.392026 0.848467
vt 0.399568 0.783638
vt 0.406012 0.717313
vt 0.406132 0.650189
vt 0.400603 0.573147
vt 0.416513 0.326022
vt 0.386902 0.498468
vt 0.993755 0.343811
vt 0.232599 0.347846
vt 0.919706 0.343129
vt 0.848378 0.346640
vt 0.771955 0.348196
vt 0.692532 0.348080
vt 0.612563 0.348192
vt 0.547804 0.348741
vt 0.375793 0.228694
vt 0.380556 0.326389
vt 0.355758 0.494385
vt 0.372710 0.571396
vt 0.377264 0.647821
vt 0.380119 0.717947
vt 0.376553 0.781895
vt 0.371183 0.845040
vt 0.203697 0.505148
vt 0.356492 0.935891
vt 0.985601 0.281850
vt 0.297904 0.352504
vt 0.918724 0.284458
vt 0.849862 0.286822
vt 0.777969 0.286856
vt 0.702624 0.285247
vt 0.623840 0.282765
vt 0.559848 0.282749
vt 0.300487 0.232826
vt 0.296695 0.321314
vt 0.285042 0.508052
vt 0.293585 0.588581
vt 0.300188 0.661462
vt 0.298914 0.721552
vt 0.301383 0.790596
vt 0.294346 0.866431
vt 0.274379 0.496926
vt 0.281117 0.946910
vt 0.984102 0.266467
vt 0.313968 0.354605
vt 0.917903 0.268564
vt 0.850120 0.270057
vt 0.780272 0.269588
vt 0.706271 0.267487
vt 0.628210 0.263679
vt 0.565130 0.263218
vt 0.277723 0.234483
vt 0.273962 0.322443
vt 0.266391 0.515581
vt 0.269082 0.598952
vt 0.277023 0.670126
vt 0.276184 0.729828
vt 0.276988 0.796039
vt 0.269032 0.876434
vt 0.298119 0.483011
vt 0.254664 0.951902
vt 0.554570 0.303326
vt 0.324368 0.232916
vt 0.619211 0.302964
vt 0.698767 0.304048
vt 0.775528 0.305128
vt 0.849582 0.304564
vt 0.919584 0.301285
vt 0.987416 0.298557
vt 0.280472 0.350067
vt 0.248969 0.506595
vt 0.308261 0.941466
vt 0.324023 0.853316
vt 0.328437 0.784924
vt 0.327936 0.720025
vt 0.325110 0.653082
vt 0.320210 0.578665
vt 0.320875 0.320520
vt 0.305026 0.500918
vt 0.592853 0.213192
vt 0.213056 0.239830
vt 0.652610 0.217007
vt 0.722524 0.217534
vt 0.788683 0.218867
vt 0.851911 0.220132
vt 0.913178 0.221941
vt 0.976676 0.221895
vt 0.361431 0.353276
vt 0.354991 0.445938
vt 0.191667 0.943811
vt 0.208124 0.878517
vt 0.211918 0.800749
vt 0.210934 0.744551
vt 0.213297 0.686411
vt 0.211263 0.627099
vt 0.205224 0.322262
vt 0.212305 0.543664
vt 0.582266 0.228809
vt 0.234253 0.238948
vt 0.642444 0.230884
vt 0.716140 0.233781
vt 0.785595 0.235758
vt 0.851133 0.236877
vt 0.915162 0.237451
vt 0.979260 0.236531
vt 0.345860 0.354402
vt 0.337100 0.455632
vt 0.210019 0.949070
vt 0.225382 0.881844
vt 0.232568 0.801379
vt 0.232336 0.741369
vt 0.233711 0.682807
vt 0.228115 0.618429
vt 0.228442 0.322939
vt 0.230152 0.533327
vt 0.974999 0.209041
vt 0.375024 0.353214
vt 0.911459 0.208682
vt 0.852573 0.205812
vt 0.791322 0.204409
vt 0.727986 0.203636
vt 0.661322 0.205161
vt 0.601832 0.199788
vt 0.194955 0.240749
vt 0.185290 0.321437
vt 0.197493 0.553471
vt 0.196990 0.635064
vt 0.195906 0.689607
vt 0.192864 0.747399
vt 0.194208 0.800170
vt 0.193386 0.875353
vt 0.370205 0.437051
vt 0.175776 0.940191
vt 0.960088 0.175077
vt 0.413260 0.345405
vt 0.905600 0.167005
vt 0.854611 0.159918
vt 0.800373 0.157801
vt 0.746689 0.157421
vt 0.690106 0.161744
vt 0.633949 0.166164
vt 0.143650 0.233114
vt 0.131543 0.305305
vt 0.154582 0.580325
vt 0.143221 0.650538
vt 0.134211 0.701412
vt 0.131934 0.754420
vt 0.131760 0.801593
vt 0.138794 0.864922
vt 0.417351 0.416207
vt 0.132370 0.922932
vt 0.622481 0.175099
vt 0.159151 0.237923
vt 0.680437 0.177268
vt 0.740266 0.173039
vt 0.797255 0.173239
vt 0.853951 0.175055
vt 0.907587 0.180580
vt 0.966563 0.184657
vt 0.401808 0.349123
vt 0.401837 0.421550
vt 0.145120 0.930812
vt 0.158479 0.868300
vt 0.153570 0.800167
vt 0.152710 0.752630
vt 0.155864 0.697224
vt 0.162870 0.648084
vt 0.147052 0.313431
vt 0.168086 0.572873
vt 0.952525 0.165245
vt 0.425621 0.341929
vt 0.903773 0.151987
vt 0.855428 0.143250
vt 0.803683 0.141056
vt 0.753451 0.140451
vt 0.700065 0.144552
vt 0.646311 0.156746
vt 0.127147 0.227930
vt 0.115031 0.295392
vt 0.140858 0.590120
vt 0.121494 0.653529
vt 0.110547 0.705818
vt 0.109092 0.756755
vt 0.108972 0.803155
vt 0.117489 0.861239
vt 0.433517 0.409271
vt 0.119400 0.913089
vt 0.821449 0.616168
vt 0.302115 0.057040
vt 0.819247 0.590938
vt 0.817038 0.567450
vt 0.815227 0.548121
vt 0.812635 0.521804
vt 0.810327 0.497898
vt 0.807973 0.473629
vt 0.808390 0.447867
vt 0.808846 0.417918
vt 0.809167 0.393395
vt 0.810088 0.373046
vt 0.811236 0.347413
vt 0.812423 0.320621
vt 0.813591 0.304864
vt 0.814921 0.286867
vt 0.816172 0.269857
vt 0.817436 0.252618
vt 0.819279 0.236357
vt 0.821180 0.219537
vt 0.822804 0.205146
vt 0.824876 0.186760
vt 0.826399 0.174181
vt 0.828257 0.158893
vt 0.830294 0.142169
vt 0.832905 0.119223
vt 0.245708 0.124461
vt 0.241344 0.194203
vt 0.080059 0.783171
vt 0.108605 0.780625
vt 0.131385 0.778672
vt 0.152655 0.777109
vt 0.170113 0.776069
vt 0.192955 0.774522
vt 0.210768 0.773416
vt 0.231694 0.772170
vt 0.252234 0.771099
vt 0.276381 0.763929
vt 0.300262 0.757133
vt 0.328500 0.753442
vt 0.352955 0.750124
vt 0.378668 0.750904
vt 0.403106 0.751509
vt 0.422573 0.751790
vt 0.446962 0.754441
vt 0.466434 0.756251
vt 0.488844 0.757646
vt 0.513563 0.760729
vt 0.531169 0.764077
vt 0.552785 0.768157
vt 0.570736 0.771510
vt 0.588731 0.773768
vt 0.606498 0.776097
vt 0.627905 0.781059
vt 0.652103 0.784563
vt 0.686636 0.789845
vt 0.301679 0.081629
vt 0.720314 0.794676
vt 0.301644 0.075583
vt 0.302082 0.068152
vt 0.878349 0.125358
vt 0.194588 0.124335
vt 0.878477 0.147409
vt 0.878921 0.163315
vt 0.879509 0.177721
vt 0.880014 0.189573
vt 0.880613 0.207228
vt 0.881085 0.221045
vt 0.881627 0.237199
vt 0.882139 0.252829
vt 0.882415 0.269392
vt 0.882678 0.285740
vt 0.882945 0.303043
vt 0.883176 0.318197
vt 0.882377 0.344997
vt 0.881595 0.370633
vt 0.880951 0.390989
vt 0.879958 0.415688
vt 0.878705 0.445603
vt 0.877581 0.471386
vt 0.878569 0.494115
vt 0.879520 0.516488
vt 0.880584 0.541230
vt 0.878690 0.560642
vt 0.876374 0.584186
vt 0.875058 0.611209
vt 0.362205 0.065581
vt 0.360822 0.075049
vt 0.360387 0.080007
vt 0.360080 0.085184
vt 0.706781 0.839114
vt 0.677782 0.838225
vt 0.648400 0.836989
vt 0.625902 0.836549
vt 0.605952 0.833296
vt 0.587820 0.831043
vt 0.569274 0.829030
vt 0.548454 0.828312
vt 0.524976 0.827427
vt 0.504898 0.826599
vt 0.474090 0.822923
vt 0.453790 0.821234
vt 0.436521 0.819305
vt 0.414535 0.816178
vt 0.396944 0.814470
vt 0.374828 0.811927
vt 0.351796 0.809235
vt 0.326968 0.817580
vt 0.297961 0.826157
vt 0.272681 0.833532
vt 0.245864 0.839997
vt 0.227147 0.838990
vt 0.208970 0.837294
vt 0.193233 0.835664
vt 0.172068 0.833099
vt 0.154485 0.832458
vt 0.133864 0.831986
vt 0.112174 0.831071
vt 0.186898 0.194877
vt 0.084045 0.830031
vt 0.788104 0.117899
vt 0.295550 0.123847
vt 0.782171 0.140773
vt 0.777396 0.157642
vt 0.772868 0.173165
vt 0.769130 0.185930
vt 0.764227 0.204105
vt 0.760380 0.218327
vt 0.755879 0.234945
vt 0.751525 0.251014
vt 0.748603 0.268721
vt 0.745720 0.286196
vt 0.742670 0.304690
vt 0.739996 0.320883
vt 0.737953 0.348160
vt 0.735994 0.374261
vt 0.734437 0.394981
vt 0.734211 0.419885
vt 0.733898 0.450481
vt 0.733651 0.476526
vt 0.739241 0.499728
vt 0.744752 0.522631
vt 0.750904 0.547869
vt 0.756243 0.566597
vt 0.762731 0.589483
vt 0.769185 0.614061
vt 0.243713 0.056881
vt 0.243767 0.068286
vt 0.243766 0.076261
vt 0.243829 0.083850
vt 0.720653 0.747826
vt 0.688076 0.741625
vt 0.655029 0.735718
vt 0.629000 0.730946
vt 0.610006 0.724213
vt 0.591689 0.719128
vt 0.573134 0.714144
vt 0.554123 0.708924
vt 0.531479 0.702532
vt 0.513895 0.696856
vt 0.491088 0.696885
vt 0.469484 0.694257
vt 0.450678 0.691957
vt 0.427525 0.688942
vt 0.406411 0.688530
vt 0.379627 0.688041
vt 0.351035 0.687818
vt 0.326760 0.691562
vt 0.299210 0.696049
vt 0.276166 0.704432
vt 0.252737 0.713338
vt 0.232302 0.716355
vt 0.211277 0.719687
vt 0.193486 0.722665
vt 0.170705 0.726738
vt 0.153467 0.728926
vt 0.132386 0.731682
vt 0.109294 0.734851
vt 0.291830 0.196686
vt 0.079507 0.738860
vt 0.707053 0.609565
vt 0.174322 0.057473
vt 0.697678 0.582963
vt 0.688012 0.559833
vt 0.679897 0.540987
vt 0.669148 0.518158
vt 0.659557 0.497497
vt 0.649893 0.476470
vt 0.649562 0.450634
vt 0.649205 0.420372
vt 0.648889 0.395500
vt 0.650969 0.374548
vt 0.653587 0.348167
vt 0.656307 0.320602
vt 0.660022 0.303539
vt 0.664258 0.284055
vt 0.668259 0.265649
vt 0.672320 0.247007
vt 0.680268 0.232410
vt 0.688503 0.217332
vt 0.695553 0.204444
vt 0.704562 0.187992
vt 0.711169 0.175189
vt 0.719147 0.159599
vt 0.727455 0.142448
vt 0.737844 0.118908
vt 0.351742 0.123511
vt 0.353361 0.199395
vt 0.084895 0.685749
vt 0.115440 0.680476
vt 0.138335 0.676805
vt 0.158858 0.673116
vt 0.175670 0.670642
vt 0.195649 0.663235
vt 0.211562 0.657869
vt 0.230373 0.651762
vt 0.249003 0.646301
vt 0.273148 0.635602
vt 0.296961 0.626143
vt 0.322891 0.617072
vt 0.345703 0.609903
vt 0.375225 0.610718
vt 0.403717 0.612794
vt 0.425932 0.614890
vt 0.448371 0.617823
vt 0.465703 0.620460
vt 0.486207 0.623564
vt 0.512792 0.621776
vt 0.531974 0.631068
vt 0.554398 0.642028
vt 0.572277 0.651164
vt 0.585948 0.659121
vt 0.599589 0.666638
vt 0.616514 0.674884
vt 0.644241 0.680074
vt 0.681030 0.686133
vt 0.176399 0.093394
vt 0.717354 0.692855
vt 0.175652 0.082270
vt 0.174917 0.071730
vt 0.606670 0.244161
vt 0.601163 0.263465
vt 0.596369 0.282768
vt 0.591478 0.303158
vt 0.587252 0.321016
vt 0.584778 0.348497
vt 0.582365 0.374840
vt 0.580310 0.395686
vt 0.581623 0.418678
vt 0.582722 0.446303
vt 0.583721 0.469968
vt 0.595673 0.489177
vt 0.607259 0.508420
vt 0.619646 0.529757
vt 0.629775 0.547441
vt 0.641995 0.568786
vt 0.651271 0.597207
vt 0.110091 0.063636
vt 0.112797 0.083129
vt 0.115050 0.097508
vt 0.117611 0.114178
vt 0.697688 0.648401
vt 0.672322 0.639125
vt 0.647067 0.630375
vt 0.627922 0.625047
vt 0.607853 0.613680
vt 0.590142 0.604726
vt 0.573081 0.595978
vt 0.558039 0.585035
vt 0.540765 0.572741
vt 0.525501 0.562379
vt 0.489359 0.563293
vt 0.464137 0.555622
vt 0.443780 0.549366
vt 0.417714 0.544828
vt 0.395508 0.541474
vt 0.365805 0.538236
vt 0.334910 0.537947
vt 0.313981 0.545252
vt 0.289241 0.554376
vt 0.266724 0.563671
vt 0.245042 0.574365
vt 0.227974 0.582646
vt 0.210433 0.591979
vt 0.196075 0.600450
vt 0.178991 0.612640
vt 0.164706 0.616997
vt 0.146061 0.620859
vt 0.128537 0.626197
vt 0.415372 0.191530
vt 0.106376 0.634557
vt 0.690346 0.131180
vt 0.406456 0.123120
vt 0.676937 0.149662
vt 0.666461 0.164582
vt 0.655797 0.176872
vt 0.648068 0.187947
vt 0.636427 0.203429
vt 0.627306 0.215715
vt 0.616865 0.230098
vt 0.925992 0.584036
vt 0.424103 0.084927
vt 0.935098 0.562329
vt 0.944981 0.541911
vt 0.952988 0.525280
vt 0.952087 0.505102
vt 0.951153 0.486699
vt 0.950338 0.467989
vt 0.952920 0.442609
vt 0.956985 0.413703
vt 0.959823 0.389400
vt 0.959469 0.368318
vt 0.958880 0.341645
vt 0.957195 0.313862
vt 0.956071 0.299449
vt 0.954553 0.283002
vt 0.953195 0.267524
vt 0.952026 0.251908
vt 0.949440 0.237283
vt 0.947183 0.222137
vt 0.945444 0.209129
vt 0.942386 0.192749
vt 0.939152 0.183282
vt 0.934901 0.171778
vt 0.930000 0.159334
vt 0.924306 0.142783
vt 0.139822 0.123926
vt 0.127103 0.192234
vt 0.097683 0.880133
vt 0.117396 0.889165
vt 0.135163 0.896593
vt 0.151748 0.901873
vt 0.165136 0.905627
vt 0.184292 0.910072
vt 0.199880 0.913574
vt 0.217781 0.918053
vt 0.235361 0.921950
vt 0.262556 0.917454
vt 0.288333 0.910077
vt 0.317026 0.901395
vt 0.342251 0.892146
vt 0.365957 0.893740
vt 0.387858 0.893561
vt 0.404647 0.893043
vt 0.428446 0.895123
vt 0.446330 0.896725
vt 0.466944 0.896116
vt 0.509051 0.902478
vt 0.525461 0.902184
vt 0.547048 0.902499
vt 0.565818 0.902889
vt 0.583589 0.900819
vt 0.600889 0.898262
vt 0.621017 0.895361
vt 0.640121 0.892715
vt 0.661448 0.885762
vt 0.413463 0.104513
vt 0.680292 0.875881
vt 0.416833 0.098519
vt 0.419649 0.093228
vt 0.491964 0.659827
vt 0.498934 0.622823
vt 0.507307 0.583874
vt 0.506386 0.562563
vt 0.504882 0.533580
vt 0.531827 0.288149
vt 0.486040 0.284153
vt 0.453548 0.279910
vt 0.413558 0.277340
vt 0.381265 0.276737
vt 0.351610 0.276401
vt 0.324837 0.276277
vt 0.300026 0.277040
vt 0.276266 0.278250
vt 0.252682 0.279340
vt 0.228820 0.280099
vt 0.200080 0.280678
vt 0.165562 0.282267
vt 0.152801 0.277518
vt 0.137133 0.271156
vt 0.120595 0.263532
vt 0.449384 0.155014
vt 0.100341 0.253929
vt 0.411126 0.159506
vt 0.382865 0.163540
vt 0.352628 0.162758
vt 0.323777 0.161966
vt 0.293294 0.162084
vt 0.271044 0.161874
vt 0.243580 0.161445
vt 0.217480 0.161101
vt 0.190587 0.161741
vt 0.160921 0.161472
vt 0.133013 0.159985
vt 0.447337 0.370497
vt 0.109934 0.158928
vt 0.429789 0.377523
vt 0.409647 0.383785
vt 0.390021 0.390192
vt 0.373375 0.395964
vt 0.357697 0.401006
vt 0.340444 0.405947
vt 0.322878 0.411480
vt 0.304660 0.417935
vt 0.284525 0.422730
vt 0.262667 0.425155
vt 0.240107 0.426075
vt 0.216273 0.424571
vt 0.189743 0.421947
vt 0.154793 0.418459
vt 0.124699 0.417073
vt 0.490577 0.932248
vt 0.100190 0.414978
vt 0.486982 0.898871
vt 0.483576 0.860916
vt 0.488597 0.824676
vt 0.492116 0.791504
vt 0.500573 0.759515
vt 0.507623 0.724855
vt 0.502006 0.696684
vt 0.170984 0.454423
vt 0.188451 0.458839
vt 0.210091 0.463247
vt 0.232501 0.465775
vt 0.255503 0.463144
vt 0.279555 0.458511
vt 0.302523 0.450349
vt 0.321900 0.438940
vt 0.339017 0.431439
vt 0.357203 0.424296
vt 0.371519 0.417253
vt 0.387921 0.409187
vt 0.399382 0.404882
vt 0.401791 0.370178
vt 0.390048 0.372158
vt 0.374279 0.375065
vt 0.359102 0.378022
vt 0.343018 0.381010
vt 0.326253 0.383897
vt 0.308864 0.386243
vt 0.290672 0.388159
vt 0.270752 0.388500
vt 0.248576 0.388162
vt 0.224425 0.386605
vt 0.200317 0.385806
vt 0.180810 0.384471
vt 0.211873 0.301317
vt 0.230271 0.301372
vt 0.252127 0.301134
vt 0.275250 0.300296
vt 0.298760 0.299294
vt 0.323568 0.298814
vt 0.351381 0.298797
vt 0.381489 0.300076
vt 0.412544 0.301166
vt 0.437112 0.302486
vt 0.429730 0.249774
vt 0.406834 0.251474
vt 0.378023 0.253024
vt 0.348898 0.253898
vt 0.324244 0.252928
vt 0.300457 0.254151
vt 0.277176 0.256308
vt 0.253951 0.258066
vt 0.232608 0.258858
vt 0.214808 0.259506
vt 0.596880 0.058177
vt 0.082004 0.110617
vt 0.625516 0.078976
vt 0.075258 0.072432
vn 0.597856 -0.797162 0.084263
vn 0.669410 -0.685990 0.285145
vn 0.139914 -0.574260 0.806629
vn 0.383050 -0.910545 0.155500
vn 0.137044 -0.989152 0.052881
vn 0.084100 -0.996308 -0.017225
vn 0.416404 -0.896634 0.150519
vn 0.462477 -0.838824 0.287209
vn 0.518780 -0.481827 0.706195
vn 0.409835 -0.549467 0.728094
vn 0.357350 -0.891504 0.278427
vn 0.568911 -0.569417 0.593384
vn -0.701733 -0.584748 0.406990
vn -0.240715 -0.968479 0.064061
vn -0.437240 -0.639875 0.631966
vn -0.608212 -0.543724 0.578310
vn -0.747488 -0.663263 0.036661
vn -0.162351 -0.983807 -0.075930
vn -0.184119 -0.977849 -0.099561
vn -0.745263 -0.666479 0.019737
vn -0.430150 -0.717184 0.548286
vn -0.170173 -0.484432 0.858118
vn -0.566958 -0.699432 0.435148
vn -0.606257 -0.733181 0.308056
vn -0.022400 -0.999645 0.014450
vn 0.001470 -0.999997 0.001828
vn -0.064234 -0.714834 0.696338
vn -0.123311 -0.694724 0.708628
vn 0.005260 -0.994354 -0.105987
vn 0.005160 -0.994582 -0.103829
vn 0.006716 -0.992985 -0.118052
vn 0.006724 -0.992760 -0.119930
vn -0.108880 -0.706917 0.698866
vn -0.108227 -0.361814 0.925947
vn -0.133034 -0.363933 0.921876
vn -0.183299 -0.681905 0.708101
vn -0.145551 -0.989069 0.023604
vn -0.141572 -0.988010 -0.061597
vn -0.799474 -0.599334 -0.040499
vn -0.814301 -0.577107 0.062143
vn -0.009373 -0.999721 0.021662
vn -0.009409 -0.999447 0.031895
vn -0.004105 -0.999828 -0.018064
vn -0.004342 -0.999712 -0.023624
vn 0.455242 -0.889895 0.029020
vn 0.051927 -0.998483 0.018291
vn 0.041589 -0.991348 0.124496
vn 0.620541 -0.775706 0.114931
vn -0.606809 -0.683981 0.404910
vn -0.142715 -0.667631 0.730685
vn -0.118422 -0.745692 0.655683
vn -0.453813 -0.724286 0.519099
vn -0.104820 -0.468047 0.877465
vn -0.104664 -0.443778 0.890004
vn -0.096248 -0.583430 0.806440
vn -0.094664 -0.606746 0.789239
vn 0.617090 -0.759185 0.206974
vn 0.063432 -0.672425 0.737442
vn 0.072044 -0.579078 0.812083
vn 0.650780 -0.727177 0.218404
vn -0.176237 -0.976571 -0.123490
vn -0.723665 -0.690029 -0.013012
vn 0.008460 -0.990684 -0.135921
vn 0.008600 -0.990407 -0.137911
vn 0.465203 -0.803627 0.371173
vn 0.189339 -0.976888 0.099195
vn 0.048774 -0.998607 0.020115
vn 0.113340 -0.990620 0.076327
vn 0.147615 -0.729272 0.668111
vn 0.007632 -0.758428 0.651713
vn 0.007889 -0.993880 -0.110183
vn 0.010919 -0.992033 -0.125505
vn 0.008373 -0.991407 -0.130549
vn 0.006529 -0.993470 -0.113911
vn 0.004929 -0.994969 -0.100064
vn 0.005378 -0.995198 -0.097737
vn -0.012671 -0.997382 0.071201
vn -0.014645 -0.996076 0.087289
vn -0.005560 -0.999983 0.001972
vn -0.004263 -0.999983 -0.003948
vn -0.105758 -0.404981 0.908188
vn -0.099339 -0.422552 0.900878
vn -0.094040 -0.545600 0.832753
vn -0.101145 -0.533532 0.839710
vn 0.009893 -0.881744 0.471624
vn -0.060500 -0.498871 0.864562
vn -0.082571 -0.461335 0.883376
vn -0.037707 -0.831371 0.554437
vn -0.162538 -0.381394 0.910011
vn -0.283837 -0.663392 0.692350
vn -0.086663 -0.652990 0.752392
vn -0.097616 -0.530498 0.842047
vn -0.004074 -0.999569 -0.029084
vn -0.008094 -0.999888 0.012620
vn 0.006387 -0.992488 -0.122174
vn 0.005058 -0.994101 -0.108338
vn 0.008151 -0.990087 -0.140216
vn -0.213745 -0.689236 0.692291
vn -0.061850 -0.998038 0.009692
vn -0.087517 -0.424066 0.901393
vn -0.052729 -0.790714 0.609910
vn -0.100541 -0.542299 0.834148
vn -0.105561 -0.410705 0.905637
vn -0.003582 -0.999959 -0.008382
vn -0.010817 -0.998310 0.057106
vn 0.006341 -0.993277 -0.115589
vn 0.005048 -0.994842 -0.101315
vn 0.007925 -0.991144 -0.132554
vn -0.050656 -0.743361 0.666970
vn 0.023715 -0.999692 0.007338
vn -0.789627 0.054927 -0.611124
vn -0.877153 0.143191 -0.458366
vn -0.386165 0.576817 -0.719832
vn -0.358524 0.482626 -0.799082
vn 0.598106 -0.062686 -0.798962
vn 0.643436 0.057879 -0.763309
vn 0.696578 -0.090119 -0.711799
vn 0.678612 -0.105251 -0.726917
vn 0.393788 -0.001003 -0.919201
vn 0.498827 0.265320 -0.825092
vn -0.418799 -0.403702 -0.813408
vn -0.555237 -0.358830 -0.750302
vn -0.415414 -0.235287 -0.878676
vn -0.349622 -0.384420 -0.854392
vn 0.343383 -0.040799 -0.938309
vn 0.428739 -0.066512 -0.900977
vn 0.617253 -0.161791 -0.769949
vn 0.521250 -0.250940 -0.815676
vn 0.405739 -0.370849 -0.835372
vn 0.119427 -0.007195 -0.992817
vn -0.046721 0.094791 -0.994400
vn -0.062721 0.086315 -0.994292
vn 0.079960 -0.580324 -0.810451
vn 0.024345 -0.587806 -0.808636
vn 0.043461 -0.539308 -0.840986
vn 0.003365 0.123445 -0.992346
vn 0.046199 0.210695 -0.976460
vn -0.016851 0.239786 -0.970680
vn -0.009557 -0.539718 -0.841791
vn -0.120255 -0.509336 -0.852124
vn -0.201670 -0.359060 -0.911266
vn 0.123223 0.108296 -0.986452
vn -0.154298 -0.247393 -0.956550
vn -0.323327 -0.343056 -0.881914
vn 0.093564 0.007054 -0.995588
vn -0.139077 -0.235745 -0.961812
vn -0.055995 0.135580 -0.989183
vn -0.105093 0.119229 -0.987289
vn -0.022802 0.158639 -0.987073
vn 0.128980 0.175801 -0.975940
vn -0.027351 0.224767 -0.974029
vn 0.249040 0.063027 -0.966440
vn -0.076293 0.613877 -0.785706
vn -0.067439 0.455090 -0.887888
vn -0.080548 0.070370 -0.994264
vn -0.137053 0.384108 -0.913059
vn -0.108297 0.291062 -0.950555
vn -0.168024 -0.136552 -0.976279
vn 0.229263 0.178418 -0.956873
vn -0.003281 0.432664 -0.901549
vn 0.178528 -0.109775 -0.977792
vn 0.102879 0.298980 -0.948698
vn -0.055766 0.546064 -0.835885
vn -0.059970 0.062947 -0.996213
vn -0.076639 0.647894 -0.757866
vn -0.193629 0.105544 -0.975381
vn 0.071124 0.088015 -0.993577
vn -0.054552 0.048345 -0.997340
vn -0.022827 0.156601 -0.987398
vn 0.065565 0.086350 -0.994105
vn 0.786101 -0.033005 -0.617216
vn 0.208207 0.142969 -0.967579
vn 0.183433 0.050166 -0.981751
vn 0.736373 -0.109494 -0.667657
vn 0.104488 0.145728 -0.983792
vn 0.138599 -0.024334 -0.990050
vn -0.167404 0.570832 -0.803820
vn -0.250174 0.284243 -0.925537
vn -0.088302 0.577001 -0.811956
vn -0.081171 0.689248 -0.719964
vn 0.008770 0.708950 -0.705204
vn 0.001701 0.678109 -0.734960
vn -0.762780 0.238341 -0.601132
vn -0.651579 0.299073 -0.697137
vn -0.054200 0.532339 -0.844795
vn -0.182760 0.530003 -0.828068
vn -0.998840 -0.021029 0.043329
vn -0.991847 -0.047243 0.118353
vn -0.983821 -0.039225 -0.174806
vn -0.976765 0.081632 -0.198160
vn -0.973184 -0.140481 0.182150
vn -0.970636 -0.187957 0.150127
vn -0.983489 -0.111709 0.142378
vn -0.639567 -0.408216 0.651393
vn -0.782166 -0.389609 0.486231
vn -0.482707 -0.383537 0.787334
vn -0.142549 -0.297532 0.944010
vn -0.244952 -0.321321 0.914741
vn -0.050655 -0.415288 0.908279
vn -0.147169 -0.366191 0.918828
vn -0.091477 -0.283005 0.954746
vn 0.150910 -0.420652 0.894583
vn 0.509888 -0.327442 0.795484
vn 0.450151 -0.332782 0.828625
vn 0.551333 -0.376536 0.744481
vn 0.808286 -0.292347 0.511084
vn 0.751952 -0.321909 0.575277
vn 0.872790 -0.294088 0.389551
vn 0.972342 -0.233458 -0.006968
vn 0.946610 -0.322377 -0.001545
vn 0.960981 -0.239003 -0.139261
vn 0.986962 -0.093165 -0.131246
vn -0.463638 0.546756 -0.697207
vn -0.716603 0.553970 -0.423790
vn -0.027078 0.758564 -0.651035
vn 0.012841 0.688606 -0.725022
vn -0.238291 0.630254 -0.738917
vn -0.028352 0.688887 -0.724314
vn -0.041039 0.701154 -0.711828
vn -0.226041 0.694629 -0.682932
vn -0.245325 0.719069 -0.650197
vn -0.290611 0.549923 -0.783026
vn 0.098897 0.509604 -0.854707
vn 0.073775 0.458261 -0.885750
vn 0.020951 0.738648 -0.673766
vn 0.101033 0.743632 -0.660911
vn 0.139168 0.760416 -0.634350
vn 0.057660 0.515377 -0.855022
vn 0.268725 0.560526 -0.783325
vn 0.388157 0.839597 -0.380015
vn 0.894079 0.349404 -0.280250
vn 0.688471 0.352572 -0.633798
vn 0.607258 0.792230 -0.060078
vn 0.685264 0.727247 0.039045
vn 0.881752 0.465832 0.074256
vn 0.902307 0.431081 -0.003266
vn 0.325088 0.910045 -0.257169
vn 0.254678 0.880805 -0.399152
vn 0.116826 0.876052 -0.467850
vn 0.187995 0.900293 -0.392594
vn -0.801487 0.503815 -0.322163
vn -0.265071 0.792331 -0.549499
vn -0.157922 0.775915 -0.610751
vn -0.719571 0.572502 -0.393013
vn -0.090612 0.793463 -0.601836
vn 0.001940 0.732247 -0.681037
vn 0.037935 0.728022 -0.684504
vn -0.032357 0.761430 -0.647439
vn -0.074989 0.795486 -0.601314
vn -0.103825 0.841361 -0.530408
vn -0.007373 0.870708 -0.491745
vn 0.044892 0.870265 -0.490534
vn 0.114910 0.854070 0.507306
vn 0.052178 0.749777 0.659630
vn 0.130932 0.775866 0.617162
vn 0.218771 0.855319 0.469648
vn 0.176089 0.915764 0.361065
vn 0.302645 0.890724 0.339142
vn -0.133084 0.479416 0.867438
vn -0.215769 0.468870 0.856507
vn -0.241997 0.073133 0.967517
vn -0.133142 0.028448 0.990689
vn -0.104763 0.109177 0.988486
vn -0.098673 0.391652 0.914807
vn -0.102638 0.382139 0.918387
vn -0.120616 0.098769 0.987774
vn -0.160955 0.376144 0.912474
vn -0.203462 0.087344 0.975179
vn 0.002436 0.845516 0.533945
vn 0.032108 0.936216 0.349957
vn -0.037608 0.931592 0.361556
vn -0.078404 0.832828 0.547951
vn -0.218886 0.883217 0.414749
vn -0.281524 0.776062 0.564334
vn -0.778226 0.463478 0.423736
vn -0.747111 0.574547 0.334247
vn -0.914620 0.308402 0.261453
vn -0.922187 0.112642 0.369976
vn 0.391173 0.801381 0.452517
vn 0.449573 0.819555 0.355267
vn 0.711205 0.534429 0.456698
vn 0.688711 0.549693 0.472773
vn 0.804286 0.350148 0.480126
vn 0.828201 0.326928 0.455193
vn 0.407535 0.112344 0.906253
vn 0.468821 -0.140150 0.872104
vn 0.463054 -0.214228 0.860051
vn 0.478837 -0.140385 0.866607
vn 0.664965 0.543533 0.512244
vn 0.783230 0.357063 0.508977
vn 0.303034 0.754871 0.581670
vn 0.090925 -0.013592 0.995765
vn 0.060312 0.445079 0.893458
vn -0.443169 -0.079163 0.892936
vn -0.475124 0.265125 0.839027
vn -0.798808 -0.141241 0.584771
vn -0.643887 -0.240165 0.726450
vn -0.929667 -0.007676 0.368321
vn -0.795002 0.385786 0.468124
vn -0.238032 0.676823 0.696600
vn -0.088139 0.679688 0.728186
vn -0.033210 0.699169 0.714185
vn -0.292435 0.578560 -0.761413
vn -0.265576 0.508861 -0.818859
vn -0.676885 0.449746 -0.582714
vn -0.719717 0.407855 -0.561837
vn -0.023499 0.513871 -0.857546
vn 0.000493 0.714473 -0.699663
vn -0.013396 0.712518 -0.701526
vn -0.008377 0.623891 -0.781466
vn -0.013794 0.680264 -0.732838
vn -0.011484 0.656407 -0.754320
vn 0.070390 0.726940 -0.683084
vn 0.120965 0.727753 -0.675087
vn 0.113842 0.731584 -0.672179
vn 0.079577 0.797742 -0.597725
vn 0.079029 0.798075 -0.597353
vn 0.040553 0.835490 -0.548007
vn 0.372382 0.617490 -0.692847
vn 0.289287 0.678961 -0.674778
vn 0.563736 0.376784 -0.735007
vn 0.588851 0.338787 -0.733810
vn 0.616688 -0.762297 0.196469
vn 0.539742 -0.772814 0.333823
vn -0.004907 -0.875058 0.483993
vn 0.026408 -0.812614 0.582204
vn -0.074688 -0.757638 0.648388
vn -0.057394 -0.868020 0.493202
vn -0.058087 -0.879114 0.473059
vn -0.079075 -0.763154 0.641360
vn -0.054969 -0.897271 0.438044
vn -0.077286 -0.780179 0.620764
vn -0.065616 -0.824370 0.562235
vn -0.043370 -0.933062 0.357091
vn -0.039997 -0.945686 0.322612
vn -0.062232 -0.843287 0.533848
vn -0.035876 -0.956636 0.289067
vn -0.056899 -0.863365 0.501361
vn -0.077276 -0.899026 0.431023
vn -0.070613 -0.971683 0.225491
vn -0.440355 -0.890215 0.116642
vn -0.410998 -0.829516 0.378132
vn -0.994539 -0.002245 0.104338
vn -0.997154 -0.074611 0.010823
vn 0.822073 0.068888 -0.565200
vn 0.744713 0.030018 -0.666709
vn 0.103879 -0.489450 0.865822
vn 0.680696 -0.680614 0.270957
vn -0.107306 -0.293264 0.949990
vn -0.099922 -0.307879 0.946164
vn -0.105123 -0.291477 0.950784
vn -0.110055 -0.311109 0.943981
vn -0.108268 -0.296117 0.948996
vn -0.106068 -0.367361 0.924010
vn -0.577173 -0.690839 0.435445
vn -0.133763 -0.544342 0.828130
vn -0.426721 0.128722 -0.895176
vn -0.699609 -0.185607 -0.689998
vn -0.143073 0.035607 -0.989071
vn 0.105419 -0.042101 -0.993536
vn 0.345142 0.001766 -0.938549
vn -0.097969 -0.053332 -0.993760
vn -0.034438 -0.022361 -0.999157
vn 0.041718 -0.023389 -0.998856
vn -0.167363 -0.048286 -0.984712
vn 0.236265 -0.116582 -0.964670
vn 0.509990 -0.102189 -0.854089
vn 0.655123 -0.127548 -0.744678
vn 0.037112 -0.734661 0.677418
vn 0.594827 -0.788341 0.157160
vn -0.092381 -0.660692 0.744951
vn -0.085570 -0.658882 0.747364
vn -0.091016 -0.674644 0.732510
vn -0.079491 -0.736925 0.671284
vn -0.082412 -0.717474 0.691693
vn -0.072517 -0.763316 0.641942
vn -0.407302 -0.745833 0.527104
vn -0.089963 -0.810151 0.579277
vn -0.498440 0.547036 -0.672539
vn -0.982750 0.087860 -0.162738
vn -0.170867 0.556209 -0.813287
vn -0.071480 0.482927 -0.872739
vn -0.049586 0.413628 -0.909095
vn -0.043911 0.562849 -0.825392
vn 0.024154 0.736308 -0.676215
vn 0.033052 0.613941 -0.788659
vn 0.009486 0.805238 -0.592876
vn 0.631383 0.225875 -0.741846
vn 0.449644 0.498986 -0.740833
vn 0.721806 -0.029615 -0.691462
vn -0.252869 0.628688 -0.735398
vn -0.746054 0.353169 -0.564514
vn -0.042908 0.740612 -0.670561
vn 0.006375 0.755990 -0.654552
vn -0.016067 0.721516 -0.692211
vn 0.100826 0.451370 -0.886623
vn 0.105905 0.598151 -0.794355
vn 0.070937 0.570492 -0.818234
vn 0.631069 0.276819 -0.724654
vn 0.229602 0.569788 -0.789066
vn 0.929481 0.055931 -0.364605
vn 0.005380 -0.945747 0.324859
vn 0.538251 -0.794058 0.282414
vn -0.032978 -0.966257 0.255458
vn -0.034377 -0.959062 0.281102
vn -0.030158 -0.974084 0.224167
vn -0.021134 -0.991035 0.131920
vn -0.022934 -0.987269 0.157398
vn -0.018341 -0.993843 0.109274
vn -0.516967 -0.854277 0.054371
vn -0.090341 -0.991314 0.095578
vn -0.980971 -0.100056 -0.166387
vn 0.979592 -0.199883 0.021144
vn 0.977806 -0.201643 0.056888
vn 0.960722 -0.214527 -0.176043
vn 0.868969 -0.276411 -0.410474
vn 0.812023 -0.317898 -0.489448
vn 0.799800 -0.317033 -0.509716
vn 0.786583 -0.305032 -0.536882
vn 0.780164 -0.339805 -0.525241
vn 0.764995 -0.385293 -0.516074
vn 0.650868 -0.509869 -0.562498
vn 0.481356 -0.655081 -0.582379
vn 0.035924 -0.898323 -0.437864
vn 0.101732 -0.873201 -0.476624
vn 0.034000 -0.894802 -0.445167
vn -0.172973 -0.864911 -0.471178
vn -0.042803 -0.908075 -0.416614
vn -0.305843 -0.699312 -0.646082
vn -0.628573 -0.575583 -0.523068
vn -0.521341 -0.560386 -0.643561
vn -0.738627 -0.559838 -0.375515
vn -0.827365 -0.480754 -0.290419
vn -0.920716 -0.323676 -0.217984
vn -0.958760 -0.284214 -0.001464
vn -0.920113 -0.307018 0.243171
vn -0.924308 -0.295221 0.241868
vn -0.939753 -0.341121 -0.022383
vn -0.927699 -0.342573 -0.148387
vn -0.989210 -0.146499 -0.001532
vn -0.102707 0.764018 -0.636967
vn -0.754768 0.538405 -0.374760
vn -0.158895 0.775863 -0.610565
vn -0.028254 0.722186 -0.691122
vn -0.151230 0.837305 -0.525405
vn 0.099088 0.857813 -0.504321
vn -0.015055 0.873706 -0.486221
vn 0.206994 0.856792 -0.472293
vn 0.921692 0.381940 -0.067864
vn 0.518516 0.843950 -0.137438
vn 0.962159 -0.269262 -0.041810
vn -0.999756 0.022058 -0.000882
vn 0.065874 -0.997036 -0.039757
vn 0.058546 -0.998199 -0.013085
vn 0.405057 -0.913951 0.024972
vn 0.404530 -0.914052 0.029391
vn -0.001186 -0.999345 -0.036178
vn -0.001964 -0.999443 -0.033315
vn 0.000100 -0.998483 -0.055070
vn 0.000568 -0.998374 -0.056995
vn 0.000926 -0.998285 -0.058539
vn -0.000886 -0.999256 -0.038553
vn -0.001347 -0.998802 -0.048914
vn -0.001100 -0.998988 -0.044970
vn 0.000943 -0.998012 -0.063016
vn 0.000764 -0.997834 -0.065775
vn 0.000659 -0.997584 -0.069463
vn -0.001405 -0.998570 -0.053439
vn -0.755905 -0.651873 -0.060569
vn -0.110756 -0.990875 -0.076811
vn -0.099980 -0.992759 -0.066593
vn -0.764351 -0.644509 -0.019366
vn -0.994948 -0.091377 -0.041571
vn -0.999034 -0.036132 -0.025015
vn -0.838916 0.531875 -0.115455
vn -0.446902 0.852576 -0.270910
vn -0.368091 0.818786 -0.440567
vn -0.839912 0.491329 -0.230530
vn 0.005765 0.794746 -0.606914
vn 0.051498 0.773193 -0.632076
vn 0.045043 0.896282 -0.441191
vn 0.033736 0.901145 -0.432203
vn 0.015649 0.918412 -0.395315
vn -0.033092 0.826826 -0.561484
vn 0.294691 0.919518 -0.260082
vn 0.135198 0.908981 -0.394304
vn 0.217941 0.949202 -0.226974
vn 0.377757 0.918981 -0.113018
vn 0.463329 0.886143 -0.008787
vn 0.402557 0.909196 -0.106354
vn 0.873694 0.353272 0.334451
vn 0.882752 0.434270 0.179328
vn 0.718946 0.681670 0.135804
vn 0.744535 0.621435 0.243897
vn 0.918991 -0.385137 0.084404
vn 0.908825 -0.377479 0.177615
vn -0.115177 -0.991548 -0.059718
vn -0.766595 -0.641961 0.014758
vn 0.002587 -0.996631 -0.081975
vn 0.002546 -0.996385 -0.084920
vn 0.002581 -0.996797 -0.079928
vn 0.002065 -0.997205 -0.074680
vn 0.002706 -0.997083 -0.076271
vn 0.001949 -0.997338 -0.072893
vn 0.387993 -0.921389 0.022444
vn 0.059228 -0.996119 -0.065111
vn 0.908576 -0.346432 0.233396
vn 0.762365 0.568096 0.309948
vn 0.854047 0.310679 0.417231
vn 0.392989 0.918376 0.046324
vn 0.483906 0.869690 0.097339
vn 0.242628 0.970104 -0.005444
vn 0.035101 0.989269 -0.141827
vn 0.049849 0.991967 -0.116260
vn -0.016122 0.994154 -0.106762
vn -0.894005 0.447966 0.009069
vn -0.620990 0.783512 0.021935
vn -0.986774 -0.161756 -0.010589
vn -0.751365 -0.658652 0.040350
vn -0.134343 -0.989281 -0.057225
vn 0.003764 -0.995395 -0.095789
vn 0.003826 -0.995648 -0.093118
vn 0.003706 -0.995842 -0.091026
vn 0.003885 -0.996090 -0.088255
vn 0.003381 -0.996215 -0.086853
vn 0.003374 -0.996383 -0.084910
vn 0.057366 -0.996628 -0.058660
vn 0.383715 -0.921706 0.056746
vn 0.902533 -0.321006 0.287034
vn 0.745691 0.540942 0.389008
vn 0.850402 0.313028 0.422883
vn 0.474610 0.849315 0.231104
vn 0.364510 0.910915 0.193307
vn 0.227256 0.956181 0.184589
vn 0.052253 0.989874 0.131985
vn 0.006894 0.991662 0.128684
vn -0.111993 0.973151 0.201082
vn -0.706249 0.675282 0.212620
vn -0.902341 0.412060 0.126439
vn -0.977525 -0.200644 0.064702
vn 0.615381 -0.600630 0.510440
vn 0.300780 -0.944550 0.131742
vn 0.292863 -0.939806 0.176058
vn 0.590109 -0.635353 0.498094
vn 0.014481 -0.983730 -0.179067
vn 0.021407 -0.986650 -0.161442
vn 0.029077 -0.982665 -0.183094
vn 0.019031 -0.978144 -0.207054
vn 0.017430 -0.976041 -0.216889
vn 0.013770 -0.982417 -0.186191
vn 0.013430 -0.980568 -0.195721
vn 0.013566 -0.980853 -0.194275
vn 0.016625 -0.973969 -0.226072
vn 0.015946 -0.973468 -0.228269
vn 0.015386 -0.973846 -0.226688
vn 0.012918 -0.980602 -0.195582
vn -0.692249 -0.721347 -0.021219
vn -0.192146 -0.970586 -0.145065
vn -0.188665 -0.968014 -0.165392
vn -0.683615 -0.729365 0.026408
vn -0.951808 -0.260978 0.161098
vn -0.979278 -0.192322 0.063460
vn -0.969302 0.134652 0.205724
vn -0.765972 0.380679 0.518045
vn -0.801059 0.364137 0.475089
vn -0.973974 0.093638 0.206412
vn -0.046342 0.663719 0.746545
vn -0.151013 0.687399 0.710407
vn -0.143033 0.635600 0.758653
vn -0.018121 0.653608 0.756617
vn -0.018330 0.624629 0.780707
vn -0.048128 0.621223 0.782155
vn -0.001594 0.636793 0.771033
vn -0.037174 0.616131 0.786766
vn -0.057305 0.610092 0.790256
vn -0.034916 0.630324 0.775546
vn 0.066653 0.631239 0.772720
vn 0.115843 0.641065 0.758694
vn 0.546310 0.532753 0.646312
vn 0.452593 0.546691 0.704477
vn 0.699780 0.230138 0.676273
vn 0.745065 0.188456 0.639814
vn 0.744343 -0.296053 0.598587
vn 0.732627 -0.301368 0.610275
vn 0.499892 -0.753930 0.426261
vn 0.228998 -0.965433 0.124495
vn 0.014356 -0.990139 -0.139351
vn 0.010425 -0.988789 -0.148958
vn 0.010046 -0.988158 -0.153109
vn 0.010467 -0.987278 -0.158659
vn 0.010735 -0.986990 -0.160423
vn 0.010082 -0.986802 -0.161615
vn -0.173325 -0.975484 -0.135608
vn -0.698854 -0.714064 -0.041425
vn -0.989432 -0.127977 0.068167
vn -0.962699 -0.003078 0.270558
vn -0.809616 0.362286 0.461813
vn -0.190942 0.673793 0.713824
vn -0.082836 0.630641 0.771641
vn -0.058304 0.619075 0.783164
vn 0.000511 0.661697 0.749771
vn 0.056087 0.692768 0.718976
vn 0.204356 0.696503 0.687838
vn 0.615592 0.536485 0.577261
vn 0.757412 0.312113 0.573509
vn 0.708413 -0.360782 0.606620
vn -0.185328 -0.967518 -0.171938
vn -0.690433 -0.710779 0.134520
vn 0.019003 -0.963361 -0.267534
vn 0.016241 -0.965026 -0.261651
vn 0.021441 -0.963962 -0.265176
vn 0.027220 -0.971464 -0.235619
vn 0.023130 -0.968036 -0.249742
vn 0.044707 -0.978824 -0.199763
vn 0.592386 -0.622655 0.511254
vn 0.333391 -0.932469 0.139112
vn 0.673025 -0.361751 0.645115
vn 0.396574 0.484130 0.779966
vn 0.643467 0.164974 0.747485
vn -0.071382 0.651544 0.755245
vn 0.058234 0.648513 0.758972
vn -0.085298 0.623409 0.777230
vn -0.029063 0.527484 0.849068
vn -0.013481 0.559530 0.828700
vn -0.160548 0.488431 0.857706
vn -0.931361 0.121479 0.343234
vn -0.675315 0.399191 0.620159
vn -0.888120 -0.328924 0.321018
vn 0.570928 -0.602645 0.557549
vn 0.337200 -0.929247 0.150986
vn 0.068805 -0.982180 -0.174897
vn 0.038174 -0.972514 -0.229694
vn 0.029043 -0.967946 -0.249474
vn 0.023890 -0.963420 -0.266930
vn 0.017903 -0.963098 -0.268554
vn 0.006137 -0.966298 -0.257353
vn -0.190838 -0.973211 -0.128222
vn -0.727529 -0.627055 0.278394
vn -0.584436 0.364099 0.725166
vn -0.881719 -0.014204 0.471561
vn -0.160418 0.411705 0.897087
vn -0.074218 0.435417 0.897165
vn -0.057245 0.490243 0.869704
vn -0.134490 0.623797 0.769928
vn -0.102931 0.656077 0.747642
vn 0.054149 0.632799 0.772420
vn 0.374656 0.328951 0.866847
vn 0.571869 0.027246 0.819892
vn 0.608248 -0.393796 0.689173
vn -0.874163 -0.335927 0.350701
vn -0.075856 -0.742386 0.665665
vn -0.096782 -0.380525 0.919692
vn -0.106248 -0.292314 0.950402
vn -0.104604 -0.429158 0.897152
vn -0.097492 -0.566026 0.818602
vn -0.085603 -0.699308 0.709677
vn -0.070862 -0.805578 0.588237
vn -0.048570 -0.918140 0.393269
vn -0.025614 -0.982091 0.186659
vn -0.009440 -0.999034 0.042915
vn -0.003700 -0.999909 -0.012942
vn -0.000900 -0.999141 -0.041437
vn 0.001073 -0.998160 -0.060624
vn 0.002846 -0.996940 -0.078114
vn 0.003957 -0.995991 -0.089362
vn 0.005107 -0.994748 -0.102230
vn 0.006313 -0.993157 -0.116617
vn 0.007950 -0.990922 -0.134201
vn 0.010175 -0.987668 -0.156231
vn 0.013936 -0.981508 -0.190915
vn 0.017336 -0.974826 -0.222291
vn 0.022531 -0.965567 -0.259177
vn 0.026893 -0.964906 -0.261216
vn 0.014343 -0.999894 -0.002399
vn -0.051420 -0.727953 0.683696
vn -0.115434 -0.301762 0.946369
vn -0.179489 0.107161 0.977906
vn -0.170404 0.424126 0.889427
vn -0.097622 0.552028 0.828091
vn -0.044447 0.586329 0.808853
vn -0.038609 0.602685 0.797045
vn -0.047503 0.605096 0.794734
vn -0.033260 0.633534 0.773000
vn 0.005047 0.723190 0.690631
vn 0.050277 0.851634 0.521720
vn 0.084588 0.930431 0.356573
vn 0.107229 0.981727 0.157206
vn 0.094787 0.993023 -0.070145
vn 0.051814 0.939936 -0.337396
vn -0.009776 0.863333 -0.504541
vn -0.064488 0.825121 -0.561263
vn -0.087168 0.860672 -0.501642
vn -0.104330 0.867775 -0.485883
vn -0.132089 0.730914 -0.669565
vn -0.120650 0.465475 -0.876799
vn -0.039852 -0.003423 -0.999200
vn 0.054352 0.409035 -0.910899
vn 0.090930 0.700023 -0.708308
vn 0.056206 0.686512 -0.724943
vn 0.009179 0.670844 -0.741541
vn 0.011478 0.555835 -0.831213
vn 0.031159 0.155889 -0.987283
vn -0.037152 -0.207326 -0.977566
vn -0.083614 -0.013301 -0.996409
vn -0.040731 0.215757 -0.975597
vn -0.003280 0.200913 -0.979604
vn 0.048206 -0.515748 -0.855383
vn 0.012515 -0.901796 -0.431982
vn -0.314799 -0.664595 0.677655
vn -0.120395 -0.992052 0.036566
vn -0.027667 -0.975497 -0.218266
vn -0.004121 -0.970549 -0.240869
vn 0.002843 -0.975862 -0.218371
vn 0.003270 -0.981387 -0.192010
vn 0.003415 -0.987019 -0.160567
vn 0.002716 -0.989952 -0.141380
vn 0.001388 -0.992282 -0.123997
vn 0.000657 -0.993964 -0.109708
vn 0.000392 -0.995277 -0.097077
vn 0.000279 -0.996230 -0.086747
vn -0.000442 -0.997388 -0.072234
vn -0.001749 -0.998360 -0.057227
vn -0.003883 -0.999430 -0.033537
vn -0.007545 -0.999959 0.004979
vn -0.017535 -0.995979 0.087850
vn -0.034233 -0.965875 0.256736
vn -0.053040 -0.882449 0.467408
vn -0.066828 -0.788288 0.611667
vn -0.078039 -0.698486 0.711356
vn -0.088504 -0.599739 0.795286
vn -0.102225 -0.446581 0.888885
vn -0.167774 -0.430544 0.886839
vn -0.370153 -0.682474 0.630251
vn -0.422183 -0.586973 -0.690814
vn -0.256615 -0.313661 -0.914202
vn -0.001591 -0.063315 -0.997992
vn 0.107331 -0.095954 -0.989582
vn 0.171301 -0.052054 -0.983843
vn 0.150635 0.258222 -0.954270
vn 0.050662 0.516613 -0.854719
vn -0.047406 0.493020 -0.868725
vn -0.094292 0.464959 -0.880297
vn -0.086660 0.652527 -0.752794
vn -0.033562 0.722002 -0.691076
vn 0.050082 0.647888 -0.760088
vn 0.106613 0.650351 -0.752115
vn 0.114668 0.701087 -0.703796
vn 0.101490 0.708697 -0.698175
vn 0.085808 0.712214 -0.696698
vn 0.064235 0.727321 -0.683284
vn 0.014583 0.757215 -0.653003
vn -0.051701 0.818366 -0.572368
vn -0.112789 0.912097 -0.394154
vn -0.284712 0.956989 -0.055776
vn -0.430667 0.873036 0.228768
vn -0.521799 0.756176 0.394872
vn -0.572258 0.662680 0.483090
vn -0.523167 0.620707 0.583968
vn -0.490935 0.622805 0.609177
vn -0.462845 0.603324 0.649442
vn -0.428838 0.553615 0.713868
vn -0.387258 0.468722 0.793934
vn -0.323908 0.423234 0.846142
vn -0.273579 0.350391 0.895757
vn -0.312424 0.032319 0.949393
vn -0.357954 -0.348802 0.866144
vn 0.116793 -0.916699 0.382128
vn -0.009470 -0.526562 0.850084
vn -0.080226 -0.343353 0.935774
vn -0.083461 -0.459799 0.884092
vn -0.079272 -0.571693 0.816629
vn -0.072348 -0.672204 0.736823
vn -0.063801 -0.764739 0.641173
vn -0.052816 -0.863841 0.500988
vn -0.033493 -0.954292 0.296993
vn -0.015126 -0.994922 0.099505
vn -0.006477 -0.999950 0.007687
vn -0.002492 -0.999540 -0.030228
vn 0.000023 -0.998616 -0.052597
vn 0.002287 -0.997495 -0.070694
vn 0.004075 -0.996574 -0.082605
vn 0.008321 -0.995796 -0.091217
vn 0.016410 -0.995375 -0.094653
vn 0.026329 -0.994383 -0.102512
vn 0.034976 -0.993338 -0.109803
vn 0.051113 -0.992086 -0.114682
vn 0.064864 -0.989882 -0.126199
vn 0.096776 -0.987712 -0.122716
vn 0.136323 -0.987508 -0.079021
vn 0.190732 -0.970567 0.147039
vn 0.281849 -0.649423 0.706266
vn 0.325487 -0.383377 0.864338
vn 0.309557 -0.059622 0.949010
vn 0.296105 0.320205 0.899884
vn 0.231730 0.520829 0.821607
vn 0.203307 0.597965 0.775309
vn 0.230759 0.610968 0.757277
vn 0.327527 0.608571 0.722750
vn 0.426549 0.634696 0.644374
vn 0.504505 0.668401 0.546548
vn 0.549824 0.697659 0.459311
vn 0.565792 0.715203 0.410322
vn 0.581171 0.755793 0.301692
vn 0.599736 0.783073 0.164663
vn 0.596949 0.797290 0.089335
vn 0.544900 0.838382 0.014124
vn 0.488132 0.863284 -0.128329
vn 0.398390 0.872924 -0.281583
vn 0.294296 0.886105 -0.358062
vn 0.165665 0.813840 -0.556974
vn 0.055180 0.521727 -0.851326
vn -0.041844 0.238105 -0.970338
vn -0.075116 0.012897 -0.997091
vn 0.034703 0.672614 -0.739180
vn 0.063830 0.836499 -0.544239
vn 0.064834 0.826715 -0.558873
vn 0.100625 0.778701 -0.619273
vn 0.107938 0.599866 -0.792786
vn -0.030456 0.132501 -0.990715
vn -0.114732 -0.107679 -0.987543
vn -0.122294 0.079824 -0.989279
vn -0.013240 0.041277 -0.999060
vn 0.207802 -0.540047 -0.815578
vn 0.240216 -0.816492 -0.525011
vn 0.950668 -0.305274 -0.055124
vn 0.934008 -0.343944 -0.096596
vn 0.947342 -0.311901 0.072528
vn 0.903434 -0.319330 0.286070
vn 0.886366 -0.240940 0.395352
vn 0.914173 -0.135800 0.381899
vn 0.904136 -0.087098 0.418273
vn 0.870423 -0.091026 0.483816
vn 0.840651 -0.127312 0.526400
vn 0.804813 -0.162553 0.570835
vn -0.982898 -0.178876 -0.043751
vn -0.948708 -0.258808 0.181582
vn -0.981346 -0.154211 -0.114798
vn -0.975076 -0.221806 -0.005406
vn -0.936212 -0.305530 0.173665
vn -0.905513 -0.331607 0.264732
vn -0.964644 -0.227761 0.132615
vn -0.995089 -0.088006 -0.045303
vn -0.988359 -0.020587 -0.150740
vn -0.985874 -0.001927 -0.167479
vn -0.991588 -0.028872 -0.126175
vn -0.998263 -0.024971 -0.053365
vn -0.997726 0.058599 -0.033304
vn -0.997091 -0.053205 0.054577
vn -0.990322 -0.101837 -0.094298
vn -0.974155 -0.154933 -0.164372
vn -0.967633 -0.209924 -0.140063
vn -0.966093 -0.257961 -0.010951
vn -0.949156 -0.254113 0.185821
vn -0.946122 -0.165434 0.278361
vn -0.978635 -0.072615 0.192355
vn -0.998203 -0.038479 0.045944
vn -0.995853 -0.086230 -0.028998
vn -0.976042 -0.203477 0.077069
vn 0.798693 -0.234577 0.554133
vn 0.845331 -0.181270 0.502551
vn 0.900408 -0.150220 0.408288
vn 0.930191 -0.157695 0.331476
vn 0.925115 -0.224048 0.306537
vn 0.922592 -0.308603 0.231490
vn 0.941875 -0.329305 0.066561
vn 0.951743 -0.299003 -0.069160
s 1
g Boulder_Snow_LOW Rocks_Group
f 1/1/1 141/207/2 668/820/3 669/821/4
f 653/805/5 654/806/6 323/428/7 4/3/8
f 6/5/9 701/856/10 702/858/11 421/554/12
f 415/547/13 732/889/14 733/890/15 5/6/16
f 317/421/17 724/881/18 725/882/19 3/4/20
f 709/865/21 710/867/22 147/214/23 2/2/24
f 417/550/25 452/589/26 453/590/27 7/7/28
f 319/424/29 444/581/30 445/582/31 8/8/32
f 429/565/33 430/567/34 145/212/35 9/9/36
f 718/875/37 719/876/38 281/374/39 20/20/40
f 19/19/41 438/575/42 439/576/43 279/372/44
f 275/367/45 659/811/46 660/812/47 17/17/48
f 16/16/49 712/869/50 713/870/51 161/232/52
f 15/15/53 432/569/54 433/570/55 159/230/56
f 155/225/57 665/817/58 666/818/59 13/13/60
f 725/882/19 726/883/61 365/482/62 3/4/20
f 445/582/31 446/583/63 363/480/64 8/8/32
f 359/475/65 708/864/66 653/805/5 4/3/8
f 419/552/67 620/769/68 621/770/69 10/10/70
f 613/762/71 614/763/72 361/478/73 11/11/74
f 321/426/75 612/761/76 613/762/71 11/11/74
f 18/18/77 606/755/78 607/756/79 277/370/80
f 14/14/81 600/749/82 601/750/83 157/228/84
f 597/745/85 598/747/86 143/210/87 12/12/88
f 9/9/36 145/212/35 508/649/89 509/650/90
f 159/230/56 505/646/91 506/647/92 15/15/53
f 279/372/44 499/640/93 500/641/94 19/19/41
f 8/8/32 493/634/95 494/635/96 319/424/29
f 8/8/32 363/480/64 492/633/97 493/634/95
f 485/625/98 486/627/99 417/550/25 7/7/28
f 12/12/88 143/210/87 564/709/100 565/710/101
f 157/228/84 561/706/102 562/707/103 14/14/81
f 277/370/80 555/700/104 556/701/105 18/18/77
f 11/11/74 549/694/106 550/695/107 321/426/75
f 11/11/74 361/478/73 548/693/108 549/694/106
f 541/685/109 542/687/110 419/552/67 10/10/70
f 229/316/111 230/317/112 162/234/113 61/60/114
f 62/61/115 168/241/116 216/302/117 217/303/118
f 675/829/119 676/830/120 168/242/116 62/67/115
f 226/312/121 227/314/122 148/216/123 63/70/124
f 64/1033/125 154/223/126 219/305/127 220/306/128
f 671/824/129 672/825/130 64/71/125 220/1032/128
f 66/75/131 650/801/132 651/803/133 222/308/134
f 567/713/135 568/714/136 66/75/131 222/308/134
f 68/79/137 482/621/138 483/623/139 224/310/140
f 511/653/141 512/654/142 68/79/137 224/310/140
f 63/83/124 762/921/143 763/923/144 226/313/121
f 672/826/130 673/827/145 154/224/126 64/86/125
f 63/88/124 148/217/123 761/920/146 762/922/143
f 152/221/147 649/800/148 650/802/132 66/91/131
f 568/715/136 569/716/149 152/221/147 66/91/131
f 150/219/150 481/620/151 482/622/138 68/95/137
f 512/655/142 513/656/152 150/219/150 68/95/137
f 162/235/113 758/917/153 759/918/154 61/68/114
f 74/96/155 164/237/156 478/617/157 479/618/158
f 515/658/159 516/659/160 164/237/156 74/96/155
f 571/718/161 572/719/162 166/239/163 72/92/164
f 72/92/164 166/239/163 646/797/165 647/798/166
f 765/925/167 766/926/168 641/792/169 82/103/170
f 58/106/171 681/835/172 768/928/173 769/929/174
f 577/724/175 820/984/176 765/925/167 82/103/170
f 817/981/177 818/982/178 473/612/179 77/111/180
f 521/664/181 816/980/182 817/981/177 77/111/180
f 60/114/183 813/976/184 814/978/185 753/912/186
f 281/375/39 845/1009/187 846/1010/188 20/118/40
f 60/120/183 235/322/189 812/975/190 813/977/184
f 839/1003/191 840/1004/192 317/422/17 3/123/20
f 365/483/62 838/1002/193 839/1003/191 3/123/20
f 5/126/16 797/959/194 798/961/195 415/548/13
f 733/891/15 796/958/196 797/960/194 5/131/16
f 7/132/28 793/955/197 794/956/198 485/626/98
f 789/951/199 790/952/200 541/686/109 10/136/70
f 792/954/201 793/955/197 7/132/28 453/591/27
f 788/950/202 789/951/199 10/136/70 621/771/69
f 785/946/203 786/948/204 701/857/10 6/141/9
f 421/555/12 784/945/205 785/947/203 6/144/9
f 864/1028/206 865/1029/207 359/476/65 4/147/8
f 323/429/7 863/1027/208 864/1028/206 4/147/8
f 857/1021/209 858/1022/210 275/368/45 17/151/48
f 769/930/174 770/931/211 211/297/212 58/152/171
f 91/115/213 236/324/214 751/910/215 752/911/216
f 89/110/217 522/665/218 523/666/219 238/326/220
f 238/326/220 471/610/221 472/611/222 89/110/217
f 85/104/223 578/725/224 579/726/225 240/328/226
f 240/328/226 639/790/227 640/791/228 85/104/223
f 682/836/229 683/837/230 242/331/231 87/107/232
f 685/839/233 686/840/234 288/384/235 106/160/236
f 636/787/237 637/788/238 110/158/239 286/381/240
f 282/377/241 748/907/242 749/908/243 92/154/244
f 108/156/245 525/668/246 526/669/247 284/379/248
f 468/607/249 469/608/250 108/156/245 284/379/248
f 581/728/251 582/729/252 286/381/240 110/158/239
f 588/735/253 589/736/254 370/489/255 118/171/256
f 587/734/257 588/735/253 118/171/256 326/433/258
f 424/559/259 595/742/260 596/744/261 99/170/262
f 454/593/263 455/594/264 426/561/265 98/175/266
f 98/175/266 426/561/265 539/682/267 540/684/268
f 462/601/269 463/602/270 328/435/271 123/178/272
f 328/435/271 531/674/273 532/675/274 123/178/272
f 742/901/275 743/902/276 330/438/277 94/180/278
f 630/781/279 631/782/280 326/433/258 118/171/256
f 691/845/281 692/846/282 104/182/283 324/431/284
f 699/853/285 700/855/286 102/184/287 422/557/288
f 692/846/282 693/847/289 372/492/290 104/182/283
f 370/489/255 629/780/291 630/781/279 118/171/256
f 622/773/292 623/774/293 424/559/259 99/170/262
f 734/893/294 735/894/295 428/564/296 96/188/297
f 366/485/298 741/900/299 742/901/275 94/180/278
f 532/675/274 533/676/300 368/487/301 123/178/272
f 368/487/301 461/600/302 462/601/269 123/178/272
f 755/914/303 756/915/304 59/65/305 197/279/306
f 518/661/307 519/662/308 199/282/309 78/98/310
f 199/282/309 475/614/311 476/615/312 78/98/310
f 574/721/313 575/722/314 201/284/315 81/100/316
f 201/284/315 643/794/317 644/795/318 81/100/316
f 678/832/319 679/833/320 203/286/321 57/66/322
f 28/28/323 204/288/324 662/814/325 663/815/326
f 603/752/327 604/753/328 206/291/329 27/27/330
f 558/703/331 559/704/332 27/27/330 206/291/329
f 435/572/333 436/573/334 208/293/335 26/26/336
f 208/293/335 502/643/337 503/644/338 26/26/336
f 715/872/339 716/873/340 210/295/341 25/25/342
f 232/319/343 233/320/344 197/280/306 59/59/305
f 213/299/345 214/300/346 57/62/322 203/287/321
f 666/818/59 667/819/347 127/189/348 13/13/60
f 129/192/349 599/748/350 600/749/82 14/14/81
f 562/707/103 563/708/351 129/192/349 14/14/81
f 131/194/352 431/568/353 432/569/54 15/15/53
f 506/647/92 507/648/354 131/194/352 15/15/53
f 133/196/355 711/868/356 712/869/50 16/16/49
f 134/198/357 228/315/358 229/316/111 61/60/114
f 759/918/154 760/919/359 134/199/357 61/68/114
f 136/201/360 514/657/361 515/658/159 74/96/155
f 479/618/158 480/619/362 136/201/360 74/96/155
f 72/92/164 138/203/363 570/717/364 571/718/161
f 647/798/166 648/799/365 138/203/363 72/92/164
f 674/828/366 675/829/119 62/67/115 140/206/367
f 217/303/118 218/304/368 140/205/367 62/61/115
f 667/819/347 668/820/3 141/207/2 127/189/348
f 143/210/87 598/747/86 599/748/350 129/192/349
f 563/708/351 564/709/100 143/210/87 129/192/349
f 145/212/35 430/567/34 431/568/353 131/194/352
f 507/648/354 508/649/89 145/212/35 131/194/352
f 147/214/23 710/867/22 711/868/356 133/196/355
f 148/216/123 227/314/122 228/315/358 134/198/357
f 760/919/359 761/920/146 148/217/123 134/199/357
f 150/219/150 513/656/152 514/657/361 136/201/360
f 136/201/360 480/619/362 481/620/151 150/219/150
f 569/716/149 570/717/364 138/203/363 152/221/147
f 138/203/363 648/799/365 649/800/148 152/221/147
f 673/827/145 674/828/366 140/206/367 154/224/126
f 218/304/368 219/305/127 154/223/126 140/205/367
f 663/815/326 664/816/369 175/250/370 28/28/323
f 173/248/371 602/751/372 603/752/327 27/27/330
f 559/704/332 560/705/373 173/248/371 27/27/330
f 171/246/374 434/571/375 435/572/333 26/26/336
f 503/644/338 504/645/376 171/246/374 26/26/336
f 169/243/377 714/871/378 715/872/339 25/25/342
f 182/259/379 231/318/380 232/319/343 59/59/305
f 59/65/305 756/915/304 757/916/381 182/260/379
f 180/257/382 517/660/383 518/661/307 78/98/310
f 476/615/312 477/616/384 180/257/382 78/98/310
f 178/255/385 573/720/386 574/721/313 81/100/316
f 644/795/318 645/796/387 178/255/385 81/100/316
f 176/253/388 677/831/389 678/832/319 57/66/322
f 214/300/346 215/301/390 176/252/388 57/62/322
f 161/232/52 713/870/51 714/871/378 169/243/377
f 171/246/374 504/645/376 505/646/91 159/230/56
f 159/230/56 433/570/55 434/571/375 171/246/374
f 173/248/371 560/705/373 561/706/102 157/228/84
f 157/228/84 601/750/83 602/751/372 173/248/371
f 175/250/370 664/816/369 665/817/58 155/225/57
f 215/301/390 216/302/117 168/241/116 176/252/388
f 168/242/116 676/830/120 677/831/389 176/253/388
f 645/796/387 646/797/165 166/239/163 178/255/385
f 166/239/163 572/719/162 573/720/386 178/255/385
f 477/616/384 478/617/157 164/237/156 180/257/382
f 164/237/156 516/659/160 517/660/383 180/257/382
f 182/260/379 757/916/381 758/917/153 162/235/113
f 162/234/113 230/317/112 231/318/380 182/259/379
f 753/912/186 754/913/391 183/261/392 60/114/183
f 77/111/180 185/264/393 520/663/394 521/664/181
f 473/612/179 474/613/395 185/264/393 77/111/180
f 187/266/396 576/723/397 577/724/175 82/103/170
f 641/792/169 642/793/398 187/266/396 82/103/170
f 189/268/399 680/834/400 681/835/172 58/106/171
f 211/297/212 212/298/401 189/269/399 58/152/171
f 660/812/47 661/813/402 190/270/403 17/17/48
f 192/273/404 605/754/405 606/755/78 18/18/77
f 556/701/105 557/702/406 192/273/404 18/18/77
f 19/19/41 194/275/407 437/574/408 438/575/42
f 500/641/94 501/642/409 194/275/407 19/19/41
f 20/20/40 196/277/410 717/874/411 718/875/37
f 234/321/412 235/322/189 60/120/183 183/262/392
f 754/913/391 755/914/303 197/279/306 183/261/392
f 519/662/308 520/663/394 185/264/393 199/282/309
f 185/264/393 474/613/395 475/614/311 199/282/309
f 201/284/315 575/722/314 576/723/397 187/266/396
f 187/266/396 642/793/398 643/794/317 201/284/315
f 203/286/321 679/833/320 680/834/400 189/268/399
f 212/298/401 213/299/345 203/287/321 189/269/399
f 661/813/402 662/814/325 204/288/324 190/270/403
f 206/291/329 604/753/328 605/754/405 192/273/404
f 557/702/406 558/703/331 206/291/329 192/273/404
f 436/573/334 437/574/408 194/275/407 208/293/335
f 194/275/407 501/642/409 502/643/337 208/293/335
f 716/873/340 717/874/411 196/277/410 210/295/341
f 233/320/344 234/321/412 183/262/392 197/280/306
f 190/271/403 245/334/413 246/335/414 17/151/48
f 204/289/324 244/333/415 245/334/413 190/271/403
f 28/63/323 243/332/416 244/333/415 204/289/324
f 175/251/370 274/366/417 243/332/416 28/63/323
f 155/226/57 273/365/418 274/366/417 175/251/370
f 272/364/419 273/365/418 155/226/57 13/64/60
f 127/190/348 271/363/420 272/364/419 13/64/60
f 141/208/2 270/362/421 271/363/420 127/190/348
f 269/1031/422 270/362/421 141/208/2 1/72/1
f 669/822/4 670/823/423 269/361/422 1/1034/1
f 267/359/424 652/804/425 597/746/85 12/76/88
f 565/711/101 566/712/426 267/359/424 12/76/88
f 265/357/427 484/624/428 429/566/33 9/80/36
f 509/651/90 510/652/429 265/357/427 9/80/36
f 263/355/430 764/924/431 709/866/21 2/84/24
f 2/69/24 147/215/23 262/353/432 263/354/430
f 261/352/433 262/353/432 147/215/23 133/197/355
f 260/351/434 261/352/433 133/197/355 16/57/49
f 16/57/49 161/233/52 259/350/435 260/351/434
f 258/349/436 259/350/435 161/233/52 169/244/377
f 257/348/437 258/349/436 169/244/377 25/58/342
f 210/296/341 256/347/438 257/348/437 25/58/342
f 196/278/410 255/346/439 256/347/438 210/296/341
f 20/118/40 254/345/440 255/346/439 196/278/410
f 749/908/243 750/909/441 253/344/442 92/154/244
f 251/341/443 524/667/444 525/668/246 108/156/245
f 469/608/250 470/609/445 251/341/443 108/156/245
f 249/339/446 580/727/447 581/728/251 110/158/239
f 110/158/239 637/788/238 638/789/448 249/339/446
f 106/160/236 247/337/449 684/838/450 685/839/233
f 244/333/415 243/332/416 214/300/346 213/299/345
f 245/334/413 244/333/415 213/299/345 212/298/401
f 246/335/414 245/334/413 212/298/401 211/297/212
f 770/931/211 771/932/451 246/335/414 211/297/212
f 683/837/230 684/838/450 247/337/449 242/331/231
f 249/339/446 638/789/448 639/790/227 240/328/226
f 240/328/226 579/726/225 580/727/447 249/339/446
f 251/341/443 470/609/445 471/610/221 238/326/220
f 238/326/220 523/666/219 524/667/444 251/341/443
f 750/909/441 751/910/215 236/324/214 253/344/442
f 811/974/452 812/975/190 235/322/189 254/345/440
f 255/346/439 254/345/440 235/322/189 234/321/412
f 256/347/438 255/346/439 234/321/412 233/320/344
f 257/348/437 256/347/438 233/320/344 232/319/343
f 232/319/343 231/318/380 258/349/436 257/348/437
f 231/318/380 230/317/112 259/350/435 258/349/436
f 260/351/434 259/350/435 230/317/112 229/316/111
f 229/316/111 228/315/358 261/352/433 260/351/434
f 228/315/358 227/314/122 262/353/432 261/352/433
f 263/354/430 262/353/432 227/314/122 226/312/121
f 226/313/121 763/923/144 764/924/431 263/355/430
f 510/652/429 511/653/141 224/310/140 265/357/427
f 224/310/140 483/623/139 484/624/428 265/357/427
f 566/712/426 567/713/135 222/308/134 267/359/424
f 222/308/134 651/803/133 652/804/425 267/359/424
f 670/823/423 671/824/129 220/1032/128 269/361/422
f 220/306/128 219/305/127 270/362/421 269/1031/422
f 271/363/420 270/362/421 219/305/127 218/304/368
f 272/364/419 271/363/420 218/304/368 217/303/118
f 217/303/118 216/302/117 273/365/418 272/364/419
f 274/366/417 273/365/418 216/302/117 215/301/390
f 243/332/416 274/366/417 215/301/390 214/300/346
f 657/809/453 658/810/454 295/392/455 24/24/456
f 293/390/457 608/757/458 609/758/459 23/23/460
f 553/698/461 554/699/462 293/390/457 23/23/460
f 291/388/463 440/577/464 441/578/465 22/22/466
f 22/22/466 497/638/467 498/639/468 291/388/463
f 289/385/469 720/877/470 721/878/471 21/21/472
f 843/1007/473 844/1008/474 289/386/469 21/119/472
f 93/164/475 746/905/476 747/906/477 302/402/478
f 300/399/479 527/670/480 528/671/481 115/166/482
f 466/605/483 467/606/484 300/399/479 115/166/482
f 298/397/485 583/730/486 584/731/487 113/163/488
f 634/785/489 635/786/490 298/397/485 113/163/488
f 105/161/491 296/395/492 687/841/493 688/842/494
f 295/393/455 859/1023/495 860/1024/496 24/148/456
f 281/374/39 719/876/38 720/877/470 289/385/469
f 291/388/463 498/639/468 499/640/93 279/372/44
f 279/372/44 439/576/43 440/577/464 291/388/463
f 293/390/457 554/699/462 555/700/104 277/370/80
f 277/370/80 607/756/79 608/757/458 293/390/457
f 295/392/455 658/810/454 659/811/46 275/367/45
f 275/368/45 858/1022/210 859/1023/495 295/393/455
f 686/840/234 687/841/493 296/395/492 288/384/235
f 635/786/490 636/787/237 286/381/240 298/397/485
f 286/381/240 582/729/252 583/730/486 298/397/485
f 467/606/484 468/607/249 284/379/248 300/399/479
f 284/379/248 526/669/247 527/670/480 300/399/479
f 302/402/478 747/906/477 748/907/242 282/377/241
f 289/386/469 844/1008/474 845/1009/187 281/375/39
f 721/878/471 722/879/497 337/446/498 21/21/472
f 335/444/499 496/637/500 497/638/467 22/22/466
f 441/578/465 442/579/501 335/444/499 22/22/466
f 333/442/502 552/697/503 553/698/461 23/23/460
f 609/758/459 610/759/504 333/442/502 23/23/460
f 24/24/456 331/439/505 656/808/506 657/809/453
f 24/148/456 860/1024/496 861/1025/507 331/440/505
f 688/842/494 689/843/508 344/456/509 105/161/491
f 342/453/510 633/784/511 634/785/489 113/163/488
f 584/731/487 585/732/512 342/453/510 113/163/488
f 340/451/513 465/604/514 466/605/483 115/166/482
f 528/671/481 529/672/515 340/451/513 115/166/482
f 93/164/475 338/449/516 745/904/517 746/905/476
f 337/447/498 842/1006/518 843/1007/473 21/119/472
f 303/403/519 723/880/520 724/881/18 317/421/17
f 319/424/29 494/635/96 495/636/521 305/406/522
f 305/406/522 443/580/523 444/581/30 319/424/29
f 321/426/75 550/695/107 551/696/524 307/408/525
f 307/408/525 611/760/526 612/761/76 321/426/75
f 654/806/6 655/807/527 309/410/528 323/428/7
f 309/411/528 862/1026/529 863/1027/208 323/429/7
f 690/844/530 691/845/281 324/431/284 310/413/531
f 326/433/258 631/782/280 632/783/532 312/415/533
f 586/733/534 587/734/257 326/433/258 312/415/533
f 328/435/271 463/602/270 464/603/535 314/417/536
f 314/417/536 530/673/537 531/674/273 328/435/271
f 743/902/276 744/903/538 316/420/539 330/438/277
f 317/422/17 840/1004/192 841/1005/540 303/404/519
f 655/807/527 656/808/506 331/439/505 309/410/528
f 333/442/502 610/759/504 611/760/526 307/408/525
f 307/408/525 551/696/524 552/697/503 333/442/502
f 335/444/499 442/579/501 443/580/523 305/406/522
f 305/406/522 495/636/521 496/637/500 335/444/499
f 337/446/498 722/879/497 723/880/520 303/403/519
f 303/404/519 841/1005/540 842/1006/518 337/447/498
f 744/903/538 745/904/517 338/449/516 316/420/539
f 340/451/513 529/672/515 530/673/537 314/417/536
f 314/417/536 464/603/535 465/604/514 340/451/513
f 585/732/512 586/733/534 312/415/533 342/453/510
f 312/415/533 632/783/532 633/784/511 342/453/510
f 689/843/508 690/844/530 310/413/531 344/456/509
f 331/440/505 861/1025/507 862/1026/529 309/411/528
f 32/32/541 705/861/542 706/862/543 379/500/544
f 377/498/545 616/765/546 617/766/547 31/31/548
f 545/690/549 546/691/550 377/498/545 31/31/548
f 375/496/551 448/585/552 449/586/553 30/30/554
f 489/630/555 490/631/556 375/496/551 30/30/554
f 373/493/557 728/885/558 729/886/559 29/29/560
f 29/124/560 835/999/561 836/1000/562 373/494/557
f 95/187/563 738/897/564 739/898/565 386/510/566
f 384/507/567 535/678/568 536/679/569 121/174/570
f 458/597/571 459/598/572 384/507/567 121/174/570
f 382/505/573 591/738/574 592/739/575 120/173/576
f 626/777/577 627/778/578 382/505/573 120/173/576
f 695/849/579 696/850/580 103/185/581 380/503/582
f 379/501/544 780/941/583 781/942/584 32/145/541
f 345/457/585 707/863/586 708/864/66 359/475/65
f 361/478/73 614/763/72 615/764/587 347/460/588
f 547/692/589 548/693/108 361/478/73 347/460/588
f 363/480/64 446/583/63 447/584/590 349/462/591
f 491/632/592 492/633/97 363/480/64 349/462/591
f 365/482/62 726/883/61 727/884/593 351/464/594
f 351/465/594 837/1001/595 838/1002/193 365/483/62
f 352/467/596 740/899/597 741/900/299 366/485/298
f 368/487/301 533/676/300 534/677/598 354/469/599
f 354/469/599 460/599/600 461/600/302 368/487/301
f 370/489/255 589/736/254 590/737/601 356/471/602
f 356/471/602 628/779/603 629/780/291 370/489/255
f 693/847/289 694/848/604 358/474/605 372/492/290
f 359/476/65 865/1029/207 866/1030/606 345/458/585
f 351/464/594 727/884/593 728/885/558 373/493/557
f 490/631/556 491/632/592 349/462/591 375/496/551
f 349/462/591 447/584/590 448/585/552 375/496/551
f 546/691/550 547/692/589 347/460/588 377/498/545
f 347/460/588 615/764/587 616/765/546 377/498/545
f 379/500/544 706/862/543 707/863/586 345/457/585
f 694/848/604 695/849/579 380/503/582 358/474/605
f 382/505/573 627/778/578 628/779/603 356/471/602
f 356/471/602 590/737/601 591/738/574 382/505/573
f 384/507/567 459/598/572 460/599/600 354/469/599
f 354/469/599 534/677/598 535/678/568 384/507/567
f 386/510/566 739/898/565 740/899/597 352/467/596
f 373/494/557 836/1000/562 837/1001/595 351/465/594
f 29/29/560 729/886/559 730/887/607 407/536/608
f 405/534/609 488/629/610 489/630/555 30/30/554
f 30/30/554 449/586/553 450/587/611 405/534/609
f 403/532/612 544/689/613 545/690/549 31/31/548
f 617/766/547 618/767/614 403/532/612 31/31/548
f 401/529/615 704/860/616 705/861/542 32/32/541
f 781/942/584 782/943/617 401/530/615 32/145/541
f 696/850/580 697/851/618 414/546/619 103/185/581
f 412/543/620 625/776/621 626/777/577 120/173/576
f 120/173/576 592/739/575 593/740/622 412/543/620
f 410/541/623 457/596/624 458/597/571 121/174/570
f 536/679/569 537/680/625 410/541/623 121/174/570
f 95/187/563 408/539/626 737/896/627 738/897/564
f 407/537/608 834/998/628 835/999/561 29/124/560
f 393/518/629 703/859/630 704/860/616 401/529/615
f 403/532/612 618/767/614 619/768/631 391/516/632
f 391/516/632 543/688/633 544/689/613 403/532/612
f 405/534/609 450/587/611 451/588/634 389/514/635
f 389/514/635 487/628/636 488/629/610 405/534/609
f 407/536/608 730/887/607 731/888/637 387/511/638
f 736/895/639 737/896/627 408/539/626 400/528/640
f 537/680/625 538/681/641 398/525/642 410/541/623
f 398/525/642 456/595/643 457/596/624 410/541/623
f 412/543/620 593/740/622 594/741/644 396/523/645
f 396/523/645 624/775/646 625/776/621 412/543/620
f 697/851/618 698/852/647 394/521/648 414/546/619
f 401/530/615 782/943/617 783/944/649 393/519/629
f 387/511/638 731/888/637 732/889/14 415/547/13
f 417/550/25 486/627/99 487/628/636 389/514/635
f 389/514/635 451/588/634 452/589/26 417/550/25
f 419/552/67 542/687/110 543/688/633 391/516/632
f 391/516/632 619/768/631 620/769/68 419/552/67
f 421/554/12 702/858/11 703/859/630 393/518/629
f 393/519/629 783/944/649 784/945/205 421/555/12
f 698/852/647 699/853/285 422/557/288 394/521/648
f 424/559/259 623/774/293 624/775/646 396/523/645
f 396/523/645 594/741/644 595/742/260 424/559/259
f 426/561/265 455/594/264 456/595/643 398/525/642
f 538/681/641 539/682/267 426/561/265 398/525/642
f 735/894/295 736/895/639 400/528/640 428/564/296
f 415/548/13 798/961/195 799/962/650 387/512/638
f 49/49/651 144/211/652 430/567/34 429/565/33
f 431/568/353 430/567/34 144/211/652 130/193/653
f 432/569/54 431/568/353 130/193/653 50/50/654
f 433/570/55 432/569/54 50/50/654 158/229/655
f 434/571/375 433/570/55 158/229/655 172/247/656
f 435/572/333 434/571/375 172/247/656 51/51/657
f 207/292/658 436/573/334 435/572/333 51/51/657
f 193/274/659 437/574/408 436/573/334 207/292/658
f 438/575/42 437/574/408 193/274/659 52/52/660
f 439/576/43 438/575/42 52/52/660 278/371/661
f 440/577/464 439/576/43 278/371/661 292/389/662
f 441/578/465 440/577/464 292/389/662 53/53/663
f 53/53/663 334/443/664 442/579/501 441/578/465
f 443/580/523 442/579/501 334/443/664 306/407/665
f 444/581/30 443/580/523 306/407/665 320/425/666
f 445/582/31 444/581/30 320/425/666 54/54/667
f 54/54/667 362/479/668 446/583/63 445/582/31
f 447/584/590 446/583/63 362/479/668 348/461/669
f 448/585/552 447/584/590 348/461/669 376/497/670
f 449/586/553 448/585/552 376/497/670 55/55/671
f 450/587/611 449/586/553 55/55/671 404/533/672
f 451/588/634 450/587/611 404/533/672 390/515/673
f 452/589/26 451/588/634 390/515/673 418/551/674
f 453/590/27 452/589/26 418/551/674 56/56/675
f 791/953/676 792/954/201 453/591/27 56/135/675
f 100/169/677 425/560/678 455/594/264 454/593/263
f 456/595/643 455/594/264 425/560/678 397/524/679
f 457/596/624 456/595/643 397/524/679 411/542/680
f 458/597/571 457/596/624 411/542/680 119/172/681
f 119/172/681 383/506/682 459/598/572 458/597/571
f 460/599/600 459/598/572 383/506/682 355/470/683
f 461/600/302 460/599/600 355/470/683 369/488/684
f 462/601/269 461/600/302 369/488/684 117/168/685
f 117/168/685 327/434/686 463/602/270 462/601/269
f 464/603/535 463/602/270 327/434/686 313/416/687
f 465/604/514 464/603/535 313/416/687 341/452/688
f 466/605/483 465/604/514 341/452/688 116/167/689
f 299/398/690 467/606/484 466/605/483 116/167/689
f 285/380/691 468/607/249 467/606/484 299/398/690
f 109/157/692 469/608/250 468/607/249 285/380/691
f 109/157/692 250/340/693 470/609/445 469/608/250
f 471/610/221 470/609/445 250/340/693 239/327/694
f 472/611/222 471/610/221 239/327/694 88/108/695
f 473/612/179 818/982/178 819/983/696 76/109/697
f 76/109/697 186/265/698 474/613/395 473/612/179
f 475/614/311 474/613/395 186/265/698 200/283/699
f 476/615/312 475/614/311 200/283/699 75/97/700
f 179/256/701 477/616/384 476/615/312 75/97/700
f 165/238/702 478/617/157 477/616/384 179/256/701
f 479/618/158 478/617/157 165/238/702 73/94/703
f 73/94/703 137/202/704 480/619/362 479/618/158
f 481/620/151 480/619/362 137/202/704 151/220/705
f 482/622/138 481/620/151 151/220/705 67/93/706
f 483/623/139 482/621/138 67/77/706 223/309/707
f 484/624/428 483/623/139 223/309/707 266/358/708
f 429/566/33 484/624/428 266/358/708 49/78/651
f 48/48/709 416/549/710 486/627/99 485/625/98
f 487/628/636 486/627/99 416/549/710 388/513/711
f 488/629/610 487/628/636 388/513/711 406/535/712
f 489/630/555 488/629/610 406/535/712 47/47/713
f 374/495/714 490/631/556 489/630/555 47/47/713
f 350/463/715 491/632/592 490/631/556 374/495/714
f 364/481/716 492/633/97 491/632/592 350/463/715
f 493/634/95 492/633/97 364/481/716 46/46/717
f 494/635/96 493/634/95 46/46/717 318/423/718
f 495/636/521 494/635/96 318/423/718 304/405/719
f 496/637/500 495/636/521 304/405/719 336/445/720
f 497/638/467 496/637/500 336/445/720 45/45/721
f 498/639/468 497/638/467 45/45/721 290/387/722
f 499/640/93 498/639/468 290/387/722 280/373/723
f 500/641/94 499/640/93 280/373/723 44/44/724
f 44/44/724 195/276/725 501/642/409 500/641/94
f 502/643/337 501/642/409 195/276/725 209/294/726
f 503/644/338 502/643/337 209/294/726 43/43/727
f 43/43/727 170/245/728 504/645/376 503/644/338
f 505/646/91 504/645/376 170/245/728 160/231/729
f 506/647/92 505/646/91 160/231/729 42/42/730
f 132/195/731 507/648/354 506/647/92 42/42/730
f 146/213/732 508/649/89 507/648/354 132/195/731
f 509/650/90 508/649/89 146/213/732 41/41/733
f 264/356/734 510/652/429 509/651/90 41/82/733
f 225/311/735 511/653/141 510/652/429 264/356/734
f 69/81/736 512/654/142 511/653/141 225/311/735
f 69/90/736 149/218/737 513/656/152 512/655/142
f 514/657/361 513/656/152 149/218/737 135/200/738
f 515/658/159 514/657/361 135/200/738 71/89/739
f 71/89/739 163/236/740 516/659/160 515/658/159
f 517/660/383 516/659/160 163/236/740 181/258/741
f 518/661/307 517/660/383 181/258/741 80/99/742
f 198/281/743 519/662/308 518/661/307 80/99/742
f 184/263/744 520/663/394 519/662/308 198/281/743
f 521/664/181 520/663/394 184/263/744 79/113/745
f 815/979/746 816/980/182 521/664/181 79/113/745
f 523/666/219 522/665/218 90/112/747 237/325/748
f 524/667/444 523/666/219 237/325/748 252/342/749
f 525/668/246 524/667/444 252/342/749 107/155/750
f 526/669/247 525/668/246 107/155/750 283/378/751
f 527/670/480 526/669/247 283/378/751 301/400/752
f 528/671/481 527/670/480 301/400/752 114/165/753
f 114/165/753 339/450/754 529/672/515 528/671/481
f 530/673/537 529/672/515 339/450/754 315/418/755
f 531/674/273 530/673/537 315/418/755 329/436/756
f 532/675/274 531/674/273 329/436/756 124/179/757
f 124/179/757 367/486/758 533/676/300 532/675/274
f 534/677/598 533/676/300 367/486/758 353/468/759
f 535/678/568 534/677/598 353/468/759 385/508/760
f 536/679/569 535/678/568 385/508/760 122/176/761
f 409/540/762 537/680/625 536/679/569 122/176/761
f 399/526/763 538/681/641 537/680/625 409/540/762
f 427/562/764 539/682/267 538/681/641 399/526/763
f 540/684/268 539/682/267 427/562/764 97/177/765
f 485/626/98 794/956/198 795/957/766 48/128/709
f 56/56/675 418/551/674 542/687/110 541/685/109
f 543/688/633 542/687/110 418/551/674 390/515/673
f 544/689/613 543/688/633 390/515/673 404/533/672
f 545/690/549 544/689/613 404/533/672 55/55/671
f 376/497/670 546/691/550 545/690/549 55/55/671
f 348/461/669 547/692/589 546/691/550 376/497/670
f 362/479/668 548/693/108 547/692/589 348/461/669
f 549/694/106 548/693/108 362/479/668 54/54/667
f 550/695/107 549/694/106 54/54/667 320/425/666
f 551/696/524 550/695/107 320/425/666 306/407/665
f 552/697/503 551/696/524 306/407/665 334/443/664
f 553/698/461 552/697/503 334/443/664 53/53/663
f 53/53/663 292/389/662 554/699/462 553/698/461
f 555/700/104 554/699/462 292/389/662 278/371/661
f 556/701/105 555/700/104 278/371/661 52/52/660
f 193/274/659 557/702/406 556/701/105 52/52/660
f 207/292/658 558/703/331 557/702/406 193/274/659
f 51/51/657 559/704/332 558/703/331 207/292/658
f 51/51/657 172/247/656 560/705/373 559/704/332
f 561/706/102 560/705/373 172/247/656 158/229/655
f 562/707/103 561/706/102 158/229/655 50/50/654
f 130/193/653 563/708/351 562/707/103 50/50/654
f 144/211/652 564/709/100 563/708/351 130/193/653
f 565/710/101 564/709/100 144/211/652 49/49/651
f 266/358/708 566/712/426 565/711/101 49/78/651
f 223/309/707 567/713/135 566/712/426 266/358/708
f 67/77/706 568/714/136 567/713/135 223/309/707
f 151/220/705 569/716/149 568/715/136 67/93/706
f 137/202/704 570/717/364 569/716/149 151/220/705
f 571/718/161 570/717/364 137/202/704 73/94/703
f 73/94/703 165/238/702 572/719/162 571/718/161
f 573/720/386 572/719/162 165/238/702 179/256/701
f 574/721/313 573/720/386 179/256/701 75/97/700
f 75/97/700 200/283/699 575/722/314 574/721/313
f 576/723/397 575/722/314 200/283/699 186/265/698
f 577/724/175 576/723/397 186/265/698 76/109/697
f 819/983/696 820/984/176 577/724/175 76/109/697
f 579/726/225 578/725/224 88/108/695 239/327/694
f 580/727/447 579/726/225 239/327/694 250/340/693
f 581/728/251 580/727/447 250/340/693 109/157/692
f 109/157/692 285/380/691 582/729/252 581/728/251
f 583/730/486 582/729/252 285/380/691 299/398/690
f 584/731/487 583/730/486 299/398/690 116/167/689
f 341/452/688 585/732/512 584/731/487 116/167/689
f 313/416/687 586/733/534 585/732/512 341/452/688
f 327/434/686 587/734/257 586/733/534 313/416/687
f 117/168/685 588/735/253 587/734/257 327/434/686
f 117/168/685 369/488/684 589/736/254 588/735/253
f 590/737/601 589/736/254 369/488/684 355/470/683
f 591/738/574 590/737/601 355/470/683 383/506/682
f 592/739/575 591/738/574 383/506/682 119/172/681
f 593/740/622 592/739/575 119/172/681 411/542/680
f 594/741/644 593/740/622 411/542/680 397/524/679
f 595/742/260 594/741/644 397/524/679 425/560/678
f 596/744/261 595/742/260 425/560/678 100/169/677
f 790/952/200 791/953/676 56/135/675 541/686/109
f 40/40/767 142/209/768 598/747/86 597/745/85
f 599/748/350 598/747/86 142/209/768 128/191/769
f 600/749/82 599/748/350 128/191/769 39/39/770
f 601/750/83 600/749/82 39/39/770 156/227/771
f 602/751/372 601/750/83 156/227/771 174/249/772
f 603/752/327 602/751/372 174/249/772 38/38/773
f 38/38/773 205/290/774 604/753/328 603/752/327
f 605/754/405 604/753/328 205/290/774 191/272/775
f 606/755/78 605/754/405 191/272/775 37/37/776
f 607/756/79 606/755/78 37/37/776 276/369/777
f 608/757/458 607/756/79 276/369/777 294/391/778
f 609/758/459 608/757/458 294/391/778 36/36/779
f 36/36/779 332/441/780 610/759/504 609/758/459
f 611/760/526 610/759/504 332/441/780 308/409/781
f 612/761/76 611/760/526 308/409/781 322/427/782
f 613/762/71 612/761/76 322/427/782 35/35/783
f 35/35/783 360/477/784 614/763/72 613/762/71
f 615/764/587 614/763/72 360/477/784 346/459/785
f 616/765/546 615/764/587 346/459/785 378/499/786
f 617/766/547 616/765/546 378/499/786 34/34/787
f 34/34/787 402/531/788 618/767/614 617/766/547
f 619/768/631 618/767/614 402/531/788 392/517/789
f 620/769/68 619/768/631 392/517/789 420/553/790
f 621/770/69 620/769/68 420/553/790 33/33/791
f 787/949/792 788/950/202 621/771/69 33/138/791
f 101/183/793 423/558/794 623/774/293 622/773/292
f 624/775/646 623/774/293 423/558/794 395/522/795
f 625/776/621 624/775/646 395/522/795 413/544/796
f 626/777/577 625/776/621 413/544/796 126/186/797
f 126/186/797 381/504/798 627/778/578 626/777/577
f 628/779/603 627/778/578 381/504/798 357/472/799
f 629/780/291 628/779/603 357/472/799 371/490/800
f 630/781/279 629/780/291 371/490/800 125/181/801
f 125/181/801 325/432/802 631/782/280 630/781/279
f 632/783/532 631/782/280 325/432/802 311/414/803
f 633/784/511 632/783/532 311/414/803 343/454/804
f 634/785/489 633/784/511 343/454/804 112/162/805
f 297/396/806 635/786/490 634/785/489 112/162/805
f 287/382/807 636/787/237 635/786/490 297/396/806
f 111/159/808 637/788/238 636/787/237 287/382/807
f 638/789/448 637/788/238 111/159/808 248/338/809
f 639/790/227 638/789/448 248/338/809 241/329/810
f 640/791/228 639/790/227 241/329/810 86/105/811
f 84/102/812 641/792/169 766/926/168 767/927/813
f 84/102/812 188/267/814 642/793/398 641/792/169
f 643/794/317 642/793/398 188/267/814 202/285/815
f 644/795/318 643/794/317 202/285/815 83/101/816
f 177/254/817 645/796/387 644/795/318 83/101/816
f 167/240/818 646/797/165 645/796/387 177/254/817
f 647/798/166 646/797/165 167/240/818 70/85/819
f 70/85/819 139/204/820 648/799/365 647/798/166
f 649/800/148 648/799/365 139/204/820 153/222/821
f 650/802/132 649/800/148 153/222/821 65/87/822
f 651/803/133 650/801/132 65/73/822 221/307/823
f 652/804/425 651/803/133 221/307/823 268/360/824
f 597/746/85 652/804/425 268/360/824 40/74/767
f 322/427/782 654/806/6 653/805/5 35/35/783
f 308/409/781 655/807/527 654/806/6 322/427/782
f 332/441/780 656/808/506 655/807/527 308/409/781
f 657/809/453 656/808/506 332/441/780 36/36/779
f 36/36/779 294/391/778 658/810/454 657/809/453
f 659/811/46 658/810/454 294/391/778 276/369/777
f 660/812/47 659/811/46 276/369/777 37/37/776
f 191/272/775 661/813/402 660/812/47 37/37/776
f 205/290/774 662/814/325 661/813/402 191/272/775
f 663/815/326 662/814/325 205/290/774 38/38/773
f 38/38/773 174/249/772 664/816/369 663/815/326
f 665/817/58 664/816/369 174/249/772 156/227/771
f 666/818/59 665/817/58 156/227/771 39/39/770
f 128/191/769 667/819/347 666/818/59 39/39/770
f 142/209/768 668/820/3 667/819/347 128/191/769
f 669/821/4 668/820/3 142/209/768 40/40/767
f 268/360/824 670/823/423 669/822/4 40/74/767
f 221/307/823 671/824/129 670/823/423 268/360/824
f 65/73/822 672/825/130 671/824/129 221/307/823
f 153/222/821 673/827/145 672/826/130 65/87/822
f 139/204/820 674/828/366 673/827/145 153/222/821
f 70/85/819 675/829/119 674/828/366 139/204/820
f 70/85/819 167/240/818 676/830/120 675/829/119
f 677/831/389 676/830/120 167/240/818 177/254/817
f 678/832/319 677/831/389 177/254/817 83/101/816
f 83/101/816 202/285/815 679/833/320 678/832/319
f 680/834/400 679/833/320 202/285/815 188/267/814
f 681/835/172 680/834/400 188/267/814 84/102/812
f 767/927/813 768/928/173 681/835/172 84/102/812
f 241/329/810 683/837/230 682/836/229 86/105/811
f 248/338/809 684/838/450 683/837/230 241/329/810
f 685/839/233 684/838/450 248/338/809 111/159/808
f 287/382/807 686/840/234 685/839/233 111/159/808
f 297/396/806 687/841/493 686/840/234 287/382/807
f 688/842/494 687/841/493 297/396/806 112/162/805
f 343/454/804 689/843/508 688/842/494 112/162/805
f 311/414/803 690/844/530 689/843/508 343/454/804
f 325/432/802 691/845/281 690/844/530 311/414/803
f 125/181/801 692/846/282 691/845/281 325/432/802
f 371/490/800 693/847/289 692/846/282 125/181/801
f 357/472/799 694/848/604 693/847/289 371/490/800
f 381/504/798 695/849/579 694/848/604 357/472/799
f 126/186/797 696/850/580 695/849/579 381/504/798
f 413/544/796 697/851/618 696/850/580 126/186/797
f 395/522/795 698/852/647 697/851/618 413/544/796
f 423/558/794 699/853/285 698/852/647 395/522/795
f 101/183/793 700/855/286 699/853/285 423/558/794
f 701/857/10 786/948/204 787/949/792 33/138/791
f 702/858/11 701/856/10 33/33/791 420/553/790
f 703/859/630 702/858/11 420/553/790 392/517/789
f 704/860/616 703/859/630 392/517/789 402/531/788
f 705/861/542 704/860/616 402/531/788 34/34/787
f 706/862/543 705/861/542 34/34/787 378/499/786
f 707/863/586 706/862/543 378/499/786 346/459/785
f 708/864/66 707/863/586 346/459/785 360/477/784
f 653/805/5 708/864/66 360/477/784 35/35/783
f 41/41/733 146/213/732 710/867/22 709/865/21
f 711/868/356 710/867/22 146/213/732 132/195/731
f 712/869/50 711/868/356 132/195/731 42/42/730
f 713/870/51 712/869/50 42/42/730 160/231/729
f 714/871/378 713/870/51 160/231/729 170/245/728
f 715/872/339 714/871/378 170/245/728 43/43/727
f 209/294/726 716/873/340 715/872/339 43/43/727
f 195/276/725 717/874/411 716/873/340 209/294/726
f 718/875/37 717/874/411 195/276/725 44/44/724
f 44/44/724 280/373/723 719/876/38 718/875/37
f 720/877/470 719/876/38 280/373/723 290/387/722
f 721/878/471 720/877/470 290/387/722 45/45/721
f 45/45/721 336/445/720 722/879/497 721/878/471
f 723/880/520 722/879/497 336/445/720 304/405/719
f 724/881/18 723/880/520 304/405/719 318/423/718
f 725/882/19 724/881/18 318/423/718 46/46/717
f 46/46/717 364/481/716 726/883/61 725/882/19
f 727/884/593 726/883/61 364/481/716 350/463/715
f 728/885/558 727/884/593 350/463/715 374/495/714
f 729/886/559 728/885/558 374/495/714 47/47/713
f 730/887/607 729/886/559 47/47/713 406/535/712
f 731/888/637 730/887/607 406/535/712 388/513/711
f 732/889/14 731/888/637 388/513/711 416/549/710
f 733/890/15 732/889/14 416/549/710 48/48/709
f 48/128/709 795/957/766 796/958/196 733/891/15
f 427/562/764 735/894/295 734/893/294 97/177/765
f 399/526/763 736/895/639 735/894/295 427/562/764
f 409/540/762 737/896/627 736/895/639 399/526/763
f 738/897/564 737/896/627 409/540/762 122/176/761
f 739/898/565 738/897/564 122/176/761 385/508/760
f 740/899/597 739/898/565 385/508/760 353/468/759
f 741/900/299 740/899/597 353/468/759 367/486/758
f 742/901/275 741/900/299 367/486/758 124/179/757
f 329/436/756 743/902/276 742/901/275 124/179/757
f 315/418/755 744/903/538 743/902/276 329/436/756
f 339/450/754 745/904/517 744/903/538 315/418/755
f 746/905/476 745/904/517 339/450/754 114/165/753
f 747/906/477 746/905/476 114/165/753 301/400/752
f 748/907/242 747/906/477 301/400/752 283/378/751
f 749/908/243 748/907/242 283/378/751 107/155/750
f 252/342/749 750/909/441 749/908/243 107/155/750
f 237/325/748 751/910/215 750/909/441 252/342/749
f 752/911/216 751/910/215 237/325/748 90/112/747
f 753/912/186 814/978/185 815/979/746 79/113/745
f 184/263/744 754/913/391 753/912/186 79/113/745
f 198/281/743 755/914/303 754/913/391 184/263/744
f 80/99/742 756/915/304 755/914/303 198/281/743
f 757/916/381 756/915/304 80/99/742 181/258/741
f 758/917/153 757/916/381 181/258/741 163/236/740
f 759/918/154 758/917/153 163/236/740 71/89/739
f 135/200/738 760/919/359 759/918/154 71/89/739
f 149/218/737 761/920/146 760/919/359 135/200/738
f 762/922/143 761/920/146 149/218/737 69/90/736
f 763/923/144 762/921/143 69/81/736 225/311/735
f 764/924/431 763/923/144 225/311/735 264/356/734
f 709/866/21 764/924/431 264/356/734 41/82/733
f 640/791/228 766/926/168 765/925/167 85/104/223
f 767/927/813 766/926/168 640/791/228 86/105/811
f 682/836/229 768/928/173 767/927/813 86/105/811
f 769/929/174 768/928/173 682/836/229 87/107/232
f 242/330/231 770/931/211 769/930/174 87/153/232
f 247/336/449 771/932/451 770/931/211 242/330/231
f 106/150/236 288/383/235 855/1019/825 856/1020/826
f 854/1018/827 855/1019/825 288/383/235 296/394/492
f 853/1017/828 854/1018/827 296/394/492 105/149/491
f 852/1016/829 853/1017/828 105/149/491 344/455/509
f 851/1015/830 852/1016/829 344/455/509 310/412/531
f 850/1014/831 851/1015/830 310/412/531 324/430/284
f 849/1013/832 850/1014/831 324/430/284 104/146/283
f 104/146/283 372/491/290 848/1012/833 849/1013/832
f 847/1011/834 848/1012/833 372/491/290 358/473/605
f 781/942/584 780/941/583 380/502/582 103/142/581
f 103/142/581 414/545/619 782/943/617 781/942/584
f 783/944/649 782/943/617 414/545/619 394/520/648
f 784/945/205 783/944/649 394/520/648 422/556/288
f 785/947/203 784/945/205 422/556/288 102/143/287
f 102/140/287 700/854/286 786/948/204 785/946/203
f 787/949/792 786/948/204 700/854/286 101/139/793
f 622/772/292 788/950/202 787/949/792 101/139/793
f 99/137/262 789/951/199 788/950/202 622/772/292
f 596/743/261 790/952/200 789/951/199 99/137/262
f 100/134/677 791/953/676 790/952/200 596/743/261
f 454/592/263 792/954/201 791/953/676 100/134/677
f 98/133/266 793/955/197 792/954/201 454/592/263
f 794/956/198 793/955/197 98/133/266 540/683/268
f 795/957/766 794/956/198 540/683/268 97/129/765
f 796/958/196 795/957/766 97/129/765 734/892/294
f 797/960/194 796/958/196 734/892/294 96/130/297
f 798/961/195 797/959/194 96/127/297 428/563/296
f 799/962/650 798/961/195 428/563/296 400/527/640
f 832/996/835 833/997/836 408/538/626 95/125/563
f 831/995/837 832/996/835 95/125/563 386/509/566
f 830/994/838 831/995/837 386/509/566 352/466/596
f 829/993/839 830/994/838 352/466/596 366/484/298
f 828/992/840 829/993/839 366/484/298 94/122/278
f 94/122/278 330/437/277 827/991/841 828/992/840
f 826/990/842 827/991/841 330/437/277 316/419/539
f 825/989/843 826/990/842 316/419/539 338/448/516
f 824/988/844 825/989/843 338/448/516 93/116/475
f 93/116/475 302/401/478 823/987/845 824/988/844
f 822/986/846 823/987/845 302/401/478 282/376/241
f 821/985/847 822/986/846 282/376/241 92/117/244
f 236/323/214 812/975/190 811/974/452 253/343/442
f 813/977/184 812/975/190 236/323/214 91/121/213
f 814/978/185 813/976/184 91/115/213 752/911/216
f 815/979/746 814/978/185 752/911/216 90/112/747
f 90/112/747 522/665/218 816/980/182 815/979/746
f 817/981/177 816/980/182 522/665/218 89/110/217
f 89/110/217 472/611/222 818/982/178 817/981/177
f 819/983/696 818/982/178 472/611/222 88/108/695
f 88/108/695 578/725/224 820/984/176 819/983/696
f 765/925/167 820/984/176 578/725/224 85/104/223
f 811/974/452 810/973/848 822/986/846 821/985/847
f 810/973/848 809/972/849 823/987/845 822/986/846
f 824/988/844 823/987/845 809/972/849 808/971/850
f 808/971/850 807/970/851 825/989/843 824/988/844
f 807/970/851 806/969/852 826/990/842 825/989/843
f 806/969/852 805/968/853 827/991/841 826/990/842
f 828/992/840 827/991/841 805/968/853 804/967/854
f 804/967/854 803/966/855 829/993/839 828/992/840
f 803/966/855 802/965/856 830/994/838 829/993/839
f 802/965/856 801/964/857 831/995/837 830/994/838
f 801/964/857 800/963/858 832/996/835 831/995/837
f 800/963/858 799/962/650 833/997/836 832/996/835
f 835/999/561 834/998/628 799/962/650 800/963/858
f 836/1000/562 835/999/561 800/963/858 801/964/857
f 837/1001/595 836/1000/562 801/964/857 802/965/856
f 838/1002/193 837/1001/595 802/965/856 803/966/855
f 839/1003/191 838/1002/193 803/966/855 804/967/854
f 804/967/854 805/968/853 840/1004/192 839/1003/191
f 841/1005/540 840/1004/192 805/968/853 806/969/852
f 842/1006/518 841/1005/540 806/969/852 807/970/851
f 843/1007/473 842/1006/518 807/970/851 808/971/850
f 808/971/850 809/972/849 844/1008/474 843/1007/473
f 845/1009/187 844/1008/474 809/972/849 810/973/848
f 846/1010/188 845/1009/187 810/973/848 811/974/452
f 811/974/452 254/345/440 20/118/40 846/1010/188
f 253/343/442 811/974/452 821/985/847 92/117/244
f 833/997/836 799/962/650 400/527/640 408/538/626
f 834/998/628 407/537/608 387/512/638 799/962/650
f 780/941/583 779/940/859 848/1012/833 847/1011/834
f 849/1013/832 848/1012/833 779/940/859 778/939/860
f 778/939/860 777/938/861 850/1014/831 849/1013/832
f 777/938/861 776/937/862 851/1015/830 850/1014/831
f 776/937/862 775/936/863 852/1016/829 851/1015/830
f 775/936/863 774/935/864 853/1017/828 852/1016/829
f 774/935/864 773/934/865 854/1018/827 853/1017/828
f 773/934/865 772/933/866 855/1019/825 854/1018/827
f 856/1020/826 855/1019/825 772/933/866 771/932/451
f 771/932/451 772/933/866 858/1022/210 857/1021/209
f 859/1023/495 858/1022/210 772/933/866 773/934/865
f 860/1024/496 859/1023/495 773/934/865 774/935/864
f 861/1025/507 860/1024/496 774/935/864 775/936/863
f 862/1026/529 861/1025/507 775/936/863 776/937/862
f 863/1027/208 862/1026/529 776/937/862 777/938/861
f 864/1028/206 863/1027/208 777/938/861 778/939/860
f 778/939/860 779/940/859 865/1029/207 864/1028/206
f 866/1030/606 865/1029/207 779/940/859 780/941/583
f 866/1030/606 780/941/583 379/501/544 345/458/585
f 780/941/583 847/1011/834 358/473/605 380/502/582
f 247/336/449 106/150/236 856/1020/826 771/932/451
f 17/151/48 246/335/414 771/932/451 857/1021/209
