# This file uses centimeters as units for non-parametric coordinates.

mtllib House_Small_LOW.mtl
g default
v 0.914704 2.702344 -2.329283
v 0.913919 1.562722 -2.278768
v -0.255525 2.702344 -2.347479
v -0.256310 1.562722 -2.296964
v 2.988833 2.702344 -0.276815
v 2.938334 1.562722 -0.275340
v 2.954679 2.702344 -1.446686
v 2.904179 1.562722 -1.445212
v -2.933167 2.698252 -0.584751
v -2.853078 1.560327 -0.584028
v -2.943725 2.698252 0.585572
v -2.863636 1.560327 0.586295
v -2.777067 2.795005 -0.832770
v -2.577155 1.465164 -0.763278
v -2.589877 1.443562 0.709067
v -2.792475 2.822778 0.795235
v -2.763184 2.658472 -0.462814
v -2.590869 1.624519 -0.371480
v -2.598786 1.612349 0.390836
v -2.771614 2.646722 0.505454
v -2.767161 2.640685 0.029254
v -2.784387 2.782236 0.015476
v -2.780197 2.785102 -0.457267
v -2.789523 2.802573 0.526169
v -2.599580 1.619461 0.711117
v -2.584052 1.638700 -0.764340
v -2.586707 1.433404 0.386986
v -2.586705 1.433407 0.386771
v -2.580247 1.448872 -0.373680
v -2.759885 2.684889 -0.829835
v -2.762462 2.653039 0.782925
v -3.268787 2.810406 0.790938
v -3.265835 2.790202 0.521872
v -3.247926 2.634351 0.501158
v -3.242365 2.640574 0.778595
v -3.253379 2.782633 -0.837067
v -3.236197 2.672517 -0.834132
v -3.239496 2.646101 -0.467111
v -3.256510 2.772730 -0.461564
v -3.243474 2.628313 0.024958
v -3.260700 2.769865 0.011179
v -2.948316 1.434251 0.705833
v -2.958019 1.610150 0.707883
v -2.956487 1.603057 0.387609
v -2.945146 1.424093 0.383752
v -2.948647 1.615226 -0.374708
v -2.938685 1.439562 -0.376914
v -2.945144 1.424096 0.383537
v -2.942491 1.629390 -0.767573
v -2.935594 1.455854 -0.766511
v -2.968073 2.064766 0.558376
v -2.948797 2.087673 -0.557939
v -2.645593 2.050063 0.535413
v -2.603506 2.071930 -0.582527
v -2.962745 2.159951 0.303552
v -2.958707 2.078573 0.285347
v -2.626261 2.063415 0.261677
v -2.630299 2.144794 0.279880
v -2.955063 2.163238 -0.007309
v -2.944956 2.076232 -0.013806
v -2.622993 2.061553 -0.036731
v -2.622617 2.148081 -0.030980
v -2.953704 2.155403 -0.281594
v -2.947402 2.074289 -0.281414
v -2.625439 2.059609 -0.304337
v -2.621258 2.140245 -0.305264
v -2.596214 2.140693 -0.575446
v -2.942164 2.156466 -0.550812
v -2.639971 2.142130 0.545933
v -2.962450 2.156833 0.568895
v 2.839862 2.795069 -0.022941
v 2.672022 1.460469 -0.085756
v 2.629054 1.438860 -1.557529
v 2.792351 2.822851 -1.650325
v 2.815407 2.658135 -0.392201
v 2.666620 1.620035 -0.477671
v 2.645728 1.607896 -1.239743
v 2.787149 2.646381 -1.360093
v 2.801047 2.640342 -0.884075
v 2.815107 2.782296 -0.870858
v 2.828903 2.785162 -0.398297
v 2.800203 2.802640 -1.381359
v 2.634104 1.614951 -1.559814
v 2.674448 1.634127 -0.084827
v 2.638453 1.428699 -1.235569
v 2.638459 1.428702 -1.235354
v 2.660652 1.444172 -0.475200
v 2.825444 2.684543 -0.025302
v 2.767245 2.652393 -1.637007
v 3.268640 2.822851 -1.664231
v 3.276492 2.802640 -1.395264
v 3.263439 2.646381 -1.373999
v 3.247125 2.652393 -1.651017
v 3.316151 2.795069 -0.036846
v 3.301733 2.684542 -0.039207
v 3.291696 2.658135 -0.406106
v 3.305193 2.785162 -0.412202
v 3.277336 2.640342 -0.897981
v 3.291397 2.782295 -0.884763
v 2.987475 1.438859 -1.567993
v 2.992525 1.614950 -1.570278
v 3.003412 1.607895 -1.250185
v 2.996875 1.428697 -1.246033
v 3.024381 1.620035 -0.488116
v 3.019074 1.444172 -0.485664
v 2.996881 1.428701 -1.245818
v 3.032870 1.634126 -0.095291
v 3.030443 1.460469 -0.096220
v 2.996480 2.069710 -1.420920
v 3.019269 2.092370 -0.304666
v 2.675603 2.046645 -1.385670
v 2.675694 2.067673 -0.266922
v 2.998421 2.164784 -1.166006
v 2.997195 2.083332 -1.147722
v 2.666401 2.059554 -1.111386
v 2.667627 2.141006 -1.129668
v 3.002535 2.167943 -0.855076
v 2.994945 2.080705 -0.848264
v 2.674582 2.057677 -0.813072
v 2.671742 2.144165 -0.818738
v 3.011858 2.160139 -0.580945
v 3.007660 2.078889 -0.580946
v 2.687297 2.055861 -0.545756
v 2.681064 2.136361 -0.544609
v 2.666354 2.136222 -0.273667
v 3.010586 2.160966 -0.311482
v 2.667195 2.138532 -1.395898
v 2.988073 2.161597 -1.431147
v 1.161662 2.795069 -2.169108
v 1.091404 1.460469 -2.004245
v -0.380818 1.438860 -2.027136
v -0.466219 2.822851 -2.194419
v 0.791678 2.658135 -2.161190
v 0.699639 1.620035 -2.016375
v -0.062604 1.607896 -2.029583
v -0.176510 2.646381 -2.176244
v 0.299653 2.640342 -2.168841
v 0.313486 2.782296 -2.182296
v 0.786191 2.785162 -2.174946
v -0.197171 2.802640 -2.190236
v -0.382875 1.614951 -2.032283
v 1.092441 1.634127 -2.006627
v -0.058760 1.428699 -2.022128
v -0.058545 1.428702 -2.022125
v 0.701841 1.444172 -2.010302
v 1.158659 2.684543 -2.154811
v -0.454037 2.652393 -2.168743
v -0.458811 2.822851 -2.670854
v -0.189763 2.802640 -2.666670
v -0.169103 2.646381 -2.652679
v -0.446573 2.652393 -2.648770
v 1.169070 2.795069 -2.645542
v 1.166067 2.684542 -2.631245
v 0.799086 2.658135 -2.637625
v 0.793599 2.785162 -2.651381
v 0.307061 2.640342 -2.645275
v 0.320894 2.782295 -2.658731
v -0.375243 1.438859 -2.385667
v -0.377301 1.614950 -2.390814
v -0.057041 1.607895 -2.387376
v -0.053185 1.428697 -2.380659
v 0.705204 1.620035 -2.374244
v 0.707416 1.444172 -2.368833
v -0.052970 1.428701 -2.380656
v 1.098015 1.634126 -2.365158
v 1.096978 1.460469 -2.362776
v -0.227915 2.069710 -2.388086
v 0.888242 2.092370 -2.360934
v -0.207049 2.046645 -2.065953
v 0.910583 2.067673 -2.016015
v 0.026831 2.164784 -2.378625
v 0.045041 2.083332 -2.376583
v 0.066549 2.059554 -2.044495
v 0.048340 2.141006 -2.046537
v 0.337634 2.167943 -2.368831
v 0.344099 2.080705 -2.360943
v 0.364930 2.057677 -2.039328
v 0.359143 2.144165 -2.036743
v 0.611907 2.160139 -2.365885
v 0.611719 2.078889 -2.361691
v 0.632548 2.055861 -2.040076
v 0.633415 2.136361 -2.033797
v 0.903427 2.136222 -2.006986
v 0.881044 2.160966 -2.352564
v -0.217643 2.138532 -2.058012
v -0.238507 2.161597 -2.380144
v -3.087451 2.699082 -0.522794
v -2.935362 1.590233 -0.512255
v -2.931691 1.585130 0.456473
v -3.079525 2.690341 0.517036
v -2.763942 2.707484 -0.519876
v -2.588970 1.599230 -0.509130
v -2.598923 1.593774 0.459475
v -2.773083 2.698299 0.519800
v -2.707175 2.403690 0.684234
v -3.051022 2.394760 0.681132
v -3.012229 2.378569 0.495694
v -2.697114 2.386755 0.498536
v -2.979852 2.022249 0.475955
v -2.664736 2.030436 0.478798
v -2.668800 2.038230 0.674342
v -3.002306 2.029565 0.671333
v -3.033668 2.443515 -0.755417
v -3.026312 2.428554 -0.528413
v -2.692806 2.437218 -0.525405
v -2.700162 2.452178 -0.752408
v -2.996365 2.134872 -0.723712
v -2.983668 2.132328 -0.517515
v -2.660679 2.140717 -0.514601
v -2.662859 2.143535 -0.720704
v -2.968253 1.862391 -0.707602
v -2.960195 1.865927 -0.507346
v -2.637206 1.874318 -0.504432
v -2.634747 1.871056 -0.704594
v -2.598402 1.596000 0.648054
v -2.931908 1.587337 0.645046
v -2.583767 1.604634 -0.697797
v -2.930821 1.595620 -0.700928
v -2.761328 2.715359 -0.757694
v -3.084836 2.706956 -0.760612
v -2.763088 2.701290 0.713410
v -3.073120 2.693237 0.710613
v -2.985117 2.664459 0.031307
v -2.883892 1.552386 0.041388
v -2.661502 2.665606 0.034226
v -2.537385 1.553613 0.044514
v -2.964351 2.407706 -0.056275
v -2.956022 2.392537 0.025399
v -2.622406 2.393722 0.028409
v -2.630735 2.408889 -0.053266
v -2.933744 2.098298 -0.050469
v -2.920030 2.095428 0.036238
v -2.596935 2.096573 0.039153
v -2.600128 2.099481 -0.047460
v -2.911749 1.825252 -0.034415
v -2.902537 1.828565 0.046353
v -2.579441 1.829713 0.049268
v -2.578133 1.826437 -0.031405
v -2.533139 1.558937 -0.024662
v -2.880308 1.557707 -0.027794
v -2.660022 2.673468 -0.058264
v -2.983637 2.672321 -0.061184
v 3.018075 2.669766 -0.894432
v 2.945433 1.555437 -0.901482
v 2.694663 2.662510 -0.884990
v 2.599144 1.547667 -0.891373
v 3.007339 2.412581 -0.806315
v 2.996293 2.397182 -0.887623
v 2.662887 2.389704 -0.877890
v 2.673934 2.405102 -0.796582
v 2.984573 2.102481 -0.811182
v 2.967636 2.099236 -0.897305
v 2.644744 2.091991 -0.887878
v 2.651167 2.095001 -0.801449
v 2.969074 1.828952 -0.826592
v 2.956701 1.832007 -0.906946
v 2.633808 1.824764 -0.897520
v 2.635669 1.821475 -0.816859
v 2.597407 1.552896 -0.822081
v 2.944357 1.560680 -0.832210
v 2.696513 2.670353 -0.792505
v 3.019925 2.677609 -0.801947
v 3.140565 2.707164 -0.344617
v 3.017013 1.594738 -0.350181
v 2.976477 1.589314 -1.318065
v 3.093157 2.697976 -1.383392
v 2.817072 2.707163 -0.335172
v 2.670637 1.594738 -0.340068
v 2.643725 1.589315 -1.308351
v 2.786731 2.697975 -1.374446
v 2.722257 2.401716 -1.536466
v 3.066088 2.401717 -1.546504
v 3.034840 2.384568 -1.359732
v 2.719739 2.384569 -1.350532
v 3.012498 2.027531 -1.339041
v 2.697398 2.027534 -1.329842
v 2.693786 2.035385 -1.525392
v 3.027276 2.035383 -1.535128
v 3.102357 2.450341 -0.110304
v 3.086727 2.435141 -0.336872
v 2.753237 2.435143 -0.327136
v 2.768867 2.450343 -0.100568
v 3.071892 2.140826 -0.140794
v 3.051399 2.137905 -0.346359
v 2.728426 2.137906 -0.336930
v 2.738403 2.140827 -0.131058
v 3.050267 1.867704 -0.156026
v 3.034477 1.870982 -0.355825
v 2.711503 1.870984 -0.346397
v 2.716777 1.867707 -0.146289
v 2.635944 1.591483 -1.496771
v 2.969434 1.591482 -1.506507
v 2.672506 1.600049 -0.151336
v 3.019543 1.600049 -0.161468
v 2.823339 2.715024 -0.097422
v 3.146831 2.715023 -0.106867
v 2.769273 2.700661 -1.567530
v 3.079290 2.700660 -1.576581
v 0.853755 2.707164 -2.483895
v 0.842671 1.594738 -2.360716
v -0.126057 1.589314 -2.363503
v -0.186101 2.697976 -2.482987
v 0.848724 2.707163 -2.160303
v 0.837284 1.594738 -2.014234
v -0.131233 1.589315 -2.030649
v -0.190867 2.697975 -2.176468
v -0.355608 2.401716 -2.119304
v -0.350260 2.401717 -2.463240
v -0.165072 2.384568 -2.423671
v -0.169973 2.384569 -2.108474
v -0.145401 2.027531 -2.400426
v -0.150302 2.027534 -2.085230
v -0.345819 2.035385 -2.090367
v -0.340632 2.035383 -2.423958
v 1.086125 2.450341 -2.435247
v 0.859084 2.435141 -2.429765
v 0.853897 2.435143 -2.096173
v 1.080938 2.450343 -2.101656
v 1.054302 2.140826 -2.406177
v 0.848027 2.137905 -2.394897
v 0.843004 2.137906 -2.071825
v 1.049116 2.140827 -2.072585
v 1.038119 1.867704 -2.385254
v 0.837813 1.870982 -2.378415
v 0.832790 1.870984 -2.055343
v 1.032933 1.867707 -2.051662
v -0.319813 1.591483 -2.031302
v -0.314626 1.591482 -2.364894
v 1.025911 1.600049 -2.007661
v 1.031309 1.600049 -2.354804
v 1.086516 2.715024 -2.155932
v 1.091548 2.715023 -2.479523
v -0.384539 2.700661 -2.167663
v -0.379717 2.700660 -2.477774
v 0.299012 2.669766 -2.386115
v 0.288720 1.555437 -2.313861
v 0.293982 2.662510 -2.062604
v 0.283334 1.547667 -1.967466
v 0.386561 2.412581 -2.371450
v 0.304840 2.397182 -2.364050
v 0.299654 2.389704 -2.030542
v 0.381375 2.405102 -2.037942
v 0.380680 2.102481 -2.348924
v 0.293887 2.099236 -2.335855
v 0.288865 2.091991 -2.012865
v 0.375495 2.095001 -2.015416
v 0.364593 1.828952 -2.334130
v 0.283766 1.832007 -2.325362
v 0.278744 1.824764 -2.002371
v 0.359407 1.821475 -2.000622
v 0.352479 1.552896 -1.962633
v 0.357875 1.560680 -2.309688
v 0.386458 2.670353 -2.060317
v 0.391488 2.677609 -2.383827
v -2.709538 -0.513240 2.026394
v -2.478342 -0.513240 2.026394
v -2.709538 -0.513240 -2.037763
v -2.478342 -0.513240 -2.037763
v -3.039315 5.237513 0.023657
v -3.039315 5.237513 -0.023657
v -2.658037 3.886108 2.259328
v -2.642857 3.854569 2.266235
v -2.933502 3.909261 2.283182
v -2.902648 3.886107 2.259326
v -2.930043 3.854562 2.266234
v -2.930043 3.854562 -2.277603
v -2.902648 3.886107 -2.270695
v -2.933502 3.909261 -2.282887
v -2.642857 3.854569 -2.277604
v -2.658037 3.886108 -2.270697
v -2.465572 0.054278 2.054833
v -2.504114 0.022833 2.053024
v -2.462538 -0.008611 2.051215
v -2.739882 -0.008606 2.051215
v -2.723349 0.022833 2.053024
v -2.743082 0.054273 2.054832
v -2.739883 0.026672 -2.062584
v -2.723349 0.058099 -2.064393
v -2.743082 0.089525 -2.066201
v -2.462538 0.026654 -2.062584
v -2.504114 0.058099 -2.064393
v -2.465572 0.089543 -2.066202
v -2.487290 0.544059 2.080729
v -2.522615 0.512614 2.078921
v -2.484256 0.481170 2.077111
v -2.762785 0.481174 2.077112
v -2.740229 0.512614 2.078921
v -2.765985 0.544054 2.080729
v -2.762786 0.498820 -2.088481
v -2.740229 0.530247 -2.090290
v -2.765984 0.561673 -2.092098
v -2.484256 0.498802 -2.088480
v -2.522615 0.530247 -2.090290
v -2.487290 0.561691 -2.092099
v -2.531425 1.137251 2.112322
v -2.562824 1.105806 2.110513
v -2.528391 1.074362 2.108704
v -2.808367 1.074367 2.108704
v -2.788245 1.105806 2.110513
v -2.811566 1.137246 2.112322
v -2.808367 0.981808 -2.120074
v -2.788245 1.013235 -2.121882
v -2.811566 1.044661 -2.123691
v -2.528391 0.981790 -2.120073
v -2.562824 1.013235 -2.121882
v -2.531425 1.044679 -2.123692
v -2.556392 1.615781 2.142095
v -2.584093 1.584337 2.140286
v -2.553358 1.552892 2.138477
v -2.834697 1.552897 2.138477
v -2.819878 1.584337 2.140286
v -2.837897 1.615777 2.142095
v -2.834697 1.530136 -2.149847
v -2.819878 1.561562 -2.151655
v -2.837896 1.592989 -2.153463
v -2.553358 1.530118 -2.149846
v -2.584093 1.561562 -2.151655
v -2.556392 1.593007 -2.153464
v -2.561601 2.012645 2.169342
v -2.585917 1.981200 2.167533
v -2.558567 1.949755 2.165723
v -2.841153 1.949760 2.165723
v -2.826708 1.981200 2.167533
v -2.844352 2.012640 2.169342
v -2.841154 2.032489 -2.177094
v -2.826708 2.063915 -2.178902
v -2.844351 2.095342 -2.180710
v -2.558567 2.032471 -2.177093
v -2.585917 2.063915 -2.178902
v -2.561601 2.095360 -2.180711
v -2.603439 2.616902 2.202403
v -2.623647 2.585457 2.200593
v -2.600405 2.554013 2.198785
v -2.884505 2.554017 2.198785
v -2.865729 2.585457 2.200593
v -2.887705 2.616897 2.202402
v -2.884506 2.578345 -2.210155
v -2.865729 2.609771 -2.211963
v -2.887703 2.641198 -2.213771
v -2.600405 2.578327 -2.210154
v -2.623647 2.609771 -2.211963
v -2.603439 2.641216 -2.213772
v -2.635005 3.347509 2.240044
v -2.650537 3.316064 2.238235
v -2.631972 3.284619 2.236426
v -2.917794 3.284624 2.236426
v -2.894086 3.316064 2.238235
v -2.920993 3.347504 2.240043
v -2.917795 3.187032 -2.247796
v -2.894086 3.218458 -2.249604
v -2.920993 3.249884 -2.251412
v -2.631972 3.187014 -2.247795
v -2.650537 3.218458 -2.249604
v -2.635005 3.249903 -2.251413
v -2.952133 4.296220 1.619204
v -2.919270 4.317987 1.581340
v -2.955600 4.339753 1.543476
v -2.952133 4.306645 -1.607171
v -2.919270 4.328412 -1.569307
v -2.955600 4.350178 -1.531443
v -3.003121 4.783175 0.813994
v -2.964796 4.804941 0.776130
v -3.006588 4.826708 0.738266
v -3.003121 4.756099 -0.844078
v -2.964796 4.777865 -0.806213
v -3.006588 4.799632 -0.768349
v -3.039315 5.237513 -0.001013
v -2.504114 0.025753 2.297601
v -2.465572 0.057656 2.299435
v -2.743082 0.057652 2.299435
v -2.723349 0.025754 2.297601
v -2.484256 0.469158 2.321714
v -2.522615 0.500143 2.323498
v -2.740229 0.500143 2.323498
v -2.762785 0.469163 2.321714
v -2.562824 1.111292 2.443470
v -2.531425 1.142274 2.445251
v -2.811566 1.142269 2.445251
v -2.788245 1.111292 2.443470
v -2.553358 1.542526 2.463549
v -2.584093 1.574432 2.465387
v -2.819878 1.574432 2.465387
v -2.834697 1.542531 2.463549
v -2.585917 1.986684 2.470052
v -2.561601 2.017684 2.471834
v -2.844352 2.017680 2.471834
v -2.826708 1.986684 2.470052
v -2.600405 2.525682 2.443335
v -2.623647 2.557570 2.445171
v -2.865729 2.557570 2.445171
v -2.884505 2.525686 2.443336
v -2.650537 3.326679 2.496560
v -2.635005 3.357486 2.498330
v -2.920993 3.357482 2.498329
v -2.894086 3.326679 2.496560
v -2.642858 3.843831 2.509208
v -2.930044 3.843823 2.509207
v -2.658038 3.877340 2.500776
v -2.902650 3.877338 2.500773
v -2.462538 -0.022573 2.350637
v -2.504114 0.009236 2.352468
v -2.723349 0.009237 2.352468
v -2.739882 -0.022568 2.350637
v -2.709538 -0.513240 2.370967
v -2.478342 -0.513240 2.370967
v -2.522615 0.516997 2.439249
v -2.487290 0.549004 2.441088
v -2.765985 0.548999 2.441088
v -2.740229 0.516997 2.439249
v -2.528391 1.061328 2.408179
v -2.562824 1.092210 2.409957
v -2.788245 1.092210 2.409957
v -2.808367 1.061333 2.408180
v -2.584093 1.586722 2.439730
v -2.556392 1.617768 2.441515
v -2.837897 1.617764 2.441515
v -2.819878 1.586722 2.439730
v -2.558567 1.935760 2.443540
v -2.585917 1.967600 2.445373
v -2.826708 1.967600 2.445373
v -2.841153 1.935765 2.443540
v -2.623647 2.573855 2.505930
v -2.603439 2.606232 2.507789
v -2.887705 2.606227 2.507788
v -2.865729 2.573855 2.505930
v -2.631972 3.271956 2.535920
v -2.650537 3.302468 2.537679
v -2.894086 3.302468 2.537679
v -2.917794 3.271960 2.535920
v -2.484255 0.484785 -2.401993
v -2.762786 0.484804 -2.401994
v -2.465572 0.105025 -2.379714
v -2.743081 0.105007 -2.379714
v -2.723349 0.073194 -2.377884
v -2.504114 0.073194 -2.377884
v -2.740229 0.515842 -2.403780
v -2.522615 0.515842 -2.403780
v -2.553358 1.516171 -2.434293
v -2.834697 1.516190 -2.434293
v -2.531425 1.043844 -2.408138
v -2.811566 1.043826 -2.408137
v -2.788245 1.011943 -2.406304
v -2.562824 1.011943 -2.406304
v -2.819878 1.547160 -2.436076
v -2.584093 1.547160 -2.436076
v -2.600405 2.563925 -2.473433
v -2.884506 2.563943 -2.473434
v -2.561601 2.107179 -2.486274
v -2.844351 2.107161 -2.486273
v -2.826708 2.075735 -2.484464
v -2.585917 2.075735 -2.484464
v -2.865729 2.595370 -2.475243
v -2.623647 2.595370 -2.475243
v -2.642858 3.798401 -2.538644
v -2.930044 3.798394 -2.538644
v -2.635005 3.278684 -2.551726
v -2.920993 3.278665 -2.551725
v -2.902650 3.858929 -2.529424
v -2.658039 3.858931 -2.529426
v -2.894086 3.246586 -2.549881
v -2.650537 3.246586 -2.549881
v -2.462539 0.005848 -2.425689
v -2.739883 0.005866 -2.425689
v -2.478343 -0.513240 -2.371816
v -2.709539 -0.513240 -2.371816
v -2.723349 0.036978 -2.427480
v -2.504115 0.036978 -2.427480
v -2.528390 0.959019 -2.446060
v -2.808367 0.959036 -2.446061
v -2.487290 0.580139 -2.455084
v -2.765984 0.580121 -2.455083
v -2.740228 0.550349 -2.453377
v -2.522614 0.550349 -2.453377
v -2.788244 0.992117 -2.447972
v -2.562824 0.992117 -2.447972
v -2.558567 2.011352 -2.455614
v -2.841154 2.011370 -2.455615
v -2.556392 1.592499 -2.392344
v -2.837896 1.592481 -2.392344
v -2.819878 1.561055 -2.390536
v -2.584093 1.561055 -2.390536
v -2.826708 2.042796 -2.457423
v -2.585917 2.042796 -2.457423
v -2.631972 3.165018 -2.616115
v -2.917795 3.165036 -2.616116
v -2.603439 2.667842 -2.553022
v -2.887703 2.667824 -2.553021
v -2.865728 2.637275 -2.551266
v -2.623647 2.637275 -2.551266
v -2.894086 3.197340 -2.617977
v -2.650537 3.197340 -2.617977
v -2.456988 -0.428963 2.367475
v -2.733391 -0.428962 2.367475
v -2.733391 -0.426564 2.030657
v -2.733391 -0.420505 -2.042027
v -2.733391 -0.424078 -2.381069
v -2.456988 -0.424082 -2.381069
v -2.456988 -0.420508 -2.042027
v -2.456988 -0.426565 2.030657
v -2.923880 2.638991 -0.424450
v -2.921326 2.644094 0.215237
v -2.901905 2.607558 -0.424129
v -2.899349 2.612663 0.215430
v -2.918123 2.581233 0.215763
v -2.920681 2.576123 -0.423907
v -2.844351 2.030671 -0.419716
v -2.840592 2.029805 0.219978
v -2.826708 1.999242 -0.419564
v -2.822947 1.998374 0.220180
v -2.837387 1.966943 0.220513
v -2.841153 1.967811 -0.419169
v -2.836685 1.554757 -0.415964
v -2.834092 1.557193 0.223753
v -2.818666 1.523325 -0.415693
v -2.816071 1.525762 0.223994
v -2.830887 1.494332 0.224264
v -2.833484 1.491893 -0.415454
v -2.840724 1.070625 -0.411470
v -2.843380 1.080906 0.228164
v -2.817402 1.039190 -0.411099
v -2.820059 1.049479 0.228494
v -2.840180 1.018052 0.228860
v -2.837521 1.007754 -0.410838
v -2.767885 0.546588 -0.407004
v -2.765985 0.551613 0.232691
v -2.742131 0.515154 -0.406691
v -2.740229 0.520182 0.232900
v -2.762785 0.488752 0.233157
v -2.764690 0.483720 -0.406562
v -2.745005 0.068556 -0.403267
v -2.739998 0.072943 0.236263
v -2.725274 0.037122 -0.402957
v -2.720263 0.041511 0.236457
v -2.736793 0.010080 0.236805
v -2.741809 0.005687 -0.402738
v -2.730272 -0.423352 0.239731
v -2.733391 -0.424114 -0.399979
v -3.006588 4.818021 0.064542
v -3.006588 4.822432 -0.127828
v -2.964796 4.800596 -0.129451
v -2.964796 4.796400 0.062926
v -3.003121 4.774763 0.061395
v -3.003121 4.778767 -0.131162
v -2.955600 4.405601 -0.235772
v -2.955600 4.412611 0.106090
v -2.919270 4.384046 -0.238162
v -2.919270 4.390869 0.102726
v -2.952133 4.369121 0.100159
v -2.952133 4.362442 -0.241415
v -2.929806 3.923491 -0.430062
v -2.933502 3.925995 0.211019
v -2.898997 3.900352 -0.432477
v -2.902648 3.902828 0.207519
v -2.930043 3.871279 0.206344
v -2.926404 3.868811 -0.433315
v -2.957170 3.289927 -0.429622
v -2.954655 3.299285 0.210076
v -2.930263 3.258493 -0.429259
v -2.927749 3.267851 0.209950
v -2.951452 3.236424 0.210503
v -2.953970 3.227053 -0.429140
v -2.711226 -0.514895 -0.837160
v -2.711175 -0.514845 -1.337591
v -2.733391 -0.428494 -0.841402
v -2.733391 -0.427988 -1.341658
v -2.760400 -0.019865 -0.871230
v -2.759791 -0.016955 -1.371791
v -2.743258 0.014474 -1.374637
v -2.743870 0.011559 -0.874173
v -2.762992 0.045899 -1.377353
v -2.763604 0.042987 -0.876763
v -2.782724 0.467494 -1.410109
v -2.783329 0.465421 -0.909648
v -2.760172 0.498916 -1.412515
v -2.760772 0.496851 -0.912148
v -2.785929 0.530343 -1.415244
v -2.786528 0.528281 -0.914561
v -2.808367 0.957022 -1.456293
v -2.811026 0.958867 -0.956035
v -2.788245 0.988450 -1.459036
v -2.790900 0.990289 -0.958929
v -2.811566 1.019874 -1.461562
v -2.814221 1.021718 -0.961374
v -2.821600 1.504023 -1.499919
v -2.821222 1.500044 -0.999318
v -2.806780 1.535451 -1.502684
v -2.806402 1.531475 -1.002087
v -2.824797 1.566877 -1.505268
v -2.824420 1.562905 -1.004573
v -2.841153 2.006336 -1.540035
v -2.841153 2.000058 -1.039276
v -2.826708 2.037762 -1.542651
v -2.826708 2.031491 -1.041961
v -2.844351 2.069191 -1.545446
v -2.844351 2.062922 -1.044470
v -2.916877 2.553668 -1.588267
v -2.920682 2.552986 -1.087796
v -2.898106 2.585093 -1.590793
v -2.901905 2.584411 -1.090660
v -2.920082 2.616521 -1.593579
v -2.923880 2.615841 -1.093180
v -2.950229 3.165224 -1.643699
v -2.953970 3.168226 -1.143545
v -2.926529 3.196648 -1.646081
v -2.930263 3.199654 -1.146085
v -2.953439 3.228075 -1.648746
v -2.957170 3.231079 -1.148724
v -2.888162 3.854561 -1.687974
v -2.887042 3.855770 -1.186513
v -2.860915 3.886107 -1.684796
v -2.859748 3.887349 -1.170247
v -2.892541 3.909261 -1.700241
v -2.891486 3.910796 -1.079655
v -2.952133 4.304178 -1.122599
v -2.952133 4.313677 -0.724171
v -2.919270 4.325887 -1.063265
v -2.919270 4.334321 -0.717211
v -2.955600 4.347725 -1.050115
v -2.955600 4.357406 -0.662479
v -3.003121 4.774546 -0.581874
v -3.003121 4.781556 -0.338748
v -2.964796 4.797019 -0.545633
v -2.964796 4.803447 -0.331793
v -3.006588 4.825147 -0.311126
v -3.006588 4.818464 -0.523634
v -2.671167 -0.513240 1.321036
v -2.669612 -0.513240 0.779543
v -2.697079 -0.420456 1.317175
v -2.695641 -0.419992 0.775661
v -2.703518 0.027005 1.348731
v -2.702105 0.029672 0.807289
v -2.685568 0.061110 0.810119
v -2.686982 0.058445 1.351624
v -2.705297 0.092548 0.812970
v -2.706711 0.089886 1.354440
v -2.762785 0.524765 0.847459
v -2.762785 0.522837 1.388988
v -2.740229 0.556202 0.850110
v -2.740229 0.554282 1.391632
v -2.765985 0.587641 0.852869
v -2.765985 0.585724 1.394433
v -2.840180 1.080455 0.895903
v -2.836769 1.084624 1.437967
v -2.820059 1.111902 0.898989
v -2.816653 1.116064 1.440533
v -2.843380 1.143339 0.901606
v -2.839975 1.147501 1.443509
v -2.786041 1.532528 0.942213
v -2.787772 1.537588 1.484115
v -2.771223 1.563965 0.944840
v -2.772949 1.569023 1.486915
v -2.789236 1.595406 0.947722
v -2.790966 1.600461 1.489930
v -2.792454 1.994069 0.984164
v -2.794141 1.991499 1.525614
v -2.778005 2.025509 0.987074
v -2.779696 2.022937 1.528589
v -2.795645 2.056947 0.989943
v -2.797336 2.054378 1.531424
v -2.887066 2.616367 1.035521
v -2.884505 2.612578 1.576921
v -2.868288 2.647807 1.038340
v -2.865729 2.644023 1.579662
v -2.890261 2.679245 1.041123
v -2.887704 2.675465 1.582474
v -2.920316 3.284026 1.093517
v -2.917794 3.287553 1.635471
v -2.896602 3.315471 1.096734
v -2.894086 3.318990 1.638305
v -2.923508 3.346910 1.099455
v -2.920993 3.350427 1.641336
v -2.930043 3.887112 1.139004
v -2.930043 3.885014 1.681806
v -2.902648 3.918623 1.121992
v -2.902648 3.916451 1.678933
v -2.933502 3.941527 1.036761
v -2.933502 3.939101 1.696585
v -2.952133 4.362163 0.712679
v -2.952133 4.349865 1.093791
v -2.919270 4.383818 0.703240
v -2.919270 4.372753 1.038509
v -2.955600 4.405814 0.639631
v -2.955600 4.392310 1.038949
v -3.003121 4.767421 0.322054
v -3.003121 4.770339 0.569640
v -2.964796 4.788810 0.319858
v -2.964796 4.791424 0.530756
v -3.006588 4.813448 0.509312
v -3.006588 4.810721 0.299619
v -2.706242 -0.513240 0.240908
v -2.709699 -0.513397 -0.398895
v -2.478342 -0.513240 1.331697
v -2.478342 -0.513240 0.790116
v -2.478342 -0.513240 0.241506
v -2.478342 -0.513240 -0.398288
v -2.478342 -0.513240 -0.857295
v -2.478342 -0.513240 -1.357722
v 2.714453 -0.513240 -2.008088
v 2.497579 -0.513240 -2.008088
v 2.714453 -0.513240 2.031404
v 2.497579 -0.513240 2.031404
v 3.049331 5.237513 -0.023657
v 3.049330 5.237513 0.023657
v 2.648021 3.843777 -2.241022
v 2.632841 3.812237 -2.247928
v 2.923486 3.866929 -2.218509
v 2.892633 3.843775 -2.241019
v 2.920027 3.812230 -2.247928
v 2.920027 3.812230 2.271243
v 2.892633 3.843775 2.264335
v 2.923486 3.903808 2.245450
v 2.632841 3.812237 2.271244
v 2.648021 3.843777 2.264337
v 2.465572 0.104221 -2.036527
v 2.504114 0.072776 -2.034718
v 2.462538 0.041332 -2.032908
v 2.739882 0.041336 -2.032909
v 2.723349 0.072776 -2.034718
v 2.743082 0.104216 -2.036526
v 2.739883 0.076615 2.056225
v 2.723349 0.108041 2.058033
v 2.743082 0.139468 2.059841
v 2.462538 0.076597 2.056224
v 2.504114 0.108041 2.058033
v 2.465572 0.139486 2.059842
v 2.487290 0.544059 -2.062423
v 2.522615 0.512614 -2.060615
v 2.484256 0.481170 -2.058805
v 2.762785 0.481174 -2.058806
v 2.740229 0.512614 -2.060615
v 2.765985 0.544054 -2.062423
v 2.762786 0.498820 2.082122
v 2.740229 0.530247 2.083930
v 2.765984 0.561673 2.085738
v 2.484256 0.498802 2.082121
v 2.522615 0.530247 2.083930
v 2.487290 0.561691 2.085739
v 2.517525 1.037365 -2.094016
v 2.548924 1.005921 -2.092207
v 2.514491 0.974476 -2.090398
v 2.794466 0.974481 -2.090398
v 2.774345 1.005921 -2.092207
v 2.797666 1.037361 -2.094015
v 2.794467 0.881923 2.113714
v 2.774345 0.913349 2.115523
v 2.797666 0.944776 2.117331
v 2.514491 0.881905 2.113714
v 2.548924 0.913349 2.115523
v 2.517525 0.944794 2.117332
v 2.538751 1.553353 -2.123788
v 2.566452 1.521908 -2.121979
v 2.535717 1.490464 -2.120170
v 2.817055 1.490469 -2.120171
v 2.802237 1.521908 -2.121979
v 2.820256 1.553348 -2.123788
v 2.817056 1.467707 2.143487
v 2.802237 1.499134 2.145295
v 2.820255 1.530560 2.147103
v 2.535717 1.467690 2.143486
v 2.566452 1.499134 2.145295
v 2.538751 1.530578 2.147104
v 2.591531 2.066589 -2.151036
v 2.615847 2.035145 -2.149227
v 2.588497 2.003700 -2.147417
v 2.871083 2.003705 -2.147417
v 2.856638 2.035145 -2.149227
v 2.874282 2.066585 -2.151036
v 2.871084 2.003718 2.170734
v 2.856638 2.035145 2.172542
v 2.874281 2.066571 2.174350
v 2.588497 2.003700 2.170733
v 2.615847 2.035145 2.172542
v 2.591531 2.066589 2.174351
v 2.604291 2.694644 -2.184097
v 2.624499 2.663199 -2.182287
v 2.601257 2.631755 -2.180478
v 2.885357 2.631759 -2.180479
v 2.866581 2.663199 -2.182287
v 2.888557 2.694638 -2.184096
v 2.885358 2.674068 2.203795
v 2.866581 2.705495 2.205603
v 2.888556 2.736921 2.207411
v 2.601257 2.674050 2.203794
v 2.624499 2.705495 2.205603
v 2.604291 2.736939 2.207412
v 2.609669 3.347509 -2.221738
v 2.625200 3.316064 -2.219928
v 2.606635 3.284619 -2.218119
v 2.892457 3.284624 -2.218120
v 2.868750 3.316064 -2.219928
v 2.895657 3.347504 -2.221737
v 2.892458 3.187032 2.241436
v 2.868750 3.218458 2.243244
v 2.895657 3.249884 2.245052
v 2.606635 3.187014 2.241435
v 2.625200 3.218458 2.243244
v 2.609669 3.249903 2.245053
v 2.956230 4.296220 -1.619204
v 2.923368 4.317987 -1.581340
v 2.959698 4.339753 -1.543476
v 2.956230 4.347363 1.607171
v 2.923368 4.369129 1.569307
v 2.959698 4.390896 1.531443
v 3.003121 4.783175 -0.813994
v 2.964796 4.804941 -0.776130
v 3.006588 4.826708 -0.738266
v 3.003121 4.756099 0.844078
v 2.964796 4.777865 0.806213
v 3.006588 4.799632 0.768349
v 3.049330 5.237513 0.001013
v 2.504114 0.075696 -2.297601
v 2.465572 0.107599 -2.299435
v 2.743082 0.107594 -2.299435
v 2.723349 0.075696 -2.297601
v 2.484256 0.469158 -2.321714
v 2.522615 0.500143 -2.323498
v 2.740229 0.500143 -2.323498
v 2.762785 0.469163 -2.321714
v 2.548924 1.011407 -2.355091
v 2.517525 1.042388 -2.356872
v 2.797666 1.042384 -2.356871
v 2.774345 1.011407 -2.355091
v 2.535717 1.480098 -2.383026
v 2.566452 1.512004 -2.384863
v 2.802237 1.512004 -2.384863
v 2.817055 1.480102 -2.383026
v 2.615847 2.040629 -2.412110
v 2.591531 2.071629 -2.413893
v 2.874282 2.071625 -2.413893
v 2.856638 2.040629 -2.412110
v 2.601257 2.621406 -2.443335
v 2.624499 2.653294 -2.445171
v 2.866581 2.653294 -2.445171
v 2.885357 2.621410 -2.443336
v 2.625200 3.326679 -2.482812
v 2.609669 3.357486 -2.484582
v 2.895657 3.357482 -2.484581
v 2.868750 3.326679 -2.482812
v 2.632842 3.801499 -2.509208
v 2.920028 3.801492 -2.509207
v 2.648022 3.835008 -2.500776
v 2.892635 3.835007 -2.500773
v 2.462538 0.027370 -2.350637
v 2.504114 0.059179 -2.352468
v 2.723349 0.059179 -2.352468
v 2.739882 0.027375 -2.350637
v 2.714453 -0.513240 -2.325795
v 2.497579 -0.513240 -2.325795
v 2.522615 0.516997 -2.378365
v 2.487290 0.549004 -2.380205
v 2.765985 0.548999 -2.380205
v 2.740229 0.516997 -2.378365
v 2.514491 0.961443 -2.408179
v 2.548924 0.992324 -2.409957
v 2.774345 0.992324 -2.409957
v 2.794466 0.961447 -2.408180
v 2.566452 1.524293 -2.439730
v 2.538751 1.555340 -2.441515
v 2.820256 1.555336 -2.441515
v 2.802237 1.524293 -2.439730
v 2.588497 1.989705 -2.465144
v 2.615847 2.021545 -2.466977
v 2.856638 2.021545 -2.466977
v 2.871083 1.989710 -2.465144
v 2.624499 2.669579 -2.500038
v 2.604291 2.701956 -2.501897
v 2.888557 2.701951 -2.501896
v 2.866581 2.669579 -2.500038
v 2.606635 3.271956 -2.535920
v 2.625200 3.302468 -2.537679
v 2.868750 3.302468 -2.537679
v 2.892457 3.271960 -2.535920
v 2.484255 0.484785 2.388536
v 2.762786 0.484804 2.388537
v 2.465572 0.154968 2.366257
v 2.743081 0.154950 2.366256
v 2.723349 0.123137 2.364427
v 2.504114 0.123137 2.364427
v 2.740229 0.515842 2.390323
v 2.522615 0.515842 2.390323
v 2.535717 1.453743 2.449905
v 2.817056 1.453761 2.449906
v 2.517525 0.943958 2.423750
v 2.797666 0.943940 2.423749
v 2.774345 0.912058 2.421916
v 2.548924 0.912058 2.421916
v 2.802237 1.484731 2.451689
v 2.566452 1.484731 2.451689
v 2.601257 2.659649 2.510187
v 2.885358 2.659667 2.510188
v 2.591531 2.078408 2.480745
v 2.874281 2.078390 2.480744
v 2.856638 2.046964 2.478935
v 2.615847 2.046964 2.478935
v 2.866581 2.691093 2.511997
v 2.624499 2.691093 2.511997
v 2.632842 3.774568 2.575398
v 2.920028 3.774561 2.575397
v 2.609669 3.255820 2.551482
v 2.895657 3.255801 2.551481
v 2.892635 3.835096 2.566178
v 2.648023 3.835098 2.566180
v 2.868750 3.223722 2.549638
v 2.625200 3.223722 2.549638
v 2.462539 0.055790 2.462443
v 2.739883 0.055808 2.462443
v 2.497579 -0.513240 2.437640
v 2.714454 -0.513240 2.437640
v 2.723349 0.086920 2.464234
v 2.504115 0.086920 2.464234
v 2.514490 0.859133 2.519812
v 2.794467 0.859151 2.519813
v 2.487290 0.580139 2.491838
v 2.765984 0.580121 2.491837
v 2.740228 0.550349 2.490131
v 2.522614 0.550349 2.490131
v 2.774344 0.892231 2.521724
v 2.548923 0.892231 2.521724
v 2.588497 1.982582 2.576934
v 2.871084 1.982600 2.576935
v 2.538751 1.530071 2.553305
v 2.820255 1.530053 2.553304
v 2.802237 1.498626 2.551496
v 2.566452 1.498626 2.551496
v 2.856638 2.014025 2.578743
v 2.615847 2.014025 2.578743
v 2.606635 3.165018 2.647583
v 2.892458 3.165036 2.647584
v 2.604291 2.737844 2.613561
v 2.888555 2.737826 2.613560
v 2.866580 2.707276 2.611804
v 2.624499 2.707276 2.611804
v 2.868750 3.197340 2.649445
v 2.625200 3.197340 2.649445
v 2.467240 -0.442005 2.440745
v 2.743590 -0.442003 2.440745
v 2.743590 -0.439398 2.034511
v 2.743590 -0.443814 -2.011195
v 2.743590 -0.445562 -2.328905
v 2.467240 -0.445563 -2.328905
v 2.467240 -0.443815 -2.011195
v 2.467240 -0.439400 2.034511
v 2.888556 2.738753 0.374894
v 2.888556 2.736008 -0.169241
v 2.866581 2.707323 0.374676
v 2.866581 2.704575 -0.169431
v 2.885357 2.673141 -0.169650
v 2.885357 2.675892 0.374477
v 2.920254 2.028329 0.370931
v 2.916962 2.028002 -0.173101
v 2.902611 1.996897 0.370723
v 2.899316 1.996569 -0.173347
v 2.913758 1.965136 -0.173533
v 2.917056 1.965465 0.370505
v 2.866228 1.492328 0.367644
v 2.862896 1.492939 -0.176382
v 2.848210 1.460896 0.367435
v 2.844875 1.461508 -0.176608
v 2.859691 1.430076 -0.176820
v 2.863028 1.429464 0.367207
v 2.797666 0.976743 0.364009
v 2.797666 0.977583 -0.180097
v 2.774345 0.945311 0.363777
v 2.774345 0.946152 -0.180329
v 2.794466 0.914720 -0.180532
v 2.794466 0.913880 0.363573
v 2.765985 0.546589 0.360177
v 2.762453 0.548127 -0.183828
v 2.740229 0.515154 0.359950
v 2.736694 0.516693 -0.184066
v 2.759248 0.485260 -0.184277
v 2.762785 0.483720 0.359729
v 2.747509 0.154466 0.356677
v 2.739508 0.154780 -0.186965
v 2.727782 0.123030 0.356570
v 2.719771 0.123345 -0.187210
v 2.736304 0.091911 -0.187312
v 2.744319 0.091595 0.356325
v 2.748071 -0.437526 0.353662
v 2.740353 -0.437486 -0.190011
v 2.718942 -0.513240 0.353326
v 2.711212 -0.513240 -0.190414
v 2.494336 -0.513240 -0.190538
v 2.502072 -0.513240 0.353572
v 3.006588 4.844759 -0.064606
v 3.006588 4.840246 0.127828
v 2.964796 4.818700 0.129452
v 2.964796 4.822992 -0.062983
v 3.003121 4.801225 -0.061525
v 3.003121 4.797125 0.131252
v 2.966690 4.374641 0.256596
v 2.959698 4.371896 -0.127978
v 2.930195 4.352832 0.259900
v 2.923368 4.350152 -0.124783
v 2.956230 4.328404 -0.121629
v 2.962901 4.331024 0.263232
v 2.856676 3.853078 0.379675
v 2.860223 3.853772 -0.165247
v 2.825810 3.829912 0.382151
v 2.829321 3.830599 -0.162339
v 2.856698 3.799047 -0.161262
v 2.853200 3.798362 0.382757
v 2.826774 3.293899 0.379480
v 2.832378 3.299279 -0.164387
v 2.799866 3.262465 0.379473
v 2.805475 3.267850 -0.164594
v 2.829184 3.236418 -0.164693
v 2.823573 3.231032 0.379094
v 2.544826 -0.513240 0.796164
v 2.543349 -0.513240 1.347397
v 2.760227 -0.513240 1.347217
v 2.761696 -0.513240 0.795894
v 2.789370 -0.440863 1.352372
v 2.790840 -0.440719 0.801002
v 2.787181 0.066036 0.836308
v 2.785727 0.064894 1.387608
v 2.769202 0.096321 1.390407
v 2.770649 0.097464 0.839105
v 2.788937 0.127750 1.393469
v 2.790385 0.128892 0.841981
v 2.762786 0.467517 1.429495
v 2.762786 0.465422 0.877953
v 2.740229 0.498945 1.432611
v 2.740229 0.496849 0.881101
v 2.765984 0.530371 1.435514
v 2.765984 0.528280 0.883618
v 2.794466 0.921130 1.480218
v 2.794466 0.924895 0.929058
v 2.774345 0.952564 1.483163
v 2.774345 0.956326 0.932006
v 2.797666 0.983997 1.486083
v 2.797666 0.987756 0.934908
v 2.858018 1.441614 1.528651
v 2.863028 1.437615 0.976756
v 2.843205 1.473040 1.531476
v 2.848210 1.469046 0.979913
v 2.861228 1.504465 1.534374
v 2.866228 1.500477 0.982866
v 2.912108 1.977585 1.572927
v 2.917056 1.973636 1.021038
v 2.897673 2.009008 1.575554
v 2.902611 2.005067 1.023986
v 2.915322 2.040434 1.578419
v 2.920254 2.036497 1.026876
v 2.885358 2.694430 1.626134
v 2.885358 2.695009 1.074728
v 2.866581 2.725861 1.629063
v 2.866581 2.726439 1.077672
v 2.888556 2.757291 1.632229
v 2.888556 2.757871 1.080584
v 2.821461 3.210359 1.686355
v 2.814134 3.214601 1.135597
v 2.797753 3.241788 1.689500
v 2.790426 3.246030 1.138508
v 2.824646 3.273221 1.692182
v 2.817333 3.277457 1.141460
v 2.872475 3.812229 1.735816
v 2.865856 3.811051 1.183031
v 2.845225 3.843775 1.731051
v 2.838436 3.842572 1.166725
v 2.876770 3.871300 1.727551
v 2.869134 3.865570 1.096927
v 3.005370 4.344840 1.130566
v 3.006541 4.342225 0.720806
v 2.972564 4.366605 1.086866
v 2.974319 4.364158 0.703900
v 3.007047 4.388466 1.081242
v 3.009704 4.385683 0.647673
v 3.003121 4.774162 0.587325
v 3.003121 4.788595 0.331789
v 2.964796 4.797026 0.545550
v 2.964796 4.809724 0.330652
v 3.006588 4.831703 0.309992
v 3.006588 4.818474 0.523495
v 2.460010 -0.513240 -1.316241
v 2.458408 -0.513240 -0.766432
v 2.675282 -0.513240 -0.766368
v 2.676885 -0.513240 -1.316329
v 2.704415 -0.440760 -0.771192
v 2.706012 -0.441370 -1.321093
v 2.697834 0.060897 -1.355000
v 2.696078 0.065713 -0.805387
v 2.679541 0.097147 -0.808229
v 2.681295 0.092336 -1.357872
v 2.699271 0.128582 -0.811058
v 2.701023 0.123776 -1.360699
v 2.718940 0.481507 -0.845872
v 2.720666 0.481177 -1.395757
v 2.696381 0.512943 -0.848707
v 2.698107 0.512614 -1.398720
v 2.722135 0.544380 -0.851446
v 2.723859 0.544051 -1.401632
v 2.794466 0.937269 -0.895364
v 2.794466 0.943079 -1.445667
v 2.774345 0.968709 -0.898343
v 2.774345 0.974514 -1.448578
v 2.797666 1.000146 -0.901105
v 2.797666 1.005951 -1.451731
v 2.820395 1.446758 -0.942344
v 2.817055 1.452745 -1.492935
v 2.805574 1.478196 -0.945262
v 2.802237 1.484174 -1.495575
v 2.823589 1.509633 -0.948083
v 2.820255 1.515608 -1.498436
v 2.874383 1.970706 -0.985115
v 2.871083 1.974637 -1.535543
v 2.859933 2.002143 -0.988199
v 2.856638 2.006068 -1.538187
v 2.877575 2.033579 -0.990949
v 2.874282 2.037504 -1.541141
v 2.885357 2.661963 -1.037132
v 2.885357 2.657982 -1.586846
v 2.866581 2.693401 -1.039951
v 2.866581 2.689423 -1.589664
v 2.888556 2.724836 -1.042803
v 2.888556 2.720862 -1.592537
v 2.887729 3.284035 -1.096441
v 2.892457 3.287546 -1.646443
v 2.864024 3.315474 -1.099240
v 2.868750 3.318984 -1.649276
v 2.890928 3.346908 -1.101671
v 2.895657 3.350421 -1.651904
v 2.915343 3.822398 -1.142333
v 2.920027 3.823042 -1.693635
v 2.887836 3.853899 -1.125697
v 2.892633 3.854557 -1.688692
v 2.917925 3.876748 -1.048634
v 2.923486 3.877483 -1.701036
v 2.956230 4.321415 -0.706225
v 2.956230 4.316312 -1.099704
v 2.923368 4.343098 -0.691126
v 2.923368 4.338380 -1.046448
v 2.959698 4.365005 -0.637986
v 2.959698 4.359651 -1.031634
v 3.003121 4.801225 -0.327700
v 3.003121 4.795292 -0.567670
v 2.964796 4.822992 -0.320491
v 2.964796 4.817483 -0.533029
v 3.006588 4.839001 -0.511625
v 3.006588 4.844759 -0.300341
v 1.223859 1.048935 2.286901
v 1.289351 1.015739 2.286901
v 1.434065 1.463645 2.319185
v 1.499557 1.430449 2.319185
v 1.432777 1.468001 2.274078
v 1.501050 1.433395 2.274078
v 1.222628 1.053406 2.240040
v 1.290902 1.018800 2.240040
v 1.266510 1.139980 2.251540
v 1.294253 1.194712 2.332736
v 1.280045 1.159783 2.389404
v 1.257769 1.115835 2.304698
v 1.345537 1.126587 2.389404
v 1.323261 1.082639 2.304698
v 1.362527 1.160106 2.332736
v 1.334784 1.105374 2.251540
v 1.394436 1.392361 2.279295
v 1.377052 1.358063 2.346149
v 1.409303 1.414792 2.329243
v 1.387376 1.371532 2.406788
v 1.474794 1.381596 2.329243
v 1.452868 1.338336 2.406788
v 1.462710 1.357755 2.279295
v 1.445325 1.323457 2.346149
v 1.425311 1.469972 2.296168
v 1.393620 1.407449 2.303752
v 1.374011 1.368763 2.375844
v 1.279199 1.181711 2.360485
v 1.254133 1.132260 2.277571
v 1.215134 1.055320 2.262986
v 1.296876 1.013887 2.262986
v 1.335876 1.090827 2.277571
v 1.360941 1.140278 2.360485
v 1.455753 1.327330 2.375844
v 1.475362 1.366016 2.303752
v 1.507053 1.428539 2.296168
v 1.463500 1.448144 2.326266
v 1.467676 1.457208 2.292415
v 1.465683 1.452451 2.260324
v 1.424339 1.370883 2.266846
v 1.406764 1.336211 2.339438
v 1.330471 1.185695 2.327078
v 1.302955 1.131409 2.239055
v 1.255535 1.037855 2.226290
v 1.252983 1.033646 2.252609
v 1.253285 1.033416 2.294251
v 1.285274 1.096527 2.313667
v 1.307588 1.140550 2.397223
v 1.419035 1.360421 2.415279
v 1.440924 1.403605 2.338878
v 0.545921 0.159999 2.213235
v 1.570677 0.152411 2.213235
v 0.528216 2.676470 2.321283
v 1.621262 2.676470 2.321283
v 0.537071 1.417866 2.276536
v 1.595962 1.414071 2.276536
v 0.532510 2.066257 2.307107
v 1.608996 2.064417 2.307107
v 0.541389 0.804200 2.231631
v 1.583626 0.798555 2.231631
v 0.763487 2.676470 2.321283
v 0.739935 2.676470 2.299605
v 0.716382 2.676470 2.321283
v 0.765603 0.158519 2.213235
v 0.789176 0.158342 2.208364
v 0.812748 0.158164 2.213235
v 0.789931 0.803411 2.231655
v 0.766380 0.802981 2.222458
v 0.742829 0.802552 2.231607
v 0.981657 2.676470 2.321283
v 0.958104 2.676470 2.299605
v 0.934550 2.676470 2.321283
v 0.935730 0.157135 2.213235
v 0.959281 0.156949 2.208364
v 0.982831 0.156763 2.213235
v 0.985351 0.801795 2.231631
v 0.961800 0.801923 2.222458
v 0.938249 0.802051 2.231631
v 1.193218 2.676470 2.321283
v 1.169662 2.676470 2.299605
v 1.146106 2.676470 2.321283
v 1.123740 0.155720 2.213235
v 1.147291 0.155546 2.208364
v 1.170842 0.155371 2.213235
v 1.176565 0.800342 2.231613
v 1.153018 0.800887 2.222458
v 1.129470 0.801433 2.231649
v 1.369525 2.676470 2.321283
v 1.345960 2.676470 2.299605
v 1.322395 2.676470 2.321283
v 1.280747 0.154558 2.213235
v 1.304310 0.154383 2.208364
v 1.327874 0.154209 2.213235
v 1.306823 0.801196 2.231677
v 1.330346 0.800022 2.222459
v 1.353869 0.798849 2.231587
v 1.390543 1.414205 2.276504
v 1.367001 1.415058 2.263265
v 1.343459 1.415910 2.276570
v 1.351903 2.064481 2.307088
v 1.375461 2.064895 2.289505
v 1.399020 2.065309 2.307127
v 1.199650 1.415093 2.276516
v 1.176103 1.415639 2.263264
v 1.152556 1.416184 2.276556
v 1.205420 2.065307 2.307114
v 1.181867 2.065177 2.289505
v 1.158314 2.065047 2.307100
v 0.987752 1.416562 2.276549
v 0.964200 1.416335 2.263264
v 0.940648 1.416108 2.276523
v 0.972661 2.065615 2.307113
v 0.949106 2.065515 2.289505
v 0.925551 2.065414 2.307101
v 0.789208 1.417394 2.276555
v 0.765657 1.417047 2.263264
v 0.742107 1.416700 2.276518
v 0.770826 2.065819 2.307107
v 0.747264 2.065861 2.289505
v 0.723702 2.065903 2.307107
v 0.247289 2.928825 2.180081
v 0.314975 0.102598 2.014145
v 1.787375 0.080989 2.014145
v 1.875366 2.956608 2.180081
v 0.617105 2.658135 2.166412
v 0.706881 0.174709 2.020183
v 1.469238 0.162570 2.021539
v 1.585410 2.646381 2.166412
v 1.109189 2.640342 2.166412
v 1.095567 2.916052 2.180081
v 0.622805 2.918919 2.180081
v 1.606285 2.936397 2.180081
v 1.789512 0.169626 2.019260
v 0.313975 0.188801 2.016543
v 1.465278 0.070827 2.014145
v 1.465063 0.070830 2.014145
v 0.704585 0.086301 2.014145
v 0.250069 2.684543 2.165739
v 1.862786 2.652393 2.154597
v 1.875366 2.956608 2.553629
v 1.606285 2.936397 2.553629
v 1.585411 2.646381 2.539961
v 1.862786 2.652393 2.531738
v 0.247289 2.928825 2.553630
v 0.250069 2.684542 2.539287
v 0.617105 2.658135 2.539961
v 0.622805 2.918919 2.553630
v 1.109190 2.640342 2.539961
v 1.095567 2.916052 2.553630
v 1.787375 0.080988 2.433313
v 1.789512 0.169625 2.438428
v 1.469238 0.162569 2.439969
v 1.465278 0.070826 2.433313
v 0.706881 0.174709 2.438690
v 0.704585 0.086301 2.433313
v 1.465063 0.070830 2.433313
v 0.313975 0.188801 2.435711
v 0.314975 0.102598 2.433313
v 0.560052 2.692773 2.500044
v 0.569219 0.147402 2.353153
v 1.537874 0.134992 2.354433
v 1.599769 2.671747 2.500044
v 0.560052 2.692773 2.166412
v 0.569219 0.147402 2.020183
v 1.537874 0.134993 2.021539
v 1.599768 2.671747 2.166412
v 1.763601 1.993870 2.106694
v 1.763601 1.993870 2.450672
v 1.577820 1.954632 2.413987
v 1.577820 1.954632 2.098752
v 1.557790 1.137690 2.391051
v 1.557790 1.137691 2.075816
v 1.753363 1.155654 2.077913
v 1.753363 1.155653 2.411545
v 0.326954 2.105132 2.472600
v 0.553882 2.070351 2.463588
v 0.553882 2.070351 2.129956
v 0.326954 2.105133 2.138968
v 0.358321 1.396921 2.406862
v 0.564395 1.390237 2.392377
v 0.564395 1.390237 2.069266
v 0.358321 1.396921 2.073230
v 0.374177 0.771983 2.366842
v 0.574352 0.779484 2.356889
v 0.574352 0.779484 2.033778
v 0.374177 0.771984 2.033210
v 1.726442 0.139953 2.019260
v 1.726442 0.139952 2.352891
v 0.380513 0.159554 2.016543
v 0.380513 0.159554 2.350175
v 0.322220 2.710757 2.165739
v 0.322220 2.710756 2.499370
v 1.793280 2.677893 2.154597
v 1.793280 2.677892 2.491821
v 2.608214 -0.558253 -2.090818
v -2.612869 -0.558253 -2.090818
v 2.815619 4.068827 -2.282682
v -2.820274 4.068827 -2.282682
v 2.815619 4.068827 -2.081949
v -2.820274 4.068827 -2.081949
v 2.608214 -0.558253 -1.864903
v -2.612869 -0.558253 -1.864903
v 2.812827 4.014053 -2.325087
v 2.812827 4.014053 -2.032930
v -2.817482 4.014053 -2.032930
v -2.817482 4.014053 -2.325087
v 2.798943 3.530858 -2.327300
v 2.796978 3.489175 -2.295907
v 2.795013 3.447492 -2.322343
v 2.795012 3.447473 -2.032926
v 2.796978 3.489175 -2.067632
v 2.798944 3.530878 -2.037280
v -2.799667 3.447460 -2.032926
v -2.801633 3.489175 -2.067632
v -2.803599 3.530890 -2.037281
v -2.803599 3.530890 -2.327302
v -2.801633 3.489175 -2.295907
v -2.799667 3.447460 -2.322341
v 2.772139 3.044186 -2.306640
v 2.770174 3.002503 -2.275247
v 2.768209 2.960820 -2.301683
v 2.768209 2.960801 -2.016391
v 2.770174 3.002503 -2.051096
v 2.772140 3.044206 -2.020745
v -2.772863 2.935919 -2.016390
v -2.774829 2.977633 -2.051096
v -2.776795 3.019348 -2.020745
v -2.776795 3.019348 -2.306642
v -2.774829 2.977633 -2.275247
v -2.772863 2.935919 -2.301681
v 2.740923 2.421442 -2.267264
v 2.738958 2.379759 -2.235871
v 2.736994 2.338076 -2.262307
v 2.736993 2.338056 -1.981818
v 2.738958 2.379759 -2.016523
v 2.740924 2.421462 -1.986172
v -2.741647 2.268904 -1.981818
v -2.743613 2.310619 -2.016523
v -2.745580 2.352334 -1.986173
v -2.745580 2.352334 -2.267266
v -2.743613 2.310619 -2.235871
v -2.741647 2.268904 -2.262305
v 2.716481 1.795272 -2.223282
v 2.714517 1.753589 -2.191889
v 2.712552 1.711906 -2.218325
v 2.712551 1.711886 -1.941596
v 2.714517 1.753589 -1.976302
v 2.716482 1.795292 -1.945950
v -2.717206 1.762219 -1.941595
v -2.719172 1.803934 -1.976302
v -2.721138 1.845649 -1.945951
v -2.721138 1.845649 -2.223284
v -2.719172 1.803934 -2.191889
v -2.717206 1.762219 -2.218323
v 2.691625 1.296977 -2.178777
v 2.689661 1.255294 -2.147384
v 2.687696 1.213611 -2.173820
v 2.687695 1.213591 -1.900915
v 2.689661 1.255294 -1.935620
v 2.691626 1.296997 -1.905269
v -2.692350 1.213579 -1.900914
v -2.694316 1.255294 -1.935620
v -2.696282 1.297009 -1.905269
v -2.696282 1.297009 -2.178778
v -2.694316 1.255294 -2.147384
v -2.692350 1.213579 -2.173818
v 2.665465 0.830134 -2.145777
v 2.663501 0.788451 -2.114384
v 2.661536 0.746767 -2.140821
v 2.661535 0.746748 -1.871941
v 2.663501 0.788451 -1.906646
v 2.665466 0.830153 -1.876295
v -2.666190 0.771908 -1.871940
v -2.668156 0.813623 -1.906646
v -2.670122 0.855338 -1.876295
v -2.670122 0.855338 -2.145779
v -2.668156 0.813623 -2.114384
v -2.666190 0.771908 -2.140819
v 2.643929 0.378047 -2.131762
v 2.641964 0.336364 -2.100369
v 2.640000 0.294681 -2.126805
v 2.639999 0.294661 -1.861240
v 2.641964 0.336364 -1.895946
v 2.643930 0.378067 -1.865594
v -2.644653 0.339960 -1.861240
v -2.646619 0.381675 -1.895946
v -2.648586 0.423390 -1.865595
v -2.648586 0.423390 -2.131764
v -2.646619 0.381675 -2.100369
v -2.644653 0.339960 -2.126803
v -2.624990 -0.119217 -1.859189
v -2.626956 -0.077502 -1.893896
v -2.628922 -0.035787 -1.863544
v 2.624267 -0.035787 -1.863544
v 2.622300 -0.077502 -1.893896
v 2.620334 -0.119217 -1.859189
v 2.624265 -0.035819 -2.126685
v 2.622300 -0.077502 -2.095292
v 2.620336 -0.119185 -2.121728
v -2.628922 -0.035787 -2.126687
v -2.626956 -0.077502 -2.095292
v -2.624990 -0.119217 -2.121726
v -3.271579 4.013650 -2.032930
v -3.271579 4.013650 -2.325087
v -3.263281 4.046245 -2.081949
v -3.263281 4.046245 -2.282682
v -3.270634 3.557611 -2.037281
v -3.270634 3.557611 -2.327302
v -3.268669 3.515896 -2.067632
v -3.268669 3.515896 -2.295907
v -3.011519 -0.558253 -1.864903
v -3.011519 -0.558253 -2.090818
v -3.023640 -0.143638 -1.859189
v -3.023640 -0.143638 -2.121726
v -3.025606 -0.101921 -1.893896
v -3.025606 -0.101921 -2.095292
v -3.101760 2.354364 -1.986173
v -3.101760 2.354364 -2.267266
v -3.153071 2.891070 -2.016390
v -3.153071 2.891070 -2.301681
v -3.154997 2.931898 -2.051096
v -3.154997 2.931898 -2.275247
v -3.099753 2.311761 -2.016523
v -3.099753 2.311761 -2.235871
v -3.148531 1.302418 -1.905269
v -3.148531 1.302418 -2.178778
v -3.199026 1.737796 -1.941595
v -3.199026 1.737796 -2.218323
v -3.200992 1.779509 -1.976302
v -3.200992 1.779509 -2.191889
v -3.137323 1.260701 -1.935620
v -3.137323 1.260701 -2.147384
v -3.124861 0.437323 -1.865595
v -3.124861 0.437323 -2.131764
v -3.122135 0.730439 -1.871940
v -3.122135 0.730439 -2.140819
v -3.111163 0.772154 -1.906646
v -3.111163 0.772154 -2.114384
v -3.122895 0.395608 -1.895946
v -3.122895 0.395608 -2.100369
v -3.214324 3.041419 -2.020745
v -3.214324 3.041419 -2.306642
v -3.253829 3.426395 -2.032926
v -3.253829 3.426395 -2.322341
v -3.255795 3.468108 -2.067632
v -3.255795 3.468108 -2.295907
v -3.204965 2.999706 -2.051096
v -3.204965 2.999706 -2.275247
v -3.130882 1.850815 -1.945951
v -3.130882 1.850815 -2.223284
v -3.134757 2.219174 -1.981818
v -3.134757 2.219174 -2.262305
v -3.129391 2.262111 -2.016523
v -3.129391 2.262111 -2.235871
v -3.128977 1.810321 -1.976302
v -3.128977 1.810321 -2.191889
v -3.052203 0.869564 -1.876295
v -3.052203 0.869564 -2.145779
v -3.074431 1.176833 -1.900914
v -3.074431 1.176833 -2.173818
v -3.076397 1.218549 -1.935620
v -3.076397 1.218549 -2.147384
v -3.050237 0.827847 -1.906646
v -3.050237 0.827847 -2.114384
v -3.060906 -0.013721 -1.863544
v -3.060906 -0.013721 -2.126687
v -3.067396 0.307134 -1.861240
v -3.067396 0.307134 -2.126803
v -3.060121 0.348850 -1.895946
v -3.060121 0.348850 -2.100369
v -3.058939 -0.055439 -1.893896
v -3.058939 -0.055439 -2.095292
v 3.170731 3.989730 -2.325087
v 3.170731 3.989730 -2.032930
v 3.150527 4.044504 -2.282682
v 3.150527 4.044504 -2.081949
v 3.149576 3.513844 -2.295907
v 3.156847 3.555527 -2.327300
v 3.156848 3.555547 -2.037280
v 3.149576 3.513844 -2.067632
v 3.196813 2.916316 -2.301683
v 3.198836 2.959173 -2.275247
v 3.198836 2.959173 -2.051096
v 3.196812 2.916296 -2.016391
v 3.165851 2.412272 -2.235871
v 3.167757 2.452781 -2.267264
v 3.167758 2.452801 -1.986172
v 3.165851 2.412272 -2.016523
v 3.047402 1.676581 -2.218325
v 3.049425 1.719441 -2.191889
v 3.049425 1.719441 -1.976302
v 3.047401 1.676562 -1.941596
v 2.998035 1.268201 -2.147384
v 3.008785 1.308707 -2.178777
v 3.008786 1.308726 -1.905269
v 2.998035 1.268201 -1.935620
v 2.996466 0.717012 -2.140821
v 2.998409 0.758224 -2.114384
v 2.998409 0.758224 -1.906646
v 2.996465 0.716993 -1.871941
v 2.976873 0.357114 -2.100369
v 2.978859 0.399267 -2.131762
v 2.978860 0.399287 -1.865594
v 2.976873 0.357114 -1.895946
v 2.997959 -0.558253 -1.864903
v 2.997959 -0.558253 -2.090818
v 3.010081 -0.137648 -2.121728
v 3.010079 -0.137680 -1.859189
v 3.012046 -0.095965 -1.893896
v 3.012046 -0.095965 -2.095292
v 3.113974 3.413704 -2.322343
v 3.115939 3.455388 -2.295907
v 3.115939 3.455388 -2.067632
v 3.113973 3.413684 -2.032926
v 3.080290 3.003136 -2.275247
v 3.091099 3.044819 -2.306640
v 3.091100 3.044839 -2.020745
v 3.080290 3.003136 -2.051096
v 3.096730 2.303723 -2.262307
v 3.089759 2.343276 -2.235871
v 3.089759 2.343276 -2.016523
v 3.096729 2.303703 -1.981818
v 3.107773 1.757533 -2.191889
v 3.109827 1.801345 -2.223282
v 3.109828 1.801365 -1.945950
v 3.107773 1.757533 -1.976302
v 3.056211 1.174944 -2.173820
v 3.058151 1.216113 -2.147384
v 3.058151 1.216113 -1.935620
v 3.056210 1.174924 -1.900915
v 3.031991 0.797785 -2.114384
v 3.033979 0.839981 -2.145777
v 3.033980 0.840000 -1.876295
v 3.031991 0.797785 -1.906646
v 3.008410 0.259300 -2.126805
v 3.010455 0.302573 -2.100369
v 3.010455 0.302573 -1.895946
v 3.008409 0.259281 -1.861240
v 2.992675 -0.022685 -2.126685
v 2.992676 -0.022653 -1.863544
v 2.990791 -0.062777 -1.893896
v 2.990791 -0.062777 -2.095292
v -2.614569 -0.496695 -1.847648
v -3.013219 -0.500119 -1.847648
v -3.013219 -0.500119 -2.108581
v -2.614569 -0.496695 -2.108581
v 2.609914 -0.496690 -2.108582
v 2.999659 -0.499279 -2.108582
v 2.999659 -0.499284 -1.847648
v 2.609914 -0.496695 -1.847648
v 0.369271 3.553303 -2.335828
v -0.351967 3.547622 -2.318012
v -0.351995 3.505913 -2.286611
v 0.369229 3.511602 -2.304438
v -0.351959 3.464206 -2.313042
v 0.369278 3.469899 -2.330880
v 0.369105 3.041701 -2.315238
v -0.352047 3.041882 -2.294466
v -0.352089 3.000176 -2.263063
v 0.369149 2.999999 -2.283851
v -0.352049 2.958472 -2.289492
v 0.369102 2.958298 -2.310291
v 0.368760 2.349837 -2.281701
v -0.352519 2.355660 -2.297368
v -0.352488 2.313967 -2.265969
v 0.368777 2.308145 -2.250290
v -0.352624 2.272279 -2.292394
v 0.368667 2.266450 -2.276717
v 0.369252 1.778108 -2.254099
v -0.352187 1.809906 -2.253321
v -0.352097 1.768213 -2.221923
v 0.369166 1.736407 -2.222701
v -0.352071 1.726525 -2.248353
v 0.369343 1.694699 -2.249127
v 0.369064 1.290253 -2.178777
v -0.352346 1.305560 -2.189342
v -0.352247 1.263862 -2.157952
v 0.369000 1.248552 -2.147384
v -0.352336 1.222169 -2.184396
v 0.369065 1.206849 -2.173819
v 0.369067 0.882631 -2.125990
v -0.352361 0.875264 -2.130840
v -0.352433 0.833550 -2.099450
v 0.369019 0.840929 -2.094596
v -0.352393 0.791842 -2.125888
v 0.369034 0.799227 -2.121031
v 0.369197 0.457578 -2.075311
v -0.352107 0.444246 -2.087956
v -0.352129 0.402535 -2.056579
v 0.369314 0.415880 -2.043928
v -0.352135 0.360824 -2.083030
v 0.369263 0.374182 -2.070369
v 0.368855 0.013499 -2.147052
v -0.352596 -0.002442 -2.153070
v -0.352593 -0.044154 -2.121676
v 0.368851 -0.028198 -2.115654
v -0.352605 -0.085867 -2.148111
v 0.368818 -0.069896 -2.142086
v -0.352686 -0.492027 -2.134966
v 0.368736 -0.489780 -2.128920
v 0.368740 -0.558253 -2.108442
v -0.352693 -0.558253 -2.113685
v -0.352684 -0.558253 -1.887769
v 0.368767 -0.558253 -1.882525
v 0.369318 4.025435 -2.302470
v -0.352125 4.025904 -2.297847
v 0.369335 3.970667 -2.344875
v -0.352107 3.971135 -2.340248
v -1.887262 3.471125 -2.267529
v -1.165792 3.476872 -2.265629
v -1.166734 3.518570 -2.297018
v -1.888173 3.512828 -2.298913
v -1.173198 3.984069 -2.329716
v -1.895023 3.996587 -2.325087
v -1.174516 4.038846 -2.287308
v -1.896341 4.051353 -2.282682
v -1.795852 -0.558253 -1.880765
v -1.074402 -0.558253 -1.887769
v -1.074371 -0.558253 -2.113685
v -1.795823 -0.558253 -2.106682
v -1.796620 -0.498445 -2.126892
v -1.075197 -0.496822 -2.134966
v -1.801817 -0.131719 -2.140070
v -1.080500 -0.120197 -2.148111
v -1.081410 -0.078501 -2.121676
v -1.802725 -0.090015 -2.113643
v -1.082392 -0.036809 -2.153070
v -1.803714 -0.048310 -2.145044
v -1.090448 0.331328 -2.131048
v -1.811703 0.323905 -2.146098
v -1.091153 0.373033 -2.104612
v -1.812592 0.365607 -2.119672
v -1.092167 0.414726 -2.136026
v -1.813486 0.407309 -2.151075
v -1.100347 0.760054 -2.135962
v -1.821764 0.752867 -2.140819
v -1.101382 0.801745 -2.109532
v -1.822855 0.794572 -2.114384
v -1.102209 0.843445 -2.140928
v -1.823706 0.836272 -2.145779
v -1.112719 1.240249 -2.206700
v -1.834291 1.238396 -2.204420
v -1.113674 1.281959 -2.180272
v -1.835192 1.280115 -2.177998
v -1.114635 1.323670 -2.211673
v -1.836213 1.321831 -2.209400
v -1.125000 1.774901 -2.227876
v -1.846880 1.787129 -2.218323
v -1.125904 1.816617 -2.201437
v -1.847393 1.828859 -2.191889
v -1.126691 1.858326 -2.232829
v -1.848510 1.870572 -2.223283
v -1.136386 2.300995 -2.271795
v -1.858027 2.301088 -2.262305
v -1.137644 2.342719 -2.245346
v -1.859072 2.342805 -2.235871
v -1.138562 2.384431 -2.276735
v -1.860177 2.384519 -2.267266
v -1.151802 2.942796 -2.262449
v -1.873245 2.935781 -2.264971
v -1.152700 2.984497 -2.236009
v -1.874170 2.977490 -2.238524
v -1.153642 3.026198 -2.267395
v -1.875170 3.019199 -2.269909
v -1.164824 3.435176 -2.292070
v -1.886294 3.429422 -2.293972
v 1.319973 3.450974 -2.353382
v 2.041529 3.444991 -2.349104
v 2.042439 3.486677 -2.322684
v 1.320990 3.492662 -2.326951
v 2.043483 3.528365 -2.354088
v 1.322046 3.534350 -2.358350
v 2.051105 3.997566 -2.338513
v 1.329188 3.984537 -2.344875
v 2.052712 4.052332 -2.296114
v 1.330796 4.039317 -2.302470
v 1.220418 -0.558253 -1.870146
v 1.941869 -0.558253 -1.864903
v 1.941893 -0.558253 -2.090818
v 1.220417 -0.558253 -2.096062
v 1.221350 -0.490126 -2.114628
v 1.942792 -0.492525 -2.108582
v 1.226835 -0.072371 -2.127753
v 1.948100 -0.089390 -2.121728
v 1.949131 -0.047687 -2.095292
v 1.227901 -0.030679 -2.101314
v 1.950153 -0.005984 -2.126685
v 1.228928 0.011013 -2.132704
v 1.958114 0.344407 -2.113854
v 1.237190 0.371696 -2.096254
v 1.959130 0.386120 -2.087412
v 1.238402 0.413387 -2.069830
v 1.960184 0.427831 -2.118799
v 1.239442 0.455079 -2.101230
v 1.970142 0.763307 -2.127815
v 1.248910 0.779868 -2.121032
v 1.971201 0.805002 -2.101373
v 1.249952 0.821555 -2.094596
v 1.972268 0.846697 -2.132761
v 1.250964 0.863243 -2.125989
v 1.984307 1.193640 -2.173820
v 1.262634 1.190143 -2.173819
v 1.985497 1.235324 -2.147384
v 1.263849 1.231828 -2.147384
v 1.986638 1.277005 -2.178777
v 1.264805 1.273518 -2.178777
v 1.997915 1.678859 -2.218325
v 1.276077 1.671418 -2.227090
v 1.998757 1.720523 -2.191889
v 1.277239 1.713101 -2.200646
v 1.999615 1.762188 -2.223282
v 1.277910 1.754797 -2.232043
v 2.010646 2.307800 -2.212149
v 1.288724 2.285343 -2.212449
v 2.011660 2.349474 -2.185689
v 1.289839 2.327042 -2.185993
v 2.012827 2.391154 -2.217070
v 1.290627 2.368734 -2.217388
v 2.027320 2.941610 -2.328296
v 1.305624 2.939495 -2.332647
v 2.028182 2.983285 -2.301877
v 1.306620 2.981184 -2.306215
v 2.029339 3.024968 -2.333277
v 1.307554 3.022874 -2.337611
v -2.608214 -0.558253 2.063382
v 2.612869 -0.558253 2.063382
v -2.815619 4.068827 2.302409
v 2.820274 4.068827 2.302409
v -2.815619 4.068827 2.101676
v 2.820274 4.068827 2.101676
v -2.608214 -0.558253 1.847119
v 2.612870 -0.558253 1.847119
v -2.812827 4.014053 2.344814
v -2.812827 4.014053 2.052657
v 2.817482 4.014053 2.052657
v 2.817482 4.014053 2.344814
v -2.798943 3.628578 2.327300
v -2.796978 3.586895 2.295907
v -2.795013 3.545212 2.322343
v -2.795012 3.545192 2.032926
v -2.796978 3.586895 2.067632
v -2.798944 3.628598 2.037280
v 2.799667 3.545180 2.032926
v 2.801634 3.586895 2.067632
v 2.803600 3.628610 2.037281
v 2.803599 3.628610 2.327302
v 2.801633 3.586895 2.295907
v 2.799667 3.545180 2.322341
v -2.772139 3.059895 2.277049
v -2.770174 3.018212 2.245656
v -2.768209 2.976529 2.272092
v -2.768209 2.976509 1.986800
v -2.770174 3.018212 2.021505
v -2.772140 3.059915 1.991154
v 2.772863 2.976497 1.986799
v 2.774830 3.018212 2.021505
v 2.776796 3.059927 1.991154
v 2.776795 3.059927 2.277051
v 2.774829 3.018212 2.245656
v 2.772863 2.976497 2.272090
v -2.740923 2.463061 2.237673
v -2.738958 2.421378 2.206280
v -2.736994 2.379695 2.232716
v -2.736993 2.379675 1.952227
v -2.738958 2.421378 1.986932
v -2.740924 2.463081 1.956581
v 2.741647 2.268904 1.952226
v 2.743613 2.310619 1.986932
v 2.745580 2.352334 1.956581
v 2.745580 2.352334 2.237675
v 2.743613 2.310619 2.206280
v 2.741647 2.268904 2.232714
v -2.716481 1.828708 2.223282
v -2.714517 1.787025 2.191889
v -2.712552 1.745342 2.218325
v -2.712551 1.745322 1.941596
v -2.714517 1.787025 1.976302
v -2.716482 1.828728 1.945950
v 2.717206 1.795655 1.941595
v 2.719172 1.837370 1.976302
v 2.721138 1.879085 1.945951
v 2.721138 1.879085 2.223284
v 2.719172 1.837370 2.191889
v 2.717206 1.795655 2.218323
v -2.691625 1.351700 2.168912
v -2.689661 1.310017 2.137519
v -2.687696 1.268334 2.163955
v -2.687695 1.268314 1.891051
v -2.689661 1.310017 1.925757
v -2.691626 1.351720 1.895405
v 2.692350 1.268302 1.891051
v 2.694316 1.310017 1.925757
v 2.696283 1.351732 1.895406
v 2.696282 1.351732 2.168914
v 2.694316 1.310017 2.137519
v 2.692350 1.268302 2.163954
v -2.665465 0.771502 2.158928
v -2.663501 0.729819 2.127536
v -2.661536 0.688136 2.153972
v -2.661535 0.688116 1.885093
v -2.663501 0.729819 1.919798
v -2.665466 0.771521 1.889447
v 2.666190 0.713276 1.885092
v 2.668156 0.754991 1.919798
v 2.670122 0.796706 1.889447
v 2.670122 0.796706 2.158930
v 2.668156 0.754991 2.127536
v 2.666190 0.713276 2.153970
v -2.643929 0.294444 2.112035
v -2.641964 0.252761 2.080642
v -2.640000 0.211078 2.107078
v -2.639999 0.211058 1.841513
v -2.641964 0.252761 1.876218
v -2.643930 0.294463 1.845867
v 2.644654 0.256356 1.841512
v 2.646620 0.298071 1.876218
v 2.648586 0.339787 1.845867
v 2.648586 0.339786 2.112036
v 2.646619 0.298071 2.080642
v 2.644653 0.256356 2.107076
v 2.624990 -0.160836 1.839461
v 2.626956 -0.119121 1.874167
v 2.628922 -0.077406 1.843816
v -2.624267 -0.077406 1.843816
v -2.622300 -0.119121 1.874167
v -2.620334 -0.160836 1.839461
v -2.624265 -0.077438 2.106958
v -2.622300 -0.119121 2.075565
v -2.620336 -0.160804 2.102001
v 2.628922 -0.077406 2.106960
v 2.626956 -0.119121 2.075565
v 2.624990 -0.160836 2.101999
v 3.225024 3.991472 2.052657
v 3.225024 3.991472 2.344814
v 3.227816 4.046245 2.101676
v 3.227816 4.046245 2.302409
v 3.211142 3.655331 2.037281
v 3.211142 3.655331 2.327302
v 3.209176 3.613616 2.067632
v 3.209176 3.613616 2.295907
v 3.055877 -0.558253 1.847119
v 3.055877 -0.558253 2.063382
v 3.067997 -0.185257 1.839461
v 3.067997 -0.185257 2.101999
v 3.069963 -0.143540 1.874167
v 3.069963 -0.143540 2.075565
v 3.180124 2.354364 1.956581
v 3.180124 2.354364 2.237675
v 3.232687 2.931648 1.986799
v 3.232687 2.931648 2.272090
v 3.234613 2.972476 2.021505
v 3.234613 2.972476 2.245656
v 3.165051 2.311761 1.986932
v 3.165051 2.311761 2.206280
v 3.064687 1.357141 1.895406
v 3.064687 1.357141 2.168914
v 3.085610 1.771232 1.941595
v 3.085610 1.771232 2.218323
v 3.075901 1.812945 1.976302
v 3.075901 1.812945 2.191889
v 3.051044 1.315424 1.925757
v 3.051044 1.315424 2.137519
v 3.091593 0.353720 1.845867
v 3.091593 0.353720 2.112036
v 3.109197 0.671807 1.885092
v 3.109197 0.671807 2.153970
v 3.111163 0.713522 1.919798
v 3.111163 0.713522 2.127536
v 3.089627 0.312004 1.876218
v 3.089627 0.312004 2.080642
v 3.158877 3.081997 1.991155
v 3.158877 3.081997 2.277051
v 3.153749 3.524115 2.032926
v 3.153749 3.524115 2.322341
v 3.155715 3.565828 2.067632
v 3.155715 3.565828 2.295907
v 3.156911 3.040284 2.021505
v 3.156911 3.040284 2.245656
v 3.153631 1.884250 1.945951
v 3.153631 1.884250 2.223284
v 3.143128 2.219174 1.952226
v 3.143128 2.219174 2.232714
v 3.125695 2.262111 1.986932
v 3.125695 2.262111 2.206280
v 3.141996 1.843757 1.976302
v 3.141996 1.843757 2.191889
v 3.093540 0.810932 1.889447
v 3.093540 0.810932 2.158930
v 3.082215 1.231556 1.891051
v 3.082215 1.231556 2.163954
v 3.076397 1.273272 1.925757
v 3.076397 1.273272 2.137519
v 3.083790 0.769215 1.919798
v 3.083790 0.769215 2.127536
v 3.011003 -0.055340 1.843816
v 3.011003 -0.055340 2.106960
v 3.026735 0.223531 1.841512
v 3.026735 0.223531 2.107076
v 3.028701 0.265247 1.876218
v 3.028701 0.265247 2.080642
v 3.009037 -0.097058 1.874167
v 3.009037 -0.097058 2.075565
v -3.099454 3.989730 2.344814
v -3.099454 3.989730 2.052657
v -3.083254 4.044504 2.302409
v -3.083254 4.044504 2.101676
v -3.092939 3.611564 2.295907
v -3.094903 3.653247 2.327300
v -3.094904 3.653267 2.037280
v -3.092939 3.611564 2.067632
v -3.103059 2.956894 2.272092
v -3.105083 2.999751 2.245656
v -3.105083 2.999751 2.021505
v -3.103058 2.956874 1.986800
v -3.056617 2.453891 2.206280
v -3.067260 2.494400 2.237673
v -3.067261 2.494420 1.956581
v -3.056617 2.453891 1.986932
v -3.018652 1.710017 2.218325
v -3.020676 1.752877 2.191889
v -3.020676 1.752877 1.976302
v -3.018651 1.709998 1.941596
v -2.995820 1.322924 2.137519
v -2.997725 1.363430 2.168912
v -2.997726 1.363449 1.895405
v -2.995820 1.322924 1.925757
v -2.956982 0.658380 2.153972
v -2.951529 0.699592 2.127536
v -2.951529 0.699592 1.919798
v -2.956981 0.658361 1.885093
v -2.954812 0.273510 2.080642
v -2.956798 0.315664 2.112035
v -2.956799 0.315683 1.845867
v -2.954812 0.273510 1.876218
v -2.960372 -0.558253 1.847119
v -2.960372 -0.558253 2.063382
v -2.972494 -0.179267 2.102001
v -2.972492 -0.179299 1.839461
v -2.974458 -0.137584 1.874167
v -2.974458 -0.137584 2.075565
v -3.175374 3.511424 2.322343
v -3.165469 3.553108 2.295907
v -3.165469 3.553108 2.067632
v -3.175373 3.511404 2.032926
v -3.170289 3.043715 2.245656
v -3.172254 3.085398 2.277049
v -3.172255 3.085418 1.991154
v -3.170289 3.043715 2.021505
v -3.142948 2.345342 2.232716
v -3.144823 2.384895 2.206280
v -3.144823 2.384895 1.986932
v -3.142947 2.345322 1.952227
v -3.083007 1.790968 2.191889
v -3.095983 1.834781 2.223282
v -3.095984 1.834801 1.945950
v -3.083007 1.790968 1.976302
v -3.081029 1.229667 2.163955
v -3.082970 1.270836 2.137519
v -3.082970 1.270836 1.925757
v -3.081028 1.229647 1.891051
v -3.031991 0.739153 2.127536
v -3.042716 0.781349 2.158928
v -3.042717 0.781368 1.889447
v -3.031991 0.739153 1.919798
v -3.033055 0.175697 2.107078
v -3.027704 0.218970 2.080642
v -3.027704 0.218970 1.876218
v -3.033054 0.175677 1.841513
v -3.017320 -0.064304 2.106958
v -3.017322 -0.064272 1.843816
v -3.008041 -0.104396 1.874168
v -3.008041 -0.104396 2.075565
v -2.610652 -0.478302 1.828738
v -2.962811 -0.482016 1.828738
v -2.962811 -0.482009 2.089787
v -2.610653 -0.478295 2.089787
v 2.615308 -0.478302 2.089787
v 3.058315 -0.483214 2.089787
v 3.058315 -0.483214 1.828738
v 2.615308 -0.478301 1.828738
v -0.369269 3.583282 2.348001
v 0.352136 3.588015 2.349038
v 0.352132 3.546317 2.317642
v -0.369265 3.541585 2.316603
v 0.352145 3.504619 2.344074
v -0.369260 3.499887 2.343035
v -0.369234 3.014598 2.303434
v 0.352082 3.019370 2.292502
v 0.352114 2.977672 2.261101
v -0.369260 2.972901 2.272040
v 0.352091 2.935974 2.287530
v -0.369231 2.931204 2.298476
v -0.369016 2.378466 2.302827
v 0.352114 2.374646 2.282844
v 0.352093 2.332949 2.251442
v -0.369063 2.336778 2.271438
v 0.352114 2.291253 2.277867
v -0.369023 2.295087 2.297877
v -0.369081 1.873498 2.262859
v 0.352246 1.887566 2.253319
v 0.352268 1.845871 2.221918
v -0.369136 1.831796 2.231465
v 0.352245 1.804175 2.248348
v -0.369069 1.790097 2.257900
v -0.369058 1.344976 2.189411
v 0.352268 1.360282 2.180872
v 0.352298 1.318587 2.149468
v -0.369105 1.303273 2.158013
v 0.352281 1.276891 2.175895
v -0.369070 1.261572 2.184445
v -0.368913 0.824002 2.179378
v 0.352488 0.831934 2.177227
v 0.352537 0.790233 2.145827
v -0.368864 0.782301 2.147981
v 0.352527 0.748532 2.172257
v -0.368867 0.740598 2.174412
v -0.368723 0.363607 2.099717
v 0.352664 0.375014 2.097136
v 0.352667 0.333313 2.065745
v -0.368727 0.321902 2.068329
v 0.352683 0.291612 2.092184
v -0.368717 0.280198 2.094769
v -0.368578 -0.038554 2.078150
v 0.352535 -0.029577 2.098646
v 0.352506 -0.071280 2.067259
v -0.368560 -0.080258 2.046751
v 0.352522 -0.112982 2.093702
v -0.368588 -0.121964 2.073179
v -0.368634 -0.470489 2.076742
v 0.352579 -0.468676 2.093387
v -0.368671 -0.558253 2.055855
v 0.352624 -0.558253 2.068852
v 0.352662 -0.558253 1.852590
v -0.368744 -0.558253 1.839591
v -0.369293 4.031775 2.302409
v 0.352105 4.032331 2.297786
v -0.369283 3.977007 2.344814
v 0.352115 3.977564 2.340187
v 1.887381 3.568848 2.300636
v 1.165581 3.556988 2.307155
v 1.166505 3.598696 2.338547
v 1.888190 3.610548 2.332033
v 1.173177 3.992902 2.329655
v 1.894838 4.003694 2.330588
v 1.174515 4.047680 2.287247
v 1.896176 4.058463 2.288177
v 1.795830 -0.558253 1.862304
v 1.074424 -0.558253 1.863537
v 1.074371 -0.558253 2.079799
v 1.795828 -0.558253 2.078567
v 1.075583 -0.469691 2.108587
v 1.797013 -0.472677 2.108099
v 1.801566 -0.132820 2.120349
v 1.080303 -0.118043 2.116891
v 1.081260 -0.076340 2.090464
v 1.802515 -0.091100 2.093921
v 1.082212 -0.034637 2.121866
v 1.803461 -0.049380 2.125323
v 1.089781 0.291608 2.102183
v 1.811095 0.280962 2.107076
v 1.090706 0.333313 2.075751
v 1.812057 0.322680 2.080642
v 1.091675 0.375018 2.107149
v 1.813013 0.364398 2.112036
v 1.100207 0.748528 2.155472
v 1.821557 0.737979 2.149348
v 1.101184 0.790233 2.129031
v 1.822488 0.779698 2.122911
v 1.102117 0.831938 2.160421
v 1.823446 0.821415 2.154304
v 1.112859 1.294975 2.145425
v 1.834400 1.293116 2.140738
v 1.113856 1.336687 2.118979
v 1.835299 1.334836 2.114294
v 1.114765 1.378396 2.150365
v 1.836279 1.376553 2.145681
v 1.124859 1.822397 2.227880
v 1.846411 1.820578 2.218323
v 1.125870 1.864109 2.201438
v 1.847235 1.862300 2.191889
v 1.126770 1.905818 2.232827
v 1.848284 1.904015 2.223283
v 1.136772 2.306989 2.246933
v 1.858203 2.301082 2.232715
v 1.137811 2.348701 2.220486
v 1.859053 2.342805 2.206280
v 1.138697 2.390409 2.251873
v 1.860022 2.384524 2.237675
v 1.151675 2.946557 2.263257
v 1.873461 2.958539 2.257970
v 1.152799 2.988267 2.236810
v 1.874351 3.000241 2.231530
v 1.153555 3.029972 2.268203
v 1.875360 3.041945 2.262920
v 1.164583 3.515280 2.333594
v 1.886383 3.527143 2.327070
v -1.319593 3.499892 2.328041
v -2.041562 3.514570 2.322343
v -2.042658 3.556248 2.295907
v -1.321064 3.541584 2.301595
v -2.043790 3.597928 2.327300
v -1.322043 3.583277 2.332986
v -2.051154 4.004277 2.344814
v -1.329429 3.993461 2.344814
v -2.052537 4.059043 2.302409
v -1.330812 4.048238 2.302409
v -1.220441 -0.558253 1.821814
v -1.941846 -0.558253 1.825817
v -1.941871 -0.558253 2.042080
v -1.220372 -0.558253 2.038078
v -1.943061 -0.478296 2.061507
v -1.221626 -0.475976 2.055300
v -1.226854 -0.149315 2.051675
v -1.948074 -0.160809 2.063358
v -1.949167 -0.119121 2.036906
v -1.227842 -0.107628 2.025235
v -1.950200 -0.077433 2.068280
v -1.228912 -0.065944 2.056622
v -1.958666 0.230826 2.115704
v -1.237582 0.252690 2.112791
v -1.959701 0.272523 2.089272
v -1.238631 0.294375 2.086361
v -1.960756 0.314220 2.120669
v -1.239674 0.336061 2.117759
v -1.970178 0.704674 2.153971
v -1.248973 0.721234 2.159912
v -1.971218 0.746370 2.127536
v -1.250023 0.762922 2.133473
v -1.972269 0.788065 2.158929
v -1.251072 0.804609 2.164862
v -1.984512 1.248369 2.163955
v -1.262821 1.244863 2.169847
v -1.985449 1.290045 2.137519
v -1.263946 1.286550 2.143406
v -1.986405 1.331722 2.168912
v -1.264759 1.328242 2.174799
v -1.997231 1.762075 2.244640
v -1.276006 1.776082 2.257900
v -1.998265 1.803770 2.218215
v -1.277102 1.817770 2.231465
v -1.999275 1.845466 2.249621
v -1.278126 1.859459 2.262858
v -2.010342 2.349406 2.290027
v -1.288067 2.323280 2.312650
v -2.010885 2.391061 2.263655
v -1.289294 2.364985 2.286221
v -2.012125 2.432744 2.295057
v -1.290596 2.406693 2.317622
v -2.027178 2.946049 2.289837
v -1.305246 2.931209 2.298476
v -2.028112 2.987720 2.263411
v -1.306601 2.972901 2.272040
v -2.029290 3.029401 2.294808
v -1.307352 3.014593 2.303434
v -3.560312 5.338358 0.230428
v -3.560221 5.337289 -0.228926
v 3.604550 5.337292 -0.228929
v 3.604640 5.338357 0.230425
v -2.569576 5.291655 -0.228930
v -1.759889 5.266080 -0.228932
v -1.759662 5.267138 0.230421
v -2.569777 5.292727 0.230423
v -0.440664 5.243644 -0.228933
v 0.321747 5.247229 -0.228933
v 1.081461 5.267300 -0.228934
v 1.849209 5.288181 -0.228934
v 0.321742 5.248290 0.230420
v -0.440669 5.244705 0.230421
v 1.849259 5.289242 0.230420
v 1.081482 5.268360 0.230419
v -1.072320 5.255448 0.230421
v -1.072426 5.254389 -0.228932
v 2.740168 5.324315 0.230422
v 2.740098 5.323252 -0.228932
v 0.319574 5.587154 -0.032975
v 0.319418 5.597473 -0.001084
v 0.319571 5.587354 0.030872
v -0.443312 5.583857 0.030872
v -0.443251 5.593977 -0.001084
v -0.443313 5.583656 -0.032975
v 0.320049 5.397074 0.299319
v 0.320512 5.366966 0.317107
v 0.321025 5.333639 0.306518
v -0.442154 5.330093 0.306522
v -0.441951 5.363424 0.317111
v -0.441767 5.393536 0.299325
v -0.441766 5.392220 -0.299440
v -0.441950 5.361975 -0.317020
v -0.442153 5.328724 -0.306150
v 0.321021 5.332269 -0.306146
v 0.320509 5.365518 -0.317017
v 0.320044 5.395758 -0.299434
v 1.883742 5.628044 -0.032975
v 1.884632 5.638357 -0.001083
v 1.883747 5.628244 0.030872
v 1.119655 5.607972 0.030872
v 1.120622 5.618095 -0.001083
v 1.119651 5.607771 -0.032974
v 1.867170 5.438186 0.299055
v 1.864093 5.407914 0.317019
v 1.860153 5.374443 0.306406
v 1.093763 5.353919 0.306544
v 1.098155 5.387334 0.317105
v 1.101549 5.417562 0.299156
v 1.101562 5.416246 -0.299271
v 1.098163 5.385885 -0.317016
v 1.093770 5.352549 -0.306172
v 1.860145 5.373074 -0.306033
v 1.864091 5.406466 -0.316929
v 1.867176 5.436872 -0.299170
v -1.864461 5.607239 -0.032975
v -1.866346 5.617543 -0.001083
v -1.864460 5.607440 0.030872
v -2.632318 5.631300 0.030872
v -2.633269 5.641392 -0.001083
v -2.632304 5.631100 -0.032974
v -1.829252 5.417823 0.297916
v -1.820064 5.387293 0.317253
v -1.805593 5.354309 0.307603
v -2.599481 5.378270 0.306645
v -2.608955 5.411744 0.316887
v -2.614528 5.442317 0.298195
v -2.614453 5.441004 -0.298314
v -2.608862 5.410292 -0.316799
v -2.599380 5.376893 -0.306272
v -1.805763 5.352920 -0.307231
v -1.820187 5.385839 -0.317169
v -1.829362 5.416509 -0.298049
v -3.588921 5.423209 0.306006
v -3.599419 5.457085 0.317000
v -3.607520 5.487584 0.298890
v -3.650532 5.677670 0.030871
v -3.652822 5.687747 -0.001084
v -3.650521 5.677468 -0.032975
v -3.607544 5.486275 -0.299002
v -3.599425 5.455640 -0.316908
v -3.588921 5.421846 -0.305628
v 2.807133 5.663541 0.030872
v 2.806860 5.673639 -0.001084
v 2.807139 5.663341 -0.032975
v 3.633388 5.422253 -0.305998
v 3.643780 5.455695 -0.317110
v 3.651823 5.486053 -0.299310
v 2.767764 5.471779 -0.299241
v 2.768594 5.441563 -0.316891
v 2.769508 5.408311 -0.305996
v 2.769516 5.409678 0.306370
v 2.768600 5.443010 0.316982
v 2.767774 5.473093 0.299128
v -1.123752 5.595148 0.030872
v -1.124685 5.605269 -0.001084
v -1.123752 5.594948 -0.032975
v -1.106371 5.403655 -0.299045
v -1.101828 5.373257 -0.317051
v -1.094637 5.340029 -0.306419
v -1.094552 5.341403 0.306791
v -1.101767 5.374707 0.317139
v -1.106318 5.404970 0.298926
v 3.651799 5.487367 0.299196
v 3.643774 5.457143 0.317199
v 3.633389 5.423620 0.306372
v 3.694850 5.677469 -0.032975
v 3.697151 5.687747 -0.001084
v 3.694861 5.677670 0.030871
v -0.088367 5.459070 0.019048
v -0.088370 5.464360 0.000000
v -0.088367 5.459070 -0.019048
v 0.481277 5.466440 -0.019048
v 0.481144 5.471723 0.000000
v 0.481277 5.466440 0.019048
v 0.464105 3.577867 -3.103096
v 0.463552 3.598197 -3.107492
v 0.463089 3.615184 -3.095485
v -0.105885 3.607228 -3.095507
v -0.105873 3.590238 -3.107514
v -0.105858 3.569900 -3.103135
v 0.463218 3.615189 3.095485
v 0.463681 3.598202 3.107492
v 0.464234 3.577872 3.103096
v -0.105987 3.569901 3.103135
v -0.106002 3.590240 3.107514
v -0.106014 3.607229 3.095507
v 0.456717 3.384432 2.963294
v 0.457028 3.373345 2.946126
v 0.456932 3.376771 2.925977
v -0.112065 3.368595 2.925969
v -0.112063 3.365167 2.946121
v -0.112071 3.376269 2.963284
v 0.475520 5.117793 0.019048
v 0.475385 5.123054 0.000000
v 0.475520 5.117793 -0.019048
v -0.094129 5.110262 -0.019048
v -0.094133 5.115531 -0.000000
v -0.094129 5.110262 0.019048
v 0.457062 3.376776 -2.925977
v 0.457158 3.373350 -2.946126
v 0.456847 3.384437 -2.963294
v -0.112201 3.376270 -2.963284
v -0.112193 3.365168 -2.946121
v -0.112195 3.368597 -2.925969
v 1.074097 5.488627 0.019048
v 1.074400 5.493919 0.000000
v 1.074097 5.488627 -0.019048
v 1.643759 5.509876 -0.019048
v 1.644053 5.515164 0.000000
v 1.643759 5.509876 0.019048
v 1.536509 3.621337 -3.103101
v 1.539279 3.641739 -3.107445
v 1.540923 3.658828 -3.095277
v 0.968018 3.635707 -3.095307
v 0.966358 3.618620 -3.107473
v 0.963582 3.598217 -3.103148
v 1.540923 3.658828 3.095277
v 1.539279 3.641739 3.107445
v 1.536509 3.621337 3.103101
v 0.963582 3.598217 3.103148
v 0.966358 3.618620 3.107473
v 0.968018 3.635707 3.095307
v 1.506028 3.427892 2.963243
v 1.503928 3.416872 2.946081
v 1.503579 3.420351 2.925879
v 0.930593 3.396560 2.925866
v 0.930926 3.393080 2.946072
v 0.933020 3.404117 2.963227
v 1.613391 5.161229 0.019048
v 1.613723 5.166495 0.000000
v 1.613391 5.161229 -0.019048
v 1.043626 5.139514 -0.019048
v 1.043968 5.144786 0.000000
v 1.043626 5.139514 0.019048
v 1.503579 3.420351 -2.925879
v 1.503928 3.416872 -2.946081
v 1.506028 3.427892 -2.963243
v 0.933020 3.404117 -2.963227
v 0.930926 3.393080 -2.946072
v 0.930593 3.396560 -2.925866
v 2.284330 5.533687 0.019048
v 2.284902 5.538977 0.000000
v 2.284330 5.533687 -0.019048
v 2.854907 5.557711 -0.019048
v 2.855450 5.562995 0.000000
v 2.854907 5.557711 0.019048
v 2.656309 3.669654 -3.103142
v 2.661478 3.690085 -3.107368
v 2.664548 3.707312 -3.094886
v 2.084188 3.680832 -3.094990
v 2.081074 3.663655 -3.107435
v 2.075895 3.643277 -3.103240
v 2.664548 3.707312 3.094886
v 2.661478 3.690085 3.107368
v 2.656309 3.669654 3.103142
v 2.075895 3.643277 3.103240
v 2.081074 3.663655 3.107435
v 2.084188 3.680832 3.094990
v 2.599298 3.476059 2.963115
v 2.595420 3.465230 2.945977
v 2.594784 3.468829 2.925664
v 2.014190 3.441615 2.925657
v 2.014777 3.438016 2.945968
v 2.018641 3.448861 2.963094
v 2.798989 5.209131 0.019048
v 2.799606 5.214393 0.000000
v 2.798989 5.209131 -0.019048
v 2.228081 5.184572 -0.019048
v 2.228728 5.189840 0.000000
v 2.228081 5.184572 0.019048
v 2.594784 3.468829 -2.925664
v 2.595420 3.465230 -2.945977
v 2.599298 3.476059 -2.963115
v 2.018641 3.448861 -2.963094
v 2.014777 3.438016 -2.945968
v 2.014190 3.441615 -2.925657
v -1.625304 5.483229 0.019048
v -1.625580 5.488517 0.000000
v -1.625304 5.483229 -0.019048
v -1.055629 5.470271 -0.019048
v -1.055912 5.475562 0.000000
v -1.055629 5.470271 0.019048
v -0.952200 3.580593 -3.103189
v -0.954796 3.600921 -3.107512
v -0.956348 3.617939 -3.095403
v -1.528539 3.632067 -3.095309
v -1.526996 3.614993 -3.107456
v -1.524398 3.594601 -3.103109
v -0.956348 3.617939 3.095403
v -0.954796 3.600921 3.107512
v -0.952200 3.580593 3.103189
v -1.524398 3.594601 3.103109
v -1.526996 3.614993 3.107456
v -1.528539 3.632067 3.095309
v -0.923524 3.386642 2.963233
v -0.921561 3.375606 2.946081
v -0.921257 3.379078 2.925890
v -1.493512 3.393571 2.925890
v -1.493829 3.390099 2.946086
v -1.495796 3.401127 2.963248
v -1.028777 5.121320 0.019048
v -1.029102 5.126589 0.000000
v -1.028777 5.121320 -0.019048
v -1.598546 5.134561 -0.019048
v -1.598864 5.139828 0.000000
v -1.598546 5.134561 0.019048
v -0.921257 3.379078 -2.925890
v -0.921561 3.375606 -2.946081
v -0.923524 3.386642 -2.963233
v -1.495796 3.401127 -2.963248
v -1.493829 3.390099 -2.946086
v -1.493512 3.393571 -2.925890
v -2.954896 5.541169 0.019048
v -2.954545 5.546387 0.000000
v -2.954896 5.541169 -0.019048
v -2.384168 5.509007 -0.019048
v -2.383931 5.514258 0.000000
v -2.384168 5.509007 0.019048
v -2.178905 3.618514 -3.102839
v -2.177915 3.638824 -3.107350
v -2.177086 3.655824 -3.095346
v -2.758159 3.691210 -3.095196
v -2.759398 3.674217 -3.107210
v -2.760877 3.653937 -3.102604
v -2.177086 3.655824 3.095346
v -2.177915 3.638824 3.107350
v -2.178905 3.618514 3.102839
v -2.760877 3.653937 3.102604
v -2.759398 3.674217 3.107210
v -2.758159 3.691210 3.095196
v -2.105860 3.424245 2.963339
v -2.106414 3.413218 2.946151
v -2.106242 3.416637 2.926012
v -2.687635 3.452976 2.926067
v -2.687891 3.449572 2.946190
v -2.687070 3.460503 2.963408
v -2.329225 5.159927 0.019048
v -2.328985 5.165151 0.000000
v -2.329225 5.159927 -0.019048
v -2.900342 5.192814 -0.019048
v -2.899985 5.198001 0.000000
v -2.900342 5.192814 0.019048
v -2.106242 3.416637 -2.926012
v -2.106414 3.413218 -2.946151
v -2.105860 3.424245 -2.963339
v -2.687070 3.460503 -2.963408
v -2.687891 3.449572 -2.946190
v -2.687635 3.452976 -2.926067
v 3.293256 3.512725 2.963408
v 3.287633 3.501548 2.946172
v 3.286676 3.504820 2.926067
v 3.385927 3.743767 3.095260
v 3.381490 3.726532 3.107410
v 3.373971 3.705761 3.102767
v 3.663220 5.595728 -0.019048
v 3.664011 5.601011 0.000000
v 3.663220 5.595728 0.019048
v 3.373971 3.705761 -3.102767
v 3.381490 3.726532 -3.107410
v 3.385927 3.743767 -3.095260
v 3.286676 3.504820 -2.926067
v 3.287633 3.501548 -2.946172
v 3.293256 3.512725 -2.963408
v 3.583947 5.246849 0.019048
v 3.584845 5.252109 0.000000
v 3.583947 5.246849 -0.019048
v -3.441236 3.711783 3.102473
v -3.448880 3.732877 3.107262
v -3.453380 3.750318 3.095057
v -3.730654 5.602158 0.019048
v -3.731446 5.607440 0.000000
v -3.730654 5.602158 -0.019048
v -3.354116 3.511207 2.926139
v -3.355084 3.508001 2.946218
v -3.360742 3.519278 2.963497
v -3.653170 5.253278 -0.019048
v -3.654073 5.258538 0.000000
v -3.653170 5.253278 0.019048
v -3.360742 3.519278 -2.963497
v -3.355084 3.508001 -2.946218
v -3.354116 3.511207 -2.926139
v -3.453380 3.750318 -3.095057
v -3.448880 3.732877 -3.107262
v -3.441236 3.711783 -3.102473
v -3.593662 4.646656 -1.538811
v -2.857694 4.586596 -1.538879
v -2.281855 4.552842 -1.538953
v -1.577495 4.528062 -1.538935
v -1.006577 4.514526 -1.538982
v -0.097022 4.503567 -1.539033
v 0.472291 4.511227 -1.539022
v 1.021686 4.532591 -1.538934
v 1.592951 4.554766 -1.538919
v 2.185446 4.577684 -1.538777
v 2.760856 4.602921 -1.538726
v 3.526218 4.640166 -1.538911
v -3.635457 4.951869 -1.075149
v -2.887350 4.891526 -1.075197
v -2.313069 4.858257 -1.075249
v -1.592081 4.833174 -1.075236
v -1.021542 4.819814 -1.075268
v -0.094381 4.808781 -1.075304
v 0.475032 4.816352 -1.075296
v 1.037676 4.837967 -1.075235
v 1.608452 4.859860 -1.075225
v 2.215615 4.883050 -1.075126
v 2.789550 4.907917 -1.075091
v 3.568016 4.945398 -1.075219
v -3.681780 5.275740 -0.561247
v -2.920218 5.215082 -0.561271
v -2.347666 5.182352 -0.561298
v -1.608248 5.156930 -0.561291
v -1.038129 5.143766 -0.561308
v -0.091455 5.132651 -0.561326
v 0.478071 5.140124 -0.561322
v 1.055399 5.162018 -0.561291
v 1.625632 5.183598 -0.561286
v 2.249052 5.207090 -0.561235
v 2.821353 5.231546 -0.561217
v 3.614342 5.269289 -0.561283
v -3.547904 4.332364 -2.046428
v -2.825228 4.272615 -2.046520
v -2.247681 4.238328 -2.046619
v -1.561527 4.213882 -2.046594
v -0.990193 4.200153 -2.046657
v -0.099913 4.189275 -2.046725
v 0.469289 4.197031 -2.046710
v 1.004181 4.218122 -2.046593
v 1.575980 4.240605 -2.046573
v 2.152418 4.263225 -2.046384
v 2.729442 4.288867 -2.046316
v 3.480458 4.325854 -2.046562
v -3.494796 3.992156 -2.635597
v -2.787545 3.932767 -2.635715
v -2.208017 3.897863 -2.635843
v -1.542993 3.873804 -2.635811
v -0.971177 3.859851 -2.635892
v -0.103268 3.849066 -2.635980
v 0.465806 3.856934 -2.635961
v 0.983863 3.877706 -2.635810
v 1.556283 3.900548 -2.635785
v 2.114083 3.922822 -2.635540
v 2.692982 3.948935 -2.635452
v 3.427346 3.985622 -2.635770
v -3.509031 4.373065 -1.420216
v -2.797821 4.313677 -1.420181
v -2.221751 4.279127 -1.420155
v -1.547921 4.254869 -1.420096
v -0.976954 4.241025 -1.420096
v -0.102837 4.230245 -1.420134
v 0.466624 4.238088 -1.420138
v 0.989146 4.258876 -1.420085
v 1.560463 4.281591 -1.420091
v 2.124990 4.303933 -1.419984
v 2.700566 4.329772 -1.419987
v 3.440667 4.366657 -1.420182
v -3.559456 4.692878 -0.930043
v -2.833686 4.633113 -0.930020
v -2.259349 4.599145 -0.930003
v -1.565632 4.574500 -0.929965
v -0.995083 4.560866 -0.929965
v -0.099791 4.549989 -0.929990
v 0.469736 4.557723 -0.929992
v 1.008205 4.578838 -0.929958
v 1.578979 4.601202 -0.929962
v 2.161054 4.623895 -0.929892
v 2.734997 4.649285 -0.929894
v 3.490791 4.686462 -0.930021
v -3.611246 5.009055 -0.426597
v -2.870522 4.948904 -0.426587
v -2.297965 4.915533 -0.426579
v -1.583821 4.890490 -0.426562
v -1.013703 4.877072 -0.426562
v -0.096662 4.866096 -0.426573
v 0.472933 4.873717 -0.426574
v 1.027780 4.895167 -0.426559
v 1.597996 4.917172 -0.426561
v 2.198096 4.940225 -0.426529
v 2.770361 4.965156 -0.426531
v 3.542272 5.002632 -0.426587
v -3.460793 4.083368 -1.889145
v -2.763510 4.024341 -1.889098
v -2.185783 3.989233 -1.889063
v -1.530979 3.965347 -1.888984
v -0.959610 3.951300 -1.888984
v -0.105751 3.940613 -1.889035
v 0.463646 3.948561 -1.889040
v 0.970914 3.969037 -1.888969
v 1.542750 3.992087 -1.888977
v 2.090488 4.014093 -1.888834
v 2.667626 4.040360 -1.888839
v 3.392716 4.076966 -1.889098
v -3.409170 3.797138 -2.390968
v -2.726793 3.738496 -2.390909
v -2.147291 3.702793 -2.390864
v -1.512848 3.679303 -2.390765
v -0.941050 3.665041 -2.390765
v -0.108870 3.654453 -2.390829
v 0.460460 3.662513 -2.390836
v 0.951402 3.682655 -2.390746
v 1.523795 3.706063 -2.390756
v 2.053566 3.727710 -2.390574
v 2.632376 3.754435 -2.390580
v 3.341401 3.790744 -2.390909
v 3.439342 4.358892 1.433139
v 2.699655 4.322014 1.432943
v 2.124036 4.296164 1.432939
v 1.559974 4.273832 1.433047
v 0.988642 4.251108 1.433041
v 0.466478 4.230326 1.433095
v -0.102854 4.222481 1.433091
v -0.976475 4.233260 1.433053
v -1.547453 4.247109 1.433053
v -2.220757 4.271357 1.433112
v -2.796873 4.305923 1.433139
v -3.507698 4.365301 1.433174
v 3.391250 4.068375 1.903435
v 2.666619 4.031777 1.903174
v 2.089433 4.005497 1.903169
v 1.542209 3.983501 1.903313
v 0.970356 3.960441 1.903305
v 0.463471 3.939972 1.903376
v -0.105756 3.932022 1.903372
v -0.959080 3.942708 1.903320
v -1.530461 3.956760 1.903320
v -2.184683 3.980635 1.903399
v -2.762461 4.015760 1.903435
v -3.459317 4.074777 1.903482
v 3.345323 3.813725 2.352559
v 2.635070 3.777394 2.352236
v 2.056387 3.750703 2.352230
v 1.525243 3.729029 2.352408
v 0.952893 3.705648 2.352398
v 0.460599 3.685477 2.352487
v -0.108527 3.677428 2.352480
v -0.942469 3.688025 2.352417
v -1.514234 3.702271 2.352417
v -2.150233 3.725791 2.352515
v -2.729599 3.761448 2.352559
v -3.413115 3.820120 2.352617
v 3.495880 4.701793 0.880261
v 2.738492 4.664587 0.880142
v 2.164715 4.639242 0.880139
v 1.580859 4.616514 0.880205
v 1.010140 4.594185 0.880202
v 0.470013 4.573035 0.880234
v -0.099443 4.565314 0.880232
v -0.996924 4.576201 0.880208
v -1.567430 4.589813 0.880209
v -2.263166 4.614498 0.880245
v -2.837327 4.648407 0.880261
v -3.564575 4.708210 0.880282
v 3.549179 5.034410 0.359051
v 2.775105 4.996894 0.359004
v 2.203065 4.972025 0.359003
v 1.600547 4.948925 0.359029
v 1.030406 4.926968 0.359028
v 0.473346 4.905471 0.359040
v -0.096227 4.897866 0.359040
v -1.016201 4.908856 0.359030
v -1.586262 4.922244 0.359030
v -2.303145 4.947341 0.359045
v -2.875464 4.980631 0.359051
v -3.618193 5.040834 0.359059
v -3.592956 4.641941 1.546643
v -2.857193 4.581886 1.546711
v -2.281328 4.548123 1.546786
v -1.577249 4.523349 1.546768
v -1.006324 4.509810 1.546815
v -0.097131 4.498853 1.546866
v 0.472309 4.506516 1.546855
v 1.021416 4.527874 1.546767
v 1.592689 4.550053 1.546752
v 2.184937 4.572966 1.546609
v 2.760372 4.598210 1.546558
v 3.525512 4.635451 1.546744
v -3.636560 4.944749 1.062913
v -2.888132 4.884398 1.062960
v -2.313893 4.851142 1.063011
v -1.592466 4.826050 1.062998
v -1.021937 4.812695 1.063031
v -0.094356 4.801661 1.063066
v 0.475148 4.809231 1.063058
v 1.038098 4.830851 1.062998
v 1.608861 4.852736 1.062988
v 2.216411 4.875933 1.062890
v 2.790307 4.900791 1.062855
v 3.569119 4.938278 1.062982
v -3.683599 5.279194 0.541071
v -2.921509 5.218524 0.541094
v -2.349024 5.185815 0.541120
v -1.608882 5.160380 0.541113
v -1.038780 5.147224 0.541129
v -0.091362 5.136106 0.541147
v 0.478212 5.143576 0.541143
v 1.056095 5.165480 0.541113
v 1.626307 5.187047 0.541108
v 2.250365 5.210551 0.541059
v 2.822601 5.234992 0.541042
v 3.616161 5.272744 0.541105
v -3.547971 4.332809 2.045689
v -2.825275 4.273059 2.045780
v -2.247731 4.238774 2.045879
v -1.561550 4.214327 2.045855
v -0.990217 4.200599 2.045917
v -0.099994 4.189721 2.045985
v 0.469379 4.197479 2.045971
v 1.004206 4.218567 2.045853
v 1.576005 4.241050 2.045834
v 2.152466 4.263670 2.045645
v 2.729488 4.289312 2.045576
v 3.480525 4.326300 2.045823
v -3.499900 4.026244 2.578977
v -2.791167 3.966819 2.579092
v -2.211829 3.931975 2.579217
v -1.544774 3.907879 2.579186
v -0.973005 3.893947 2.579265
v -0.103053 3.883154 2.579351
v 0.466248 3.891015 2.579332
v 0.985815 3.911813 2.579184
v 1.558176 3.934621 2.579160
v 2.117767 3.956928 2.578920
v 2.696486 3.982995 2.578834
v 3.432450 4.019712 2.579146
v -3.447869 3.287602 2.992589
v -3.439893 3.285370 2.990771
v -3.439789 3.283829 2.998955
v -3.440811 3.288136 3.006242
v -3.448639 3.289534 3.003559
v -3.452196 3.293288 2.997177
v -3.259639 3.288739 2.991833
v -3.256559 3.295107 2.997013
v -3.259552 3.290762 3.003964
v -3.267565 3.288918 3.006880
v -3.267365 3.284229 2.998810
v -3.267660 3.286042 2.989700
v -3.545025 3.682190 3.313030
v -3.547075 3.675227 3.308214
v -3.543337 3.671302 3.314916
v -3.534943 3.669886 3.317766
v -3.536463 3.678126 3.319820
v -3.537333 3.685457 3.314870
v -3.280922 3.682352 3.313782
v -3.288892 3.684838 3.315821
v -3.288752 3.677854 3.320024
v -3.288673 3.669567 3.317506
v -3.280469 3.671705 3.315023
v -3.277383 3.676281 3.308783
v -3.545069 3.766669 -3.337914
v -3.537256 3.769946 -3.339846
v -3.536755 3.763049 -3.344980
v -3.535647 3.754465 -3.342858
v -3.543680 3.755948 -3.339984
v -3.547269 3.759556 -3.332951
v -3.280971 3.767246 -3.337751
v -3.277426 3.760549 -3.333112
v -3.280511 3.756744 -3.340334
v -3.288717 3.755065 -3.343332
v -3.288830 3.763316 -3.345002
v -3.289028 3.770163 -3.339418
v -3.447722 3.317093 -2.983566
v -3.451945 3.322957 -2.988121
v -3.448380 3.319601 -2.994869
v -3.440458 3.318349 -2.997679
v -3.439590 3.313658 -2.990285
v -3.439754 3.314754 -2.981791
v -3.259525 3.317739 -2.983379
v -3.267583 3.314796 -2.981713
v -3.267381 3.313586 -2.990184
v -3.267579 3.318109 -2.997489
v -3.259477 3.320125 -2.994764
v -3.256410 3.324338 -2.987946
v -3.602739 5.751839 0.000118
v -3.594683 5.748437 0.000118
v -3.591177 5.740156 0.000118
v -3.590555 5.736705 0.010750
v -3.594247 5.745485 0.010749
v -3.602724 5.749092 0.010749
v -3.602937 5.748417 -0.010315
v -3.594328 5.744738 -0.010315
v -3.590577 5.735781 -0.010315
v -3.828549 5.739644 0.000118
v -3.825723 5.748211 0.000118
v -3.817789 5.751842 0.000118
v -3.817292 5.749095 0.010744
v -3.825280 5.745907 0.009397
v -3.828255 5.738344 0.006200
v -3.779824 5.112458 0.014994
v -3.776233 5.105056 0.011991
v -3.768209 5.102031 0.010764
v -3.780805 5.115950 0.000129
v -3.777019 5.107907 0.000129
v -3.768949 5.104648 0.000129
v -3.828292 5.737980 -0.005096
v -3.825314 5.745325 -0.008764
v -3.817327 5.748420 -0.010310
v -3.767990 5.101266 -0.010287
v -3.776025 5.104206 -0.011739
v -3.779597 5.111390 -0.015286
v -3.584100 5.102027 0.010770
v -3.575958 5.105549 0.010770
v -3.572756 5.113982 0.010770
v -3.584410 5.104646 0.000130
v -3.576486 5.108126 0.000129
v -3.573372 5.116455 0.000129
v -3.572578 5.113338 -0.010294
v -3.575807 5.104820 -0.010293
v -3.584021 5.101262 -0.010293
v -3.417766 4.842401 1.492735
v -3.421493 4.850369 1.494512
v -3.429825 4.853620 1.495248
v -3.486895 5.176453 0.967381
v -3.478547 5.173140 0.966657
v -3.474919 5.165088 0.964870
v -3.658964 4.853426 1.495556
v -3.667118 4.849795 1.494762
v -3.669667 4.841408 1.492901
v -3.721743 5.164885 0.964435
v -3.719015 5.173120 0.966273
v -3.710915 5.176640 0.967070
v -3.403050 4.303574 1.373999
v -3.395114 4.306869 1.375068
v -3.391952 4.313892 1.379027
v -3.458823 4.633116 0.850022
v -3.462102 4.626046 0.846291
v -3.470029 4.622733 0.845384
v -3.594060 4.312932 1.378987
v -3.590110 4.306729 1.374653
v -3.582177 4.304600 1.372334
v -3.651120 4.624216 0.842857
v -3.659349 4.626884 0.844353
v -3.663397 4.634402 0.846393
v -3.394908 4.625417 1.860538
v -3.386803 4.622411 1.859305
v -3.383184 4.615065 1.856277
v -3.341405 4.288867 2.367715
v -3.345058 4.296231 2.370754
v -3.353094 4.299229 2.371996
v -3.322924 3.801946 2.167794
v -3.314959 3.805126 2.169160
v -3.311934 3.812122 2.173321
v -3.359076 4.135452 1.660636
v -3.362172 4.128463 1.656541
v -3.370124 4.125223 1.655326
v -3.591550 4.299130 2.372148
v -3.599582 4.295664 2.370725
v -3.601873 4.287748 2.367464
v -3.638693 4.614290 1.855747
v -3.636259 4.622118 1.858978
v -3.628251 4.625512 1.860385
v -3.510860 3.810925 2.172849
v -3.506649 3.804841 2.168668
v -3.498686 3.802675 2.166636
v -3.548079 4.126364 1.653522
v -3.556029 4.128489 1.655733
v -3.560092 4.134611 1.660046
v -3.336353 4.158808 -2.572711
v -3.328388 4.156221 -2.570797
v -3.324773 4.149427 -2.566981
v -3.366050 4.436651 -2.037559
v -3.369660 4.443314 -2.041606
v -3.377617 4.445796 -2.043683
v -3.344354 3.955558 -1.810292
v -3.336391 3.958838 -1.811481
v -3.333419 3.966034 -1.815349
v -3.293135 3.671439 -2.340763
v -3.296115 3.664197 -2.336991
v -3.304086 3.660961 -2.335747
v -3.587159 4.148192 -2.566596
v -3.584897 4.155787 -2.570445
v -3.576928 4.159287 -2.571804
v -3.613013 4.446665 -2.042135
v -3.620974 4.443177 -2.040785
v -3.623307 4.435704 -2.036772
v -3.533699 3.964833 -1.814847
v -3.529508 3.958586 -1.810884
v -3.521548 3.956364 -1.808885
v -3.479081 3.661632 -2.334520
v -3.487051 3.663936 -2.336347
v -3.491301 3.670254 -2.340111
v -3.437067 4.809323 -1.415998
v -3.429119 4.806930 -1.413743
v -3.425586 4.800385 -1.409421
v -3.482321 5.131034 -0.887265
v -3.486163 5.138886 -0.889241
v -3.494538 5.141766 -0.890607
v -3.383098 4.265900 -1.303595
v -3.386095 4.258784 -1.299610
v -3.394046 4.255463 -1.298487
v -3.461612 4.586273 -0.773086
v -3.453546 4.590190 -0.772959
v -3.450590 4.598545 -0.774332
v -3.676665 4.799423 -1.409105
v -3.674168 4.806713 -1.413293
v -3.666215 4.810147 -1.414648
v -3.717592 5.143157 -0.888512
v -3.725768 5.139120 -0.888375
v -3.728309 5.130494 -0.886852
v -3.573381 4.256420 -1.296920
v -3.581330 4.258535 -1.299132
v -3.585427 4.264697 -1.303351
v -3.655091 4.598114 -0.773936
v -3.650809 4.590569 -0.771957
v -3.642427 4.587983 -0.770472
v -3.446305 3.285496 2.998598
v -3.260854 3.286286 2.998463
v -3.542997 3.677464 3.317680
v -3.282157 3.677618 3.317982
v -3.543190 3.762315 -3.342790
v -3.282197 3.762824 -3.342860
v -3.446138 3.315317 -2.989860
v -3.260806 3.315666 -2.989744
v 3.421077 3.264085 -2.990369
v 3.411206 3.261010 -2.988187
v 3.410650 3.259365 -2.998484
v 3.411211 3.265229 -3.007257
v 3.421177 3.267040 -3.003911
v 3.425905 3.271758 -2.995775
v 3.218678 3.265016 -2.990024
v 3.215448 3.273692 -2.995354
v 3.218827 3.268258 -3.004056
v 3.228478 3.265847 -3.007692
v 3.227891 3.259570 -2.998574
v 3.228475 3.261096 -2.988043
v 3.481691 3.720582 -3.310422
v 3.484872 3.711788 -3.304936
v 3.480097 3.707089 -3.313190
v 3.470103 3.705212 -3.316532
v 3.471140 3.715862 -3.318751
v 3.472072 3.724527 -3.312496
v 3.282622 3.721635 -3.309931
v 3.292612 3.724710 -3.312176
v 3.291610 3.716015 -3.318723
v 3.290544 3.705547 -3.316767
v 3.280922 3.708242 -3.313194
v 3.277694 3.713904 -3.304430
v 3.493499 3.780227 3.314064
v 3.483811 3.784154 3.316312
v 3.483315 3.775635 3.322721
v 3.482280 3.765016 3.320473
v 3.492192 3.766886 3.316933
v 3.496568 3.771472 3.308314
v 3.294395 3.781207 3.313854
v 3.289342 3.773435 3.308531
v 3.293096 3.768132 3.317363
v 3.303017 3.765606 3.320900
v 3.303951 3.775879 3.322715
v 3.304394 3.784387 3.315872
v 3.421035 3.319270 2.981721
v 3.425982 3.326827 2.987165
v 3.421400 3.322381 2.995396
v 3.411554 3.320662 2.998780
v 3.410787 3.314790 2.989936
v 3.411176 3.316249 2.979547
v 3.218705 3.320215 2.981383
v 3.228631 3.316334 2.979394
v 3.228361 3.314822 2.989894
v 3.229265 3.320695 2.998804
v 3.219187 3.323270 2.995328
v 3.215533 3.328715 2.986733
v 3.711099 5.123737 -0.903162
v 3.707773 5.132572 -0.908394
v 3.697959 5.136776 -0.909970
v 3.646347 4.811007 -1.436304
v 3.656179 4.806860 -1.434636
v 3.659465 4.797931 -1.429523
v 3.542321 5.135379 -0.912174
v 3.532513 5.132874 -0.909399
v 3.527304 5.125476 -0.904078
v 3.470572 4.799587 -1.430543
v 3.475744 4.807187 -1.435625
v 3.485571 4.809873 -1.438182
v 3.588279 4.271476 -1.324512
v 3.583117 4.262031 -1.322539
v 3.572875 4.258256 -1.321755
v 3.624878 4.581758 -0.794863
v 3.635216 4.585567 -0.795667
v 3.640417 4.595105 -0.797670
v 3.384335 4.258201 -1.321849
v 3.374263 4.262819 -1.322821
v 3.371448 4.273351 -1.325025
v 3.421571 4.597075 -0.797964
v 3.424305 4.586483 -0.795744
v 3.434398 4.581817 -0.794771
v 3.621062 4.487156 -1.956618
v 3.617972 4.496704 -1.960809
v 3.608139 4.500827 -1.962621
v 3.561243 4.199086 -2.482444
v 3.571069 4.194960 -2.480631
v 3.574137 4.185419 -2.476435
v 3.375074 4.187308 -2.477221
v 3.380315 4.195759 -2.480938
v 3.390283 4.199104 -2.482411
v 3.442302 4.500809 -1.962654
v 3.432389 4.497484 -1.961196
v 3.427095 4.489063 -1.957499
v 3.501815 3.709574 -2.267075
v 3.496743 3.701001 -2.263304
v 3.486768 3.697582 -2.261804
v 3.536196 4.006230 -1.745545
v 3.546152 4.009648 -1.747048
v 3.551197 4.018218 -1.750811
v 3.301349 3.697549 -2.261859
v 3.291479 3.701734 -2.263703
v 3.288587 3.711333 -2.267926
v 3.336013 4.020124 -1.751571
v 3.338821 4.010484 -1.747339
v 3.348695 4.006263 -1.745489
v 3.634427 4.856349 1.345323
v 3.630755 4.865158 1.350241
v 3.620949 4.869297 1.351629
v 3.688544 5.201496 0.827472
v 3.698325 5.197261 0.826079
v 3.701894 5.188577 0.820843
v 3.518531 5.187346 0.826020
v 3.524039 5.196552 0.828388
v 3.534407 5.199677 0.830226
v 3.460824 4.867760 1.354172
v 3.451024 4.865070 1.351323
v 3.446203 4.857316 1.346025
v 3.645750 4.645131 0.719911
v 3.641227 4.637216 0.714493
v 3.631406 4.634401 0.711653
v 3.574325 4.312469 1.239879
v 3.584151 4.315377 1.242644
v 3.588615 4.323431 1.247923
v 3.439927 4.633109 0.713738
v 3.429861 4.638161 0.713828
v 3.426970 4.648899 0.715621
v 3.371228 4.324274 1.248772
v 3.374510 4.315295 1.243739
v 3.384339 4.311080 1.242209
v 3.530832 4.182587 2.531827
v 3.527343 4.191631 2.536518
v 3.517496 4.195674 2.538143
v 3.554974 4.486307 2.013163
v 3.564806 4.482235 2.011697
v 3.568451 4.473311 2.006956
v 3.373772 4.474319 2.007472
v 3.378522 4.482333 2.012462
v 3.388348 4.485241 2.015046
v 3.345719 4.194957 2.539470
v 3.335875 4.191909 2.537161
v 3.331064 4.183779 2.532441
v 3.533705 4.006217 1.789550
v 3.529124 3.997476 1.785451
v 3.519183 3.993929 1.783776
v 3.470148 3.695550 2.304049
v 3.480065 3.699047 2.305677
v 3.484773 3.707687 2.309730
v 3.331661 3.994056 1.783559
v 3.321799 3.998044 1.785414
v 3.318478 4.007350 1.789770
v 3.271548 3.708738 2.310534
v 3.274824 3.699418 2.306156
v 3.284686 3.695427 2.304269
v 3.505417 5.094780 0.013643
v 3.508025 5.085132 0.009121
v 3.517900 5.080872 0.007125
v 3.506359 5.098977 0.000008
v 3.508666 5.087880 0.000002
v 3.518464 5.082935 -0.000000
v 3.518037 5.080873 -0.007125
v 3.508164 5.085166 -0.009135
v 3.505645 5.094850 -0.013671
v 3.652790 5.734325 0.033970
v 3.658482 5.743593 0.034137
v 3.668433 5.747206 0.034202
v 3.652672 5.733743 0.032486
v 3.658202 5.741944 0.028578
v 3.668108 5.745152 0.027049
v 3.667975 5.744946 0.041293
v 3.658048 5.741745 0.039635
v 3.652600 5.733596 0.035413
v 3.814490 5.747208 0.034202
v 3.824266 5.742474 0.034122
v 3.827134 5.731586 0.033940
v 3.814204 5.745154 0.027051
v 3.824070 5.741063 0.028967
v 3.827150 5.731600 0.033398
v 3.827129 5.731697 0.034572
v 3.823937 5.740960 0.039268
v 3.814042 5.744948 0.041291
v 3.728219 5.096351 0.000004
v 3.723019 5.086747 0.000001
v 3.713091 5.082935 -0.000000
v 3.727504 5.092893 -0.012671
v 3.722515 5.084304 -0.008708
v 3.712620 5.080873 -0.007125
v 3.712542 5.080872 0.007125
v 3.722440 5.084325 0.008718
v 3.727377 5.092950 0.012699
v 3.418811 3.261574 -2.997984
v 3.220020 3.262293 -2.997951
v 3.479141 3.715017 -3.316260
v 3.283598 3.715744 -3.316107
v 3.491285 3.774781 3.320096
v 3.295788 3.775531 3.320172
v 3.418898 3.316941 2.989417
v 3.220262 3.317538 2.989299
vt 0.341431 0.932060
vt 0.391566 0.932929
vt 0.340540 0.983496
vt 0.390674 0.984365
vt 0.446117 0.978597
vt 0.395982 0.977728
vt 0.396874 0.926292
vt 0.447008 0.927161
vt 0.334797 0.987144
vt 0.284662 0.986275
vt 0.285554 0.934838
vt 0.335688 0.935707
vt 0.960855 0.286308
vt 0.960112 0.299507
vt 0.952455 0.300524
vt 0.952466 0.287004
vt 0.957059 0.366049
vt 0.951621 0.365548
vt 0.951653 0.347611
vt 0.957883 0.347688
vt 0.950251 0.378001
vt 0.959931 0.378112
vt 0.959263 0.395705
vt 0.949447 0.395584
vt 0.978869 0.396347
vt 0.977606 0.438159
vt 0.957990 0.437543
vt 0.951907 0.323680
vt 0.958869 0.324544
vt 0.928359 0.347444
vt 0.928667 0.323293
vt 0.929161 0.299946
vt 0.948342 0.437176
vt 0.949447 0.395596
vt 0.957474 0.459113
vt 0.947960 0.458512
vt 0.983364 0.300710
vt 0.984075 0.287557
vt 0.930478 0.278040
vt 0.953771 0.278686
vt 0.928992 0.286358
vt 0.928311 0.365460
vt 0.952306 0.370953
vt 0.928999 0.370867
vt 0.980340 0.367051
vt 0.981140 0.348709
vt 0.982143 0.325631
vt 0.979586 0.378788
vt 0.960543 0.368471
vt 0.980196 0.369146
vt 0.930576 0.377234
vt 0.929828 0.394920
vt 0.929828 0.394932
vt 0.928677 0.436702
vt 0.976969 0.469239
vt 0.957314 0.468635
vt 0.977131 0.459717
vt 0.928263 0.458114
vt 0.071425 0.926529
vt 0.089226 0.925342
vt 0.088244 0.939932
vt 0.071064 0.941185
vt 0.072304 0.910476
vt 0.067012 0.927253
vt 0.067597 0.910676
vt 0.089598 0.909470
vt 0.049895 0.908343
vt 0.049329 0.924936
vt 0.072578 0.896200
vt 0.068275 0.896081
vt 0.089737 0.895131
vt 0.050673 0.893664
vt 0.068714 0.881699
vt 0.072441 0.881447
vt 0.090931 0.880244
vt 0.050328 0.879160
vt 0.066121 0.941394
vt 0.048989 0.939148
vt 0.963867 0.100665
vt 0.963125 0.113864
vt 0.955467 0.114882
vt 0.955479 0.101362
vt 0.960072 0.180406
vt 0.954634 0.179906
vt 0.954665 0.161968
vt 0.960896 0.162046
vt 0.951313 0.193140
vt 0.960992 0.193250
vt 0.960324 0.210843
vt 0.950508 0.210722
vt 0.979931 0.211485
vt 0.978667 0.253297
vt 0.959051 0.252681
vt 0.954919 0.138037
vt 0.961881 0.138902
vt 0.931371 0.161801
vt 0.931680 0.137651
vt 0.932174 0.114304
vt 0.949403 0.252313
vt 0.950508 0.210734
vt 0.958535 0.274251
vt 0.949022 0.273650
vt 0.986376 0.115068
vt 0.987088 0.101914
vt 0.933491 0.092398
vt 0.956783 0.093044
vt 0.932004 0.100715
vt 0.931323 0.179818
vt 0.955318 0.185311
vt 0.932011 0.185225
vt 0.983353 0.181408
vt 0.984153 0.163066
vt 0.985156 0.139989
vt 0.980648 0.193926
vt 0.961604 0.183609
vt 0.981257 0.184284
vt 0.931637 0.192373
vt 0.930890 0.210059
vt 0.930889 0.210070
vt 0.929738 0.251840
vt 0.978030 0.284377
vt 0.958375 0.283773
vt 0.978192 0.274855
vt 0.929324 0.273252
vt 0.260562 0.928619
vt 0.278363 0.927432
vt 0.277381 0.942021
vt 0.260200 0.943275
vt 0.261440 0.912566
vt 0.256148 0.929343
vt 0.256734 0.912766
vt 0.278735 0.911560
vt 0.239031 0.910433
vt 0.238465 0.927026
vt 0.261714 0.898290
vt 0.257412 0.898170
vt 0.278874 0.897220
vt 0.239809 0.895753
vt 0.257851 0.883789
vt 0.261578 0.883537
vt 0.280068 0.882334
vt 0.239465 0.881249
vt 0.255258 0.943483
vt 0.238126 0.941237
vt 0.618666 0.879905
vt 0.618105 0.893113
vt 0.610463 0.894236
vt 0.610288 0.880718
vt 0.615971 0.959692
vt 0.610526 0.959266
vt 0.610311 0.941329
vt 0.616541 0.941321
vt 0.665449 0.880801
vt 0.675129 0.880777
vt 0.674704 0.898378
vt 0.664887 0.898394
vt 0.694317 0.898750
vt 0.693631 0.940575
vt 0.674008 0.940230
vt 0.610234 0.917397
vt 0.617207 0.918166
vt 0.587016 0.941484
vt 0.586992 0.917332
vt 0.587163 0.893980
vt 0.664356 0.939996
vt 0.664887 0.898405
vt 0.673790 0.961805
vt 0.664269 0.961335
vt 0.641371 0.893996
vt 0.641901 0.880834
vt 0.588178 0.872058
vt 0.611477 0.872382
vt 0.586806 0.880395
vt 0.587217 0.959499
vt 0.611286 0.964661
vt 0.587980 0.964897
vt 0.639263 0.960372
vt 0.639811 0.942021
vt 0.640495 0.918931
vt 0.694792 0.881182
vt 0.675608 0.871129
vt 0.695268 0.871533
vt 0.645764 0.880305
vt 0.645261 0.898000
vt 0.645261 0.898012
vt 0.644687 0.939794
vt 0.693423 0.971661
vt 0.673761 0.971328
vt 0.693454 0.962137
vt 0.644568 0.961209
vt 0.166151 0.927146
vt 0.183952 0.925960
vt 0.182970 0.940549
vt 0.165790 0.941802
vt 0.167030 0.911093
vt 0.161738 0.927870
vt 0.162323 0.911294
vt 0.184324 0.910087
vt 0.144621 0.908960
vt 0.144055 0.925553
vt 0.167304 0.896817
vt 0.163001 0.896698
vt 0.184464 0.895748
vt 0.145399 0.894280
vt 0.163441 0.882316
vt 0.167168 0.882064
vt 0.185658 0.880861
vt 0.145055 0.879777
vt 0.160848 0.942011
vt 0.143716 0.939765
vt 0.360940 0.910056
vt 0.377352 0.908160
vt 0.376112 0.921612
vt 0.360646 0.923852
vt 0.315113 0.931630
vt 0.313891 0.916711
vt 0.330965 0.914743
vt 0.330371 0.929779
vt 0.305551 0.931332
vt 0.290515 0.929769
vt 0.288706 0.914043
vt 0.304412 0.915405
vt 0.288820 0.896216
vt 0.304379 0.897522
vt 0.314011 0.898497
vt 0.330395 0.896441
vt 0.361241 0.895074
vt 0.349641 0.910776
vt 0.350954 0.895357
vt 0.377228 0.893716
vt 0.334591 0.892780
vt 0.333468 0.907888
vt 0.361403 0.881823
vt 0.351628 0.881785
vt 0.377221 0.880589
vt 0.335382 0.879394
vt 0.351949 0.868469
vt 0.361205 0.868196
vt 0.378202 0.866862
vt 0.335053 0.866040
vt 0.288064 0.874233
vt 0.304546 0.875672
vt 0.313922 0.876263
vt 0.330366 0.874110
vt 0.349128 0.924031
vt 0.333619 0.921077
vt 0.027545 0.925516
vt 0.045346 0.924330
vt 0.044364 0.938919
vt 0.027183 0.940171
vt 0.028424 0.909462
vt 0.023132 0.926240
vt 0.023717 0.909663
vt 0.045718 0.908457
vt 0.006014 0.907330
vt 0.005448 0.923923
vt 0.028697 0.895186
vt 0.024395 0.895068
vt 0.045857 0.894118
vt 0.006792 0.892650
vt 0.024834 0.880686
vt 0.028561 0.880434
vt 0.047051 0.879230
vt 0.006448 0.878146
vt 0.022241 0.940381
vt 0.005109 0.938134
vt 0.216682 0.927606
vt 0.234483 0.926419
vt 0.233501 0.941008
vt 0.216320 0.942261
vt 0.217560 0.911552
vt 0.212268 0.928330
vt 0.212854 0.911753
vt 0.234855 0.910547
vt 0.195151 0.909420
vt 0.194585 0.926013
vt 0.217834 0.897276
vt 0.213532 0.897158
vt 0.234994 0.896207
vt 0.195929 0.894740
vt 0.213971 0.882776
vt 0.217698 0.882524
vt 0.236188 0.881320
vt 0.195585 0.880236
vt 0.211378 0.942470
vt 0.194246 0.940224
vt 0.547476 0.917106
vt 0.563889 0.915210
vt 0.562648 0.928662
vt 0.547183 0.930902
vt 0.502516 0.929280
vt 0.501294 0.914360
vt 0.518368 0.912392
vt 0.517775 0.927429
vt 0.492955 0.928982
vt 0.477918 0.927419
vt 0.476110 0.911693
vt 0.491815 0.913054
vt 0.476223 0.893866
vt 0.491782 0.895172
vt 0.501414 0.896147
vt 0.517799 0.894091
vt 0.547777 0.902124
vt 0.536178 0.917826
vt 0.537490 0.902407
vt 0.563765 0.900766
vt 0.521128 0.899830
vt 0.520005 0.914938
vt 0.547940 0.888873
vt 0.538165 0.888835
vt 0.563757 0.887639
vt 0.521918 0.886444
vt 0.538485 0.875519
vt 0.547742 0.875245
vt 0.564739 0.873912
vt 0.521589 0.873090
vt 0.475467 0.871882
vt 0.491949 0.873321
vt 0.501325 0.873912
vt 0.517769 0.871760
vt 0.535664 0.931081
vt 0.520155 0.928127
vt 0.455666 0.909567
vt 0.472079 0.907670
vt 0.470838 0.921122
vt 0.455372 0.923362
vt 0.409839 0.920007
vt 0.408617 0.905087
vt 0.425691 0.903119
vt 0.425098 0.918156
vt 0.400278 0.919709
vt 0.385241 0.918145
vt 0.383433 0.902420
vt 0.399138 0.903781
vt 0.383546 0.884593
vt 0.399105 0.885898
vt 0.408737 0.886874
vt 0.425122 0.884818
vt 0.455967 0.894584
vt 0.444368 0.910287
vt 0.445680 0.894867
vt 0.471955 0.893226
vt 0.429317 0.892290
vt 0.428195 0.907398
vt 0.456129 0.881334
vt 0.446355 0.881295
vt 0.471947 0.880099
vt 0.430108 0.878904
vt 0.446675 0.867979
vt 0.455932 0.867706
vt 0.472929 0.866372
vt 0.429779 0.865550
vt 0.382790 0.862609
vt 0.399272 0.864048
vt 0.408648 0.864639
vt 0.425092 0.862487
vt 0.443854 0.923541
vt 0.428345 0.920587
vt 0.122271 0.926133
vt 0.140072 0.924947
vt 0.139090 0.939536
vt 0.121910 0.940789
vt 0.123150 0.910080
vt 0.117858 0.926857
vt 0.118443 0.910280
vt 0.140444 0.909074
vt 0.100741 0.907947
vt 0.100175 0.924540
vt 0.123424 0.895803
vt 0.119121 0.895685
vt 0.140584 0.894734
vt 0.101519 0.893267
vt 0.119561 0.881303
vt 0.123287 0.881051
vt 0.141777 0.879847
vt 0.101174 0.878763
vt 0.116967 0.940998
vt 0.099835 0.938751
vt 0.679411 0.267626
vt 0.680717 0.269386
vt 0.680581 0.278554
vt 0.679238 0.279225
vt 0.605505 0.512533
vt 0.604276 0.514286
vt 0.603320 0.502459
vt 0.604749 0.503190
vt 0.586643 0.514909
vt 0.585187 0.513381
vt 0.584435 0.504106
vt 0.585680 0.503036
vt 0.747746 0.271128
vt 0.746416 0.272580
vt 0.746469 0.261080
vt 0.747787 0.262148
vt 0.725234 0.270787
vt 0.723963 0.269360
vt 0.724003 0.260057
vt 0.725282 0.259232
vt 0.425895 0.512013
vt 0.424840 0.513449
vt 0.423201 0.502262
vt 0.424576 0.503013
vt 0.408722 0.514931
vt 0.407266 0.513891
vt 0.405883 0.504487
vt 0.407072 0.503709
vt 0.155216 0.266808
vt 0.156439 0.265617
vt 0.156944 0.277143
vt 0.155639 0.276461
vt 0.169463 0.265130
vt 0.170818 0.266191
vt 0.171258 0.276044
vt 0.169979 0.276693
vt 0.216723 0.512058
vt 0.215418 0.513056
vt 0.215556 0.501278
vt 0.216840 0.502027
vt 0.194232 0.511193
vt 0.192912 0.510210
vt 0.193022 0.500124
vt 0.194361 0.499356
vt 0.321298 0.512576
vt 0.320011 0.513474
vt 0.319403 0.501817
vt 0.320779 0.502649
vt 0.292627 0.513745
vt 0.291333 0.513049
vt 0.290809 0.503065
vt 0.292011 0.502027
vt 0.860240 0.264287
vt 0.859064 0.264991
vt 0.858234 0.253678
vt 0.859533 0.254653
vt 0.658695 0.277629
vt 0.658852 0.267960
vt 0.662394 0.267123
vt 0.662206 0.278682
vt 0.664554 0.477360
vt 0.663324 0.488855
vt 0.659690 0.487568
vt 0.660720 0.477953
vt 0.587739 0.301053
vt 0.589196 0.289233
vt 0.605437 0.290431
vt 0.603985 0.302209
vt 0.733189 0.059007
vt 0.734437 0.047523
vt 0.750168 0.047527
vt 0.748927 0.058961
vt 0.400653 0.306101
vt 0.401429 0.294782
vt 0.420527 0.295206
vt 0.419759 0.306483
vt 0.178984 0.477316
vt 0.177527 0.488801
vt 0.160296 0.486706
vt 0.161742 0.475261
vt 0.198060 0.294568
vt 0.199037 0.282772
vt 0.218140 0.282730
vt 0.217167 0.294467
vt 0.302879 0.290716
vt 0.305409 0.279255
vt 0.325751 0.282547
vt 0.323233 0.293942
vt 0.839798 0.266100
vt 0.838961 0.254743
vt 0.833659 0.054482
vt 0.833260 0.043106
vt 0.853855 0.042087
vt 0.854260 0.053428
vt 0.838387 0.265600
vt 0.837674 0.255926
vt 0.831194 0.053485
vt 0.830854 0.043795
vt 0.682559 0.479019
vt 0.683782 0.479846
vt 0.682805 0.488962
vt 0.681323 0.490552
vt 0.605441 0.301538
vt 0.606588 0.292234
vt 0.586537 0.299933
vt 0.587675 0.290698
vt 0.750265 0.058038
vt 0.751235 0.049109
vt 0.731919 0.058034
vt 0.732924 0.048788
vt 0.421108 0.305631
vt 0.421727 0.296558
vt 0.399445 0.305420
vt 0.400095 0.295933
vt 0.160370 0.475832
vt 0.159158 0.485418
vt 0.180189 0.478066
vt 0.178948 0.487852
vt 0.218534 0.293843
vt 0.219364 0.283847
vt 0.196818 0.293680
vt 0.197649 0.283628
vt 0.324654 0.293332
vt 0.326800 0.283629
vt 0.301793 0.289478
vt 0.303948 0.279713
vt 0.855495 0.052315
vt 0.855151 0.042657
vt 0.063796 0.156946
vt 0.045473 0.179682
vt 0.064388 0.145991
vt 0.614599 0.492204
vt 0.616721 0.492355
vt 0.616449 0.502812
vt 0.614313 0.502660
vt 0.603653 0.492016
vt 0.605238 0.491943
vt 0.604930 0.502408
vt 0.634939 0.494028
vt 0.637053 0.494227
vt 0.636115 0.504657
vt 0.634014 0.504459
vt 0.646320 0.495060
vt 0.645383 0.505490
vt 0.583723 0.492620
vt 0.585379 0.492563
vt 0.584040 0.503094
vt 0.433503 0.488466
vt 0.435297 0.488516
vt 0.435621 0.501945
vt 0.433842 0.501896
vt 0.422830 0.488808
vt 0.424407 0.488688
vt 0.424758 0.502127
vt 0.452097 0.489426
vt 0.453872 0.489500
vt 0.453582 0.502616
vt 0.451795 0.502542
vt 0.463381 0.489711
vt 0.463090 0.502827
vt 0.404713 0.490776
vt 0.406113 0.490660
vt 0.405657 0.503844
vt 0.227672 0.489127
vt 0.229319 0.489302
vt 0.228716 0.501891
vt 0.227081 0.501718
vt 0.216162 0.488707
vt 0.217663 0.488657
vt 0.217049 0.501252
vt 0.251803 0.491971
vt 0.253419 0.492187
vt 0.251608 0.502281
vt 0.249977 0.502064
vt 0.263346 0.493968
vt 0.261535 0.504062
vt 0.192015 0.489159
vt 0.193541 0.489119
vt 0.192818 0.499401
vt 0.869580 0.243368
vt 0.870966 0.243499
vt 0.870882 0.253749
vt 0.869518 0.253622
vt 0.858287 0.243427
vt 0.859925 0.243307
vt 0.859856 0.253567
vt 0.891007 0.245475
vt 0.890132 0.255080
vt 0.838219 0.245130
vt 0.892407 0.245272
vt 0.891606 0.254820
vt 0.902074 0.246083
vt 0.901273 0.255631
vt 0.836552 0.244925
vt 0.837231 0.254482
vt 0.625723 0.292601
vt 0.616557 0.292373
vt 0.616869 0.279840
vt 0.626036 0.280068
vt 0.681417 0.291701
vt 0.679932 0.291769
vt 0.680737 0.279134
vt 0.658768 0.292960
vt 0.649135 0.293281
vt 0.648839 0.278844
vt 0.658518 0.278600
vt 0.645399 0.293171
vt 0.645206 0.279074
vt 0.662505 0.292739
vt 0.757648 0.246485
vt 0.759594 0.246640
vt 0.759110 0.261504
vt 0.757147 0.261347
vt 0.746999 0.246226
vt 0.748677 0.246184
vt 0.748167 0.261045
vt 0.781465 0.248803
vt 0.783381 0.248992
vt 0.782262 0.261312
vt 0.780361 0.261123
vt 0.792646 0.249834
vt 0.791526 0.262153
vt 0.723477 0.246920
vt 0.725018 0.246856
vt 0.723761 0.259284
vt 0.146110 0.289778
vt 0.144393 0.289736
vt 0.144100 0.277471
vt 0.145806 0.277511
vt 0.157237 0.289406
vt 0.155759 0.289546
vt 0.155472 0.277265
vt 0.130696 0.289009
vt 0.128988 0.288943
vt 0.129349 0.277552
vt 0.131069 0.277617
vt 0.119128 0.288632
vt 0.119488 0.277240
vt 0.172289 0.287947
vt 0.170873 0.288043
vt 0.171409 0.276575
vt 0.330907 0.489200
vt 0.332443 0.489220
vt 0.332521 0.501766
vt 0.330952 0.501746
vt 0.319394 0.489267
vt 0.320970 0.489233
vt 0.321011 0.501785
vt 0.359917 0.489488
vt 0.361418 0.489510
vt 0.361372 0.501816
vt 0.359904 0.501796
vt 0.371418 0.489547
vt 0.371371 0.501853
vt 0.290306 0.489751
vt 0.291925 0.489727
vt 0.290423 0.502056
vt 0.634944 0.312661
vt 0.617572 0.315125
vt 0.617074 0.301712
vt 0.633188 0.299356
vt 0.604494 0.315628
vt 0.586978 0.314449
vt 0.606082 0.315701
vt 0.605583 0.302292
vt 0.615454 0.315347
vt 0.614947 0.301937
vt 0.585327 0.314335
vt 0.586100 0.300942
vt 0.646271 0.311141
vt 0.637046 0.312366
vt 0.635281 0.299064
vt 0.644505 0.297839
vt 0.452161 0.315947
vt 0.432597 0.317553
vt 0.432240 0.306085
vt 0.451277 0.304493
vt 0.420135 0.317960
vt 0.400510 0.317576
vt 0.421717 0.317973
vt 0.421352 0.306501
vt 0.430807 0.317678
vt 0.430439 0.306211
vt 0.399107 0.317559
vt 0.399266 0.306075
vt 0.463412 0.315056
vt 0.453931 0.315799
vt 0.453033 0.304347
vt 0.462514 0.303604
vt 0.250643 0.304656
vt 0.230555 0.306988
vt 0.230347 0.294250
vt 0.249444 0.293737
vt 0.217373 0.307201
vt 0.197206 0.305527
vt 0.218873 0.307302
vt 0.218667 0.294568
vt 0.228904 0.307140
vt 0.228696 0.294403
vt 0.195684 0.305394
vt 0.196538 0.294444
vt 0.262288 0.303374
vt 0.252264 0.304474
vt 0.251065 0.293555
vt 0.261089 0.292455
vt 0.891516 0.057604
vt 0.868314 0.063760
vt 0.866875 0.051882
vt 0.887121 0.047970
vt 0.855737 0.065319
vt 0.831764 0.064876
vt 0.830121 0.065205
vt 0.831016 0.054897
vt 0.902117 0.054434
vt 0.892930 0.057550
vt 0.889615 0.047780
vt 0.898802 0.044663
vt 0.857381 0.065302
vt 0.855921 0.053420
vt 0.866968 0.064116
vt 0.865506 0.052243
vt 0.646875 0.463396
vt 0.650853 0.463170
vt 0.651025 0.477138
vt 0.647196 0.477573
vt 0.660523 0.463041
vt 0.660691 0.477017
vt 0.664532 0.463175
vt 0.683253 0.463828
vt 0.684739 0.463897
vt 0.684034 0.479087
vt 0.616859 0.465275
vt 0.626006 0.464634
vt 0.627069 0.479808
vt 0.617922 0.480449
vt 0.628183 0.464483
vt 0.629237 0.479658
vt 0.779228 0.070842
vt 0.761977 0.073522
vt 0.761417 0.058534
vt 0.777116 0.057523
vt 0.749379 0.073965
vt 0.731991 0.072428
vt 0.751056 0.074045
vt 0.750550 0.059045
vt 0.760035 0.073735
vt 0.759521 0.058738
vt 0.730453 0.072317
vt 0.731593 0.058882
vt 0.790325 0.069130
vt 0.781132 0.070556
vt 0.779066 0.057230
vt 0.788259 0.055804
vt 0.130632 0.467275
vt 0.148606 0.465838
vt 0.148883 0.475622
vt 0.131794 0.478660
vt 0.161461 0.465474
vt 0.179487 0.465891
vt 0.159975 0.465442
vt 0.160255 0.475231
vt 0.150320 0.465718
vt 0.150597 0.475502
vt 0.180906 0.465921
vt 0.180403 0.477354
vt 0.119115 0.468428
vt 0.128929 0.467426
vt 0.130092 0.478810
vt 0.120277 0.479813
vt 0.358989 0.302890
vt 0.336926 0.307224
vt 0.336181 0.293273
vt 0.356108 0.288018
vt 0.323906 0.307897
vt 0.301506 0.305809
vt 0.325480 0.307987
vt 0.324774 0.294035
vt 0.335411 0.307480
vt 0.334696 0.293524
vt 0.299895 0.305656
vt 0.301239 0.290567
vt 0.370285 0.300726
vt 0.360464 0.302608
vt 0.357613 0.287729
vt 0.367434 0.285847
vt 0.628226 0.280138
vt 0.627903 0.292672
vt 0.321481 0.390761
vt 0.321051 0.398652
vt 0.296724 0.397904
vt 0.297329 0.390023
vt 0.323054 0.390822
vt 0.322625 0.398716
vt 0.193356 0.397440
vt 0.193591 0.393442
vt 0.195274 0.389470
vt 0.194881 0.397473
vt 0.218200 0.390075
vt 0.218061 0.398095
vt 0.219624 0.394131
vt 0.219563 0.398143
vt 0.175622 0.376795
vt 0.175890 0.384675
vt 0.174474 0.384724
vt 0.174206 0.376845
vt 0.157559 0.385183
vt 0.157427 0.377300
vt 0.156075 0.385211
vt 0.155943 0.377328
vt 0.403575 0.404303
vt 0.403398 0.396537
vt 0.404799 0.396484
vt 0.404976 0.404250
vt 0.421785 0.395908
vt 0.421658 0.403672
vt 0.423362 0.395858
vt 0.423235 0.403623
vt 0.727388 0.160011
vt 0.727705 0.156051
vt 0.729469 0.152130
vt 0.728928 0.160058
vt 0.748711 0.152420
vt 0.748405 0.160358
vt 0.750388 0.152459
vt 0.750081 0.160398
vt 0.584678 0.403924
vt 0.584970 0.399819
vt 0.586628 0.395719
vt 0.586332 0.403942
vt 0.604396 0.395926
vt 0.604141 0.404149
vt 0.605983 0.395965
vt 0.605728 0.404189
vt 0.683089 0.377350
vt 0.682974 0.381369
vt 0.681540 0.385423
vt 0.681605 0.377379
vt 0.663583 0.385644
vt 0.663496 0.377598
vt 0.659726 0.385671
vt 0.659610 0.377624
vt 0.063154 0.183321
vt 0.063201 0.174693
vt 0.065307 0.174617
vt 0.065264 0.183227
vt 0.012542 0.419050
vt 0.012625 0.414752
vt 0.014792 0.410425
vt 0.014515 0.419016
vt 0.033766 0.409211
vt 0.033793 0.417862
vt 0.035661 0.409158
vt 0.035687 0.417785
vt 0.042098 0.420769
vt 0.042275 0.416453
vt 0.043799 0.412073
vt 0.043861 0.420704
vt 0.063344 0.410831
vt 0.063256 0.419452
vt 0.065070 0.410812
vt 0.064982 0.419419
vt 0.832535 0.155293
vt 0.832431 0.151480
vt 0.833967 0.147597
vt 0.834191 0.155230
vt 0.856922 0.146683
vt 0.856857 0.154314
vt 0.858563 0.146649
vt 0.858498 0.154277
vt 0.295108 0.397851
vt 0.295475 0.393917
vt 0.660056 0.423938
vt 0.660140 0.431984
vt 0.650408 0.432409
vt 0.650322 0.424348
vt 0.663787 0.423968
vt 0.663891 0.432011
vt 0.680919 0.424257
vt 0.681126 0.432310
vt 0.682405 0.424286
vt 0.682612 0.432339
vt 0.607448 0.348032
vt 0.607468 0.356268
vt 0.605881 0.356206
vt 0.605861 0.347972
vt 0.587808 0.355444
vt 0.587822 0.347206
vt 0.586276 0.351266
vt 0.586170 0.347146
vt 0.751575 0.105659
vt 0.751524 0.113599
vt 0.749848 0.113536
vt 0.749899 0.105595
vt 0.732047 0.112592
vt 0.732271 0.104644
vt 0.730509 0.112503
vt 0.730732 0.104557
vt 0.423766 0.349378
vt 0.423729 0.353259
vt 0.422380 0.357159
vt 0.422187 0.349402
vt 0.403068 0.357243
vt 0.402638 0.349483
vt 0.401597 0.353369
vt 0.401235 0.349492
vt 0.157914 0.432990
vt 0.157521 0.425106
vt 0.159006 0.425101
vt 0.159399 0.432984
vt 0.176939 0.425127
vt 0.177427 0.433006
vt 0.178460 0.429065
vt 0.178844 0.433003
vt 0.219267 0.340866
vt 0.219349 0.348897
vt 0.217848 0.348827
vt 0.217766 0.340792
vt 0.197207 0.347673
vt 0.197373 0.339656
vt 0.195684 0.347579
vt 0.195850 0.339565
vt 0.325367 0.341669
vt 0.325153 0.349568
vt 0.323581 0.349494
vt 0.323795 0.341595
vt 0.300901 0.348032
vt 0.301264 0.340135
vt 0.299288 0.347922
vt 0.299651 0.340025
vt 0.859152 0.098381
vt 0.859225 0.102190
vt 0.857647 0.106021
vt 0.857511 0.098408
vt 0.832683 0.106251
vt 0.832482 0.098582
vt 0.831035 0.106552
vt 0.830829 0.098683
vt 0.064859 0.355320
vt 0.064522 0.360262
vt 0.063129 0.366128
vt 0.063135 0.355173
vt 0.043517 0.384333
vt 0.043472 0.373041
vt 0.041746 0.384527
vt 0.041705 0.374717
vt 0.035292 0.371682
vt 0.034842 0.376767
vt 0.033465 0.383051
vt 0.033397 0.372055
vt 0.015272 0.401165
vt 0.015966 0.390315
vt 0.013298 0.401414
vt 0.013916 0.391860
vt 0.065914 0.155992
vt 0.065309 0.160964
vt 0.063414 0.166470
vt 0.658640 0.324821
vt 0.658705 0.332880
vt 0.650687 0.332808
vt 0.650560 0.324782
vt 0.662681 0.324835
vt 0.662769 0.332895
vt 0.681426 0.324204
vt 0.681611 0.332249
vt 0.682747 0.328180
vt 0.683096 0.332189
vt 0.604585 0.450434
vt 0.604567 0.458674
vt 0.602979 0.458699
vt 0.602997 0.450456
vt 0.584291 0.458937
vt 0.584334 0.450716
vt 0.582770 0.454844
vt 0.582679 0.450735
vt 0.747908 0.205665
vt 0.747822 0.213615
vt 0.746144 0.213623
vt 0.746230 0.205672
vt 0.725332 0.213822
vt 0.725654 0.205887
vt 0.723792 0.213838
vt 0.724113 0.205908
vt 0.422454 0.448627
vt 0.422387 0.452514
vt 0.421026 0.456472
vt 0.420877 0.448708
vt 0.405157 0.457767
vt 0.405039 0.449987
vt 0.403758 0.457859
vt 0.403640 0.450077
vt 0.156069 0.330878
vt 0.156310 0.326913
vt 0.157529 0.322891
vt 0.157552 0.330796
vt 0.173535 0.321907
vt 0.173872 0.329790
vt 0.174866 0.325779
vt 0.175287 0.329705
vt 0.217497 0.446035
vt 0.217360 0.454066
vt 0.215856 0.454069
vt 0.215994 0.446036
vt 0.192289 0.454030
vt 0.192354 0.446020
vt 0.190991 0.450035
vt 0.190828 0.446035
vt 0.319848 0.446673
vt 0.319758 0.454577
vt 0.318181 0.454562
vt 0.318272 0.446656
vt 0.293000 0.454520
vt 0.293390 0.446627
vt 0.291382 0.454518
vt 0.291772 0.446632
vt 0.858543 0.201588
vt 0.858497 0.205412
vt 0.857045 0.209307
vt 0.856903 0.201663
vt 0.835871 0.210652
vt 0.835506 0.203020
vt 0.834193 0.206770
vt 0.833842 0.202844
vt 0.063636 0.473099
vt 0.063530 0.482399
vt 0.061811 0.482484
vt 0.061937 0.471729
vt 0.044154 0.464874
vt 0.043992 0.453764
vt 0.042627 0.458541
vt 0.042230 0.453494
vt 0.035517 0.450565
vt 0.035557 0.460353
vt 0.033684 0.460352
vt 0.033635 0.448693
vt 0.014467 0.441699
vt 0.014367 0.430647
vt 0.012531 0.435383
vt 0.012393 0.430532
vt 0.065444 0.194723
vt 0.065824 0.204142
vt 0.063689 0.203249
vt 0.063312 0.193864
vt 0.650059 0.385642
vt 0.650086 0.377593
vt 0.066532 0.144339
vt 0.014811 0.380218
vt 0.016853 0.378609
vt 0.033376 0.347951
vt 0.035272 0.346260
vt 0.041762 0.349302
vt 0.043533 0.347618
vt 0.063362 0.315217
vt 0.065093 0.314219
vt 0.683024 0.385392
vt 0.584974 0.395703
vt 0.586155 0.355384
vt 0.727929 0.152083
vt 0.423959 0.357134
vt 0.401665 0.357252
vt 0.178357 0.425124
vt 0.219701 0.390123
vt 0.193749 0.389438
vt 0.295712 0.389973
vt 0.859288 0.105998
vt 0.832312 0.147656
vt 0.064852 0.364578
vt 0.042035 0.412155
vt 0.035351 0.381498
vt 0.012824 0.410454
vt 0.065538 0.165559
vt 0.682911 0.324147
vt 0.582636 0.458955
vt 0.422603 0.456386
vt 0.156046 0.322978
vt 0.174950 0.321823
vt 0.190763 0.454043
vt 0.858685 0.209226
vt 0.834217 0.210677
vt 0.063574 0.525050
vt 0.061855 0.524032
vt 0.044827 0.491872
vt 0.043052 0.490193
vt 0.042374 0.463269
vt 0.035914 0.487305
vt 0.034026 0.485603
vt 0.014807 0.452609
vt 0.012821 0.450931
vt 0.012477 0.439959
vt 0.066541 0.215079
vt 0.064362 0.213475
vt 0.045511 0.181792
vt 0.045491 0.180692
vt 0.714167 0.019704
vt 0.715534 0.021407
vt 0.715739 0.030543
vt 0.714427 0.031261
vt 0.796675 0.026713
vt 0.797884 0.024918
vt 0.799072 0.036860
vt 0.797613 0.036147
vt 0.813553 0.024156
vt 0.815055 0.025671
vt 0.815999 0.035027
vt 0.814764 0.036130
vt 0.540846 0.270609
vt 0.539715 0.272172
vt 0.538476 0.260972
vt 0.539879 0.261865
vt 0.522977 0.272921
vt 0.521580 0.271677
vt 0.520571 0.262619
vt 0.521724 0.261673
vt 0.307412 0.025730
vt 0.308525 0.024229
vt 0.310197 0.035965
vt 0.308758 0.035174
vt 0.327001 0.022371
vt 0.328523 0.023468
vt 0.329931 0.033344
vt 0.328681 0.034156
vt 0.756948 0.270774
vt 0.757970 0.269464
vt 0.759986 0.280510
vt 0.758637 0.280026
vt 0.775392 0.268297
vt 0.776840 0.269142
vt 0.778565 0.278588
vt 0.777417 0.279383
vt 0.861037 0.271655
vt 0.862222 0.270560
vt 0.863167 0.282094
vt 0.861841 0.281477
vt 0.884711 0.269112
vt 0.886092 0.269953
vt 0.886901 0.279827
vt 0.885661 0.280700
vt 0.903625 0.015453
vt 0.904859 0.014625
vt 0.905225 0.025676
vt 0.903936 0.024864
vt 0.927062 0.013968
vt 0.928275 0.014650
vt 0.928592 0.024113
vt 0.927435 0.025073
vt 0.111437 0.512713
vt 0.110298 0.513511
vt 0.108634 0.502121
vt 0.110019 0.503013
vt 0.694680 0.031849
vt 0.694432 0.020335
vt 0.713048 0.232009
vt 0.712464 0.243552
vt 0.691749 0.242296
vt 0.692342 0.230793
vt 0.812660 0.239876
vt 0.810983 0.251796
vt 0.796721 0.250601
vt 0.798391 0.238719
vt 0.530095 0.062577
vt 0.532589 0.051536
vt 0.543889 0.052960
vt 0.541408 0.063951
vt 0.335233 0.238581
vt 0.334632 0.250472
vt 0.313023 0.250154
vt 0.313622 0.238317
vt 0.779255 0.480551
vt 0.777549 0.491693
vt 0.759392 0.490912
vt 0.761098 0.479817
vt 0.888952 0.483454
vt 0.888236 0.495057
vt 0.864443 0.493979
vt 0.865158 0.482429
vt 0.916756 0.226516
vt 0.915367 0.237534
vt 0.898817 0.235536
vt 0.900183 0.224559
vt 0.092453 0.515186
vt 0.090774 0.503754
vt 0.084073 0.299099
vt 0.084730 0.287563
vt 0.105670 0.287795
vt 0.105042 0.299288
vt 0.090989 0.514784
vt 0.089559 0.505046
vt 0.081676 0.297861
vt 0.082234 0.288035
vt 0.714311 0.232764
vt 0.713850 0.241888
vt 0.796909 0.239372
vt 0.795588 0.248759
vt 0.813856 0.241028
vt 0.812546 0.250342
vt 0.542813 0.063201
vt 0.544751 0.054619
vt 0.528967 0.061488
vt 0.530975 0.052599
vt 0.312222 0.239234
vt 0.311740 0.248759
vt 0.336512 0.239274
vt 0.336009 0.249239
vt 0.759748 0.480337
vt 0.758318 0.489630
vt 0.780409 0.481311
vt 0.778956 0.490805
vt 0.863828 0.483070
vt 0.863219 0.492907
vt 0.890190 0.484300
vt 0.889581 0.494187
vt 0.898897 0.225261
vt 0.897732 0.234609
vt 0.917890 0.227586
vt 0.916707 0.236975
vt 0.106392 0.298278
vt 0.106927 0.288490
vt 0.011263 0.523364
vt 0.029578 0.500643
vt 0.010670 0.534322
vt 0.787736 0.048123
vt 0.785590 0.047989
vt 0.785792 0.036624
vt 0.787953 0.036758
vt 0.798800 0.048228
vt 0.797198 0.048316
vt 0.797443 0.036928
vt 0.769315 0.046533
vt 0.767177 0.046355
vt 0.768050 0.035012
vt 0.770175 0.035189
vt 0.757796 0.045633
vt 0.758669 0.034290
vt 0.816772 0.047461
vt 0.815099 0.047479
vt 0.816421 0.036074
vt 0.299214 0.047382
vt 0.297333 0.047310
vt 0.297159 0.036187
vt 0.299025 0.036258
vt 0.310405 0.047092
vt 0.308752 0.047221
vt 0.308561 0.036096
vt 0.278149 0.046136
vt 0.276290 0.046032
vt 0.276753 0.034911
vt 0.278626 0.035016
vt 0.266322 0.045617
vt 0.266785 0.034496
vt 0.331000 0.045117
vt 0.329533 0.045248
vt 0.330165 0.034017
vt 0.851716 0.292807
vt 0.850091 0.292684
vt 0.850246 0.281926
vt 0.851856 0.282046
vt 0.863045 0.292856
vt 0.861571 0.292936
vt 0.861707 0.282174
vt 0.827012 0.290703
vt 0.825415 0.290563
vt 0.826186 0.279824
vt 0.827796 0.279966
vt 0.815533 0.289854
vt 0.816303 0.279115
vt 0.887669 0.291356
vt 0.886172 0.291450
vt 0.887174 0.280604
vt 0.120102 0.491424
vt 0.121509 0.491549
vt 0.121472 0.502134
vt 0.120088 0.502012
vt 0.108646 0.491536
vt 0.110308 0.491405
vt 0.110280 0.502001
vt 0.140173 0.493374
vt 0.139309 0.503862
vt 0.089964 0.493267
vt 0.141593 0.493160
vt 0.140804 0.503589
vt 0.151409 0.493903
vt 0.150620 0.504332
vt 0.088273 0.493056
vt 0.089017 0.503491
vt 0.656966 0.044085
vt 0.647838 0.043680
vt 0.648425 0.030438
vt 0.657553 0.030842
vt 0.716278 0.044475
vt 0.714797 0.044503
vt 0.715923 0.031207
vt 0.691514 0.045184
vt 0.682512 0.045278
vt 0.682538 0.032006
vt 0.691590 0.031968
vt 0.679356 0.045134
vt 0.659138 0.044200
vt 0.659733 0.030958
vt 0.679445 0.031880
vt 0.694632 0.045080
vt 0.549392 0.248392
vt 0.551297 0.248548
vt 0.550872 0.261390
vt 0.548948 0.261233
vt 0.538970 0.248140
vt 0.540611 0.248084
vt 0.540144 0.260937
vt 0.568655 0.250517
vt 0.570532 0.250706
vt 0.569373 0.263511
vt 0.567511 0.263324
vt 0.579608 0.251527
vt 0.578450 0.264332
vt 0.520010 0.248848
vt 0.521520 0.248819
vt 0.520233 0.261714
vt 0.749187 0.293293
vt 0.747516 0.293215
vt 0.747496 0.280542
vt 0.749155 0.280619
vt 0.760037 0.293188
vt 0.758593 0.293270
vt 0.758557 0.280595
vt 0.729449 0.292186
vt 0.727788 0.292089
vt 0.728391 0.279418
vt 0.730064 0.279516
vt 0.718195 0.291631
vt 0.718799 0.278962
vt 0.779477 0.291956
vt 0.778098 0.292042
vt 0.778811 0.279292
vt 0.893660 0.037564
vt 0.892214 0.037395
vt 0.892815 0.025048
vt 0.894290 0.025221
vt 0.904546 0.038023
vt 0.903053 0.038050
vt 0.903699 0.025697
vt 0.869427 0.034439
vt 0.868017 0.034260
vt 0.869420 0.021973
vt 0.870799 0.022149
vt 0.858607 0.033186
vt 0.860010 0.020899
vt 0.929059 0.037407
vt 0.927526 0.037431
vt 0.928939 0.025043
vt 0.769248 0.228330
vt 0.784657 0.225985
vt 0.785167 0.239237
vt 0.771030 0.241469
vt 0.797882 0.225445
vt 0.813422 0.226656
vt 0.796276 0.225380
vt 0.796778 0.238634
vt 0.786797 0.225755
vt 0.787316 0.239005
vt 0.815094 0.226760
vt 0.814317 0.239987
vt 0.757803 0.229907
vt 0.767123 0.228634
vt 0.768919 0.241772
vt 0.759596 0.243045
vt 0.277995 0.227599
vt 0.300089 0.225814
vt 0.300523 0.238772
vt 0.278982 0.240540
vt 0.313154 0.225368
vt 0.335331 0.225592
vt 0.311496 0.225351
vt 0.311948 0.238304
vt 0.301966 0.225678
vt 0.302413 0.238635
vt 0.336803 0.225632
vt 0.336687 0.238610
vt 0.266193 0.228526
vt 0.276139 0.227756
vt 0.277141 0.240697
vt 0.267194 0.241466
vt 0.826944 0.473982
vt 0.851603 0.470556
vt 0.852240 0.483087
vt 0.828654 0.486418
vt 0.864549 0.469884
vt 0.889436 0.470916
vt 0.863070 0.469851
vt 0.863687 0.482380
vt 0.853219 0.470349
vt 0.853854 0.482880
vt 0.890933 0.470988
vt 0.890450 0.483525
vt 0.815543 0.475564
vt 0.825359 0.474213
vt 0.827069 0.486650
vt 0.817254 0.487999
vt 0.141046 0.308620
vt 0.118510 0.311046
vt 0.117989 0.298720
vt 0.138793 0.296493
vt 0.105682 0.311572
vt 0.083061 0.311406
vt 0.081404 0.311787
vt 0.081403 0.299574
vt 0.152270 0.307872
vt 0.142470 0.308800
vt 0.141323 0.296702
vt 0.151124 0.295774
vt 0.107342 0.311641
vt 0.106741 0.299310
vt 0.117108 0.311203
vt 0.116558 0.298877
vt 0.655341 0.214777
vt 0.676856 0.213909
vt 0.676934 0.230815
vt 0.656191 0.231707
vt 0.680186 0.213796
vt 0.689250 0.213674
vt 0.689155 0.230654
vt 0.680157 0.230676
vt 0.692584 0.213835
vt 0.714153 0.215092
vt 0.715629 0.215222
vt 0.714515 0.232118
vt 0.644045 0.215356
vt 0.653170 0.214894
vt 0.654028 0.231824
vt 0.644903 0.232287
vt 0.567009 0.077954
vt 0.554138 0.080051
vt 0.553655 0.063623
vt 0.564872 0.061650
vt 0.541797 0.080380
vt 0.528826 0.078972
vt 0.543439 0.080473
vt 0.542999 0.064037
vt 0.552234 0.080238
vt 0.551794 0.063801
vt 0.527320 0.078855
vt 0.528533 0.062454
vt 0.577919 0.076548
vt 0.568880 0.077707
vt 0.566788 0.061397
vt 0.575827 0.060237
vt 0.729398 0.465004
vt 0.748362 0.463807
vt 0.748594 0.480003
vt 0.730456 0.481193
vt 0.760893 0.463615
vt 0.779902 0.464334
vt 0.759446 0.463581
vt 0.759656 0.479768
vt 0.750034 0.463712
vt 0.750262 0.479907
vt 0.781281 0.464414
vt 0.780635 0.480617
vt 0.718156 0.465746
vt 0.727739 0.465120
vt 0.728796 0.481308
vt 0.719213 0.481935
vt 0.870891 0.209084
vt 0.888423 0.208314
vt 0.887890 0.224103
vt 0.871244 0.224896
vt 0.900774 0.208743
vt 0.918181 0.210821
vt 0.899287 0.208611
vt 0.898723 0.224429
vt 0.889878 0.208289
vt 0.889318 0.224082
vt 0.919709 0.210919
vt 0.918311 0.226654
vt 0.860001 0.209313
vt 0.869470 0.209119
vt 0.869792 0.224933
vt 0.860324 0.225126
vt 0.688846 0.240881
vt 0.689312 0.231854
vt 0.691832 0.030697
vt 0.691637 0.021661
vt 0.903607 0.130595
vt 0.903721 0.123121
vt 0.923324 0.123749
vt 0.922911 0.131227
vt 0.902291 0.126822
vt 0.902231 0.123080
vt 0.890282 0.380733
vt 0.890468 0.388609
vt 0.888969 0.388622
vt 0.888783 0.380747
vt 0.862423 0.388839
vt 0.862337 0.380975
vt 0.860948 0.388839
vt 0.860861 0.380974
vt 0.779046 0.377750
vt 0.779148 0.385423
vt 0.777769 0.385444
vt 0.777667 0.377774
vt 0.758792 0.385592
vt 0.758726 0.377923
vt 0.757347 0.385598
vt 0.757281 0.377923
vt 0.331826 0.134969
vt 0.332097 0.143100
vt 0.330628 0.143158
vt 0.330357 0.135029
vt 0.311289 0.143783
vt 0.311041 0.135647
vt 0.309537 0.139764
vt 0.309386 0.135698
vt 0.524264 0.164443
vt 0.524444 0.156670
vt 0.525953 0.156703
vt 0.525773 0.164476
vt 0.540843 0.157013
vt 0.540654 0.164784
vt 0.542485 0.157064
vt 0.542296 0.164835
vt 0.815670 0.136436
vt 0.815524 0.140589
vt 0.813837 0.144746
vt 0.813997 0.136429
vt 0.799584 0.144531
vt 0.799694 0.136219
vt 0.797981 0.144476
vt 0.798090 0.136167
vt 0.717275 0.129074
vt 0.717159 0.133077
vt 0.715742 0.137100
vt 0.715794 0.129088
vt 0.693686 0.136897
vt 0.693717 0.128884
vt 0.690305 0.136838
vt 0.690331 0.128824
vt 0.681284 0.136494
vt 0.681307 0.128470
vt 0.011904 0.497003
vt 0.011857 0.505631
vt 0.009752 0.505707
vt 0.009795 0.497098
vt 0.064801 0.261287
vt 0.064666 0.265587
vt 0.062551 0.269915
vt 0.062829 0.261318
vt 0.043585 0.271102
vt 0.043558 0.262492
vt 0.041691 0.271169
vt 0.041665 0.262555
vt 0.035256 0.259579
vt 0.035061 0.263894
vt 0.033555 0.268255
vt 0.033494 0.259650
vt 0.014019 0.269511
vt 0.014106 0.260902
vt 0.012293 0.269536
vt 0.012381 0.260933
vt 0.085428 0.402650
vt 0.085170 0.394909
vt 0.086851 0.394856
vt 0.087109 0.402595
vt 0.107176 0.394150
vt 0.107238 0.401891
vt 0.108840 0.394073
vt 0.108901 0.401814
vt 0.924853 0.123826
vt 0.924498 0.127554
vt 0.681131 0.182884
vt 0.681257 0.174824
vt 0.690271 0.174949
vt 0.690150 0.182961
vt 0.693508 0.175066
vt 0.693385 0.183077
vt 0.714563 0.175835
vt 0.714408 0.183864
vt 0.716040 0.175892
vt 0.715885 0.183928
vt 0.796312 0.192975
vt 0.796472 0.184653
vt 0.798075 0.184720
vt 0.797915 0.193037
vt 0.812680 0.185455
vt 0.812658 0.193781
vt 0.814232 0.189680
vt 0.814329 0.193848
vt 0.544044 0.111220
vt 0.543969 0.118998
vt 0.542327 0.118930
vt 0.542402 0.111149
vt 0.526272 0.117961
vt 0.526582 0.110191
vt 0.525129 0.114009
vt 0.525075 0.110113
vt 0.311725 0.192543
vt 0.311559 0.184401
vt 0.313217 0.184384
vt 0.313382 0.192527
vt 0.332462 0.184248
vt 0.332937 0.192381
vt 0.334114 0.188317
vt 0.334407 0.192379
vt 0.758267 0.432141
vt 0.758053 0.424459
vt 0.759498 0.424473
vt 0.759712 0.432151
vt 0.778475 0.424818
vt 0.778690 0.432498
vt 0.779923 0.428699
vt 0.780069 0.432535
vt 0.861823 0.437124
vt 0.861608 0.429246
vt 0.863083 0.429262
vt 0.863298 0.437133
vt 0.890059 0.429792
vt 0.890086 0.437669
vt 0.891384 0.433762
vt 0.891585 0.437703
vt 0.901312 0.177063
vt 0.901600 0.169599
vt 0.903089 0.169691
vt 0.902800 0.177162
vt 0.921047 0.171071
vt 0.920593 0.178548
vt 0.922176 0.174879
vt 0.922122 0.178626
vt 0.107943 0.345126
vt 0.108084 0.352867
vt 0.106418 0.352853
vt 0.106278 0.345108
vt 0.084836 0.353058
vt 0.084485 0.345298
vt 0.083170 0.353382
vt 0.082814 0.345464
vt 0.012504 0.325005
vt 0.012899 0.320043
vt 0.014235 0.314687
vt 0.014228 0.324993
vt 0.033841 0.296368
vt 0.033884 0.306714
vt 0.035609 0.295945
vt 0.035649 0.305616
vt 0.042060 0.308642
vt 0.042057 0.303784
vt 0.043889 0.297544
vt 0.043954 0.308500
vt 0.062088 0.278857
vt 0.061360 0.290257
vt 0.064048 0.278868
vt 0.063427 0.288466
vt 0.009145 0.524321
vt 0.009845 0.519312
vt 0.011645 0.513800
vt 0.681528 0.084207
vt 0.681658 0.076221
vt 0.690711 0.076312
vt 0.690585 0.084344
vt 0.693954 0.076285
vt 0.693854 0.084319
vt 0.714921 0.076085
vt 0.715007 0.084095
vt 0.716402 0.076062
vt 0.716488 0.084071
vt 0.797565 0.089400
vt 0.797483 0.081085
vt 0.799088 0.081057
vt 0.799171 0.089378
vt 0.814578 0.080763
vt 0.814471 0.089085
vt 0.816251 0.080747
vt 0.816144 0.089066
vt 0.541865 0.209175
vt 0.541607 0.213070
vt 0.540048 0.216969
vt 0.540221 0.209181
vt 0.523640 0.217235
vt 0.524049 0.209464
vt 0.522130 0.217236
vt 0.522539 0.209468
vt 0.308752 0.088519
vt 0.308872 0.084437
vt 0.310358 0.080278
vt 0.310407 0.088428
vt 0.329248 0.078972
vt 0.329303 0.087128
vt 0.330715 0.078871
vt 0.330771 0.087022
vt 0.757323 0.332724
vt 0.757490 0.328880
vt 0.758909 0.325003
vt 0.758769 0.332683
vt 0.777325 0.324292
vt 0.777266 0.331974
vt 0.778703 0.324229
vt 0.778645 0.331904
vt 0.860597 0.333938
vt 0.860737 0.330003
vt 0.862157 0.326024
vt 0.862073 0.333904
vt 0.887546 0.325114
vt 0.887788 0.332981
vt 0.889044 0.325054
vt 0.889287 0.332919
vt 0.903023 0.077650
vt 0.903084 0.070168
vt 0.904577 0.070167
vt 0.904515 0.077652
vt 0.926616 0.070032
vt 0.926273 0.077504
vt 0.928146 0.070064
vt 0.927804 0.077539
vt 0.108781 0.449794
vt 0.108771 0.453666
vt 0.107268 0.457662
vt 0.107120 0.449912
vt 0.088274 0.458993
vt 0.088011 0.451236
vt 0.086484 0.455005
vt 0.086327 0.451033
vt 0.013727 0.207256
vt 0.013832 0.197910
vt 0.015550 0.197635
vt 0.015429 0.208475
vt 0.033206 0.215712
vt 0.033362 0.226452
vt 0.034867 0.221896
vt 0.035124 0.226859
vt 0.041835 0.229778
vt 0.041796 0.220067
vt 0.043674 0.220485
vt 0.043719 0.231247
vt 0.062879 0.238738
vt 0.062979 0.249445
vt 0.064560 0.244843
vt 0.064951 0.249784
vt 0.009615 0.485580
vt 0.009229 0.476092
vt 0.011363 0.476983
vt 0.011745 0.486435
vt 0.008527 0.535972
vt 0.062533 0.300107
vt 0.060491 0.301714
vt 0.043976 0.332360
vt 0.042080 0.334051
vt 0.035592 0.331017
vt 0.033821 0.332701
vt 0.014001 0.365089
vt 0.012270 0.366086
vt 0.717223 0.137089
vt 0.815510 0.144749
vt 0.814351 0.185519
vt 0.524764 0.117885
vt 0.309634 0.143835
vt 0.333933 0.184249
vt 0.779855 0.424857
vt 0.891558 0.429825
vt 0.902116 0.130553
vt 0.924440 0.131301
vt 0.922576 0.171150
vt 0.012511 0.315768
vt 0.035318 0.268181
vt 0.042003 0.298965
vt 0.064519 0.269883
vt 0.009523 0.514710
vt 0.541692 0.216960
vt 0.308704 0.080374
vt 0.757463 0.325043
vt 0.860681 0.326066
vt 0.108929 0.457543
vt 0.086595 0.458958
vt 0.013788 0.155340
vt 0.015507 0.156358
vt 0.032528 0.188505
vt 0.034302 0.190183
vt 0.034982 0.217159
vt 0.041439 0.193062
vt 0.043325 0.194763
vt 0.062537 0.227744
vt 0.064522 0.229422
vt 0.064863 0.240287
vt 0.008519 0.465261
vt 0.010697 0.466865
vt 0.029560 0.499634
vt 0.029540 0.498534
vt 0.904918 0.531817
vt 0.903241 0.532392
vt 0.903160 0.530748
vt 0.905350 0.530571
vt 0.905872 0.502134
vt 0.903668 0.502151
vt 0.903865 0.500210
vt 0.905501 0.500844
vt 0.904673 0.507773
vt 0.904989 0.512620
vt 0.903168 0.512984
vt 0.902868 0.507834
vt 0.906447 0.512194
vt 0.906004 0.507838
vt 0.907572 0.507875
vt 0.907927 0.511854
vt 0.909548 0.507766
vt 0.909428 0.511822
vt 0.911220 0.511909
vt 0.911918 0.507928
vt 0.913496 0.507874
vt 0.912632 0.512319
vt 0.906611 0.503620
vt 0.907876 0.504024
vt 0.909505 0.504273
vt 0.911426 0.504108
vt 0.912568 0.503745
vt 0.903517 0.503224
vt 0.905406 0.503264
vt 0.905577 0.525543
vt 0.906285 0.522100
vt 0.907606 0.522163
vt 0.907099 0.525699
vt 0.904971 0.521994
vt 0.904348 0.525491
vt 0.902629 0.525483
vt 0.903133 0.521612
vt 0.909107 0.522278
vt 0.909111 0.525898
vt 0.911542 0.525797
vt 0.910909 0.522269
vt 0.912190 0.522279
vt 0.913103 0.525754
vt 0.909019 0.528283
vt 0.907328 0.528513
vt 0.904936 0.529447
vt 0.903043 0.529436
vt 0.912048 0.529036
vt 0.910998 0.528526
vt 0.906099 0.529005
vt 0.913680 0.503374
vt 0.914907 0.507771
vt 0.914056 0.512833
vt 0.913509 0.522230
vt 0.914465 0.525798
vt 0.913054 0.529560
vt 0.901163 0.532039
vt 0.900739 0.530883
vt 0.901018 0.529747
vt 0.900753 0.525379
vt 0.901152 0.521701
vt 0.901157 0.512784
vt 0.900922 0.507738
vt 0.901511 0.502795
vt 0.901299 0.501610
vt 0.901786 0.500441
vt 0.982934 0.635918
vt 0.984153 0.635878
vt 0.983729 0.665211
vt 0.982403 0.665176
vt 0.985371 0.635902
vt 0.985053 0.665291
vt 0.948870 0.577726
vt 0.958763 0.578135
vt 0.956355 0.607104
vt 0.947279 0.606726
vt 0.958629 0.607252
vt 0.960932 0.578219
vt 0.966470 0.578416
vt 0.965314 0.607491
vt 0.967592 0.607575
vt 0.968636 0.578490
vt 0.974982 0.578695
vt 0.974087 0.607816
vt 0.976367 0.607849
vt 0.977149 0.578760
vt 0.982100 0.578899
vt 0.982236 0.608091
vt 0.994870 0.608350
vt 0.984515 0.608052
vt 0.984268 0.578954
vt 0.995209 0.579217
vt 0.975802 0.665015
vt 0.976454 0.635669
vt 0.964791 0.664619
vt 0.966589 0.635364
vt 0.974017 0.635637
vt 0.973153 0.664910
vt 0.955174 0.664197
vt 0.957331 0.634987
vt 0.964155 0.635238
vt 0.962143 0.664497
vt 0.945664 0.634405
vt 0.954899 0.634832
vt 0.952526 0.664059
vt 0.943917 0.663614
vt 0.994521 0.665461
vt 0.994630 0.636141
vt 0.974461 0.692552
vt 0.980283 0.692719
vt 0.964166 0.692162
vt 0.971576 0.692442
vt 0.953578 0.691695
vt 0.961282 0.692051
vt 0.950697 0.691541
vt 0.942225 0.691079
vt 0.983168 0.692825
vt 0.994513 0.693053
vt 0.952138 0.691601
vt 0.953851 0.664105
vt 0.959848 0.578172
vt 0.957493 0.607160
vt 0.962725 0.692090
vt 0.963468 0.664535
vt 0.967553 0.578448
vt 0.966454 0.607515
vt 0.973020 0.692480
vt 0.974478 0.664939
vt 0.976066 0.578723
vt 0.975228 0.607814
vt 0.983184 0.578922
vt 0.983376 0.608053
vt 0.981726 0.692756
vt 0.975236 0.635621
vt 0.965374 0.635269
vt 0.956116 0.634877
vt 0.955478 0.476903
vt 0.955150 0.488575
vt 0.942693 0.489858
vt 0.942376 0.477958
vt 0.954549 0.547455
vt 0.944009 0.547043
vt 0.943409 0.531258
vt 0.954634 0.531227
vt 0.958624 0.017380
vt 0.963023 0.017235
vt 0.962888 0.033081
vt 0.958351 0.033252
vt 0.983552 0.033181
vt 0.983428 0.070844
vt 0.962753 0.070749
vt 0.942844 0.510221
vt 0.954778 0.510739
vt 0.927309 0.531764
vt 0.926794 0.510497
vt 0.926584 0.489928
vt 0.958374 0.070753
vt 0.958351 0.033262
vt 0.962802 0.090174
vt 0.958540 0.089987
vt 0.971240 0.488915
vt 0.971525 0.477307
vt 0.952997 0.460983
vt 0.939867 0.461915
vt 0.942403 0.563049
vt 0.952939 0.563482
vt 0.970644 0.547527
vt 0.970732 0.531326
vt 0.970883 0.510934
vt 0.983741 0.017351
vt 0.963300 0.012856
vt 0.984017 0.012972
vt 0.937891 0.017170
vt 0.937681 0.033114
vt 0.937681 0.033125
vt 0.937653 0.070813
vt 0.983618 0.094523
vt 0.962903 0.094434
vt 0.983517 0.090264
vt 0.937788 0.090117
vt 0.927893 0.547622
vt 0.926092 0.477969
vt 0.968955 0.790793
vt 0.983825 0.789604
vt 0.984096 0.817803
vt 0.969073 0.818811
vt 0.968237 0.944333
vt 0.967281 0.913267
vt 0.982835 0.912328
vt 0.983298 0.943042
vt 0.959564 0.943970
vt 0.944671 0.942632
vt 0.944478 0.910379
vt 0.958728 0.911234
vt 0.944679 0.873623
vt 0.958877 0.874230
vt 0.967681 0.875335
vt 0.982703 0.874611
vt 0.969119 0.759990
vt 0.958851 0.792415
vt 0.959778 0.760440
vt 0.983631 0.758981
vt 0.944827 0.759069
vt 0.944021 0.791016
vt 0.969206 0.732305
vt 0.960154 0.732059
vt 0.983764 0.731749
vt 0.945124 0.731219
vt 0.960353 0.704411
vt 0.968791 0.703808
vt 0.983750 0.703424
vt 0.945373 0.703799
vt 0.944347 0.828272
vt 0.959351 0.828970
vt 0.967856 0.829450
vt 0.982888 0.828645
vt 0.958300 0.819520
vt 0.943241 0.818467
vt 0.470206 0.268211
vt 0.469962 0.277443
vt 0.468152 0.276055
vt 0.468320 0.269711
vt 0.469422 0.481149
vt 0.469424 0.490388
vt 0.468360 0.488839
vt 0.468359 0.482491
vt 0.376005 0.272460
vt 0.374747 0.271483
vt 0.375456 0.264159
vt 0.376904 0.263174
vt 0.485055 0.276922
vt 0.483691 0.277879
vt 0.483932 0.268713
vt 0.485245 0.269708
vt 0.177103 0.252934
vt 0.178387 0.253981
vt 0.177420 0.261288
vt 0.175871 0.262234
vt 0.389390 0.272239
vt 0.387910 0.273113
vt 0.388799 0.263937
vt 0.390088 0.265044
vt 0.268102 0.277845
vt 0.266857 0.276915
vt 0.267283 0.269838
vt 0.268648 0.268795
vt 0.160352 0.252909
vt 0.161808 0.252061
vt 0.160600 0.261222
vt 0.159408 0.260058
vt 0.365727 0.256686
vt 0.366928 0.257833
vt 0.365447 0.264780
vt 0.363824 0.265604
vt 0.285888 0.276645
vt 0.284412 0.277575
vt 0.284942 0.268618
vt 0.286301 0.269683
vt 0.137736 0.044647
vt 0.136502 0.043574
vt 0.137526 0.036578
vt 0.139056 0.035631
vt 0.351957 0.256142
vt 0.353523 0.255417
vt 0.351650 0.264235
vt 0.350507 0.262969
vt 0.508026 0.506153
vt 0.509364 0.507165
vt 0.508812 0.514256
vt 0.507312 0.515332
vt 0.150520 0.044505
vt 0.148973 0.045339
vt 0.150268 0.036435
vt 0.151519 0.037641
vt 0.587631 0.034097
vt 0.586194 0.033143
vt 0.586463 0.026200
vt 0.587981 0.025079
vt 0.495605 0.506590
vt 0.497127 0.505630
vt 0.496430 0.514714
vt 0.495069 0.513567
vt 0.562195 0.483801
vt 0.562701 0.491601
vt 0.560732 0.492327
vt 0.560147 0.483317
vt 0.562694 0.266988
vt 0.562199 0.274788
vt 0.560123 0.275273
vt 0.560695 0.266263
vt 0.483842 0.481090
vt 0.483841 0.490256
vt 0.388882 0.476525
vt 0.390217 0.485646
vt 0.377808 0.487068
vt 0.376446 0.477836
vt 0.158705 0.045724
vt 0.157277 0.036590
vt 0.174955 0.034811
vt 0.176418 0.044072
vt 0.282835 0.479490
vt 0.283841 0.488403
vt 0.271871 0.488588
vt 0.270850 0.479575
vt 0.353442 0.052455
vt 0.351620 0.043627
vt 0.366008 0.041876
vt 0.367851 0.050807
vt 0.148149 0.248627
vt 0.149592 0.257508
vt 0.139307 0.258345
vt 0.137849 0.249349
vt 0.498087 0.296529
vt 0.497920 0.287417
vt 0.507957 0.287449
vt 0.508125 0.296651
vt 0.597569 0.025527
vt 0.597228 0.034464
vt 0.600349 0.240236
vt 0.600681 0.249173
vt 0.589784 0.249658
vt 0.589449 0.240640
vt 0.376313 0.486158
vt 0.375239 0.478876
vt 0.485162 0.489296
vt 0.485163 0.482082
vt 0.176461 0.035729
vt 0.177610 0.043005
vt 0.391439 0.484477
vt 0.390392 0.477326
vt 0.270354 0.487630
vt 0.269556 0.480582
vt 0.156046 0.037793
vt 0.157160 0.044920
vt 0.367587 0.042718
vt 0.369023 0.049676
vt 0.285033 0.487281
vt 0.284252 0.480352
vt 0.137745 0.257424
vt 0.136613 0.250444
vt 0.350428 0.044894
vt 0.351839 0.051729
vt 0.509455 0.288610
vt 0.509585 0.295719
vt 0.150806 0.256284
vt 0.149693 0.249438
vt 0.588302 0.248533
vt 0.588043 0.241590
vt 0.496510 0.288482
vt 0.496638 0.295480
vt 0.598894 0.026610
vt 0.598632 0.033450
vt 0.546661 0.266977
vt 0.548179 0.265870
vt 0.547604 0.274935
vt 0.546221 0.273931
vt 0.548399 0.492729
vt 0.546880 0.491624
vt 0.546434 0.484672
vt 0.547817 0.483667
vt 0.602061 0.248090
vt 0.601807 0.241249
vt 0.458520 0.467209
vt 0.460843 0.467117
vt 0.461388 0.481134
vt 0.459551 0.481529
vt 0.467183 0.466868
vt 0.467730 0.480890
vt 0.469374 0.466788
vt 0.443254 0.467881
vt 0.445169 0.482546
vt 0.484641 0.466339
vt 0.441624 0.467956
vt 0.443538 0.482620
vt 0.486290 0.466268
vt 0.485495 0.481039
vt 0.434468 0.468890
vt 0.436383 0.483554
vt 0.562285 0.469450
vt 0.570104 0.469534
vt 0.570057 0.483304
vt 0.562245 0.483263
vt 0.521230 0.471972
vt 0.523432 0.471761
vt 0.524996 0.485464
vt 0.522906 0.485661
vt 0.560065 0.469505
vt 0.536446 0.470527
vt 0.538321 0.470393
vt 0.539159 0.484181
vt 0.537286 0.484317
vt 0.545278 0.469973
vt 0.546111 0.483753
vt 0.546986 0.469884
vt 0.207419 0.051934
vt 0.188506 0.055403
vt 0.187105 0.042893
vt 0.204707 0.040541
vt 0.177814 0.056548
vt 0.158617 0.057460
vt 0.186747 0.055697
vt 0.185363 0.043181
vt 0.179436 0.056501
vt 0.178023 0.043991
vt 0.209085 0.051612
vt 0.206397 0.040215
vt 0.156901 0.057533
vt 0.156964 0.045789
vt 0.216105 0.049957
vt 0.213417 0.038560
vt 0.394510 0.065331
vt 0.379139 0.066170
vt 0.378362 0.050291
vt 0.392854 0.050517
vt 0.368629 0.066682
vt 0.353242 0.067367
vt 0.377352 0.066262
vt 0.376575 0.050383
vt 0.370256 0.066608
vt 0.369479 0.050731
vt 0.396208 0.065222
vt 0.394583 0.050713
vt 0.351521 0.067414
vt 0.351721 0.052816
vt 0.403143 0.064446
vt 0.401518 0.049936
vt 0.531948 0.309761
vt 0.520103 0.311319
vt 0.518683 0.295710
vt 0.528539 0.293810
vt 0.509489 0.312249
vt 0.497555 0.312848
vt 0.518260 0.311549
vt 0.516908 0.296377
vt 0.511178 0.312177
vt 0.509821 0.297008
vt 0.533695 0.309500
vt 0.530288 0.293548
vt 0.495766 0.312892
vt 0.496300 0.296579
vt 0.540539 0.308038
vt 0.537131 0.292086
vt 0.351241 0.464226
vt 0.365055 0.463685
vt 0.365739 0.478331
vt 0.353252 0.478209
vt 0.375739 0.463210
vt 0.389531 0.462412
vt 0.366803 0.463605
vt 0.367490 0.478252
vt 0.374147 0.463260
vt 0.374851 0.477911
vt 0.349580 0.464332
vt 0.351566 0.478078
vt 0.391212 0.462321
vt 0.390569 0.476227
vt 0.342427 0.465365
vt 0.344413 0.479110
vt 0.245456 0.470755
vt 0.258946 0.468088
vt 0.260459 0.480814
vt 0.248810 0.483576
vt 0.269309 0.466861
vt 0.283054 0.466237
vt 0.260674 0.467776
vt 0.262166 0.480263
vt 0.267713 0.466935
vt 0.269215 0.479422
vt 0.243823 0.471099
vt 0.247208 0.483914
vt 0.284742 0.466173
vt 0.284493 0.479438
vt 0.237082 0.472879
vt 0.240467 0.485694
vt 0.114240 0.239129
vt 0.126155 0.237587
vt 0.127368 0.250346
vt 0.117122 0.251566
vt 0.136641 0.236580
vt 0.148651 0.235878
vt 0.127953 0.237348
vt 0.129165 0.250106
vt 0.134994 0.236677
vt 0.136202 0.249437
vt 0.112539 0.239403
vt 0.115420 0.251840
vt 0.150395 0.235828
vt 0.149893 0.248578
vt 0.105781 0.240968
vt 0.108662 0.253405
vt 0.565001 0.228981
vt 0.577671 0.227293
vt 0.579063 0.241636
vt 0.568285 0.243309
vt 0.588094 0.226297
vt 0.600856 0.225537
vt 0.579503 0.227072
vt 0.580847 0.241105
vt 0.586418 0.226411
vt 0.587763 0.240441
vt 0.563266 0.229236
vt 0.566549 0.243564
vt 0.602631 0.225463
vt 0.602122 0.240158
vt 0.556594 0.230765
vt 0.559878 0.245094
vt 0.469203 0.288752
vt 0.467015 0.288642
vt 0.467762 0.278052
vt 0.460686 0.288198
vt 0.461430 0.277608
vt 0.458370 0.287998
vt 0.459203 0.276688
vt 0.486130 0.289232
vt 0.484479 0.289200
vt 0.485344 0.278084
vt 0.443186 0.286282
vt 0.441564 0.286092
vt 0.443904 0.275165
vt 0.445550 0.275190
vt 0.434508 0.284581
vt 0.436847 0.273655
vt 0.178495 0.238831
vt 0.180117 0.238910
vt 0.178759 0.253016
vt 0.187450 0.239616
vt 0.186097 0.253717
vt 0.189218 0.239859
vt 0.187896 0.253965
vt 0.159005 0.237977
vt 0.160719 0.238040
vt 0.160121 0.252027
vt 0.206810 0.242449
vt 0.208482 0.242739
vt 0.204701 0.256299
vt 0.203060 0.256011
vt 0.215429 0.244677
vt 0.211648 0.258235
vt 0.366861 0.245663
vt 0.368487 0.245731
vt 0.367389 0.256773
vt 0.375552 0.246426
vt 0.374465 0.257467
vt 0.377323 0.246675
vt 0.376268 0.257721
vt 0.351416 0.244894
vt 0.353137 0.244952
vt 0.351831 0.255074
vt 0.390910 0.248719
vt 0.392587 0.249004
vt 0.390167 0.258883
vt 0.388461 0.258888
vt 0.399365 0.250664
vt 0.396945 0.260544
vt 0.508957 0.494686
vt 0.510646 0.494740
vt 0.509706 0.506226
vt 0.517727 0.495317
vt 0.516801 0.506793
vt 0.519573 0.495527
vt 0.518637 0.507000
vt 0.494551 0.494096
vt 0.496336 0.494175
vt 0.495322 0.505588
vt 0.532115 0.497065
vt 0.533864 0.497317
vt 0.531224 0.508497
vt 0.529461 0.508243
vt 0.540673 0.498925
vt 0.538035 0.510104
vt 0.570089 0.288799
vt 0.562273 0.288813
vt 0.562254 0.275328
vt 0.570069 0.275316
vt 0.560057 0.288758
vt 0.523405 0.287088
vt 0.521197 0.286942
vt 0.522443 0.273516
vt 0.524565 0.273654
vt 0.538324 0.288025
vt 0.536448 0.287940
vt 0.537061 0.274455
vt 0.538937 0.274540
vt 0.546993 0.288419
vt 0.545285 0.288342
vt 0.545897 0.274857
vt 0.374992 0.282750
vt 0.373401 0.282665
vt 0.374415 0.272381
vt 0.366074 0.281943
vt 0.367093 0.271653
vt 0.364341 0.281693
vt 0.365361 0.271402
vt 0.389704 0.283431
vt 0.388020 0.283406
vt 0.389594 0.273443
vt 0.351453 0.279776
vt 0.349812 0.279501
vt 0.351860 0.269714
vt 0.353560 0.269711
vt 0.342738 0.278020
vt 0.344787 0.268233
vt 0.266956 0.289443
vt 0.265362 0.289402
vt 0.266548 0.278046
vt 0.258324 0.288691
vt 0.259470 0.277341
vt 0.256589 0.288441
vt 0.257831 0.276819
vt 0.286210 0.290392
vt 0.284522 0.290323
vt 0.286154 0.277650
vt 0.239225 0.285588
vt 0.237579 0.285314
vt 0.240247 0.272879
vt 0.241950 0.273161
vt 0.230762 0.283852
vt 0.233430 0.271416
vt 0.136515 0.056948
vt 0.134868 0.056885
vt 0.136100 0.044567
vt 0.127837 0.056187
vt 0.129057 0.043873
vt 0.126044 0.055928
vt 0.127275 0.043616
vt 0.151089 0.057721
vt 0.149347 0.057647
vt 0.150732 0.045394
vt 0.113332 0.054061
vt 0.111634 0.053768
vt 0.114429 0.041782
vt 0.116141 0.042076
vt 0.104878 0.052193
vt 0.107673 0.040207
vt 0.586654 0.046629
vt 0.584976 0.046581
vt 0.585905 0.034036
vt 0.578051 0.046070
vt 0.578973 0.033528
vt 0.576217 0.045873
vt 0.577097 0.033325
vt 0.597885 0.046979
vt 0.565052 0.044549
vt 0.567557 0.032273
vt 0.563314 0.044314
vt 0.565861 0.032042
vt 0.556612 0.042923
vt 0.559159 0.030651
vt 0.599658 0.047023
vt 0.598961 0.034488
vt 0.483882 0.366007
vt 0.484129 0.388813
vt 0.470717 0.388839
vt 0.470673 0.366030
vt 0.485532 0.366020
vt 0.485780 0.388825
vt 0.373349 0.384270
vt 0.373317 0.372638
vt 0.374639 0.360982
vt 0.374940 0.384242
vt 0.388453 0.360929
vt 0.388573 0.384193
vt 0.390135 0.360941
vt 0.390256 0.384207
vt 0.180019 0.136250
vt 0.179616 0.148134
vt 0.178314 0.160000
vt 0.178396 0.136264
vt 0.158171 0.159817
vt 0.158579 0.136086
vt 0.156380 0.147940
vt 0.156864 0.136086
vt 0.267439 0.389625
vt 0.267488 0.366264
vt 0.269083 0.366277
vt 0.269034 0.389634
vt 0.284920 0.366195
vt 0.284036 0.389540
vt 0.286608 0.366197
vt 0.285724 0.389543
vt 0.369043 0.144639
vt 0.368282 0.156522
vt 0.366359 0.168410
vt 0.367416 0.144633
vt 0.352821 0.168427
vt 0.353354 0.144645
vt 0.351100 0.168430
vt 0.351634 0.144651
vt 0.134812 0.158438
vt 0.135558 0.146403
vt 0.136966 0.134367
vt 0.136460 0.158454
vt 0.147911 0.134341
vt 0.148181 0.158439
vt 0.149654 0.134335
vt 0.149924 0.158431
vt 0.511594 0.391520
vt 0.511413 0.403868
vt 0.510148 0.416211
vt 0.509904 0.391515
vt 0.498330 0.416234
vt 0.497883 0.391501
vt 0.496543 0.416249
vt 0.496097 0.391521
vt 0.583917 0.148368
vt 0.583051 0.123834
vt 0.584729 0.123816
vt 0.585595 0.148347
vt 0.597305 0.123697
vt 0.598245 0.148203
vt 0.599079 0.123657
vt 0.600019 0.148162
vt 0.543983 0.391248
vt 0.543493 0.366279
vt 0.545200 0.366290
vt 0.545691 0.391250
vt 0.559731 0.366320
vt 0.559746 0.391273
vt 0.562204 0.366319
vt 0.562152 0.391274
vt 0.570018 0.366273
vt 0.569965 0.391258
vt 0.468527 0.388851
vt 0.468484 0.366042
vt 0.374654 0.433764
vt 0.374392 0.410499
vt 0.375984 0.410456
vt 0.376246 0.433732
vt 0.486759 0.414556
vt 0.486469 0.425973
vt 0.485288 0.437398
vt 0.485109 0.414584
vt 0.469962 0.437615
vt 0.470352 0.414793
vt 0.467772 0.437655
vt 0.468162 0.414839
vt 0.569939 0.416264
vt 0.569981 0.441250
vt 0.562164 0.441182
vt 0.562124 0.416229
vt 0.559979 0.441206
vt 0.559876 0.416254
vt 0.547281 0.441400
vt 0.546841 0.416439
vt 0.545574 0.441449
vt 0.545134 0.416480
vt 0.601666 0.172904
vt 0.602124 0.185157
vt 0.600753 0.197476
vt 0.599893 0.172970
vt 0.588111 0.197986
vt 0.587291 0.173462
vt 0.586435 0.198045
vt 0.585615 0.173507
vt 0.495353 0.366167
vt 0.495288 0.353798
vt 0.497011 0.341407
vt 0.497139 0.366113
vt 0.508853 0.341183
vt 0.509012 0.365897
vt 0.510543 0.341152
vt 0.510702 0.365871
vt 0.150967 0.183456
vt 0.151045 0.195511
vt 0.149405 0.207598
vt 0.149224 0.183492
vt 0.135827 0.207933
vt 0.135799 0.183842
vt 0.134178 0.207971
vt 0.134150 0.183868
vt 0.352396 0.119539
vt 0.352391 0.095745
vt 0.354112 0.095720
vt 0.354116 0.119510
vt 0.369463 0.095368
vt 0.369048 0.119160
vt 0.371091 0.095344
vt 0.370676 0.119129
vt 0.284342 0.414613
vt 0.284004 0.437971
vt 0.282315 0.437996
vt 0.282654 0.414626
vt 0.268331 0.438300
vt 0.268280 0.414973
vt 0.267049 0.426670
vt 0.266683 0.415022
vt 0.157916 0.110296
vt 0.157965 0.086596
vt 0.159682 0.086568
vt 0.159633 0.110277
vt 0.177818 0.086154
vt 0.177999 0.109911
vt 0.179441 0.086128
vt 0.179622 0.109877
vt 0.390883 0.410020
vt 0.390595 0.421665
vt 0.389496 0.433328
vt 0.389200 0.410051
vt 0.375063 0.330321
vt 0.375149 0.307050
vt 0.388703 0.307372
vt 0.388873 0.330659
vt 0.373472 0.330298
vt 0.373558 0.307017
vt 0.486184 0.313105
vt 0.486024 0.335925
vt 0.484375 0.335889
vt 0.484535 0.313082
vt 0.470130 0.335676
vt 0.469693 0.312845
vt 0.467940 0.335630
vt 0.467504 0.312788
vt 0.570130 0.311836
vt 0.570112 0.336794
vt 0.562296 0.336847
vt 0.562313 0.311877
vt 0.559852 0.336817
vt 0.559957 0.311849
vt 0.545387 0.336612
vt 0.545999 0.311667
vt 0.544164 0.324094
vt 0.544291 0.311617
vt 0.599006 0.069933
vt 0.598781 0.094462
vt 0.597007 0.094459
vt 0.597231 0.069925
vt 0.584638 0.094311
vt 0.585310 0.069805
vt 0.583407 0.082038
vt 0.583631 0.069797
vt 0.496044 0.470700
vt 0.496746 0.446012
vt 0.498532 0.446058
vt 0.497830 0.470753
vt 0.509694 0.446316
vt 0.509319 0.471006
vt 0.511384 0.446343
vt 0.511009 0.471028
vt 0.150670 0.080844
vt 0.150220 0.104928
vt 0.148477 0.104890
vt 0.148927 0.080801
vt 0.137444 0.104529
vt 0.137257 0.080433
vt 0.135795 0.104488
vt 0.135608 0.080396
vt 0.350809 0.221700
vt 0.350671 0.197923
vt 0.352391 0.197950
vt 0.352529 0.221732
vt 0.365613 0.198298
vt 0.365835 0.222097
vt 0.367239 0.198352
vt 0.367461 0.222133
vt 0.287038 0.313512
vt 0.287214 0.336832
vt 0.285526 0.336819
vt 0.285350 0.313490
vt 0.268322 0.336437
vt 0.267669 0.313015
vt 0.267319 0.324709
vt 0.266074 0.312986
vt 0.157482 0.214003
vt 0.156650 0.190203
vt 0.158366 0.190212
vt 0.159197 0.214027
vt 0.177637 0.190787
vt 0.177742 0.214500
vt 0.179259 0.190816
vt 0.179364 0.214533
vt 0.390385 0.307392
vt 0.390555 0.330686
vt 0.486937 0.437365
vt 0.602526 0.197419
vt 0.495225 0.341444
vt 0.151148 0.207570
vt 0.266735 0.438349
vt 0.391178 0.433282
vt 0.373047 0.361008
vt 0.543680 0.336561
vt 0.582960 0.094296
vt 0.511838 0.416211
vt 0.135317 0.134358
vt 0.367986 0.168416
vt 0.266726 0.336390
vt 0.156456 0.159826
vt 0.179937 0.159988
vt 0.257567 0.271797
vt 0.258189 0.262116
vt 0.259992 0.263642
vt 0.259565 0.270294
vt 0.257923 0.052067
vt 0.256993 0.042411
vt 0.258962 0.043857
vt 0.259601 0.050492
vt 0.410254 0.033067
vt 0.408961 0.032051
vt 0.409805 0.024641
vt 0.411325 0.023673
vt 0.245541 0.262932
vt 0.246989 0.261980
vt 0.246380 0.271594
vt 0.245060 0.270499
vt 0.090974 0.267760
vt 0.092195 0.268829
vt 0.090994 0.275952
vt 0.089444 0.276824
vt 0.425733 0.032311
vt 0.424263 0.033177
vt 0.425315 0.023891
vt 0.426559 0.025031
vt 0.496962 0.030199
vt 0.495733 0.029192
vt 0.496446 0.021908
vt 0.497874 0.020885
vt 0.074553 0.267129
vt 0.076054 0.266356
vt 0.074544 0.275291
vt 0.073375 0.274101
vt 0.452850 0.259968
vt 0.454120 0.261144
vt 0.452688 0.268405
vt 0.451012 0.269288
vt 0.515625 0.030667
vt 0.514005 0.031560
vt 0.514913 0.022351
vt 0.516331 0.023508
vt 0.707163 0.506165
vt 0.708442 0.507157
vt 0.707814 0.514128
vt 0.706354 0.515149
vt 0.439258 0.260114
vt 0.440833 0.259326
vt 0.439014 0.268537
vt 0.437849 0.267245
vt 0.223114 0.025909
vt 0.221824 0.024852
vt 0.222663 0.017870
vt 0.224201 0.016871
vt 0.690794 0.505902
vt 0.692320 0.504996
vt 0.691528 0.513871
vt 0.690183 0.512743
vt 0.639136 0.261220
vt 0.640601 0.262201
vt 0.640285 0.269262
vt 0.638725 0.270393
vt 0.236352 0.024994
vt 0.234807 0.025879
vt 0.235879 0.016933
vt 0.237175 0.018123
vt 0.800307 0.299004
vt 0.799655 0.290092
vt 0.809854 0.289715
vt 0.810502 0.298675
vt 0.799753 0.514067
vt 0.800371 0.505152
vt 0.810769 0.505467
vt 0.810128 0.514427
vt 0.246735 0.052559
vt 0.245820 0.042970
vt 0.424638 0.240102
vt 0.425487 0.249407
vt 0.410970 0.249362
vt 0.410107 0.239942
vt 0.074351 0.064859
vt 0.073143 0.055878
vt 0.091800 0.054337
vt 0.093034 0.063447
vt 0.514515 0.240233
vt 0.514551 0.249488
vt 0.503369 0.249325
vt 0.503327 0.239966
vt 0.440007 0.051110
vt 0.438449 0.041852
vt 0.452750 0.041055
vt 0.454329 0.050423
vt 0.692316 0.302080
vt 0.692406 0.293171
vt 0.706321 0.293361
vt 0.706237 0.302383
vt 0.233860 0.230674
vt 0.235510 0.239531
vt 0.224664 0.240201
vt 0.222994 0.231254
vt 0.630424 0.269945
vt 0.630827 0.260860
vt 0.627772 0.052414
vt 0.627131 0.043341
vt 0.636757 0.042579
vt 0.637407 0.051736
vt 0.409508 0.248356
vt 0.408827 0.240927
vt 0.244535 0.044106
vt 0.245255 0.051653
vt 0.093256 0.055269
vt 0.094225 0.062427
vt 0.426756 0.248295
vt 0.426090 0.240999
vt 0.501817 0.248173
vt 0.501785 0.240854
vt 0.071830 0.057042
vt 0.072772 0.064051
vt 0.454397 0.041986
vt 0.455628 0.049284
vt 0.515953 0.248469
vt 0.515924 0.241275
vt 0.707703 0.294522
vt 0.707637 0.301522
vt 0.437136 0.043130
vt 0.438342 0.050298
vt 0.223059 0.239306
vt 0.221768 0.232393
vt 0.690979 0.294160
vt 0.690911 0.301028
vt 0.638282 0.043674
vt 0.638782 0.050722
vt 0.236712 0.238262
vt 0.235445 0.231459
vt 0.629049 0.268833
vt 0.629358 0.261880
vt 0.811638 0.513343
vt 0.812129 0.506470
vt 0.811366 0.290796
vt 0.811862 0.297669
vt 0.625765 0.044489
vt 0.626256 0.051433
vt 0.270079 0.064972
vt 0.267641 0.065115
vt 0.266888 0.051579
vt 0.269328 0.051436
vt 0.260990 0.065485
vt 0.260227 0.051947
vt 0.258691 0.065579
vt 0.282860 0.064019
vt 0.280487 0.050664
vt 0.245889 0.066112
vt 0.284568 0.063874
vt 0.282196 0.050519
vt 0.244155 0.066172
vt 0.245000 0.052609
vt 0.292032 0.062548
vt 0.289660 0.049193
vt 0.797566 0.314265
vt 0.790163 0.314198
vt 0.790192 0.299058
vt 0.797590 0.299085
vt 0.832613 0.312362
vt 0.821770 0.313238
vt 0.820922 0.298082
vt 0.831097 0.297276
vt 0.811340 0.313830
vt 0.800452 0.314186
vt 0.819915 0.313353
vt 0.819067 0.298198
vt 0.813030 0.313735
vt 0.812189 0.298589
vt 0.124714 0.074768
vt 0.104738 0.077454
vt 0.103537 0.062611
vt 0.122180 0.060992
vt 0.094219 0.078267
vt 0.074077 0.078884
vt 0.103002 0.077662
vt 0.101819 0.062815
vt 0.095810 0.078230
vt 0.094607 0.063389
vt 0.126362 0.074536
vt 0.123925 0.061172
vt 0.072394 0.078933
vt 0.072637 0.065322
vt 0.133317 0.073268
vt 0.130881 0.059904
vt 0.481348 0.061065
vt 0.466067 0.062368
vt 0.465228 0.049721
vt 0.479501 0.048553
vt 0.455133 0.063071
vt 0.439806 0.063751
vt 0.464210 0.062519
vt 0.463416 0.050269
vt 0.456827 0.062999
vt 0.456028 0.050746
vt 0.483111 0.060894
vt 0.481319 0.048779
vt 0.438016 0.063833
vt 0.438211 0.051574
vt 0.490302 0.059831
vt 0.488510 0.047716
vt 0.198526 0.218924
vt 0.211133 0.217200
vt 0.212491 0.232202
vt 0.201713 0.233586
vt 0.221628 0.216262
vt 0.234345 0.215676
vt 0.212957 0.216969
vt 0.214315 0.231972
vt 0.219958 0.216336
vt 0.221321 0.231340
vt 0.196799 0.219186
vt 0.199985 0.233848
vt 0.236112 0.215607
vt 0.235629 0.230618
vt 0.190037 0.220655
vt 0.193222 0.235317
vt 0.382699 0.230122
vt 0.398593 0.229001
vt 0.399269 0.240574
vt 0.384875 0.242439
vt 0.409420 0.228375
vt 0.425341 0.227615
vt 0.400363 0.228880
vt 0.401040 0.240454
vt 0.407807 0.228444
vt 0.408491 0.240020
vt 0.381019 0.230274
vt 0.383195 0.242590
vt 0.427047 0.227551
vt 0.426346 0.240052
vt 0.373805 0.231548
vt 0.375981 0.243865
vt 0.478154 0.230617
vt 0.490910 0.227981
vt 0.492704 0.241362
vt 0.481979 0.244533
vt 0.501587 0.226585
vt 0.514588 0.225801
vt 0.492688 0.227636
vt 0.494368 0.240379
vt 0.499941 0.226680
vt 0.501629 0.239425
vt 0.476473 0.230993
vt 0.480247 0.244590
vt 0.516329 0.225716
vt 0.516223 0.239836
vt 0.469542 0.232917
vt 0.473315 0.246513
vt 0.733297 0.312039
vt 0.717854 0.314279
vt 0.716592 0.301392
vt 0.730177 0.298384
vt 0.707485 0.315261
vt 0.691908 0.316078
vt 0.716076 0.314518
vt 0.714854 0.301882
vt 0.709116 0.315192
vt 0.707877 0.302551
vt 0.734982 0.311768
vt 0.731913 0.298366
vt 0.690184 0.316158
vt 0.690588 0.302402
vt 0.741676 0.310236
vt 0.738608 0.296833
vt 0.660758 0.062294
vt 0.649318 0.063877
vt 0.648008 0.050685
vt 0.657584 0.049450
vt 0.638721 0.064921
vt 0.627195 0.065633
vt 0.647457 0.064117
vt 0.646146 0.050925
vt 0.640427 0.064816
vt 0.639112 0.051623
vt 0.662521 0.062014
vt 0.659347 0.049170
vt 0.625391 0.065712
vt 0.625967 0.052487
vt 0.669279 0.060344
vt 0.666106 0.047501
vt 0.258969 0.252610
vt 0.261268 0.252710
vt 0.260504 0.261610
vt 0.267905 0.253275
vt 0.267152 0.262169
vt 0.270331 0.253553
vt 0.269484 0.263068
vt 0.244427 0.252093
vt 0.246161 0.252142
vt 0.245254 0.261942
vt 0.283029 0.255305
vt 0.284724 0.255563
vt 0.282224 0.265104
vt 0.280530 0.264847
vt 0.292057 0.257484
vt 0.289558 0.267025
vt 0.091778 0.256983
vt 0.093367 0.257090
vt 0.092593 0.267866
vt 0.100575 0.257608
vt 0.099796 0.268390
vt 0.102320 0.257745
vt 0.101569 0.268529
vt 0.073517 0.255790
vt 0.075202 0.255814
vt 0.074402 0.266027
vt 0.118875 0.258989
vt 0.120528 0.259168
vt 0.118196 0.269193
vt 0.116531 0.269293
vt 0.127414 0.260771
vt 0.125082 0.270795
vt 0.453994 0.249446
vt 0.455687 0.249542
vt 0.454576 0.260056
vt 0.463048 0.250322
vt 0.461933 0.260838
vt 0.464890 0.250610
vt 0.463805 0.261131
vt 0.438571 0.248786
vt 0.440363 0.248827
vt 0.439073 0.259287
vt 0.478330 0.252835
vt 0.480071 0.253162
vt 0.477388 0.263333
vt 0.475679 0.263010
vt 0.487100 0.255017
vt 0.484416 0.265188
vt 0.222150 0.035910
vt 0.220480 0.035837
vt 0.221452 0.026076
vt 0.213485 0.035143
vt 0.214451 0.025386
vt 0.211667 0.034881
vt 0.212688 0.024881
vt 0.237312 0.036520
vt 0.235545 0.036466
vt 0.236589 0.025921
vt 0.198428 0.032786
vt 0.196707 0.032480
vt 0.199513 0.022245
vt 0.201246 0.022552
vt 0.190034 0.030651
vt 0.192839 0.020415
vt 0.790275 0.492856
vt 0.797655 0.493008
vt 0.797595 0.505048
vt 0.790169 0.504966
vt 0.800525 0.493109
vt 0.811368 0.493439
vt 0.821780 0.493883
vt 0.832628 0.494612
vt 0.831579 0.506619
vt 0.821225 0.505941
vt 0.819927 0.493791
vt 0.819366 0.505849
vt 0.813056 0.493470
vt 0.812467 0.505537
vt 0.409170 0.045484
vt 0.407557 0.045415
vt 0.408634 0.033371
vt 0.400131 0.044758
vt 0.401199 0.032713
vt 0.398371 0.044542
vt 0.399498 0.032114
vt 0.426797 0.046309
vt 0.425090 0.046270
vt 0.425968 0.033221
vt 0.382575 0.042453
vt 0.380908 0.042197
vt 0.384045 0.029476
vt 0.385713 0.029732
vt 0.373796 0.040444
vt 0.376933 0.027722
vt 0.495955 0.043769
vt 0.494309 0.043677
vt 0.495378 0.030128
vt 0.487006 0.043093
vt 0.488091 0.029540
vt 0.485204 0.042889
vt 0.486346 0.029343
vt 0.516120 0.044232
vt 0.514377 0.044213
vt 0.515809 0.031960
vt 0.466962 0.040472
vt 0.465255 0.040242
vt 0.467465 0.028146
vt 0.469291 0.028023
vt 0.458179 0.038949
vt 0.460388 0.026853
vt 0.708337 0.493164
vt 0.709968 0.493223
vt 0.708784 0.506239
vt 0.716935 0.493850
vt 0.715763 0.506865
vt 0.718714 0.494082
vt 0.717531 0.507095
vt 0.690192 0.492457
vt 0.691918 0.492516
vt 0.690577 0.504658
vt 0.734982 0.496433
vt 0.736669 0.496697
vt 0.734084 0.508606
vt 0.732329 0.508625
vt 0.743381 0.498153
vt 0.740796 0.510062
vt 0.640066 0.247605
vt 0.641773 0.247651
vt 0.640888 0.261018
vt 0.648822 0.248121
vt 0.647941 0.261480
vt 0.650690 0.248302
vt 0.649817 0.261918
vt 0.630085 0.247305
vt 0.660627 0.249293
vt 0.658097 0.262651
vt 0.662398 0.249510
vt 0.659865 0.262612
vt 0.669233 0.250832
vt 0.666701 0.263933
vt 0.628282 0.247254
vt 0.629056 0.260587
vt 0.835430 0.494801
vt 0.834258 0.506795
vt 0.797192 0.513258
vt 0.797704 0.505873
vt 0.797679 0.298289
vt 0.797139 0.290906
vt 0.835412 0.312134
vt 0.833734 0.297066
vt 0.244775 0.171455
vt 0.244916 0.147506
vt 0.257857 0.147487
vt 0.257856 0.171456
vt 0.243041 0.171458
vt 0.243183 0.147505
vt 0.408898 0.148400
vt 0.408972 0.124813
vt 0.410585 0.124812
vt 0.410512 0.148395
vt 0.426500 0.124764
vt 0.426464 0.148334
vt 0.428205 0.124766
vt 0.428169 0.148347
vt 0.093629 0.156287
vt 0.093206 0.179560
vt 0.091615 0.179546
vt 0.092038 0.156279
vt 0.073797 0.179317
vt 0.073941 0.156079
vt 0.072488 0.167678
vt 0.072259 0.156039
vt 0.498397 0.146889
vt 0.497998 0.122819
vt 0.499645 0.122786
vt 0.500044 0.146848
vt 0.513759 0.122642
vt 0.513540 0.146726
vt 0.515500 0.122635
vt 0.515281 0.146728
vt 0.457266 0.144232
vt 0.456948 0.156612
vt 0.455232 0.169006
vt 0.455571 0.144249
vt 0.439773 0.169078
vt 0.440157 0.144298
vt 0.437982 0.169076
vt 0.438366 0.144287
vt 0.709740 0.392638
vt 0.709495 0.404564
vt 0.707710 0.416506
vt 0.708108 0.392651
vt 0.693247 0.416576
vt 0.693396 0.392716
vt 0.691521 0.416579
vt 0.691670 0.392717
vt 0.218828 0.137958
vt 0.218826 0.125752
vt 0.220708 0.113541
vt 0.220499 0.137952
vt 0.233744 0.113494
vt 0.233418 0.137933
vt 0.235511 0.113498
vt 0.235185 0.137936
vt 0.642698 0.144127
vt 0.642396 0.156608
vt 0.640917 0.169088
vt 0.640992 0.144147
vt 0.629832 0.169234
vt 0.629879 0.144293
vt 0.628028 0.169272
vt 0.628075 0.144336
vt 0.814775 0.391640
vt 0.814468 0.403990
vt 0.812694 0.416306
vt 0.813085 0.391617
vt 0.800764 0.416282
vt 0.800914 0.391594
vt 0.797675 0.416289
vt 0.797735 0.391600
vt 0.790276 0.416379
vt 0.790339 0.391690
vt 0.260158 0.147479
vt 0.260156 0.171449
vt 0.408365 0.198571
vt 0.408682 0.174984
vt 0.410295 0.174943
vt 0.409978 0.198530
vt 0.243461 0.120499
vt 0.244011 0.108513
vt 0.245480 0.096513
vt 0.245195 0.120474
vt 0.258539 0.096226
vt 0.258290 0.120202
vt 0.260840 0.096178
vt 0.260591 0.120153
vt 0.790363 0.366943
vt 0.790310 0.342209
vt 0.797710 0.342223
vt 0.797761 0.366908
vt 0.800807 0.342180
vt 0.800947 0.366860
vt 0.812443 0.342009
vt 0.812979 0.366698
vt 0.814132 0.341968
vt 0.814668 0.366674
vt 0.627587 0.119141
vt 0.626750 0.094208
vt 0.628554 0.094146
vt 0.629390 0.119069
vt 0.639991 0.093727
vt 0.640689 0.118661
vt 0.641697 0.093670
vt 0.642394 0.118609
vt 0.235046 0.162935
vt 0.235320 0.187360
vt 0.233553 0.187396
vt 0.233279 0.162970
vt 0.220841 0.187663
vt 0.220503 0.163248
vt 0.219170 0.187703
vt 0.218832 0.163289
vt 0.691574 0.367952
vt 0.691126 0.344104
vt 0.692852 0.344066
vt 0.693300 0.367919
vt 0.708459 0.343632
vt 0.708624 0.367494
vt 0.710091 0.343590
vt 0.710256 0.367447
vt 0.438724 0.118111
vt 0.438634 0.093327
vt 0.440427 0.093294
vt 0.440517 0.118087
vt 0.455883 0.092960
vt 0.455995 0.117727
vt 0.457578 0.092917
vt 0.457690 0.117676
vt 0.514968 0.172558
vt 0.515263 0.196632
vt 0.513521 0.196674
vt 0.513226 0.172589
vt 0.500270 0.197124
vt 0.499831 0.173050
vt 0.498754 0.185134
vt 0.498184 0.173124
vt 0.073008 0.130704
vt 0.073074 0.107450
vt 0.074758 0.107449
vt 0.074691 0.130714
vt 0.093277 0.107241
vt 0.092631 0.130502
vt 0.094868 0.107229
vt 0.094223 0.130477
vt 0.428011 0.174533
vt 0.427625 0.186333
vt 0.425979 0.198149
vt 0.426306 0.174549
vt 0.410525 0.093732
vt 0.410071 0.070122
vt 0.425953 0.070543
vt 0.426408 0.094126
vt 0.409053 0.081887
vt 0.408458 0.070081
vt 0.243445 0.227035
vt 0.242993 0.203067
vt 0.244726 0.203090
vt 0.245178 0.227059
vt 0.258358 0.203351
vt 0.258683 0.227320
vt 0.260659 0.203396
vt 0.260983 0.227366
vt 0.790166 0.470110
vt 0.790157 0.445475
vt 0.797565 0.445458
vt 0.797566 0.470174
vt 0.800447 0.445500
vt 0.800387 0.470223
vt 0.811637 0.445688
vt 0.811254 0.470394
vt 0.813327 0.445725
vt 0.812943 0.470418
vt 0.627481 0.223954
vt 0.627341 0.198994
vt 0.629145 0.199007
vt 0.629285 0.223971
vt 0.640380 0.199124
vt 0.640126 0.224051
vt 0.642087 0.199132
vt 0.641833 0.224060
vt 0.236710 0.059611
vt 0.236134 0.084027
vt 0.234368 0.083988
vt 0.234944 0.059577
vt 0.221221 0.083755
vt 0.221678 0.059333
vt 0.219550 0.083715
vt 0.220007 0.059292
vt 0.690623 0.469571
vt 0.691044 0.445723
vt 0.692769 0.445748
vt 0.692350 0.469596
vt 0.707329 0.446058
vt 0.707570 0.469918
vt 0.708961 0.446091
vt 0.709201 0.469948
vt 0.437688 0.224601
vt 0.437450 0.199818
vt 0.439241 0.199834
vt 0.439479 0.224613
vt 0.454879 0.200131
vt 0.454489 0.224887
vt 0.456573 0.200177
vt 0.456183 0.224941
vt 0.515877 0.068196
vt 0.515683 0.092305
vt 0.513941 0.092292
vt 0.514135 0.068197
vt 0.498378 0.092145
vt 0.497241 0.068041
vt 0.496233 0.080056
vt 0.495597 0.068018
vt 0.073057 0.232242
vt 0.072628 0.208945
vt 0.074310 0.208991
vt 0.074740 0.232265
vt 0.091212 0.209755
vt 0.091293 0.233059
vt 0.092647 0.221476
vt 0.092882 0.233123
vt 0.427659 0.070563
vt 0.428114 0.094141
vt 0.243746 0.096533
vt 0.498623 0.197189
vt 0.427685 0.198123
vt 0.408912 0.093679
vt 0.814384 0.416330
vt 0.642624 0.169066
vt 0.219036 0.113543
vt 0.709342 0.416499
vt 0.456927 0.168999
vt 0.496731 0.092120
vt 0.072116 0.179287
vt 0.092802 0.209823
vt 0.899295 0.728506
vt 0.901369 0.728519
vt 0.901292 0.768903
vt 0.899218 0.768902
vt 0.903442 0.728514
vt 0.903367 0.768910
vt 0.876834 0.728492
vt 0.879364 0.728511
vt 0.879280 0.768754
vt 0.876750 0.768754
vt 0.881897 0.728527
vt 0.881813 0.768755
vt 0.925791 0.768847
vt 0.923258 0.768837
vt 0.923325 0.728595
vt 0.925860 0.728585
vt 0.920721 0.768828
vt 0.920789 0.728601
vt 0.899457 0.645717
vt 0.901525 0.645586
vt 0.901449 0.686004
vt 0.899379 0.686137
vt 0.903593 0.645726
vt 0.903518 0.686146
vt 0.877049 0.647267
vt 0.879582 0.646982
vt 0.879483 0.687425
vt 0.876958 0.687728
vt 0.882124 0.646820
vt 0.882022 0.687261
vt 0.925890 0.687821
vt 0.923361 0.687510
vt 0.923416 0.647067
vt 0.925952 0.647362
vt 0.920820 0.687335
vt 0.920870 0.646895
vt 0.899080 0.844150
vt 0.901149 0.844404
vt 0.901073 0.884956
vt 0.899007 0.884801
vt 0.903220 0.844158
vt 0.903140 0.884808
vt 0.876750 0.840694
vt 0.879184 0.841706
vt 0.879148 0.883308
vt 0.876644 0.882591
vt 0.881803 0.842028
vt 0.881744 0.883503
vt 0.925468 0.882675
vt 0.922957 0.883383
vt 0.923077 0.841792
vt 0.925520 0.840794
vt 0.920356 0.883570
vt 0.920454 0.842105
vt 0.903685 0.596930
vt 0.901617 0.596926
vt 0.901707 0.549711
vt 0.903773 0.550019
vt 0.899550 0.596922
vt 0.899639 0.550011
vt 0.921051 0.552598
vt 0.923586 0.552977
vt 0.923502 0.599314
vt 0.920961 0.599310
vt 0.926118 0.553673
vt 0.926038 0.599316
vt 0.882213 0.599235
vt 0.879676 0.599229
vt 0.879768 0.552891
vt 0.882300 0.552524
vt 0.877144 0.599221
vt 0.877237 0.553578
vt 0.931929 0.728592
vt 0.931860 0.768764
vt 0.870710 0.768649
vt 0.870792 0.728477
vt 0.931993 0.648063
vt 0.931950 0.688568
vt 0.870922 0.688451
vt 0.871032 0.647945
vt 0.931658 0.838285
vt 0.931514 0.880972
vt 0.870632 0.880870
vt 0.870648 0.838159
vt 0.881666 0.935958
vt 0.898913 0.938699
vt 0.903032 0.938706
vt 0.920237 0.936029
vt 0.903297 0.804938
vt 0.920611 0.803925
vt 0.881790 0.803849
vt 0.899152 0.804931
vt 0.925337 0.934911
vt 0.931312 0.933222
vt 0.870638 0.933115
vt 0.876579 0.934823
vt 0.932068 0.600998
vt 0.871136 0.600878
vt 0.925681 0.803273
vt 0.931763 0.802057
vt 0.870680 0.801937
vt 0.876731 0.803177
vt 0.871236 0.555207
vt 0.932141 0.555329
vt 0.901224 0.805060
vt 0.879234 0.803690
vt 0.923171 0.803775
vt 0.900972 0.939026
vt 0.879125 0.935555
vt 0.922784 0.935633
vt 0.367415 0.695954
vt 0.366522 0.695955
vt 0.366429 0.669975
vt 0.367323 0.669967
vt 0.353994 0.695961
vt 0.353097 0.695960
vt 0.353192 0.669872
vt 0.354089 0.669881
vt 0.529276 0.671204
vt 0.530210 0.671198
vt 0.530213 0.696697
vt 0.529281 0.696697
vt 0.531144 0.671192
vt 0.531145 0.696698
vt 0.188775 0.671082
vt 0.189713 0.671088
vt 0.189707 0.696695
vt 0.188772 0.696695
vt 0.190651 0.671094
vt 0.190643 0.696694
vt 0.176203 0.671603
vt 0.177123 0.671605
vt 0.177109 0.696981
vt 0.176191 0.696982
vt 0.178042 0.671608
vt 0.178027 0.696981
vt 0.696393 0.670078
vt 0.697286 0.670084
vt 0.697242 0.696218
vt 0.696348 0.696217
vt 0.022027 0.669959
vt 0.022924 0.669953
vt 0.022966 0.696191
vt 0.022069 0.696192
vt 0.541838 0.671706
vt 0.542754 0.671704
vt 0.542765 0.696995
vt 0.541851 0.696995
vt 0.543670 0.671702
vt 0.543680 0.696996
vt 0.366978 0.642945
vt 0.366085 0.642934
vt 0.365813 0.617013
vt 0.366706 0.617025
vt 0.354439 0.642737
vt 0.353542 0.642748
vt 0.353817 0.616730
vt 0.354714 0.616719
vt 0.529062 0.622820
vt 0.530009 0.622920
vt 0.530088 0.648647
vt 0.529144 0.648550
vt 0.530948 0.623078
vt 0.531024 0.648801
vt 0.188976 0.622791
vt 0.189919 0.622633
vt 0.189838 0.648457
vt 0.188898 0.648612
vt 0.190869 0.622532
vt 0.190786 0.648360
vt 0.176317 0.624601
vt 0.177249 0.624594
vt 0.177180 0.650376
vt 0.176250 0.650381
vt 0.178174 0.624481
vt 0.178103 0.650265
vt 0.696754 0.618016
vt 0.697647 0.617997
vt 0.697520 0.644032
vt 0.696626 0.644049
vt 0.021665 0.617680
vt 0.022562 0.617699
vt 0.022689 0.643827
vt 0.021792 0.643810
vt 0.541710 0.624762
vt 0.542631 0.624875
vt 0.542699 0.650561
vt 0.541779 0.650451
vt 0.543560 0.624882
vt 0.543625 0.650566
vt 0.366442 0.587933
vt 0.365548 0.587909
vt 0.365252 0.562038
vt 0.366146 0.562061
vt 0.354982 0.587505
vt 0.354085 0.587530
vt 0.354385 0.561561
vt 0.355282 0.561538
vt 0.528890 0.572183
vt 0.529852 0.572354
vt 0.529947 0.598538
vt 0.528990 0.598369
vt 0.530791 0.572627
vt 0.530880 0.598807
vt 0.189137 0.572150
vt 0.190079 0.571877
vt 0.189982 0.598159
vt 0.189045 0.598429
vt 0.191045 0.571706
vt 0.190943 0.597989
vt 0.176470 0.575325
vt 0.177411 0.575307
vt 0.177311 0.601556
vt 0.176373 0.601573
vt 0.178332 0.575111
vt 0.178230 0.601362
vt 0.696914 0.564073
vt 0.697807 0.564040
vt 0.697709 0.589978
vt 0.696816 0.590013
vt 0.021505 0.563524
vt 0.022402 0.563558
vt 0.022500 0.589593
vt 0.021604 0.589558
vt 0.541555 0.575577
vt 0.542473 0.575773
vt 0.542571 0.601923
vt 0.541656 0.601730
vt 0.543411 0.575791
vt 0.543506 0.601940
vt 0.367188 0.766021
vt 0.366294 0.766035
vt 0.366401 0.740069
vt 0.367295 0.740055
vt 0.354215 0.766309
vt 0.353318 0.766294
vt 0.353214 0.740229
vt 0.354111 0.740243
vt 0.529207 0.734764
vt 0.530145 0.734683
vt 0.530116 0.760299
vt 0.529175 0.760390
vt 0.531078 0.734553
vt 0.531050 0.760155
vt 0.188836 0.734687
vt 0.189772 0.734818
vt 0.189798 0.760531
vt 0.188860 0.760387
vt 0.190714 0.734899
vt 0.190742 0.760622
vt 0.176208 0.733161
vt 0.177133 0.733171
vt 0.177184 0.758755
vt 0.176257 0.758747
vt 0.178054 0.733266
vt 0.178104 0.758857
vt 0.696393 0.739056
vt 0.697287 0.739074
vt 0.697277 0.765183
vt 0.696383 0.765162
vt 0.022017 0.739205
vt 0.022913 0.739187
vt 0.022920 0.765392
vt 0.022023 0.765412
vt 0.541820 0.733138
vt 0.542737 0.733043
vt 0.542683 0.758531
vt 0.541766 0.758632
vt 0.543659 0.733034
vt 0.543606 0.758524
vt 0.366521 0.826484
vt 0.365628 0.826464
vt 0.366060 0.800537
vt 0.366953 0.800548
vt 0.354875 0.826969
vt 0.353978 0.826989
vt 0.353548 0.800953
vt 0.354445 0.800942
vt 0.529159 0.789507
vt 0.530098 0.789511
vt 0.529997 0.815725
vt 0.529050 0.815713
vt 0.531037 0.789515
vt 0.530943 0.815736
vt 0.188869 0.789857
vt 0.189811 0.789854
vt 0.189908 0.816166
vt 0.188959 0.816177
vt 0.190753 0.789850
vt 0.190858 0.816155
vt 0.176339 0.786188
vt 0.177262 0.786185
vt 0.177395 0.812308
vt 0.176468 0.812314
vt 0.178185 0.786183
vt 0.178322 0.812302
vt 0.696392 0.798537
vt 0.697285 0.798532
vt 0.697520 0.824541
vt 0.696628 0.824555
vt 0.022011 0.798886
vt 0.022907 0.798891
vt 0.022665 0.825008
vt 0.021769 0.824994
vt 0.541682 0.785856
vt 0.542601 0.785859
vt 0.542466 0.811882
vt 0.541542 0.811875
vt 0.543521 0.785861
vt 0.543389 0.811888
vt 0.505974 0.696554
vt 0.505938 0.670964
vt 0.325238 0.696069
vt 0.325343 0.670074
vt 0.041109 0.670153
vt 0.041161 0.696276
vt 0.674866 0.696318
vt 0.674922 0.670304
vt 0.505728 0.647645
vt 0.505584 0.621866
vt 0.325695 0.643703
vt 0.325973 0.617706
vt 0.040738 0.618529
vt 0.040869 0.644618
vt 0.675161 0.644974
vt 0.675293 0.618986
vt 0.505469 0.596715
vt 0.505304 0.570575
vt 0.326237 0.589289
vt 0.326539 0.563258
vt 0.040571 0.564949
vt 0.040673 0.591017
vt 0.675359 0.591691
vt 0.675460 0.565712
vt 0.505813 0.761291
vt 0.505860 0.735567
vt 0.325480 0.765326
vt 0.325373 0.739313
vt 0.041093 0.738469
vt 0.041094 0.764595
vt 0.674927 0.764226
vt 0.674931 0.738204
vt 0.505521 0.817436
vt 0.505758 0.791257
vt 0.326143 0.825149
vt 0.325705 0.799068
vt 0.041078 0.797392
vt 0.040830 0.823525
vt 0.675179 0.822812
vt 0.674938 0.796768
vt 0.178512 0.543618
vt 0.189332 0.539574
vt 0.327087 0.527195
vt 0.354936 0.524820
vt 0.530598 0.540171
vt 0.541376 0.544201
vt 0.022152 0.527855
vt 0.040317 0.529749
vt 0.504988 0.537359
vt 0.528682 0.539556
vt 0.675711 0.530741
vt 0.697160 0.528502
vt 0.327124 0.859849
vt 0.354948 0.862333
vt 0.178587 0.842875
vt 0.189367 0.847102
vt 0.021961 0.859338
vt 0.040116 0.857375
vt 0.675878 0.856444
vt 0.697316 0.858758
vt 0.530533 0.846545
vt 0.541271 0.842334
vt 0.504851 0.849478
vt 0.528599 0.847209
vt 0.364707 0.525424
vt 0.365601 0.525457
vt 0.355833 0.524787
vt 0.529639 0.539790
vt 0.190294 0.539191
vt 0.191255 0.538956
vt 0.177572 0.543895
vt 0.176632 0.543928
vt 0.021256 0.527809
vt 0.698053 0.528456
vt 0.542313 0.544478
vt 0.543249 0.544510
vt 0.355846 0.862364
vt 0.365554 0.861696
vt 0.364660 0.861727
vt 0.529565 0.846955
vt 0.190339 0.847513
vt 0.191308 0.847768
vt 0.177638 0.842585
vt 0.176691 0.842563
vt 0.698209 0.858800
vt 0.021065 0.859380
vt 0.542216 0.842045
vt 0.543159 0.842023
vt 0.421597 0.856774
vt 0.422574 0.822852
vt 0.447680 0.821253
vt 0.446741 0.854610
vt 0.423005 0.796814
vt 0.448085 0.795174
vt 0.448259 0.763289
vt 0.423212 0.764121
vt 0.423317 0.738241
vt 0.448352 0.737447
vt 0.448494 0.696284
vt 0.423461 0.696181
vt 0.423363 0.670352
vt 0.448408 0.670522
vt 0.448092 0.645654
vt 0.423025 0.644829
vt 0.422759 0.618951
vt 0.447847 0.619801
vt 0.447632 0.592991
vt 0.422517 0.591441
vt 0.422227 0.565449
vt 0.447363 0.566954
vt 0.446874 0.532322
vt 0.421702 0.530214
vt 0.394136 0.859153
vt 0.395115 0.824605
vt 0.395554 0.798618
vt 0.395783 0.765035
vt 0.395892 0.739117
vt 0.396031 0.696069
vt 0.395928 0.670173
vt 0.395581 0.643925
vt 0.395307 0.618025
vt 0.395047 0.589743
vt 0.394748 0.563806
vt 0.394207 0.527902
vt 0.474704 0.819515
vt 0.473857 0.852260
vt 0.475051 0.793386
vt 0.475174 0.762381
vt 0.475248 0.736583
vt 0.475380 0.696401
vt 0.475315 0.670712
vt 0.475039 0.646557
vt 0.474831 0.620733
vt 0.474658 0.594689
vt 0.474429 0.568604
vt 0.474005 0.534630
vt 0.597392 0.848297
vt 0.596925 0.816701
vt 0.621861 0.818669
vt 0.622480 0.850914
vt 0.621681 0.792556
vt 0.596825 0.790557
vt 0.596892 0.760975
vt 0.621712 0.762024
vt 0.621728 0.736160
vt 0.596920 0.735197
vt 0.596849 0.696694
vt 0.621645 0.696572
vt 0.621687 0.670785
vt 0.596867 0.671014
vt 0.597034 0.648123
vt 0.621897 0.647117
vt 0.622003 0.621245
vt 0.597100 0.622312
vt 0.597105 0.597570
vt 0.622037 0.595686
vt 0.622108 0.569629
vt 0.597135 0.571479
vt 0.597274 0.538680
vt 0.622318 0.536136
vt 0.648322 0.820714
vt 0.649012 0.853642
vt 0.648095 0.794634
vt 0.648097 0.763111
vt 0.648104 0.737167
vt 0.648024 0.696447
vt 0.648079 0.670549
vt 0.648313 0.646064
vt 0.648441 0.620134
vt 0.648497 0.593718
vt 0.648592 0.567697
vt 0.648837 0.533475
vt 0.570989 0.845404
vt 0.570790 0.814504
vt 0.570807 0.788352
vt 0.570902 0.759817
vt 0.570941 0.734159
vt 0.570903 0.696838
vt 0.570893 0.671291
vt 0.570984 0.649240
vt 0.570994 0.623498
vt 0.570963 0.599630
vt 0.570935 0.573502
vt 0.570956 0.541441
vt 0.098166 0.569183
vt 0.097957 0.535583
vt 0.123171 0.538148
vt 0.123307 0.571049
vt 0.123335 0.597239
vt 0.098236 0.595338
vt 0.098270 0.620970
vt 0.123337 0.622049
vt 0.123401 0.647956
vt 0.098373 0.646937
vt 0.098581 0.670677
vt 0.123564 0.670913
vt 0.123580 0.696679
vt 0.098620 0.696554
vt 0.098532 0.736265
vt 0.123504 0.735298
vt 0.123529 0.761171
vt 0.098545 0.762226
vt 0.098572 0.792848
vt 0.123593 0.790835
vt 0.123491 0.817078
vt 0.098388 0.819063
vt 0.097767 0.851414
vt 0.123026 0.848774
vt 0.146781 0.540628
vt 0.146810 0.572865
vt 0.146785 0.599088
vt 0.146756 0.623114
vt 0.146769 0.648958
vt 0.146864 0.671162
vt 0.146851 0.696809
vt 0.146809 0.734369
vt 0.146843 0.760136
vt 0.146933 0.788861
vt 0.146938 0.815114
vt 0.146714 0.846181
vt 0.068616 0.567027
vt 0.068367 0.532604
vt 0.068713 0.593138
vt 0.068771 0.619737
vt 0.068899 0.645765
vt 0.069134 0.670419
vt 0.069187 0.696412
vt 0.069102 0.737390
vt 0.069105 0.763430
vt 0.069098 0.795163
vt 0.068863 0.821331
vt 0.068159 0.854448
vt 0.246287 0.852850
vt 0.245443 0.819980
vt 0.272113 0.821703
vt 0.273047 0.855177
vt 0.271711 0.795523
vt 0.245098 0.793753
vt 0.244978 0.762629
vt 0.271541 0.763529
vt 0.271451 0.737589
vt 0.244908 0.736733
vt 0.244780 0.696401
vt 0.271314 0.696287
vt 0.271402 0.670421
vt 0.244848 0.670606
vt 0.245127 0.646363
vt 0.271720 0.645472
vt 0.271968 0.619522
vt 0.245337 0.620441
vt 0.245513 0.594298
vt 0.272185 0.592623
vt 0.272457 0.566488
vt 0.245745 0.568115
vt 0.246173 0.534013
vt 0.272950 0.531736
vt 0.298023 0.823345
vt 0.298999 0.857407
vt 0.297592 0.797216
vt 0.297387 0.764386
vt 0.297285 0.738413
vt 0.297144 0.696181
vt 0.297246 0.670257
vt 0.297588 0.644627
vt 0.297857 0.618655
vt 0.298103 0.591026
vt 0.298397 0.564940
vt 0.298928 0.529558
vt 0.218161 0.850326
vt 0.217476 0.818097
vt 0.217230 0.791823
vt 0.217173 0.761641
vt 0.217126 0.735810
vt 0.217017 0.696537
vt 0.217056 0.670827
vt 0.217275 0.647343
vt 0.217429 0.621461
vt 0.217551 0.596129
vt 0.217725 0.569895
vt 0.218055 0.536483
vt 0.767861 0.931877
vt 0.768272 0.931791
vt 0.770411 0.940053
vt 0.769962 0.940151
vt 0.768520 0.931496
vt 0.768600 0.931090
vt 0.777013 0.932096
vt 0.776977 0.932553
vt 0.767773 0.931054
vt 0.767783 0.931464
vt 0.743492 0.932763
vt 0.743513 0.932345
vt 0.743530 0.933194
vt 0.770096 0.940562
vt 0.746090 0.945489
vt 0.746008 0.945061
vt 0.705867 0.931615
vt 0.705852 0.931185
vt 0.729765 0.933212
vt 0.729792 0.933625
vt 0.742677 0.932393
vt 0.742706 0.932830
vt 0.730590 0.933643
vt 0.730603 0.933241
vt 0.743096 0.933155
vt 0.745588 0.945147
vt 0.819441 0.932909
vt 0.819887 0.932931
vt 0.816502 0.944723
vt 0.816101 0.944605
vt 0.820289 0.932614
vt 0.820342 0.932190
vt 0.832210 0.933078
vt 0.832219 0.933515
vt 0.819510 0.932073
vt 0.819510 0.932496
vt 0.792529 0.928251
vt 0.792556 0.927833
vt 0.792423 0.928665
vt 0.815959 0.945020
vt 0.789483 0.937177
vt 0.789633 0.936769
vt 0.833006 0.933492
vt 0.833055 0.933055
vt 0.859866 0.928531
vt 0.859889 0.928956
vt 0.791732 0.927826
vt 0.791801 0.928247
vt 0.783343 0.929114
vt 0.783317 0.928691
vt 0.792007 0.928536
vt 0.789225 0.936648
vt 0.731497 0.740987
vt 0.731924 0.740773
vt 0.732004 0.741309
vt 0.731600 0.741535
vt 0.732372 0.740642
vt 0.732438 0.741182
vt 0.742954 0.739731
vt 0.743423 0.739806
vt 0.743369 0.740263
vt 0.742943 0.740274
vt 0.743876 0.739991
vt 0.743796 0.740291
vt 0.793963 0.755164
vt 0.794324 0.755017
vt 0.794444 0.755635
vt 0.794018 0.755705
vt 0.794673 0.754794
vt 0.794874 0.755576
vt 0.857832 0.756338
vt 0.858210 0.756553
vt 0.858075 0.757074
vt 0.857677 0.756859
vt 0.784502 0.756319
vt 0.784923 0.756346
vt 0.784967 0.756887
vt 0.784526 0.756848
vt 0.731822 0.826848
vt 0.731386 0.826931
vt 0.731669 0.796435
vt 0.732106 0.796346
vt 0.730965 0.827074
vt 0.731246 0.796576
vt 0.744008 0.826174
vt 0.743583 0.826043
vt 0.743609 0.795378
vt 0.744033 0.795499
vt 0.743140 0.826012
vt 0.743168 0.795358
vt 0.705661 0.835889
vt 0.705233 0.835886
vt 0.705319 0.805185
vt 0.705747 0.805181
vt 0.779457 0.836636
vt 0.779029 0.836633
vt 0.779269 0.805831
vt 0.779696 0.805838
vt 0.770225 0.835558
vt 0.769802 0.835557
vt 0.769982 0.804469
vt 0.770412 0.804525
vt 0.769380 0.835556
vt 0.769568 0.804339
vt 0.730674 0.848153
vt 0.731100 0.848077
vt 0.730630 0.877924
vt 0.730201 0.878006
vt 0.731530 0.848024
vt 0.731057 0.877871
vt 0.705007 0.882687
vt 0.704578 0.882692
vt 0.704907 0.852478
vt 0.705335 0.852481
vt 0.779271 0.883482
vt 0.778842 0.883468
vt 0.779075 0.853219
vt 0.779504 0.853223
vt 0.743784 0.877325
vt 0.743348 0.877257
vt 0.743515 0.847292
vt 0.743946 0.847357
vt 0.742907 0.877248
vt 0.743078 0.847285
vt 0.770175 0.882522
vt 0.769754 0.882508
vt 0.769894 0.852249
vt 0.770316 0.852250
vt 0.769333 0.882495
vt 0.769472 0.852247
vt 0.833223 0.890328
vt 0.832794 0.890323
vt 0.832388 0.860300
vt 0.832816 0.860299
vt 0.832365 0.890318
vt 0.831960 0.860301
vt 0.858727 0.862137
vt 0.859158 0.862129
vt 0.859959 0.891936
vt 0.859528 0.891938
vt 0.783027 0.862407
vt 0.783458 0.862408
vt 0.783041 0.892253
vt 0.782610 0.892261
vt 0.820335 0.889521
vt 0.819893 0.889515
vt 0.819806 0.859421
vt 0.820245 0.859419
vt 0.819451 0.889508
vt 0.819367 0.859422
vt 0.792239 0.861693
vt 0.792662 0.861696
vt 0.792160 0.891544
vt 0.791736 0.891549
vt 0.793085 0.861699
vt 0.792583 0.891539
vt 0.832455 0.823901
vt 0.832026 0.823903
vt 0.831950 0.792712
vt 0.832370 0.792861
vt 0.831598 0.823905
vt 0.831507 0.792652
vt 0.783824 0.833222
vt 0.783393 0.833218
vt 0.783877 0.802595
vt 0.784317 0.802662
vt 0.858484 0.833049
vt 0.858054 0.833055
vt 0.857602 0.802531
vt 0.858021 0.802678
vt 0.820222 0.822889
vt 0.819785 0.822888
vt 0.819968 0.791544
vt 0.820421 0.791478
vt 0.819348 0.822887
vt 0.819541 0.791703
vt 0.793529 0.832371
vt 0.793106 0.832366
vt 0.793656 0.801506
vt 0.794074 0.801366
vt 0.792684 0.832361
vt 0.793218 0.801558
vt 0.770477 0.755451
vt 0.770285 0.756189
vt 0.820251 0.738083
vt 0.820312 0.738351
vt 0.831675 0.738800
vt 0.831596 0.739340
vt 0.821161 0.738343
vt 0.821155 0.737799
vt 0.771134 0.756343
vt 0.771208 0.755805
vt 0.780201 0.757180
vt 0.780144 0.757719
vt 0.832425 0.739740
vt 0.832525 0.739183
vt 0.705040 0.756917
vt 0.704890 0.756395
vt 0.832116 0.738942
vt 0.832031 0.739482
vt 0.820692 0.737878
vt 0.820736 0.738328
vt 0.770712 0.756262
vt 0.770841 0.755661
vt 0.704638 0.757114
vt 0.704499 0.756591
vt 0.780581 0.757700
vt 0.780621 0.757173
vt 0.730184 0.933236
vt 0.705422 0.931152
vt 0.777439 0.932174
vt 0.743092 0.932367
vt 0.768187 0.931051
vt 0.832629 0.933087
vt 0.782886 0.928743
vt 0.860289 0.928495
vt 0.819930 0.932142
vt 0.792144 0.927802
vt 0.768145 0.931411
vt 0.777331 0.932529
vt 0.705507 0.931516
vt 0.770434 0.940406
vt 0.743127 0.932742
vt 0.730186 0.933557
vt 0.745732 0.945478
vt 0.819889 0.932511
vt 0.832621 0.933423
vt 0.816318 0.945042
vt 0.792169 0.928169
vt 0.860227 0.928846
vt 0.782986 0.929083
vt 0.789175 0.937002
vt 0.771951 0.723393
vt 0.772474 0.723290
vt 0.774016 0.732388
vt 0.773462 0.732440
vt 0.772810 0.722919
vt 0.772897 0.722399
vt 0.781963 0.723601
vt 0.781933 0.724135
vt 0.771852 0.722332
vt 0.771875 0.722861
vt 0.745169 0.723998
vt 0.745184 0.723468
vt 0.745197 0.724530
vt 0.773561 0.732965
vt 0.746319 0.734045
vt 0.746274 0.733515
vt 0.707483 0.723321
vt 0.707481 0.722778
vt 0.734265 0.724478
vt 0.734310 0.725028
vt 0.744133 0.723561
vt 0.744196 0.724098
vt 0.735285 0.725025
vt 0.735319 0.724475
vt 0.744644 0.724487
vt 0.745735 0.733538
vt 0.824184 0.724064
vt 0.824742 0.724064
vt 0.822913 0.733021
vt 0.822386 0.732949
vt 0.825221 0.723664
vt 0.825296 0.723125
vt 0.834118 0.723768
vt 0.834137 0.724321
vt 0.824245 0.723000
vt 0.824246 0.723535
vt 0.796978 0.720302
vt 0.797019 0.719772
vt 0.796865 0.720830
vt 0.822286 0.733486
vt 0.794395 0.730314
vt 0.794535 0.729775
vt 0.835113 0.724310
vt 0.835172 0.723752
vt 0.862795 0.720966
vt 0.862802 0.721514
vt 0.795971 0.719791
vt 0.796051 0.720320
vt 0.786864 0.721288
vt 0.786832 0.720751
vt 0.796342 0.720692
vt 0.793999 0.729695
vt 0.745140 0.582784
vt 0.745688 0.582787
vt 0.745535 0.614325
vt 0.744988 0.614324
vt 0.746236 0.582790
vt 0.746082 0.614327
vt 0.736236 0.583601
vt 0.736767 0.583609
vt 0.736341 0.615013
vt 0.735810 0.615008
vt 0.737299 0.583617
vt 0.736872 0.615017
vt 0.772828 0.624187
vt 0.772287 0.624079
vt 0.772271 0.592956
vt 0.772815 0.593072
vt 0.771766 0.623895
vt 0.771750 0.592761
vt 0.709827 0.624262
vt 0.709290 0.624423
vt 0.709788 0.593484
vt 0.710323 0.593315
vt 0.782858 0.624969
vt 0.782299 0.625003
vt 0.782367 0.593984
vt 0.782927 0.593952
vt 0.744856 0.645302
vt 0.745401 0.645296
vt 0.745119 0.675602
vt 0.744572 0.675618
vt 0.745947 0.645349
vt 0.745667 0.675646
vt 0.735946 0.676314
vt 0.735413 0.676377
vt 0.735976 0.645934
vt 0.736506 0.645878
vt 0.734880 0.676449
vt 0.735445 0.646005
vt 0.773111 0.679370
vt 0.772578 0.679294
vt 0.772332 0.648965
vt 0.772864 0.649029
vt 0.772046 0.679205
vt 0.771801 0.648885
vt 0.708380 0.679563
vt 0.707833 0.679610
vt 0.708804 0.649199
vt 0.709351 0.649154
vt 0.782983 0.680330
vt 0.782436 0.680307
vt 0.782290 0.649816
vt 0.782838 0.649829
vt 0.825757 0.608332
vt 0.825209 0.608332
vt 0.825224 0.576184
vt 0.825775 0.576184
vt 0.824660 0.608332
vt 0.824673 0.576185
vt 0.833582 0.577290
vt 0.834139 0.577360
vt 0.834418 0.609282
vt 0.833879 0.609286
vt 0.834668 0.577548
vt 0.834957 0.609277
vt 0.797543 0.587033
vt 0.798081 0.587024
vt 0.798253 0.618279
vt 0.797715 0.618280
vt 0.798620 0.587014
vt 0.798792 0.618278
vt 0.861007 0.587872
vt 0.861542 0.588071
vt 0.861580 0.619156
vt 0.861032 0.619158
vt 0.787330 0.588160
vt 0.787897 0.588231
vt 0.788116 0.619290
vt 0.787568 0.619292
vt 0.825744 0.678417
vt 0.825192 0.678407
vt 0.825246 0.647749
vt 0.825793 0.647749
vt 0.824640 0.678396
vt 0.824698 0.647750
vt 0.834250 0.648516
vt 0.834788 0.648515
vt 0.835057 0.679074
vt 0.834518 0.679067
vt 0.835326 0.648514
vt 0.835596 0.679081
vt 0.797357 0.650172
vt 0.797898 0.650117
vt 0.797196 0.680543
vt 0.796655 0.680598
vt 0.798439 0.650060
vt 0.797737 0.680489
vt 0.861629 0.650802
vt 0.862177 0.650826
vt 0.862902 0.681382
vt 0.862354 0.681356
vt 0.787296 0.650899
vt 0.787843 0.650882
vt 0.787220 0.681326
vt 0.786672 0.681349
vt 0.782945 0.546604
vt 0.783483 0.546547
vt 0.783482 0.547014
vt 0.782931 0.546978
vt 0.709904 0.546157
vt 0.710392 0.545869
vt 0.710580 0.546567
vt 0.710029 0.546621
vt 0.833150 0.527668
vt 0.833687 0.527836
vt 0.833639 0.528128
vt 0.833117 0.528045
vt 0.834174 0.528124
vt 0.834166 0.528206
vt 0.824775 0.527150
vt 0.825297 0.526875
vt 0.825336 0.527140
vt 0.824796 0.527174
vt 0.825876 0.526791
vt 0.825877 0.527169
vt 0.796388 0.544300
vt 0.796854 0.544130
vt 0.796960 0.544584
vt 0.796428 0.544675
vt 0.797299 0.543851
vt 0.797495 0.544495
vt 0.786637 0.545959
vt 0.861890 0.545852
vt 0.772127 0.545724
vt 0.746332 0.526299
vt 0.773188 0.545885
vt 0.736957 0.527059
vt 0.738002 0.526918
vt 0.745253 0.526269
vt 0.862095 0.545154
vt 0.736943 0.526979
vt 0.737974 0.526544
vt 0.745256 0.525894
vt 0.746347 0.526276
vt 0.772306 0.545080
vt 0.773223 0.545513
vt 0.786622 0.545582
vt 0.744653 0.723506
vt 0.734792 0.724491
vt 0.772375 0.722339
vt 0.706944 0.722772
vt 0.782501 0.723663
vt 0.824775 0.723069
vt 0.834646 0.723775
vt 0.796496 0.719752
vt 0.786283 0.720806
vt 0.863327 0.720951
vt 0.786083 0.546007
vt 0.862442 0.545918
vt 0.786079 0.545535
vt 0.862580 0.545455
vt 0.737434 0.526698
vt 0.737482 0.526987
vt 0.745830 0.525994
vt 0.745793 0.526256
vt 0.772756 0.545352
vt 0.772659 0.545805
vt 0.772331 0.722800
vt 0.782374 0.724096
vt 0.707041 0.723211
vt 0.773995 0.732829
vt 0.744696 0.723973
vt 0.734795 0.724927
vt 0.745872 0.733967
vt 0.824720 0.723538
vt 0.834634 0.724216
vt 0.822735 0.733445
vt 0.796524 0.720216
vt 0.863233 0.721396
vt 0.786409 0.721241
vt 0.793981 0.730150
vn 0.015532 -0.044288 -0.998898
vn 0.015532 -0.044288 -0.998898
vn 0.015532 -0.044288 -0.998898
vn 0.015532 -0.044288 -0.998898
vn 0.998593 -0.044288 -0.029154
vn 0.998593 -0.044288 -0.029154
vn 0.998593 -0.044288 -0.029154
vn 0.998593 -0.044288 -0.029154
vn -0.997492 -0.070211 -0.008999
vn -0.997492 -0.070211 -0.008999
vn -0.997492 -0.070211 -0.008999
vn -0.997492 -0.070211 -0.008999
vn -0.990646 -0.135989 0.011306
vn -0.992110 -0.125364 0.001233
vn -0.992349 -0.123461 -0.000569
vn -0.990646 -0.135989 0.011306
vn -0.989634 -0.142769 -0.015553
vn -0.989634 -0.142769 -0.015553
vn -0.990987 -0.133336 -0.012902
vn -0.991000 -0.133243 -0.012876
vn -0.998235 -0.059105 -0.005719
vn -0.998235 -0.059105 -0.005719
vn -0.998183 -0.059576 -0.009021
vn -0.998182 -0.059586 -0.009090
vn -0.026105 0.999536 0.015686
vn -0.026105 0.999536 0.015686
vn -0.026105 0.999536 0.015686
vn -0.026105 0.999536 0.015686
vn -0.992563 -0.121432 -0.008515
vn -0.992490 -0.122009 -0.008785
vn 0.026272 -0.999010 -0.035900
vn 0.026272 -0.999010 -0.035900
vn 0.026272 -0.999010 -0.035900
vn 0.026272 -0.999010 -0.035900
vn 0.025846 -0.999583 0.012914
vn 0.025846 -0.999583 0.012914
vn 0.025846 -0.999583 0.012914
vn 0.025846 -0.999583 0.012914
vn -0.998373 -0.055842 -0.011551
vn -0.998367 -0.055943 -0.011523
vn -0.998157 -0.059780 -0.010458
vn -0.998746 -0.048171 -0.013678
vn -0.998746 -0.048171 -0.013678
vn -0.025214 0.996855 -0.075132
vn -0.025214 0.996855 -0.075132
vn -0.025214 0.996855 -0.075132
vn -0.025214 0.996855 -0.075132
vn -0.007086 -0.073577 0.997264
vn -0.007086 -0.073577 0.997264
vn -0.007086 -0.073577 0.997264
vn -0.007086 -0.073577 0.997264
vn 0.009671 -0.025140 -0.999637
vn 0.009671 -0.025140 -0.999637
vn 0.009671 -0.025140 -0.999637
vn 0.009671 -0.025140 -0.999637
vn -0.026192 0.999315 0.026136
vn -0.026192 0.999315 0.026136
vn -0.026192 0.999315 0.026136
vn -0.026192 0.999315 0.026136
vn -0.026017 0.999645 0.005829
vn -0.026017 0.999645 0.005829
vn -0.026017 0.999645 0.005829
vn -0.026017 0.999645 0.005829
vn -0.025583 0.998871 -0.040035
vn -0.025583 0.998871 -0.040035
vn -0.025583 0.998871 -0.040035
vn -0.025583 0.998871 -0.040035
vn -0.008705 -0.012132 0.999889
vn -0.008705 -0.012132 0.999889
vn -0.008705 -0.012132 0.999889
vn -0.008705 -0.012132 0.999889
vn 0.025669 -0.999166 0.031765
vn 0.025669 -0.999166 0.031765
vn 0.025669 -0.999166 0.031765
vn 0.025669 -0.999166 0.031765
vn 0.026142 -0.999456 -0.020104
vn 0.026142 -0.999456 -0.020104
vn 0.026142 -0.999456 -0.020104
vn 0.026142 -0.999456 -0.020104
vn 0.026097 -0.999538 -0.015575
vn 0.026097 -0.999538 -0.015575
vn 0.026097 -0.999538 -0.015575
vn 0.026097 -0.999538 -0.015575
vn 0.009171 -0.005756 -0.999941
vn 0.009171 -0.005756 -0.999941
vn 0.009171 -0.005756 -0.999941
vn 0.009171 -0.005756 -0.999941
vn 0.026318 -0.998790 -0.041557
vn 0.026318 -0.998789 -0.041557
vn 0.026318 -0.998789 -0.041557
vn 0.026318 -0.998790 -0.041557
vn 0.026544 -0.997085 -0.071527
vn 0.026544 -0.997085 -0.071527
vn 0.026544 -0.997085 -0.071527
vn 0.026544 -0.997085 -0.071527
vn 0.025761 -0.999428 0.021904
vn 0.025761 -0.999428 0.021904
vn 0.025761 -0.999428 0.021904
vn 0.025761 -0.999428 0.021904
vn -0.025761 0.999420 -0.022257
vn -0.025761 0.999420 -0.022257
vn -0.025761 0.999420 -0.022257
vn -0.025761 0.999420 -0.022257
vn -0.026270 0.999021 0.035607
vn -0.026270 0.999021 0.035607
vn -0.026270 0.999021 0.035607
vn -0.026270 0.999021 0.035607
vn -0.047236 -0.998596 -0.023965
vn -0.046949 -0.998700 -0.019860
vn -0.049188 -0.997428 -0.052125
vn -0.049188 -0.997429 -0.052125
vn -0.996006 -0.087876 -0.015819
vn -0.998778 -0.041115 -0.027424
vn -0.999254 -0.029441 -0.025016
vn -0.996059 -0.086868 -0.017909
vn -0.045078 -0.998962 0.006590
vn -0.045071 -0.998962 0.006688
vn 0.044964 0.998955 -0.008173
vn 0.045120 0.998964 -0.005984
vn 0.046374 0.998856 0.011698
vn 0.046374 0.998856 0.011699
vn -0.998692 -0.050698 -0.006605
vn -0.998711 -0.050319 -0.006688
vn -0.046962 -0.998696 -0.020045
vn -0.047167 -0.998623 -0.022966
vn 0.044838 0.998945 -0.009937
vn 0.044672 0.998926 -0.012265
vn -0.999824 0.003062 -0.018503
vn -0.999824 0.003062 -0.018503
vn -0.048908 -0.997647 -0.048040
vn -0.048908 -0.997647 -0.048040
vn 0.045966 0.998926 0.005915
vn 0.045966 0.998926 0.005915
vn 0.046373 0.998856 0.011688
vn 0.046373 0.998856 0.011688
vn -0.999794 0.011865 -0.016472
vn -0.999794 0.011865 -0.016472
vn 0.992687 -0.110226 -0.049232
vn 0.994258 -0.099564 -0.039214
vn 0.994517 -0.097654 -0.037421
vn 0.992687 -0.110226 -0.049232
vn 0.992877 -0.117023 -0.022359
vn 0.992877 -0.117023 -0.022359
vn 0.993883 -0.107560 -0.025053
vn 0.993892 -0.107467 -0.025080
vn 0.998923 -0.033166 -0.032452
vn 0.998923 -0.033166 -0.032452
vn 0.999009 -0.033639 -0.029150
vn 0.999011 -0.033648 -0.029081
vn -0.000463 0.999873 -0.015915
vn -0.000463 0.999873 -0.015915
vn -0.000463 0.999873 -0.015915
vn -0.000463 0.999873 -0.015915
vn 0.994981 -0.095620 -0.029488
vn 0.994933 -0.096198 -0.029215
vn 0.001055 -0.999347 0.036121
vn 0.001055 -0.999347 0.036121
vn 0.001055 -0.999347 0.036121
vn 0.001055 -0.999347 0.036121
vn -0.000370 -0.999920 -0.012676
vn -0.000370 -0.999920 -0.012676
vn -0.000370 -0.999920 -0.012676
vn -0.000370 -0.999920 -0.012676
vn 0.999198 -0.029900 -0.026626
vn 0.999194 -0.030001 -0.026654
vn 0.999043 -0.033844 -0.027713
vn 0.999453 -0.022220 -0.024509
vn 0.999453 -0.022220 -0.024509
vn 0.002186 0.997191 0.074870
vn 0.002186 0.997191 0.074870
vn 0.002186 0.997191 0.074870
vn 0.002186 0.997191 0.074870
vn -0.029103 -0.073602 -0.996863
vn -0.029103 -0.073602 -0.996863
vn -0.029103 -0.073602 -0.996863
vn -0.029103 -0.073602 -0.996863
vn 0.029173 -0.025148 0.999258
vn 0.029173 -0.025148 0.999258
vn 0.029173 -0.025148 0.999258
vn 0.029173 -0.025148 0.999258
vn -0.000769 0.999652 -0.026360
vn -0.000769 0.999652 -0.026360
vn -0.000769 0.999652 -0.026360
vn -0.000769 0.999652 -0.026360
vn -0.000176 0.999982 -0.006061
vn -0.000176 0.999982 -0.006061
vn -0.000176 0.999982 -0.006061
vn -0.000176 0.999982 -0.006061
vn 0.001162 0.999207 0.039786
vn 0.001162 0.999208 0.039786
vn 0.001162 0.999207 0.039786
vn 0.001162 0.999207 0.039786
vn -0.029180 -0.012136 -0.999501
vn -0.029180 -0.012136 -0.999501
vn -0.029180 -0.012136 -0.999501
vn -0.029180 -0.012136 -0.999501
vn -0.000924 -0.999503 -0.031519
vn -0.000924 -0.999503 -0.031519
vn -0.000924 -0.999503 -0.031519
vn -0.000924 -0.999503 -0.031519
vn 0.000593 -0.999793 0.020330
vn 0.000593 -0.999793 0.020330
vn 0.000593 -0.999793 0.020330
vn 0.000593 -0.999793 0.020330
vn 0.000435 -0.999877 0.015708
vn 0.000435 -0.999877 0.015708
vn 0.000435 -0.999877 0.015708
vn 0.000435 -0.999877 0.015708
vn 0.029182 -0.005758 0.999558
vn 0.029182 -0.005758 0.999558
vn 0.029182 -0.005758 0.999558
vn 0.029182 -0.005758 0.999558
vn 0.001219 -0.999126 0.041775
vn 0.001219 -0.999126 0.041775
vn 0.001219 -0.999126 0.041775
vn 0.001219 -0.999126 0.041775
vn 0.002093 -0.997422 0.071733
vn 0.002093 -0.997422 0.071733
vn 0.002093 -0.997422 0.071733
vn 0.002093 -0.997422 0.071733
vn -0.000633 -0.999765 -0.021661
vn -0.000633 -0.999765 -0.021661
vn -0.000633 -0.999765 -0.021661
vn -0.000633 -0.999765 -0.021661
vn 0.000646 0.999757 0.022014
vn 0.000646 0.999758 0.022014
vn 0.000646 0.999758 0.022014
vn 0.000646 0.999757 0.022014
vn -0.001045 0.999357 -0.035827
vn -0.001045 0.999357 -0.035827
vn -0.001045 0.999357 -0.035827
vn -0.001045 0.999358 -0.035827
vn 0.074017 -0.997028 0.021388
vn 0.073576 -0.997140 0.017296
vn 0.077012 -0.995803 0.049453
vn 0.077012 -0.995803 0.049453
vn 0.997828 -0.061980 -0.022295
vn 0.999827 -0.015162 -0.010768
vn 0.999907 -0.003481 -0.013185
vn 0.997935 -0.060970 -0.020208
vn 0.070703 -0.997456 -0.009063
vn 0.070693 -0.997456 -0.009161
vn -0.070529 0.997453 0.010642
vn -0.070769 0.997457 0.008460
vn -0.072694 0.997312 -0.009162
vn -0.072694 0.997312 -0.009163
vn 0.999195 -0.024750 -0.031578
vn 0.999207 -0.024372 -0.031494
vn 0.073596 -0.997135 0.017480
vn 0.073910 -0.997056 0.020391
vn -0.070335 0.997446 0.012399
vn -0.070080 0.997433 0.014718
vn 0.999385 0.029020 -0.019690
vn 0.999385 0.029020 -0.019690
vn 0.076582 -0.996030 0.045381
vn 0.076582 -0.996030 0.045381
vn -0.072067 0.997394 -0.003400
vn -0.072067 0.997394 -0.003400
vn -0.072693 0.997312 -0.009152
vn -0.072693 0.997312 -0.009152
vn 0.999049 0.037818 -0.021711
vn 0.999049 0.037818 -0.021711
vn -0.004791 -0.110226 -0.993895
vn 0.005288 -0.099563 -0.995017
vn 0.007090 -0.097653 -0.995195
vn -0.004791 -0.110226 -0.993895
vn 0.022064 -0.117021 -0.992884
vn 0.022064 -0.117021 -0.992884
vn 0.019418 -0.107559 -0.994009
vn 0.019392 -0.107466 -0.994020
vn 0.012252 -0.033166 -0.999375
vn 0.012252 -0.033166 -0.999375
vn 0.015554 -0.033637 -0.999313
vn 0.015623 -0.033647 -0.999312
vn -0.015919 0.999873 -0.000249
vn -0.015919 0.999873 -0.000249
vn -0.015919 0.999873 -0.000249
vn -0.015919 0.999873 -0.000249
vn 0.015036 -0.095619 -0.995304
vn 0.015307 -0.096198 -0.995245
vn 0.036131 -0.999347 0.000561
vn 0.036131 -0.999347 0.000561
vn 0.036131 -0.999347 0.000561
vn 0.036131 -0.999347 0.000561
vn -0.012679 -0.999920 -0.000198
vn -0.012679 -0.999920 -0.000198
vn -0.012679 -0.999920 -0.000198
vn -0.012679 -0.999920 -0.000198
vn 0.018084 -0.029898 -0.999389
vn 0.018056 -0.030000 -0.999387
vn 0.016991 -0.033842 -0.999283
vn 0.020210 -0.022220 -0.999549
vn 0.020210 -0.022220 -0.999549
vn 0.074892 0.997191 0.001164
vn 0.074892 0.997191 0.001164
vn 0.074892 0.997191 0.001164
vn 0.074892 0.997191 0.001164
vn -0.997167 -0.073602 -0.015505
vn -0.997167 -0.073602 -0.015505
vn -0.997167 -0.073602 -0.015505
vn -0.997167 -0.073602 -0.015505
vn 0.999563 -0.025148 0.015542
vn 0.999563 -0.025148 0.015542
vn 0.999563 -0.025148 0.015542
vn 0.999563 -0.025148 0.015542
vn -0.026368 0.999652 -0.000410
vn -0.026368 0.999652 -0.000410
vn -0.026368 0.999652 -0.000410
vn -0.026368 0.999652 -0.000410
vn -0.006063 0.999982 -0.000095
vn -0.006063 0.999982 -0.000095
vn -0.006063 0.999982 -0.000095
vn -0.006063 0.999982 -0.000095
vn 0.039798 0.999208 0.000618
vn 0.039798 0.999208 0.000618
vn 0.039798 0.999208 0.000618
vn 0.039798 0.999208 0.000618
vn -0.999806 -0.012135 -0.015546
vn -0.999806 -0.012135 -0.015546
vn -0.999806 -0.012135 -0.015546
vn -0.999806 -0.012135 -0.015546
vn -0.031528 -0.999503 -0.000487
vn -0.031528 -0.999503 -0.000487
vn -0.031528 -0.999503 -0.000487
vn -0.031528 -0.999503 -0.000487
vn 0.020337 -0.999793 0.000317
vn 0.020337 -0.999793 0.000317
vn 0.020337 -0.999793 0.000317
vn 0.020337 -0.999793 0.000317
vn 0.014978 -0.999888 0.000245
vn 0.014978 -0.999888 0.000245
vn 0.014978 -0.999888 0.000245
vn 0.014978 -0.999888 0.000245
vn 0.999863 -0.005757 0.015547
vn 0.999863 -0.005757 0.015547
vn 0.999863 -0.005757 0.015547
vn 0.999863 -0.005757 0.015547
vn 0.041788 -0.999126 0.000650
vn 0.041788 -0.999126 0.000650
vn 0.041788 -0.999126 0.000650
vn 0.041788 -0.999126 0.000650
vn 0.071754 -0.997422 0.001117
vn 0.071754 -0.997422 0.001117
vn 0.071754 -0.997422 0.001117
vn 0.071754 -0.997422 0.001117
vn -0.021668 -0.999765 -0.000336
vn -0.021668 -0.999765 -0.000336
vn -0.021668 -0.999765 -0.000336
vn -0.021668 -0.999765 -0.000336
vn 0.022021 0.999757 0.000339
vn 0.022021 0.999757 0.000339
vn 0.022021 0.999758 0.000339
vn 0.022021 0.999758 0.000339
vn -0.035838 0.999358 -0.000559
vn -0.035838 0.999357 -0.000559
vn -0.035838 0.999357 -0.000559
vn -0.035838 0.999358 -0.000559
vn 0.024676 -0.997028 -0.072987
vn 0.020569 -0.997140 -0.072729
vn 0.052847 -0.995803 -0.074724
vn 0.052847 -0.995803 -0.074724
vn 0.022349 -0.061982 -0.997827
vn 0.033954 -0.015162 -0.999308
vn 0.031544 -0.003480 -0.999496
vn 0.024439 -0.060973 -0.997840
vn -0.005892 -0.997456 -0.071038
vn -0.005990 -0.997456 -0.071032
vn 0.007477 0.997453 0.070933
vn 0.005287 0.997457 0.071075
vn -0.012403 0.997312 0.072211
vn -0.012404 0.997312 0.072211
vn 0.013136 -0.024751 -0.999607
vn 0.013220 -0.024372 -0.999616
vn 0.020754 -0.997135 -0.072740
vn 0.023676 -0.997056 -0.072924
vn 0.009242 0.997446 0.070820
vn 0.011570 0.997433 0.070668
vn 0.025020 0.029021 -0.999266
vn 0.025020 0.029021 -0.999266
vn 0.048760 -0.996030 -0.074475
vn 0.048760 -0.996030 -0.074475
vn -0.006619 0.997394 0.071843
vn -0.006619 0.997394 0.071843
vn -0.012393 0.997312 0.072212
vn -0.012393 0.997312 0.072212
vn 0.022986 0.037823 -0.999020
vn 0.022986 0.037823 -0.999020
vn -0.009145 0.004786 0.999947
vn -0.009297 0.010634 0.999900
vn -0.008430 -0.022669 0.999708
vn -0.008430 -0.022669 0.999708
vn -0.006412 -0.098760 0.995091
vn -0.007420 -0.061003 0.998110
vn -0.007537 -0.056578 0.998370
vn -0.006412 -0.098760 0.995091
vn 0.007184 0.069838 -0.997533
vn 0.007184 0.069838 -0.997533
vn 0.007398 0.061790 -0.998062
vn 0.007367 0.062951 -0.997989
vn 0.007717 0.049773 -0.998731
vn 0.007702 0.050326 -0.998703
vn -0.007858 -0.044434 0.998981
vn -0.007798 -0.046728 0.998877
vn -0.985494 -0.117937 -0.122036
vn -0.988180 -0.119697 -0.095774
vn -0.987782 -0.118082 -0.101705
vn -0.986006 -0.121593 -0.114049
vn -0.992733 -0.111376 0.045578
vn -0.986144 -0.164464 0.021701
vn -0.985315 -0.169693 0.018954
vn -0.992561 -0.113097 0.045077
vn -0.009955 0.036187 0.999296
vn -0.009958 0.036285 0.999292
vn 0.011060 -0.079578 -0.996767
vn 0.011119 -0.081914 -0.996577
vn 0.010555 -0.059672 -0.998162
vn 0.010742 -0.067035 -0.997693
vn -0.994207 -0.103158 0.030172
vn -0.994214 -0.102990 0.030508
vn -0.009268 0.009501 0.999912
vn -0.009192 0.006573 0.999936
vn 0.010041 -0.039540 -0.999168
vn 0.010101 -0.041871 -0.999072
vn -0.993445 -0.114003 0.008439
vn -0.993445 -0.114003 0.008439
vn -0.008538 -0.018571 0.999791
vn -0.008538 -0.018571 0.999791
vn 0.009633 -0.023660 -0.999674
vn 0.009633 -0.023660 -0.999674
vn 0.007833 0.045385 -0.998939
vn 0.007833 0.045385 -0.998939
vn -0.007433 -0.060515 0.998140
vn -0.007433 -0.060515 0.998140
vn -0.989898 -0.130592 -0.055211
vn -0.989898 -0.130592 -0.055211
vn 0.009484 -0.017877 -0.999795
vn 0.009484 -0.017877 -0.999795
vn -0.978590 -0.205821 -0.000130
vn -0.978590 -0.205821 -0.000130
vn -0.987376 -0.138190 -0.077415
vn -0.987376 -0.138190 -0.077415
vn -0.009041 0.005573 0.999944
vn -0.009055 0.009689 0.999912
vn -0.008938 -0.022676 0.999703
vn -0.008938 -0.022676 0.999703
vn -0.988237 -0.085610 0.126724
vn -0.991836 -0.098921 0.080478
vn -0.992912 -0.096940 0.068763
vn -0.988171 -0.087731 0.125783
vn -0.009144 0.036199 0.999303
vn -0.009145 0.036297 0.999299
vn 0.009149 -0.037786 -0.999244
vn 0.009142 -0.035593 -0.999325
vn 0.009083 -0.017872 -0.999799
vn 0.009083 -0.017871 -0.999799
vn -0.992947 -0.077847 0.089417
vn -0.992973 -0.077944 0.089042
vn -0.009055 0.009504 0.999914
vn -0.009045 0.006575 0.999938
vn 0.009155 -0.039553 -0.999176
vn 0.009162 -0.041884 -0.999081
vn -0.995144 -0.091561 0.036126
vn -0.995144 -0.091561 0.036126
vn -0.008954 -0.018577 0.999787
vn -0.008954 -0.018577 0.999787
vn 0.009103 -0.023668 -0.999678
vn 0.009103 -0.023668 -0.999678
vn 0.009083 -0.017883 -0.999799
vn 0.009083 -0.017883 -0.999799
vn -0.995584 -0.089824 0.027271
vn -0.995584 -0.089824 0.027271
vn -0.029307 0.005572 -0.999555
vn -0.029398 0.009687 -0.999521
vn -0.028667 -0.022671 -0.999332
vn -0.028667 -0.022671 -0.999332
vn 0.984564 -0.059954 -0.164437
vn 0.990271 -0.073157 -0.118372
vn 0.991742 -0.071145 -0.106706
vn 0.984589 -0.062075 -0.163495
vn -0.029974 0.036190 -0.998895
vn -0.029976 0.036288 -0.998892
vn 0.030008 -0.037777 0.998836
vn 0.029961 -0.035584 0.998918
vn 0.029578 -0.017868 0.999403
vn 0.029578 -0.017866 0.999403
vn 0.990493 -0.052062 -0.127332
vn 0.990536 -0.052159 -0.126958
vn -0.029393 0.009502 -0.999523
vn -0.029329 0.006573 -0.999548
vn 0.030046 -0.039544 0.998766
vn 0.030095 -0.041875 0.998670
vn 0.995079 -0.065702 -0.074175
vn 0.995079 -0.065702 -0.074175
vn -0.028761 -0.018573 -0.999414
vn -0.028761 -0.018573 -0.999414
vn 0.029704 -0.023662 0.999279
vn 0.029704 -0.023662 0.999279
vn 0.029578 -0.017878 0.999403
vn 0.029578 -0.017878 0.999403
vn 0.995812 -0.063954 -0.065341
vn 0.995811 -0.063954 -0.065341
vn -0.029182 0.004788 -0.999563
vn -0.029181 0.010638 -0.999518
vn -0.029175 -0.022676 -0.999317
vn -0.029175 -0.022676 -0.999317
vn -0.029040 -0.098793 -0.994684
vn -0.029128 -0.061024 -0.997711
vn -0.029136 -0.056597 -0.997972
vn -0.029040 -0.098793 -0.994684
vn 0.029112 0.069861 0.997132
vn 0.029112 0.069861 0.997132
vn 0.029127 0.061811 0.997663
vn 0.029125 0.062973 0.997590
vn 0.029147 0.049790 0.998334
vn 0.029146 0.050343 0.998307
vn -0.029154 -0.044449 -0.998586
vn -0.029151 -0.046744 -0.998481
vn 0.992164 -0.092283 0.084222
vn 0.993891 -0.093978 0.057875
vn 0.993677 -0.092373 0.063819
vn 0.992466 -0.095926 0.076219
vn 0.992823 -0.085577 -0.083540
vn 0.988532 -0.138810 -0.059469
vn 0.987944 -0.144058 -0.056696
vn 0.992715 -0.087301 -0.083034
vn -0.029163 0.036199 -0.998919
vn -0.029163 0.036297 -0.998915
vn 0.029089 -0.079605 0.996402
vn 0.029084 -0.081942 0.996213
vn 0.029130 -0.059692 0.997792
vn 0.029116 -0.067058 0.997324
vn 0.994671 -0.077319 -0.068196
vn 0.994661 -0.077150 -0.068532
vn -0.029181 0.009504 -0.999529
vn -0.029181 0.006575 -0.999553
vn 0.029159 -0.039553 0.998792
vn 0.029157 -0.041885 0.998697
vn 0.995021 -0.088173 -0.046458
vn 0.995021 -0.088173 -0.046458
vn -0.029177 -0.018577 -0.999402
vn -0.029177 -0.018577 -0.999402
vn 0.029174 -0.023668 0.999294
vn 0.029174 -0.023668 0.999294
vn 0.029153 0.045400 0.998543
vn 0.029153 0.045400 0.998543
vn -0.029129 -0.060535 -0.997741
vn -0.029129 -0.060535 -0.997741
vn 0.994340 -0.104834 0.017268
vn 0.994340 -0.104834 0.017268
vn 0.029178 -0.017883 0.999414
vn 0.029178 -0.017883 0.999414
vn 0.982893 -0.180343 -0.037396
vn 0.982893 -0.180343 -0.037396
vn 0.992866 -0.112491 0.039547
vn 0.992866 -0.112491 0.039547
vn -0.999868 0.004788 -0.015547
vn -0.999823 0.010638 -0.015546
vn -0.999622 -0.022677 -0.015542
vn -0.999622 -0.022677 -0.015542
vn -0.994988 -0.098793 -0.015471
vn -0.998016 -0.061023 -0.015518
vn -0.998276 -0.056597 -0.015522
vn -0.994988 -0.098793 -0.015471
vn 0.997436 0.069861 0.015508
vn 0.997436 0.069861 0.015508
vn 0.997967 0.061811 0.015516
vn 0.997895 0.062973 0.015515
vn 0.998639 0.049790 0.015527
vn 0.998611 0.050342 0.015527
vn -0.998891 -0.044449 -0.015531
vn -0.998786 -0.046744 -0.015530
vn 0.128507 -0.092283 -0.987406
vn 0.102263 -0.093978 -0.990308
vn 0.108191 -0.092373 -0.989829
vn 0.120526 -0.095926 -0.988065
vn -0.039058 -0.085576 -0.995566
vn -0.015203 -0.138810 -0.990202
vn -0.012460 -0.144058 -0.989491
vn -0.038558 -0.087300 -0.995436
vn -0.999224 0.036199 -0.015537
vn -0.999220 0.036298 -0.015537
vn 0.996706 -0.079605 0.015498
vn 0.996517 -0.081942 0.015495
vn 0.998096 -0.059692 0.015520
vn 0.997629 -0.067058 0.015512
vn -0.023646 -0.077319 -0.996726
vn -0.023983 -0.077150 -0.996731
vn -0.999834 0.009505 -0.015547
vn -0.999858 0.006576 -0.015547
vn 0.999097 -0.039554 0.015535
vn 0.999002 -0.041885 0.015533
vn -0.001914 -0.088174 -0.996103
vn -0.001914 -0.088174 -0.996103
vn -0.999707 -0.018577 -0.015544
vn -0.999707 -0.018577 -0.015544
vn 0.999599 -0.023668 0.015543
vn 0.999599 -0.023668 0.015543
vn 0.998848 0.045400 0.015531
vn 0.998848 0.045400 0.015531
vn -0.998045 -0.060535 -0.015518
vn -0.998046 -0.060535 -0.015518
vn 0.061716 -0.104834 -0.992573
vn 0.061716 -0.104834 -0.992573
vn 0.999719 -0.017883 0.015545
vn 0.999719 -0.017883 0.015545
vn 0.006595 -0.180343 -0.983582
vn 0.006595 -0.180343 -0.983582
vn 0.083909 -0.112490 -0.990104
vn 0.083909 -0.112490 -0.990104
vn -0.999866 0.005572 -0.015422
vn -0.999836 0.009687 -0.015329
vn -0.999614 -0.022671 -0.016051
vn -0.999614 -0.022671 -0.016051
vn -0.120241 -0.059954 -0.990933
vn -0.073968 -0.073157 -0.994574
vn -0.062249 -0.071146 -0.995522
vn -0.119299 -0.062075 -0.990916
vn -0.999236 0.036190 -0.014725
vn -0.999233 0.036288 -0.014723
vn 0.999178 -0.037777 0.014689
vn 0.999258 -0.035584 0.014739
vn 0.999726 -0.017868 0.015144
vn 0.999726 -0.017867 0.015144
vn -0.082907 -0.052062 -0.995197
vn -0.082532 -0.052159 -0.995223
vn -0.999837 0.009502 -0.015333
vn -0.999860 0.006574 -0.015399
vn 0.999111 -0.039544 0.014648
vn 0.999016 -0.041874 0.014594
vn -0.029597 -0.065702 -0.997400
vn -0.029597 -0.065702 -0.997400
vn -0.999700 -0.018573 -0.015961
vn -0.999700 -0.018573 -0.015961
vn 0.999607 -0.023662 0.015012
vn 0.999607 -0.023662 0.015012
vn 0.999726 -0.017878 0.015144
vn 0.999725 -0.017878 0.015144
vn -0.020745 -0.063953 -0.997737
vn -0.020745 -0.063953 -0.997737
vn 0.000001 -0.057462 0.998348
vn 0.000001 -0.057462 0.998348
vn 0.000001 -0.057462 0.998348
vn 0.000001 -0.057462 0.998348
vn 0.000000 -0.057394 0.998352
vn 0.000000 -0.057394 0.998352
vn 0.000000 -0.057394 0.998352
vn 0.000000 -0.057394 0.998352
vn 0.000000 -0.057492 0.998346
vn 0.000000 -0.057492 0.998346
vn 0.000000 -0.057492 0.998346
vn 0.000000 -0.057492 0.998346
vn 0.000001 -0.057393 0.998352
vn 0.000001 -0.057393 0.998352
vn 0.000001 -0.057393 0.998352
vn 0.000001 -0.057393 0.998352
vn -0.000000 -0.057485 0.998346
vn -0.000000 -0.057485 0.998346
vn -0.000000 -0.057485 0.998346
vn -0.000000 -0.057485 0.998346
vn 0.000000 -0.057387 0.998352
vn 0.000000 -0.057387 0.998352
vn 0.000000 -0.057387 0.998352
vn 0.000000 -0.057387 0.998352
vn -0.000000 -0.057499 0.998346
vn -0.000000 -0.057499 0.998346
vn -0.000000 -0.057499 0.998346
vn -0.000000 -0.057499 0.998346
vn 0.000000 -0.057412 0.998351
vn 0.000000 -0.057412 0.998351
vn 0.000000 -0.057413 0.998351
vn 0.000000 -0.057412 0.998351
vn -0.000000 -0.057476 0.998347
vn -0.000000 -0.057476 0.998347
vn -0.000000 -0.057476 0.998347
vn -0.000000 -0.057476 0.998347
vn -0.000001 -0.057402 0.998351
vn -0.000001 -0.057402 0.998351
vn -0.000001 -0.057402 0.998351
vn -0.000001 -0.057402 0.998351
vn 0.000002 -0.057479 0.998347
vn 0.000002 -0.057479 0.998347
vn 0.000002 -0.057479 0.998347
vn 0.000002 -0.057479 0.998347
vn 0.000000 -0.057319 0.998356
vn 0.000000 -0.057319 0.998356
vn 0.000000 -0.057319 0.998356
vn 0.000000 -0.057319 0.998356
vn -0.000000 -0.057567 0.998342
vn -0.000000 -0.057567 0.998342
vn -0.000000 -0.057567 0.998342
vn -0.000000 -0.057567 0.998342
vn -0.000002 -0.057361 0.998354
vn -0.000002 -0.057361 0.998354
vn -0.000002 -0.057361 0.998354
vn -0.000002 -0.057361 0.998354
vn 0.000001 0.041396 0.999143
vn 0.000001 0.041396 0.999143
vn 0.000001 0.041396 0.999143
vn 0.000001 0.041396 0.999143
vn -0.000003 -0.103228 -0.994658
vn -0.000003 -0.103228 -0.994658
vn -0.000001 -0.103228 -0.994658
vn -0.000001 -0.103228 -0.994658
vn 0.000000 -0.054061 0.998538
vn 0.000000 -0.054061 0.998538
vn 0.000000 -0.054061 0.998538
vn 0.000000 -0.054061 0.998538
vn -0.000001 -0.058564 -0.998284
vn -0.000001 -0.058564 -0.998284
vn -0.000001 -0.058564 -0.998284
vn -0.000001 -0.058564 -0.998284
vn 0.000000 0.064102 0.997943
vn 0.000000 0.064102 0.997943
vn 0.000000 0.064102 0.997943
vn 0.000000 0.064102 0.997943
vn 0.000001 0.023806 -0.999717
vn 0.000001 0.023806 -0.999717
vn 0.000001 0.023806 -0.999717
vn 0.000001 0.023806 -0.999717
vn -0.000001 -0.045669 0.998957
vn -0.000001 -0.045669 0.998957
vn -0.000001 -0.045669 0.998957
vn -0.000001 -0.045669 0.998957
vn -0.000001 -0.055289 -0.998470
vn -0.000001 -0.055289 -0.998470
vn -0.000001 -0.055289 -0.998470
vn -0.000001 -0.055289 -0.998470
vn 0.000000 -0.006367 0.999980
vn 0.000000 -0.006367 0.999980
vn 0.000000 -0.006367 0.999980
vn 0.000000 -0.006367 0.999980
vn 0.000000 -0.149355 -0.988784
vn 0.000000 -0.149355 -0.988784
vn 0.000000 -0.149355 -0.988784
vn 0.000000 -0.149355 -0.988784
vn 0.000000 0.056012 0.998430
vn 0.000000 0.056012 0.998430
vn 0.000000 0.056012 0.998430
vn 0.000000 0.056012 0.998430
vn 0.000000 0.028099 -0.999605
vn 0.000000 0.028099 -0.999605
vn 0.000000 0.028099 -0.999605
vn 0.000000 0.028099 -0.999605
vn -0.000001 -0.042218 0.999108
vn -0.000001 -0.042218 0.999108
vn -0.000001 -0.042218 0.999108
vn -0.000001 -0.042218 0.999108
vn -0.000001 -0.125889 -0.992044
vn -0.000001 -0.125889 -0.992044
vn -0.000001 -0.125889 -0.992044
vn -0.000001 -0.125889 -0.992044
vn -0.000001 -0.022361 0.999750
vn -0.000001 -0.022361 0.999750
vn -0.000001 -0.022361 0.999750
vn -0.000001 -0.022361 0.999750
vn -0.000003 0.025163 -0.999683
vn -0.000003 0.025163 -0.999683
vn -0.000003 0.025163 -0.999683
vn -0.000003 0.025163 -0.999683
vn -0.000011 0.244038 0.969766
vn -0.000011 0.244038 0.969766
vn -0.000011 0.244038 0.969766
vn -0.000011 0.244038 0.969766
vn -0.000008 0.150558 -0.988601
vn -0.000008 0.150558 -0.988601
vn -0.000008 0.150558 -0.988601
vn -0.000008 0.150558 -0.988601
vn -0.000002 -0.057466 -0.998347
vn -0.000002 -0.057466 -0.998348
vn -0.000002 -0.057466 -0.998347
vn -0.000002 -0.057466 -0.998348
vn 0.000001 -0.057419 -0.998350
vn 0.000001 -0.057419 -0.998350
vn 0.000001 -0.057419 -0.998350
vn 0.000001 -0.057419 -0.998350
vn -0.000001 -0.057456 -0.998348
vn -0.000001 -0.057456 -0.998348
vn -0.000001 -0.057456 -0.998348
vn -0.000001 -0.057456 -0.998348
vn 0.000001 -0.057187 -0.998363
vn 0.000001 -0.057187 -0.998363
vn 0.000001 -0.057187 -0.998364
vn 0.000001 -0.057187 -0.998363
vn -0.000000 -0.057662 -0.998336
vn -0.000000 -0.057662 -0.998336
vn -0.000000 -0.057662 -0.998336
vn -0.000000 -0.057662 -0.998336
vn 0.000000 -0.057410 -0.998351
vn 0.000000 -0.057410 -0.998351
vn 0.000000 -0.057410 -0.998351
vn 0.000000 -0.057410 -0.998351
vn -0.000001 -0.057468 -0.998347
vn -0.000001 -0.057468 -0.998347
vn -0.000001 -0.057468 -0.998347
vn -0.000001 -0.057468 -0.998347
vn 0.000000 -0.057433 -0.998349
vn 0.000000 -0.057433 -0.998349
vn 0.000000 -0.057433 -0.998349
vn 0.000000 -0.057433 -0.998349
vn 0.000001 -0.057438 -0.998349
vn 0.000001 -0.057438 -0.998349
vn 0.000001 -0.057438 -0.998349
vn 0.000001 -0.057438 -0.998349
vn 0.000000 -0.057453 -0.998348
vn 0.000000 -0.057453 -0.998348
vn 0.000000 -0.057453 -0.998348
vn 0.000000 -0.057453 -0.998348
vn -0.000001 -0.057448 -0.998349
vn -0.000001 -0.057448 -0.998349
vn -0.000001 -0.057448 -0.998349
vn -0.000001 -0.057448 -0.998349
vn 0.000000 -0.057368 -0.998353
vn 0.000000 -0.057367 -0.998353
vn 0.000000 -0.057368 -0.998353
vn 0.000000 -0.057368 -0.998353
vn -0.000001 -0.057508 -0.998345
vn -0.000001 -0.057509 -0.998345
vn -0.000001 -0.057509 -0.998345
vn -0.000001 -0.057509 -0.998345
vn 0.000000 -0.057383 -0.998352
vn 0.000000 -0.057383 -0.998352
vn 0.000000 -0.057383 -0.998352
vn 0.000000 -0.057383 -0.998352
vn -0.996387 -0.084731 0.005799
vn -0.996867 -0.079101 -0.000147
vn -0.996302 -0.085671 0.006593
vn 0.634593 -0.772782 0.009950
vn 0.634593 -0.772782 0.009950
vn 0.634593 -0.772782 0.009950
vn 0.634593 -0.772782 0.009950
vn -0.993206 -0.113472 -0.025806
vn -0.848028 -0.527441 -0.051533
vn -0.848526 -0.529110 0.006813
vn -0.848526 -0.529110 0.006813
vn -0.000000 -0.999929 0.011939
vn -0.000000 -0.999929 0.011939
vn -0.000000 -0.999929 0.011939
vn -0.000000 -0.999929 0.011939
vn 0.631792 0.774169 0.038746
vn 0.631792 0.774169 0.038746
vn 0.631792 0.774169 0.038746
vn 0.631792 0.774169 0.038746
vn 0.000000 0.998703 0.050924
vn 0.000000 0.998703 0.050924
vn 0.000000 0.998703 0.050924
vn 0.000000 0.998703 0.050924
vn -0.812623 0.581818 0.033640
vn -0.812625 0.581815 0.033645
vn -0.810939 0.584399 0.029248
vn -0.810939 0.584399 0.029248
vn 0.999010 0.044484 0.000785
vn 0.999010 0.044484 0.000785
vn 0.999010 0.044484 0.000785
vn 0.999010 0.044484 0.000785
vn -0.996846 -0.075882 -0.023235
vn -0.998899 -0.046906 -0.000828
vn -0.998899 -0.046906 -0.000828
vn 0.704632 -0.709485 0.011197
vn 0.704632 -0.709485 0.011197
vn 0.704632 -0.709485 0.011197
vn 0.704632 -0.709485 0.011197
vn -0.801593 -0.597547 0.019646
vn -0.801616 -0.597507 0.019940
vn -0.800754 -0.598918 0.009452
vn -0.800754 -0.598918 0.009452
vn 0.000000 -0.999864 0.016473
vn 0.000000 -0.999864 0.016473
vn 0.000000 -0.999864 0.016473
vn 0.000000 -0.999864 0.016473
vn 0.718135 0.695566 0.021686
vn 0.718135 0.695566 0.021686
vn 0.718135 0.695566 0.021686
vn 0.718135 0.695566 0.021686
vn 0.000000 0.999536 0.030452
vn 0.000000 0.999536 0.030452
vn 0.000000 0.999536 0.030452
vn 0.000000 0.999536 0.030452
vn -0.902759 0.427829 -0.044593
vn -0.999158 0.039094 -0.012423
vn -0.905967 0.423142 0.013193
vn -0.905967 0.423142 0.013193
vn 0.998559 0.053664 0.000436
vn 0.998559 0.053664 0.000436
vn 0.998559 0.053664 0.000436
vn 0.998559 0.053664 0.000436
vn -0.999925 0.007412 -0.009790
vn -0.998398 -0.056583 -0.000460
vn -0.998398 -0.056583 -0.000460
vn 0.788628 -0.614778 0.010693
vn 0.788628 -0.614778 0.010693
vn 0.788628 -0.614778 0.010693
vn 0.788628 -0.614778 0.010693
vn -0.991189 -0.127506 -0.035863
vn -0.871871 -0.485554 -0.063857
vn -0.870330 -0.492395 0.008565
vn -0.870330 -0.492395 0.008565
vn 0.000000 -0.999836 0.018124
vn 0.000000 -0.999836 0.018124
vn 0.000000 -0.999836 0.018124
vn 0.000000 -0.999836 0.018124
vn 0.806166 0.587819 0.067561
vn 0.806166 0.587819 0.067561
vn 0.806166 0.587819 0.067561
vn 0.806166 0.587819 0.067561
vn 0.000000 0.993562 0.113287
vn 0.000000 0.993562 0.113287
vn 0.000000 0.993562 0.113287
vn 0.000000 0.993562 0.113287
vn -0.859401 0.508772 0.050814
vn -0.859423 0.508713 0.051027
vn -0.860144 0.506716 0.058239
vn -0.860144 0.506716 0.058239
vn 0.997272 0.073752 0.003140
vn 0.997272 0.073752 0.003140
vn 0.997272 0.073752 0.003140
vn 0.997272 0.073752 0.003140
vn -0.994203 -0.101975 -0.034094
vn -0.997080 -0.076300 -0.003248
vn -0.997080 -0.076300 -0.003248
vn 0.894239 -0.447234 0.017828
vn 0.894239 -0.447234 0.017828
vn 0.894239 -0.447234 0.017828
vn 0.894239 -0.447234 0.017828
vn -0.758554 -0.651583 0.006044
vn -0.758683 -0.651440 0.005153
vn -0.755475 -0.654658 0.026097
vn -0.755475 -0.654658 0.026097
vn 0.000000 -0.999157 0.041060
vn 0.000000 -0.999157 0.041060
vn 0.000000 -0.999157 0.041060
vn 0.000000 -0.999157 0.041060
vn 0.999875 0.015805 0.000025
vn 0.999875 0.015805 0.000025
vn 0.999875 0.015805 0.000025
vn 0.999875 0.015805 0.000025
vn -0.999845 -0.017594 -0.000357
vn -0.999846 -0.017577 -0.000365
vn -0.999834 -0.018216 -0.000030
vn -0.999834 -0.018216 -0.000030
vn 0.904465 0.426202 0.017165
vn 0.904465 0.426202 0.017165
vn 0.904465 0.426202 0.017165
vn 0.904465 0.426202 0.017165
vn -0.000007 0.999341 0.036291
vn -0.000007 0.999341 0.036291
vn -0.000007 0.999341 0.036291
vn -0.000007 0.999341 0.036291
vn -0.753934 0.656154 0.032334
vn -0.755024 0.654943 0.031452
vn -0.761612 0.647508 0.026069
vn -0.761612 0.647508 0.026069
vn 0.000000 0.998971 0.045360
vn 0.000000 0.998971 0.045360
vn 0.000000 0.998971 0.045360
vn 0.000000 0.998971 0.045360
vn -0.885029 0.465445 -0.009178
vn -0.999140 0.022926 -0.034546
vn -0.886481 0.462276 0.021273
vn -0.886481 0.462276 0.021273
vn 0.000000 -1.000000 0.000000
vn 0.000000 -1.000000 0.000000
vn 0.000000 -1.000000 0.000000
vn 0.000000 -1.000000 0.000000
vn 0.970182 -0.242378 -0.000853
vn 0.999335 -0.036456 0.000114
vn 0.999323 -0.036785 0.000112
vn 0.970182 -0.242378 -0.000853
vn -0.997631 -0.058151 -0.036746
vn -0.962882 -0.267430 -0.036608
vn -0.963203 -0.268774 -0.000946
vn -0.997828 -0.065872 -0.000514
vn 0.667883 -0.744204 0.009632
vn 0.667883 -0.744204 0.009632
vn 0.667883 -0.744204 0.009632
vn 0.667883 -0.744204 0.009632
vn -0.775168 -0.631374 -0.021965
vn -0.775139 -0.631385 -0.022661
vn -0.776069 -0.630595 0.008162
vn -0.776069 -0.630595 0.008162
vn 0.000000 -0.999926 0.012162
vn 0.000000 -0.999926 0.012162
vn 0.000000 -0.999926 0.012162
vn 0.000000 -0.999926 0.012162
vn 0.671600 0.740183 0.032911
vn 0.671600 0.740183 0.032911
vn 0.671600 0.740183 0.032911
vn 0.671600 0.740183 0.032911
vn 0.000000 0.998971 0.045360
vn 0.000000 0.998971 0.045360
vn 0.000000 0.998971 0.045360
vn 0.000000 0.998971 0.045360
vn -0.842150 0.537930 0.037624
vn -0.842194 0.537834 0.037998
vn -0.840450 0.541355 0.024071
vn -0.840449 0.541355 0.024071
vn 0.996906 0.078601 0.000963
vn 0.996906 0.078601 0.000963
vn 0.996906 0.078601 0.000963
vn 0.996906 0.078601 0.000963
vn -0.994870 -0.100591 0.010692
vn -0.994825 -0.101015 0.010946
vn -0.996711 -0.081034 -0.000993
vn -0.996711 -0.081034 -0.000993
vn 0.748124 -0.663541 0.004844
vn 0.748124 -0.663541 0.004844
vn 0.748124 -0.663542 0.004844
vn 0.748124 -0.663541 0.004844
vn -0.997431 -0.049100 -0.052156
vn -0.867849 -0.495600 -0.034916
vn -0.866146 -0.499778 0.003649
vn -0.866146 -0.499778 0.003649
vn 0.000000 -0.999968 0.007964
vn 0.000000 -0.999968 0.007964
vn 0.000000 -0.999968 0.007964
vn 0.000000 -0.999968 0.007964
vn 0.757083 0.652515 0.032405
vn 0.757083 0.652515 0.032405
vn 0.757083 0.652515 0.032405
vn 0.757083 0.652514 0.032405
vn 0.000000 0.998804 0.048889
vn 0.000000 0.998804 0.048889
vn 0.000000 0.998804 0.048889
vn 0.000000 0.998804 0.048889
vn -0.908110 0.418185 -0.021382
vn -0.998266 0.032077 -0.049353
vn -0.909933 0.414244 0.020573
vn -0.909933 0.414244 0.020573
vn 0.999978 0.006665 0.000139
vn 0.999978 0.006665 0.000139
vn 0.999978 0.006665 0.000139
vn 0.999978 0.006665 0.000139
vn -0.999950 -0.009979 -0.000208
vn -0.999950 -0.009979 -0.000208
vn 0.845193 -0.534106 -0.019478
vn 0.845193 -0.534106 -0.019478
vn 0.845193 -0.534106 -0.019478
vn 0.845193 -0.534106 -0.019478
vn -0.821598 -0.568455 -0.042853
vn -0.821612 -0.568444 -0.042733
vn -0.823929 -0.566317 -0.020653
vn -0.823929 -0.566317 -0.020653
vn 0.000000 -0.999279 -0.037971
vn 0.000000 -0.999279 -0.037971
vn 0.000000 -0.999279 -0.037971
vn 0.000000 -0.999279 -0.037971
vn 0.858109 0.512974 0.022491
vn 0.858109 0.512974 0.022491
vn 0.858109 0.512974 0.022491
vn 0.858109 0.512974 0.022491
vn 0.000000 0.998971 0.045357
vn 0.000000 0.998971 0.045357
vn 0.000000 0.998971 0.045357
vn 0.000000 0.998971 0.045357
vn -0.797235 0.603570 0.010944
vn -0.797293 0.603500 0.010591
vn -0.794545 0.606623 0.026597
vn -0.794545 0.606623 0.026597
vn 0.999088 0.042679 0.001646
vn 0.999088 0.042679 0.001646
vn 0.999088 0.042679 0.001646
vn 0.999088 0.042679 0.001646
vn -0.998931 -0.046181 -0.002142
vn -0.998931 -0.046188 -0.002144
vn -0.998985 -0.045003 -0.001736
vn -0.998985 -0.045003 -0.001736
vn 0.998880 0.047312 0.000112
vn 0.998880 0.047312 0.000112
vn 0.998880 0.047312 0.000112
vn 0.998880 0.047312 0.000112
vn -0.995706 -0.089061 -0.025256
vn -0.998533 -0.049620 -0.021691
vn -0.998755 -0.049887 -0.000118
vn -0.998755 -0.049887 -0.000118
vn -0.844757 -0.532919 -0.048805
vn -0.847403 -0.530321 -0.025864
vn -0.847403 -0.530321 -0.025864
vn 0.632957 -0.773268 -0.037711
vn 0.632957 -0.773268 -0.037711
vn 0.632957 -0.773268 -0.037711
vn 0.632957 -0.773268 -0.037711
vn 0.000000 -0.998843 -0.048098
vn 0.000000 -0.998843 -0.048098
vn 0.000000 -0.998843 -0.048098
vn 0.000000 -0.998843 -0.048098
vn -0.812015 0.583607 -0.005853
vn -0.811983 0.583642 -0.006760
vn -0.811116 0.584286 -0.026485
vn -0.811116 0.584286 -0.026485
vn 0.000000 0.998946 -0.045900
vn 0.000000 0.998946 -0.045900
vn 0.000000 0.998946 -0.045900
vn 0.000000 0.998946 -0.045900
vn 0.632209 0.774003 -0.035084
vn 0.632209 0.774003 -0.035084
vn 0.632209 0.774003 -0.035084
vn 0.632209 0.774003 -0.035084
vn 0.998955 0.045689 -0.001187
vn 0.998955 0.045689 -0.001187
vn 0.998955 0.045689 -0.001187
vn 0.998955 0.045689 -0.001187
vn -0.999267 -0.037722 0.006577
vn -0.999961 -0.004911 0.007284
vn -0.998838 -0.048175 0.001252
vn -0.998838 -0.048175 0.001252
vn -0.803026 -0.595747 -0.015304
vn -0.803128 -0.595630 -0.014518
vn -0.805158 -0.593056 0.002218
vn -0.805158 -0.593056 0.002218
vn 0.710231 -0.703964 0.002632
vn 0.710231 -0.703964 0.002632
vn 0.710231 -0.703964 0.002632
vn 0.710231 -0.703964 0.002632
vn 0.000000 -0.999990 0.004541
vn 0.000000 -0.999990 0.004541
vn 0.000000 -0.999990 0.004541
vn 0.000000 -0.999990 0.004541
vn -0.903431 0.428378 0.017497
vn -0.903544 0.427965 -0.021327
vn -0.903544 0.427965 -0.021327
vn 0.000000 0.998720 -0.050574
vn 0.000000 0.998720 -0.050574
vn 0.000000 0.998720 -0.050574
vn 0.000000 0.998720 -0.050574
vn 0.713150 0.700142 -0.034891
vn 0.713150 0.700143 -0.034891
vn 0.713150 0.700142 -0.034891
vn 0.713150 0.700142 -0.034891
vn 0.996608 0.082300 -0.000374
vn 0.996608 0.082300 -0.000374
vn 0.996608 0.082300 -0.000374
vn 0.996608 0.082300 -0.000374
vn -0.990519 -0.135645 -0.021742
vn -0.994001 -0.107433 -0.020515
vn -0.996369 -0.085137 0.000387
vn -0.996369 -0.085137 0.000387
vn -0.871234 -0.490468 -0.019813
vn -0.871357 -0.490283 -0.018964
vn -0.871357 -0.490282 -0.018964
vn 0.790190 -0.612404 -0.023688
vn 0.790190 -0.612404 -0.023688
vn 0.790190 -0.612404 -0.023688
vn 0.790190 -0.612404 -0.023688
vn 0.000000 -0.999253 -0.038652
vn 0.000000 -0.999253 -0.038652
vn 0.000000 -0.999253 -0.038652
vn 0.000000 -0.999253 -0.038652
vn -0.858917 0.511482 -0.025443
vn -0.858913 0.511484 -0.025550
vn -0.858814 0.511524 -0.027981
vn -0.858814 0.511524 -0.027981
vn 0.000000 0.998507 -0.054620
vn 0.000000 0.998507 -0.054620
vn 0.000000 0.998507 -0.054620
vn 0.000000 0.998507 -0.054620
vn 0.804634 0.592885 -0.032431
vn 0.804634 0.592885 -0.032431
vn 0.804634 0.592885 -0.032431
vn 0.804634 0.592885 -0.032431
vn 0.999902 0.013957 -0.000682
vn 0.999902 0.013957 -0.000682
vn 0.999902 0.013957 -0.000682
vn 0.999902 0.013957 -0.000682
vn -0.999552 0.029189 0.006585
vn -0.999573 0.028487 0.006495
vn -0.999870 -0.016086 0.000787
vn -0.999870 -0.016086 0.000787
vn -0.803170 0.595717 -0.006220
vn -0.789423 0.613700 0.013560
vn -0.849900 0.520298 -0.083427
vn -0.849900 0.520298 -0.083427
vn -0.000008 0.994528 -0.104468
vn -0.000008 0.994528 -0.104468
vn -0.000008 0.994528 -0.104468
vn -0.000008 0.994528 -0.104468
vn 0.945724 0.320873 -0.051457
vn 0.945724 0.320873 -0.051457
vn 0.945724 0.320873 -0.051457
vn 0.945724 0.320873 -0.051457
vn -0.757005 -0.650334 -0.063325
vn -0.757175 -0.650147 -0.063201
vn -0.759741 -0.647327 -0.061336
vn -0.759741 -0.647327 -0.061336
vn 0.896668 -0.440730 -0.041761
vn 0.896668 -0.440730 -0.041761
vn 0.896668 -0.440730 -0.041761
vn 0.896668 -0.440730 -0.041761
vn 0.000000 -0.995641 -0.093264
vn 0.000000 -0.995641 -0.093264
vn 0.000000 -0.995641 -0.093264
vn 0.000000 -0.995641 -0.093264
vn 0.999554 -0.029848 -0.000150
vn 0.973542 -0.228504 0.001213
vn 0.973542 -0.228504 0.001213
vn 0.999700 -0.024479 -0.000187
vn 0.002299 -0.999997 -0.000782
vn 0.002300 -0.999997 -0.000782
vn 0.000000 -1.000000 0.000000
vn 0.000000 -1.000000 0.000000
vn -0.968202 -0.250168 -0.001455
vn -0.997580 -0.068955 -0.008886
vn -0.998656 -0.051827 0.000644
vn -0.967311 -0.253590 0.001347
vn -0.884786 0.465957 -0.006224
vn -0.884772 0.465968 -0.007291
vn -0.884337 0.466073 -0.026908
vn -0.884337 0.466073 -0.026908
vn 0.000000 0.998312 -0.058072
vn 0.000000 0.998312 -0.058072
vn 0.000000 0.998312 -0.058072
vn 0.000000 0.998312 -0.058072
vn 0.601928 0.797223 -0.046029
vn 0.601927 0.797223 -0.046029
vn 0.601928 0.797223 -0.046029
vn 0.601927 0.797223 -0.046029
vn 0.994750 0.102328 -0.000641
vn 0.994751 0.102328 -0.000641
vn 0.994751 0.102328 -0.000641
vn 0.994750 0.102328 -0.000641
vn -0.996216 -0.086010 -0.012521
vn -0.996116 -0.087276 -0.011664
vn -0.994422 -0.105476 0.000661
vn -0.994422 -0.105476 0.000661
vn -0.768341 -0.638364 -0.046300
vn -0.768051 -0.638767 -0.045546
vn -0.763641 -0.644733 -0.034232
vn -0.763641 -0.644733 -0.034232
vn 0.653294 -0.756040 -0.040140
vn 0.653294 -0.756040 -0.040140
vn 0.653294 -0.756040 -0.040140
vn 0.653294 -0.756040 -0.040140
vn 0.000000 -0.998471 -0.055280
vn 0.000000 -0.998471 -0.055280
vn 0.000000 -0.998471 -0.055280
vn 0.000000 -0.998471 -0.055280
vn -0.844073 0.536225 0.002069
vn -0.844234 0.535974 0.000935
vn -0.848806 0.527511 -0.035507
vn -0.848806 0.527511 -0.035507
vn 0.000000 0.997910 -0.064626
vn 0.000000 0.997910 -0.064626
vn 0.000000 0.997910 -0.064626
vn 0.000000 0.997910 -0.064626
vn 0.684421 0.727442 -0.048961
vn 0.684421 0.727441 -0.048961
vn 0.684421 0.727442 -0.048961
vn 0.684421 0.727441 -0.048961
vn 0.999987 0.005046 -0.000211
vn 0.999987 0.005046 -0.000211
vn 0.999987 0.005046 -0.000211
vn 0.999987 0.005046 -0.000211
vn -0.998612 -0.052283 0.006380
vn -0.999821 0.017825 0.006400
vn -0.999971 -0.007558 0.000316
vn -0.999971 -0.007558 0.000316
vn -0.867481 -0.497468 -0.001610
vn -0.867551 -0.497347 0.001057
vn -0.867551 -0.497347 0.001057
vn 0.750393 -0.660990 0.001405
vn 0.750393 -0.660990 0.001405
vn 0.750393 -0.660990 0.001405
vn 0.750393 -0.660990 0.001405
vn 0.000000 -0.999998 0.002124
vn 0.000000 -0.999998 0.002124
vn 0.000000 -0.999998 0.002124
vn 0.000000 -0.999998 0.002124
vn -0.908514 0.417851 0.001797
vn -0.908843 0.415945 -0.031539
vn -0.908843 0.415945 -0.031539
vn 0.000000 0.997137 -0.075611
vn 0.000000 0.997137 -0.075611
vn 0.000000 0.997137 -0.075611
vn 0.000000 0.997137 -0.075611
vn 0.755005 0.653843 -0.049579
vn 0.755005 0.653843 -0.049579
vn 0.755005 0.653843 -0.049579
vn 0.755005 0.653843 -0.049579
vn 0.998505 0.054665 0.000358
vn 0.998505 0.054665 0.000358
vn 0.998505 0.054665 0.000358
vn 0.998505 0.054665 0.000358
vn -0.997575 -0.058641 -0.037500
vn -0.997677 -0.058570 -0.034801
vn -0.998338 -0.057639 -0.000378
vn -0.998338 -0.057639 -0.000378
vn -0.814926 -0.576540 -0.059146
vn -0.814837 -0.576757 -0.058246
vn -0.813584 -0.579606 -0.046238
vn -0.813584 -0.579606 -0.046238
vn 0.835830 -0.547250 -0.043655
vn 0.835830 -0.547250 -0.043655
vn 0.835830 -0.547250 -0.043655
vn 0.835830 -0.547250 -0.043655
vn 0.000000 -0.996731 -0.080794
vn 0.000000 -0.996731 -0.080794
vn 0.000000 -0.996731 -0.080794
vn 0.000000 -0.996731 -0.080794
vn -0.800306 0.599019 -0.026211
vn -0.800432 0.598831 -0.026647
vn -0.802762 0.595281 -0.034837
vn -0.802762 0.595281 -0.034837
vn 0.000000 0.998361 -0.057234
vn 0.000000 0.998361 -0.057234
vn 0.000000 0.998361 -0.057234
vn 0.000000 0.998361 -0.057234
vn 0.864528 0.501727 -0.029362
vn 0.864528 0.501727 -0.029362
vn 0.864528 0.501727 -0.029362
vn 0.864528 0.501727 -0.029362
vn 0.606043 0.794591 0.036565
vn 0.606043 0.794591 0.036565
vn 0.606043 0.794591 0.036565
vn 0.606043 0.794591 0.036565
vn 0.000002 0.041396 0.999143
vn 0.000002 0.041396 0.999143
vn -0.999876 -0.015747 -0.000405
vn -0.999484 -0.030523 -0.009957
vn -0.999891 -0.014765 0.000513
vn -0.000003 -0.103228 -0.994658
vn -0.000003 -0.103228 -0.994658
vn 0.999920 0.012623 -0.000439
vn 0.999920 0.012623 -0.000439
vn 0.999909 0.013464 0.000346
vn 0.999909 0.013464 0.000346
vn -0.998653 -0.051754 0.003802
vn -0.998389 -0.051375 0.024082
vn -0.998378 -0.051385 0.024522
vn -0.998654 -0.051725 0.003827
vn -0.818492 -0.573474 0.034616
vn -0.819712 -0.572607 0.013945
vn -0.819713 -0.572603 0.014006
vn -0.818498 -0.573473 0.034505
vn -0.858609 0.512599 0.005715
vn -0.858654 0.512470 -0.009340
vn -0.858656 0.512464 -0.009486
vn -0.858607 0.512604 0.005550
vn -0.988709 -0.146344 0.032231
vn -0.989826 -0.142266 0.002266
vn -0.986307 -0.164914 0.001503
vn -0.985314 -0.167632 0.032497
vn -0.871742 -0.489865 -0.009967
vn -0.870673 -0.490281 0.039398
vn -0.908719 0.416723 0.023908
vn -0.908353 0.417974 0.013862
vn -0.999880 0.015363 -0.001843
vn -0.999148 0.023048 0.034222
vn -0.998435 -0.055825 -0.003377
vn -0.998087 -0.050573 0.035574
vn -0.867295 -0.497712 -0.009077
vn -0.865929 -0.498140 0.044992
vn -0.904634 0.425759 0.019163
vn -0.904628 0.426170 -0.005224
vn -0.998968 0.042423 -0.016206
vn -0.996331 0.084469 0.013759
vn -0.999789 0.011101 -0.017280
vn -0.998439 0.054377 0.012740
vn -0.802184 -0.596220 0.031983
vn -0.803197 -0.595633 0.009829
vn -0.803204 -0.595619 0.010074
vn -0.802235 -0.596211 0.030843
vn -0.841314 0.539593 -0.032113
vn -0.842220 0.537088 -0.046938
vn -0.842203 0.537015 -0.048059
vn -0.841359 0.539572 -0.031261
vn -0.988160 -0.153280 0.006733
vn -0.991150 -0.132743 0.000414
vn -0.991270 -0.131845 0.000377
vn -0.988162 -0.153277 0.006501
vn -0.772977 -0.634051 0.022035
vn -0.773728 -0.632951 0.026800
vn -0.773728 -0.632955 0.026709
vn -0.772993 -0.634045 0.021668
vn -0.812018 0.583354 -0.018052
vn -0.812363 0.583146 0.002605
vn -0.812360 0.583150 0.002787
vn -0.812032 0.583347 -0.017622
vn -0.997138 -0.073042 0.019496
vn -0.998610 -0.048519 0.020577
vn -0.995928 -0.087421 0.022042
vn -0.993663 -0.110448 0.020874
vn -0.847061 -0.530510 0.032355
vn -0.845724 -0.532247 0.038270
vn -0.885154 0.464866 0.020061
vn -0.884926 0.465691 0.006197
vn -0.999847 0.012499 0.012206
vn -0.999290 0.019158 0.032446
vn -0.997680 -0.067133 0.011303
vn -0.997674 -0.059617 0.033047
vn -0.966833 -0.255370 0.004439
vn -0.965210 -0.259368 0.033127
vn -0.459097 -0.888066 -0.023848
vn -0.463183 -0.886111 -0.016360
vn -0.463229 -0.886090 -0.016244
vn -0.459164 -0.888034 -0.023749
vn -0.491108 0.870812 0.022363
vn -0.495125 0.868689 0.015189
vn -0.495176 0.868662 0.015063
vn -0.491173 0.870777 0.022271
vn -0.991521 -0.129940 -0.000950
vn -0.992047 -0.125784 0.004533
vn -0.992160 -0.124831 0.006008
vn -0.991488 -0.130192 -0.001198
vn -0.509860 -0.860257 -0.000680
vn -0.487174 -0.871304 0.059091
vn -0.484641 -0.872410 0.063433
vn -0.509935 -0.860213 0.000678
vn -0.550094 0.835102 0.000737
vn -0.538775 0.840673 -0.054695
vn -0.537296 0.841277 -0.059715
vn -0.550065 0.835122 -0.000297
vn -0.999009 -0.044491 -0.001489
vn -0.998229 -0.058095 -0.012783
vn -0.997513 -0.067518 -0.020211
vn -0.999030 -0.044031 -0.000961
vn -0.606481 -0.795052 0.008555
vn -0.607951 -0.793916 -0.009606
vn -0.608882 -0.793188 -0.010776
vn -0.605881 -0.795518 0.007655
vn -0.755679 0.654874 -0.009463
vn -0.751275 0.659283 -0.030538
vn -0.751235 0.659317 -0.030789
vn -0.755649 0.654909 -0.009371
vn -0.999530 0.029309 0.009038
vn -0.997611 0.066863 -0.017355
vn -0.997572 0.067335 -0.017758
vn -0.999522 0.029635 0.008858
vn -0.758269 -0.650638 0.041222
vn -0.759902 -0.649165 0.033673
vn -0.759904 -0.649126 0.034357
vn -0.758298 -0.650635 0.040729
vn -0.798354 0.602169 -0.004872
vn -0.798613 0.601182 -0.028258
vn -0.798612 0.601134 -0.029276
vn -0.798356 0.602166 -0.004893
vn 0.005489 -0.999985 0.000804
vn 0.005018 -0.999987 -0.000661
vn 0.004824 -0.999988 -0.000721
vn 0.005652 -0.999984 0.000712
vn -0.968655 -0.248404 -0.001665
vn -0.968182 -0.250244 0.001541
vn -0.996050 -0.088342 0.008966
vn -0.996203 -0.086704 -0.007940
vn -0.998492 -0.054025 0.009714
vn -0.998750 -0.048958 -0.010130
vn -0.884907 0.465758 0.002869
vn -0.884874 0.465796 0.005668
vn -0.884880 0.465789 0.005400
vn -0.884901 0.465769 0.003036
vn -0.845278 -0.533255 -0.033824
vn -0.847108 -0.530613 0.029279
vn -0.996031 -0.086606 0.020533
vn -0.995685 -0.090699 -0.019604
vn -0.998772 -0.046074 0.018209
vn -0.998631 -0.048432 -0.019783
vn -0.812327 0.583198 0.002320
vn -0.812298 0.583219 0.005261
vn -0.812301 0.583216 0.005067
vn -0.812323 0.583203 0.002412
vn -0.772004 -0.634896 -0.030292
vn -0.773735 -0.633012 0.025092
vn -0.773725 -0.633102 0.023060
vn -0.771865 -0.634950 -0.032611
vn -0.997685 -0.067085 -0.011130
vn -0.996586 -0.082536 -0.001862
vn -0.996753 -0.080497 -0.001965
vn -0.997560 -0.068742 -0.012207
vn -0.841887 0.539595 0.007966
vn -0.842274 0.536643 -0.050874
vn -0.842329 0.536811 -0.048126
vn -0.841827 0.539665 0.009446
vn -0.802537 -0.596458 -0.013112
vn -0.803177 -0.595704 0.006539
vn -0.803175 -0.595708 0.006442
vn -0.802495 -0.596493 -0.014079
vn -0.999646 -0.026343 0.003598
vn -0.999777 -0.009182 -0.019033
vn -0.999625 0.021468 -0.017027
vn -0.999983 0.002113 0.005386
vn -0.904547 0.426348 -0.004630
vn -0.903603 0.427767 0.022715
vn -0.867442 -0.497530 -0.002877
vn -0.867130 -0.497839 -0.015521
vn -0.997746 -0.066747 -0.006926
vn -0.997745 -0.066978 0.004343
vn -0.999986 0.003518 -0.003975
vn -0.999977 0.003296 0.005996
vn -0.908266 0.418166 0.013794
vn -0.908214 0.418326 0.012295
vn -0.871480 -0.490245 -0.013534
vn -0.871513 -0.490064 -0.017367
vn -0.985436 -0.170012 -0.003358
vn -0.986928 -0.160172 -0.017827
vn -0.988932 -0.148344 -0.002708
vn -0.991078 -0.131813 -0.019740
vn -0.858858 0.511980 -0.015512
vn -0.858719 0.512284 -0.012922
vn -0.858717 0.512299 -0.012431
vn -0.858875 0.511913 -0.016704
vn -0.817617 -0.574505 -0.038045
vn -0.819659 -0.572785 0.008769
vn -0.819642 -0.572821 0.007936
vn -0.817441 -0.574573 -0.040698
vn -0.997852 -0.057258 -0.031840
vn -0.998561 -0.053613 -0.000961
vn -0.998555 -0.053715 -0.001349
vn -0.997729 -0.057513 -0.035054
vn -0.798782 0.601419 -0.015589
vn -0.798677 0.600831 -0.033416
vn -0.798684 0.600864 -0.032643
vn -0.798791 0.601390 -0.016256
vn -0.757896 -0.651443 -0.034853
vn -0.759975 -0.649208 0.031113
vn -0.759973 -0.649254 0.030169
vn -0.757759 -0.651481 -0.037053
vn -0.997100 0.076041 0.002996
vn -0.995509 0.092671 -0.019366
vn -0.995469 0.093215 -0.018765
vn -0.997301 0.073344 0.003515
vn -0.758316 0.651165 0.030681
vn -0.752697 0.657911 -0.024485
vn -0.750684 0.659688 -0.035855
vn -0.758170 0.651488 0.027237
vn -0.596479 -0.802431 0.017817
vn -0.593466 -0.804859 0.000161
vn -0.613105 -0.789814 -0.017212
vn -0.600861 -0.798861 0.028061
vn -0.987278 -0.155932 0.031104
vn -0.991365 -0.130965 -0.006670
vn -0.995109 -0.096316 -0.021920
vn -0.988172 -0.153044 0.009691
vn -0.551929 0.833891 0.000696
vn -0.528311 0.847375 -0.053317
vn -0.528591 0.846608 -0.062020
vn -0.533895 0.845425 -0.014610
vn -0.515020 -0.857168 0.004173
vn -0.501211 -0.864480 0.038230
vn -0.474060 -0.876654 0.082120
vn -0.513987 -0.857750 0.009035
vn -0.993222 -0.116200 0.002616
vn -0.993229 -0.116090 0.004467
vn -0.992723 -0.120215 0.007049
vn -0.993419 -0.114504 0.002890
vn -0.461555 0.885450 -0.054280
vn -0.492759 0.870112 -0.009711
vn -0.493424 0.869769 -0.005890
vn -0.478775 0.877158 -0.036989
vn -0.428361 -0.901925 0.055128
vn -0.453464 -0.891172 0.013510
vn -0.458034 -0.888930 0.002829
vn -0.436593 -0.898618 0.043268
vn 0.000000 -1.000000 0.000000
vn 0.000000 -1.000000 -0.000000
vn 0.000000 -1.000000 -0.000000
vn 0.000000 -1.000000 0.000000
vn -0.963644 -0.265554 0.029524
vn -0.962983 -0.267812 -0.030665
vn -0.997864 -0.058418 -0.029239
vn -0.997718 -0.059540 0.031848
vn -0.999276 0.023986 -0.029520
vn -0.999364 0.021980 0.028081
vn -0.884582 0.466208 -0.012835
vn -0.885192 0.464875 0.018082
vn -0.845859 -0.532256 0.035012
vn -0.847686 -0.528935 -0.040697
vn -0.989913 -0.140289 -0.019782
vn -0.989301 -0.144697 0.018634
vn -0.994345 -0.104573 -0.018534
vn -0.993441 -0.113332 0.015199
vn -0.812050 0.583304 -0.018204
vn -0.813052 0.581841 0.020198
vn -0.813066 0.581790 0.021075
vn -0.812123 0.583264 -0.016122
vn -0.773023 -0.634072 0.019722
vn -0.774183 -0.632581 -0.021953
vn -0.774201 -0.632524 -0.022949
vn -0.773104 -0.634037 0.017514
vn -0.988695 -0.149722 0.008146
vn -0.991968 -0.126046 0.010628
vn -0.992143 -0.124610 0.011175
vn -0.988800 -0.149056 0.007486
vn -0.841359 0.539681 -0.029313
vn -0.842840 0.537639 0.023761
vn -0.842861 0.537509 0.025875
vn -0.841543 0.539602 -0.025201
vn -0.801840 -0.596426 0.036438
vn -0.802337 -0.596605 0.017797
vn -0.802312 -0.596623 0.018357
vn -0.801965 -0.596436 0.033408
vn -0.994207 0.106279 0.016038
vn -0.996278 0.085890 -0.007242
vn -0.994176 0.107209 -0.010978
vn -0.990207 0.138887 0.014134
vn -0.902265 0.428753 -0.045712
vn -0.904583 0.426041 0.014799
vn -0.865682 -0.498212 0.048787
vn -0.868178 -0.495625 -0.024940
vn -0.998066 -0.050126 -0.036769
vn -0.998112 -0.048637 0.037498
vn -0.998713 0.031963 -0.039385
vn -0.999136 0.027073 0.031548
vn -0.907796 0.418824 -0.022197
vn -0.908771 0.416773 0.020865
vn -0.870701 -0.490207 0.039714
vn -0.872562 -0.485690 -0.052347
vn -0.987454 -0.155771 -0.025897
vn -0.984154 -0.174174 0.033226
vn -0.990817 -0.132870 -0.025044
vn -0.987521 -0.154628 0.029886
vn -0.858720 0.512357 0.009480
vn -0.859151 0.510907 0.028880
vn -0.859155 0.510852 0.029713
vn -0.858731 0.512342 0.009297
vn -0.818452 -0.573535 0.034558
vn -0.820288 -0.571248 -0.028343
vn -0.820299 -0.571180 -0.029375
vn -0.818572 -0.573510 0.032032
vn -0.998347 -0.051016 0.026473
vn -0.998838 -0.048194 0.000930
vn -0.998843 -0.048080 0.000660
vn -0.998411 -0.050887 0.024202
vn -0.798343 0.602196 -0.002887
vn -0.798473 0.602029 0.001374
vn -0.798479 0.602021 0.001521
vn -0.798351 0.602187 -0.002598
vn -0.758038 -0.650837 0.042320
vn -0.759625 -0.650357 0.002263
vn -0.759648 -0.650332 0.001762
vn -0.758160 -0.650847 0.039891
vn -0.999916 0.005507 0.011771
vn -0.999872 -0.015981 0.000952
vn -0.999870 -0.016086 0.000840
vn -0.999932 0.003884 0.011013
vn -0.755103 0.655591 -0.004426
vn -0.752631 0.658145 0.019807
vn -0.752776 0.658031 0.017985
vn -0.755630 0.654955 -0.007561
vn -0.595285 -0.803515 0.000215
vn -0.599662 -0.800078 -0.016764
vn -0.605293 -0.795554 -0.026725
vn -0.608497 -0.793456 0.012587
vn -0.999008 -0.044533 -0.000302
vn -0.998669 -0.051466 -0.003309
vn -0.998912 -0.046613 -0.001145
vn -0.999053 -0.043505 0.000065
vn -0.546719 0.837132 0.017561
vn -0.480816 0.873131 0.080357
vn -0.525102 0.849976 0.042518
vn -0.547914 0.836401 0.014950
vn -0.485477 -0.873908 -0.024417
vn -0.465107 -0.882811 -0.065731
vn -0.465378 -0.882728 -0.064918
vn -0.505307 -0.862844 -0.012853
vn -0.991488 -0.130182 -0.002188
vn -0.992097 -0.125338 -0.005823
vn -0.991733 -0.128278 -0.003311
vn -0.991386 -0.130953 -0.002287
vn -0.489144 0.872169 0.007782
vn -0.513730 0.857160 -0.036841
vn -0.498820 0.866454 -0.020904
vn -0.489150 0.872153 0.009005
vn -0.464614 -0.885504 -0.004208
vn -0.483642 -0.874512 0.036317
vn -0.478192 -0.877856 0.026475
vn -0.461344 -0.887110 -0.014087
vn 0.000197 -1.000000 0.000070
vn 0.001857 -0.999998 0.000765
vn 0.001846 -0.999998 0.000760
vn 0.000193 -1.000000 0.000069
vn -0.419271 -0.905307 0.068056
vn -0.419271 -0.905307 0.068056
vn -0.451719 0.889862 -0.064004
vn -0.451719 0.889861 -0.064004
vn -0.993148 -0.116836 0.002513
vn -0.993148 -0.116836 0.002513
vn -0.516793 -0.856100 -0.004316
vn -0.516793 -0.856100 -0.004316
vn -0.555992 0.831177 0.004190
vn -0.555992 0.831177 0.004190
vn -0.986920 -0.156783 0.037516
vn -0.986920 -0.156783 0.037516
vn -0.607092 -0.793469 0.042961
vn -0.607092 -0.793469 0.042961
vn -0.613039 -0.789004 -0.040691
vn -0.613039 -0.789004 -0.040691
vn -0.998589 -0.052959 -0.003976
vn -0.998589 -0.052959 -0.003976
vn -0.470254 0.878021 0.089106
vn -0.470254 0.878021 0.089106
vn -0.456623 -0.885026 -0.090688
vn -0.456623 -0.885026 -0.090688
vn -0.992207 -0.124430 -0.006600
vn -0.992207 -0.124430 -0.006600
vn -0.522022 0.851700 -0.045829
vn -0.522022 0.851700 -0.045829
vn -0.490632 -0.869982 0.049113
vn -0.490632 -0.869982 0.049113
vn -0.997001 -0.077373 -0.001442
vn -0.997063 -0.076590 -0.000138
vn -0.997329 -0.072959 0.003501
vn -0.996786 -0.080098 0.001446
vn -0.997383 -0.072185 0.004181
vn -0.996950 -0.078016 -0.002045
vn -0.996942 -0.078127 -0.001722
vn -0.996935 -0.078228 -0.001333
vn -0.000000 -0.057462 -0.998348
vn -0.000000 -0.057462 -0.998348
vn -0.000000 -0.057462 -0.998348
vn -0.000000 -0.057462 -0.998348
vn -0.000001 -0.057394 -0.998352
vn -0.000001 -0.057394 -0.998352
vn -0.000001 -0.057394 -0.998352
vn -0.000001 -0.057394 -0.998352
vn -0.000000 -0.057492 -0.998346
vn -0.000000 -0.057492 -0.998346
vn -0.000000 -0.057492 -0.998346
vn -0.000000 -0.057492 -0.998346
vn -0.000001 -0.057393 -0.998352
vn -0.000001 -0.057393 -0.998352
vn -0.000001 -0.057393 -0.998352
vn -0.000001 -0.057393 -0.998352
vn 0.000000 -0.057484 -0.998346
vn 0.000000 -0.057484 -0.998346
vn 0.000000 -0.057484 -0.998346
vn 0.000000 -0.057484 -0.998346
vn 0.000000 -0.057387 -0.998352
vn 0.000000 -0.057387 -0.998352
vn 0.000000 -0.057387 -0.998352
vn 0.000000 -0.057387 -0.998352
vn 0.000001 -0.057499 -0.998346
vn 0.000001 -0.057499 -0.998346
vn 0.000001 -0.057499 -0.998346
vn 0.000001 -0.057499 -0.998346
vn 0.000000 -0.057413 -0.998351
vn 0.000000 -0.057413 -0.998351
vn 0.000000 -0.057413 -0.998351
vn 0.000000 -0.057413 -0.998351
vn -0.000000 -0.057476 -0.998347
vn -0.000000 -0.057476 -0.998347
vn -0.000000 -0.057476 -0.998347
vn -0.000000 -0.057476 -0.998347
vn -0.000001 -0.057402 -0.998351
vn -0.000001 -0.057402 -0.998351
vn -0.000001 -0.057402 -0.998351
vn -0.000001 -0.057402 -0.998351
vn -0.000002 -0.057479 -0.998347
vn -0.000002 -0.057479 -0.998347
vn -0.000002 -0.057479 -0.998347
vn -0.000002 -0.057479 -0.998347
vn 0.000001 -0.057319 -0.998356
vn 0.000001 -0.057319 -0.998356
vn 0.000001 -0.057319 -0.998356
vn 0.000001 -0.057319 -0.998356
vn 0.000000 -0.057567 -0.998342
vn 0.000000 -0.057567 -0.998342
vn 0.000000 -0.057567 -0.998342
vn 0.000000 -0.057567 -0.998342
vn 0.000000 -0.057361 -0.998354
vn 0.000000 -0.057361 -0.998354
vn 0.000000 -0.057361 -0.998354
vn 0.000000 -0.057361 -0.998354
vn -0.000001 -0.045904 -0.998946
vn -0.000001 -0.045904 -0.998946
vn -0.000001 -0.045904 -0.998946
vn -0.000001 -0.045904 -0.998946
vn 0.000002 -0.043547 0.999051
vn 0.000002 -0.043547 0.999051
vn 0.000002 -0.043547 0.999051
vn 0.000002 -0.043547 0.999051
vn 0.000000 -0.061502 -0.998107
vn 0.000000 -0.061502 -0.998107
vn 0.000000 -0.061502 -0.998107
vn 0.000000 -0.061502 -0.998107
vn -0.000001 -0.067394 0.997726
vn -0.000001 -0.067394 0.997726
vn -0.000001 -0.067394 0.997727
vn -0.000001 -0.067394 0.997727
vn 0.000000 -0.067671 -0.997708
vn 0.000000 -0.067671 -0.997708
vn 0.000000 -0.067671 -0.997708
vn 0.000000 -0.067671 -0.997708
vn -0.000001 -0.099765 0.995011
vn -0.000001 -0.099765 0.995011
vn -0.000001 -0.099765 0.995011
vn -0.000001 -0.099765 0.995011
vn 0.000001 -0.059646 -0.998220
vn 0.000001 -0.059646 -0.998220
vn 0.000001 -0.059646 -0.998220
vn 0.000001 -0.059646 -0.998220
vn -0.000001 -0.051237 0.998686
vn -0.000001 -0.051237 0.998686
vn -0.000001 -0.051237 0.998686
vn -0.000001 -0.051237 0.998686
vn 0.000000 -0.054317 -0.998524
vn 0.000000 -0.054317 -0.998524
vn 0.000000 -0.054317 -0.998524
vn 0.000000 -0.054317 -0.998524
vn 0.000000 -0.052147 0.998640
vn 0.000000 -0.052147 0.998640
vn 0.000000 -0.052147 0.998639
vn 0.000000 -0.052147 0.998639
vn -0.000001 -0.053477 -0.998569
vn -0.000001 -0.053477 -0.998569
vn -0.000001 -0.053477 -0.998569
vn -0.000001 -0.053477 -0.998569
vn 0.000001 -0.050590 0.998720
vn 0.000001 -0.050590 0.998720
vn 0.000001 -0.050590 0.998720
vn 0.000001 -0.050590 0.998720
vn 0.000001 -0.059583 -0.998223
vn 0.000001 -0.059583 -0.998223
vn 0.000001 -0.059583 -0.998223
vn 0.000001 -0.059583 -0.998223
vn -0.000001 -0.079394 0.996843
vn -0.000001 -0.079394 0.996843
vn -0.000001 -0.079394 0.996843
vn -0.000001 -0.079394 0.996843
vn -0.000001 -0.055377 -0.998466
vn -0.000001 -0.055377 -0.998465
vn -0.000001 -0.055377 -0.998465
vn -0.000001 -0.055377 -0.998466
vn 0.000001 -0.046053 0.998939
vn 0.000001 -0.046053 0.998939
vn 0.000001 -0.046053 0.998939
vn 0.000001 -0.046053 0.998939
vn 0.000011 0.244041 -0.969765
vn 0.000011 0.244041 -0.969765
vn 0.000011 0.244041 -0.969765
vn 0.000011 0.244041 -0.969765
vn 0.000008 0.150557 0.988601
vn 0.000008 0.150557 0.988601
vn 0.000008 0.150557 0.988601
vn 0.000008 0.150557 0.988601
vn 0.000001 -0.057466 0.998347
vn 0.000001 -0.057466 0.998347
vn 0.000001 -0.057466 0.998347
vn 0.000001 -0.057466 0.998347
vn -0.000001 -0.057419 0.998350
vn -0.000001 -0.057419 0.998350
vn -0.000001 -0.057419 0.998350
vn -0.000001 -0.057419 0.998350
vn 0.000000 -0.057456 0.998348
vn 0.000000 -0.057456 0.998348
vn 0.000000 -0.057456 0.998348
vn 0.000000 -0.057456 0.998348
vn -0.000002 -0.057187 0.998363
vn -0.000002 -0.057187 0.998363
vn -0.000002 -0.057187 0.998364
vn -0.000002 -0.057187 0.998363
vn 0.000000 -0.057662 0.998336
vn 0.000000 -0.057662 0.998336
vn 0.000000 -0.057662 0.998336
vn 0.000000 -0.057662 0.998336
vn -0.000001 -0.057410 0.998351
vn -0.000001 -0.057410 0.998351
vn -0.000001 -0.057410 0.998351
vn -0.000001 -0.057410 0.998351
vn 0.000001 -0.057468 0.998347
vn 0.000001 -0.057468 0.998347
vn 0.000001 -0.057468 0.998347
vn 0.000001 -0.057468 0.998347
vn 0.000000 -0.057434 0.998349
vn 0.000000 -0.057434 0.998349
vn 0.000000 -0.057434 0.998349
vn 0.000000 -0.057434 0.998349
vn -0.000001 -0.057438 0.998349
vn -0.000001 -0.057438 0.998349
vn -0.000001 -0.057438 0.998349
vn -0.000001 -0.057438 0.998349
vn 0.000001 -0.057452 0.998348
vn 0.000001 -0.057452 0.998348
vn 0.000001 -0.057452 0.998348
vn 0.000001 -0.057452 0.998348
vn 0.000000 -0.057448 0.998349
vn 0.000000 -0.057448 0.998349
vn 0.000000 -0.057448 0.998349
vn 0.000000 -0.057448 0.998349
vn 0.000000 -0.057368 0.998353
vn 0.000000 -0.057368 0.998353
vn 0.000000 -0.057368 0.998353
vn 0.000000 -0.057368 0.998353
vn 0.000000 -0.057509 0.998345
vn 0.000000 -0.057509 0.998345
vn 0.000000 -0.057509 0.998345
vn 0.000000 -0.057509 0.998345
vn 0.000000 -0.057383 0.998352
vn 0.000000 -0.057383 0.998352
vn 0.000000 -0.057383 0.998352
vn 0.000000 -0.057383 0.998352
vn 0.993763 -0.111211 -0.008256
vn 0.994081 -0.108528 -0.005038
vn 0.993716 -0.111602 -0.008588
vn -0.634618 -0.772771 -0.009257
vn -0.634618 -0.772771 -0.009257
vn -0.634618 -0.772771 -0.009257
vn -0.634618 -0.772771 -0.009257
vn 0.994454 -0.094088 0.047006
vn 0.848095 -0.527647 0.048198
vn 0.848540 -0.529094 -0.006338
vn 0.848540 -0.529094 -0.006338
vn 0.000000 -0.999938 -0.011108
vn 0.000000 -0.999938 -0.011108
vn 0.000000 -0.999938 -0.011108
vn 0.000000 -0.999938 -0.011108
vn -0.631781 0.774308 -0.036054
vn -0.631781 0.774308 -0.036054
vn -0.631781 0.774308 -0.036054
vn -0.631781 0.774308 -0.036054
vn 0.000000 0.998877 -0.047386
vn 0.000000 0.998877 -0.047386
vn 0.000000 0.998877 -0.047386
vn 0.000000 0.998877 -0.047386
vn 0.810460 0.585073 0.029054
vn 0.810448 0.585070 0.029431
vn 0.810929 0.584511 -0.027217
vn 0.810929 0.584511 -0.027217
vn -0.998725 0.050483 -0.000829
vn -0.998725 0.050483 -0.000829
vn -0.998725 0.050483 -0.000829
vn -0.998725 0.050483 -0.000829
vn 0.997737 -0.049876 0.045099
vn 0.998582 -0.053230 0.000874
vn 0.998582 -0.053230 0.000874
vn -0.704519 -0.709543 -0.014182
vn -0.704519 -0.709543 -0.014182
vn -0.704519 -0.709543 -0.014182
vn -0.704519 -0.709543 -0.014182
vn 0.801412 -0.597637 -0.023847
vn 0.801451 -0.597558 -0.024512
vn 0.800664 -0.598994 -0.011973
vn 0.800664 -0.598993 -0.011973
vn 0.000000 -0.999782 -0.020863
vn 0.000000 -0.999782 -0.020863
vn 0.000000 -0.999782 -0.020863
vn 0.000000 -0.999782 -0.020863
vn -0.718190 0.695330 -0.026810
vn -0.718190 0.695330 -0.026810
vn -0.718190 0.695330 -0.026810
vn -0.718190 0.695330 -0.026810
vn 0.000000 0.999291 -0.037650
vn 0.000000 0.999291 -0.037650
vn 0.000000 0.999291 -0.037650
vn 0.000000 0.999291 -0.037650
vn 0.904482 0.426328 0.012496
vn 0.999977 -0.006741 -0.000290
vn 0.905993 0.422977 -0.016309
vn 0.905994 0.422978 -0.016309
vn -0.999168 0.040786 -0.000415
vn -0.999168 0.040786 -0.000415
vn -0.999168 0.040786 -0.000415
vn -0.999168 0.040786 -0.000415
vn 0.999061 -0.043291 -0.001604
vn 0.999055 -0.043464 0.000442
vn 0.999055 -0.043464 0.000442
vn -0.788568 -0.614824 -0.012307
vn -0.788568 -0.614824 -0.012307
vn -0.788568 -0.614824 -0.012307
vn -0.788568 -0.614825 -0.012307
vn 0.998965 -0.045468 -0.001041
vn 0.870854 -0.491151 -0.019595
vn 0.870288 -0.492444 -0.009857
vn 0.870288 -0.492444 -0.009857
vn 0.000000 -0.999783 -0.020856
vn 0.000000 -0.999783 -0.020856
vn 0.000000 -0.999783 -0.020856
vn 0.000000 -0.999783 -0.020856
vn -0.806574 0.590695 -0.022757
vn -0.806574 0.590695 -0.022757
vn -0.806574 0.590695 -0.022757
vn -0.806574 0.590695 -0.022757
vn 0.000000 0.999291 -0.037653
vn 0.000000 0.999291 -0.037653
vn 0.000000 0.999291 -0.037653
vn 0.000000 0.999291 -0.037653
vn 0.859506 0.510666 -0.021675
vn 0.859496 0.510683 -0.021697
vn 0.860465 0.509131 -0.019615
vn 0.860465 0.509131 -0.019615
vn -0.999848 0.017434 -0.000176
vn -0.999848 0.017434 -0.000176
vn -0.999848 0.017434 -0.000176
vn -0.999848 0.017434 -0.000176
vn 0.999819 -0.019025 0.000028
vn 0.999803 -0.019851 0.000200
vn 0.999803 -0.019851 0.000200
vn -0.894250 -0.447225 -0.017518
vn -0.894250 -0.447225 -0.017518
vn -0.894250 -0.447225 -0.017518
vn -0.894250 -0.447225 -0.017518
vn 0.758496 -0.651649 -0.006218
vn 0.758627 -0.651503 -0.005319
vn 0.755496 -0.654651 -0.025645
vn 0.755496 -0.654651 -0.025645
vn 0.000000 -0.999186 -0.040349
vn 0.000000 -0.999186 -0.040349
vn 0.000000 -0.999186 -0.040349
vn 0.000000 -0.999186 -0.040349
vn -0.998702 0.050929 -0.000075
vn -0.998702 0.050929 -0.000075
vn -0.998702 0.050929 -0.000075
vn -0.998702 0.050929 -0.000075
vn 0.998625 -0.052416 0.000457
vn 0.998628 -0.052371 0.000472
vn 0.998565 -0.053556 0.000079
vn 0.998565 -0.053556 0.000079
vn -0.904597 0.425969 -0.015950
vn -0.904597 0.425969 -0.015950
vn -0.904597 0.425969 -0.015950
vn -0.904597 0.425969 -0.015950
vn 0.000007 0.999431 -0.033737
vn 0.000007 0.999431 -0.033737
vn 0.000007 0.999431 -0.033737
vn 0.000007 0.999431 -0.033737
vn 0.755904 0.654488 -0.015950
vn 0.756760 0.653469 -0.017129
vn 0.761864 0.647284 -0.024229
vn 0.761864 0.647284 -0.024229
vn -0.000000 0.999086 -0.042752
vn -0.000000 0.999086 -0.042752
vn -0.000000 0.999086 -0.042752
vn -0.000000 0.999086 -0.042752
vn 0.884495 0.466049 0.021622
vn 0.998284 0.043879 0.038781
vn 0.886474 0.462343 -0.020050
vn 0.886474 0.462343 -0.020050
vn 0.000000 -1.000000 -0.000000
vn 0.000000 -1.000000 -0.000000
vn 0.000000 -1.000000 0.000000
vn 0.000000 -1.000000 0.000000
vn -0.997814 -0.066091 0.000369
vn -0.999952 -0.009803 0.000242
vn -0.999952 -0.009803 0.000242
vn -0.998106 -0.061523 0.000358
vn 0.998420 -0.039338 0.040116
vn 0.999029 -0.044054 -0.000028
vn 0.999970 0.007730 -0.000191
vn -0.667838 -0.744226 -0.010923
vn -0.667838 -0.744226 -0.010923
vn -0.667838 -0.744226 -0.010923
vn -0.667838 -0.744226 -0.010923
vn 0.775296 -0.630930 0.029060
vn 0.775215 -0.630918 0.031365
vn 0.776033 -0.630625 -0.009256
vn 0.776033 -0.630625 -0.009256
vn 0.000000 -0.999905 -0.013791
vn 0.000000 -0.999905 -0.013791
vn 0.000000 -0.999905 -0.013791
vn 0.000000 -0.999905 -0.013791
vn -0.671586 0.740277 -0.031020
vn -0.671586 0.740277 -0.031020
vn -0.671586 0.740277 -0.031020
vn -0.671586 0.740277 -0.031020
vn 0.000000 0.999086 -0.042751
vn 0.000000 0.999086 -0.042751
vn 0.000000 0.999086 -0.042751
vn 0.000000 0.999086 -0.042751
vn 0.841074 0.540838 0.009441
vn 0.841082 0.540799 0.010859
vn 0.840437 0.541434 -0.022687
vn 0.840437 0.541434 -0.022687
vn -0.997927 0.064356 -0.000819
vn -0.997927 0.064356 -0.000819
vn -0.997927 0.064356 -0.000819
vn -0.997927 0.064356 -0.000819
vn 0.994898 -0.099024 0.019294
vn 0.994675 -0.101016 0.020457
vn 0.997728 -0.067373 0.000857
vn 0.997728 -0.067373 0.000857
vn -0.748128 -0.663539 -0.004565
vn -0.748128 -0.663539 -0.004565
vn -0.748128 -0.663539 -0.004565
vn -0.748128 -0.663539 -0.004565
vn 0.990124 -0.140115 -0.004695
vn 0.866277 -0.499093 -0.021698
vn 0.866150 -0.499773 -0.003439
vn 0.866150 -0.499773 -0.003439
vn 0.000000 -0.999972 -0.007506
vn 0.000000 -0.999972 -0.007506
vn 0.000000 -0.999972 -0.007506
vn 0.000000 -0.999972 -0.007506
vn -0.757060 0.652730 -0.028344
vn -0.757060 0.652730 -0.028344
vn -0.757060 0.652730 -0.028344
vn -0.757060 0.652730 -0.028344
vn 0.000000 0.999085 -0.042761
vn 0.000000 0.999085 -0.042761
vn 0.000000 0.999085 -0.042761
vn 0.000000 0.999085 -0.042761
vn 0.908815 0.417153 0.006243
vn 0.908747 0.417281 0.007424
vn 0.909921 0.414391 -0.017995
vn 0.909921 0.414391 -0.017995
vn -0.993746 0.111641 -0.002110
vn -0.993746 0.111641 -0.002110
vn -0.993746 0.111641 -0.002110
vn -0.993746 0.111641 -0.002110
vn 0.993660 -0.112380 -0.003157
vn 0.993474 -0.114034 0.002155
vn 0.993475 -0.114034 0.002155
vn -0.844493 -0.535443 -0.011535
vn -0.844493 -0.535443 -0.011535
vn -0.844493 -0.535443 -0.011535
vn -0.844493 -0.535443 -0.011535
vn 0.821433 -0.570184 0.011731
vn 0.821366 -0.570264 0.012554
vn 0.823161 -0.567677 -0.012229
vn 0.823160 -0.567677 -0.012229
vn 0.000000 -0.999799 -0.020073
vn 0.000000 -0.999799 -0.020073
vn 0.000000 -0.999799 -0.020073
vn 0.000000 -0.999799 -0.020073
vn -0.858099 0.513047 -0.021198
vn -0.858099 0.513047 -0.021198
vn -0.858099 0.513047 -0.021198
vn -0.858099 0.513047 -0.021198
vn 0.000000 0.999086 -0.042749
vn 0.000000 0.999086 -0.042749
vn 0.000000 0.999086 -0.042749
vn 0.000000 0.999086 -0.042749
vn 0.797129 0.603708 -0.011074
vn 0.797192 0.603631 -0.010723
vn 0.794536 0.606699 -0.025068
vn 0.794536 0.606699 -0.025068
vn -0.999992 0.004038 -0.000034
vn -0.999992 0.004038 -0.000034
vn -0.999992 0.004038 -0.000034
vn -0.999992 0.004038 -0.000034
vn 0.999977 -0.006728 0.000128
vn 0.999977 -0.006728 0.000131
vn 0.999977 -0.006721 0.000057
vn 0.999977 -0.006721 0.000057
vn -0.998533 0.054153 -0.000131
vn -0.998533 0.054153 -0.000131
vn -0.998533 0.054153 -0.000131
vn -0.998533 0.054153 -0.000131
vn 0.999625 -0.012028 0.024595
vn 0.999624 -0.014796 0.023095
vn 0.998369 -0.057096 0.000138
vn 0.998369 -0.057096 0.000138
vn 0.844177 -0.533222 0.055136
vn 0.844340 -0.533099 0.053815
vn 0.847373 -0.530339 0.026464
vn 0.847373 -0.530339 0.026464
vn -0.632910 -0.773263 0.038584
vn -0.632910 -0.773263 0.038584
vn -0.632910 -0.773263 0.038584
vn -0.632910 -0.773263 0.038584
vn 0.000000 -0.998788 0.049210
vn 0.000000 -0.998788 0.049210
vn 0.000000 -0.998788 0.049210
vn 0.000000 -0.998788 0.049210
vn 0.811323 0.584492 -0.011126
vn 0.811337 0.584499 -0.009677
vn 0.811117 0.584256 0.027097
vn 0.811117 0.584256 0.027097
vn 0.000000 0.998897 0.046961
vn 0.000000 0.998897 0.046961
vn 0.000000 0.998897 0.046961
vn 0.000000 0.998897 0.046961
vn -0.632214 0.773962 0.035895
vn -0.632214 0.773962 0.035895
vn -0.632214 0.773962 0.035895
vn -0.632214 0.773962 0.035895
vn -0.999381 0.035168 0.000848
vn -0.999381 0.035168 0.000848
vn -0.999381 0.035168 0.000848
vn -0.999381 0.035168 0.000848
vn 0.997473 -0.067907 0.020878
vn 0.999219 -0.033178 0.021467
vn 0.999297 -0.037479 -0.000904
vn 0.999297 -0.037479 -0.000904
vn 0.804378 -0.593562 -0.025677
vn 0.804395 -0.593557 -0.025290
vn 0.805158 -0.593056 -0.002059
vn 0.805158 -0.593056 -0.002059
vn -0.710226 -0.703969 -0.002444
vn -0.710226 -0.703969 -0.002444
vn -0.710226 -0.703969 -0.002444
vn -0.710226 -0.703969 -0.002444
vn 0.000000 -0.999991 -0.004216
vn 0.000000 -0.999991 -0.004216
vn 0.000000 -0.999991 -0.004216
vn 0.000000 -0.999991 -0.004216
vn 0.904482 0.425122 0.034421
vn 0.903538 0.428050 0.019802
vn 0.903538 0.428050 0.019802
vn 0.000000 0.998897 0.046956
vn 0.000000 0.998897 0.046956
vn 0.000000 0.998897 0.046956
vn 0.000000 0.998897 0.046956
vn -0.713136 0.700277 0.032395
vn -0.713136 0.700277 0.032395
vn -0.713136 0.700277 0.032395
vn -0.713136 0.700277 0.032395
vn -0.999866 0.016358 0.000069
vn -0.999866 0.016358 0.000069
vn -0.999866 0.016358 0.000069
vn -0.999866 0.016358 0.000069
vn 0.999702 0.003227 0.024215
vn 0.999726 0.002390 0.023286
vn 0.999826 -0.018628 -0.000079
vn 0.999826 -0.018628 -0.000079
vn 0.868402 -0.492048 0.061372
vn 0.868616 -0.491970 0.058919
vn 0.871359 -0.490281 0.018912
vn 0.871359 -0.490281 0.018912
vn -0.790194 -0.612401 0.023623
vn -0.790194 -0.612401 0.023623
vn -0.790194 -0.612401 0.023623
vn -0.790194 -0.612401 0.023623
vn 0.000000 -0.999257 0.038547
vn 0.000000 -0.999257 0.038547
vn 0.000000 -0.999257 0.038547
vn 0.000000 -0.999257 0.038547
vn 0.858882 0.511779 0.020114
vn 0.858881 0.511778 0.020163
vn 0.858804 0.511739 0.024053
vn 0.858804 0.511739 0.024053
vn 0.000000 0.998897 0.046951
vn 0.000000 0.998897 0.046951
vn 0.000000 0.998897 0.046951
vn 0.000000 0.998897 0.046951
vn -0.804622 0.593133 0.027879
vn -0.804622 0.593133 0.027879
vn -0.804622 0.593133 0.027879
vn -0.804622 0.593133 0.027879
vn -0.999084 0.042727 0.002223
vn -0.999084 0.042727 0.002223
vn -0.999084 0.042727 0.002223
vn -0.999084 0.042727 0.002223
vn 0.995904 -0.053669 -0.072771
vn 0.995964 -0.053576 -0.072009
vn 0.998987 -0.044932 -0.002338
vn 0.998987 -0.044932 -0.002338
vn 0.811373 0.584346 -0.014591
vn 0.798019 0.601923 -0.029236
vn 0.855661 0.516030 0.039463
vn 0.855661 0.516030 0.039463
vn 0.000007 0.999587 0.028740
vn 0.000007 0.999587 0.028740
vn 0.000007 0.999587 0.028740
vn 0.000007 0.999587 0.028740
vn -0.948145 0.316911 0.024242
vn -0.948145 0.316911 0.024242
vn -0.948145 0.316911 0.024242
vn -0.948145 0.316911 0.024242
vn 0.761236 -0.643662 -0.078860
vn 0.761519 -0.644040 -0.072815
vn 0.762532 -0.646842 0.011800
vn 0.762533 -0.646842 0.011800
vn -0.898190 -0.439534 0.008019
vn -0.898190 -0.439534 0.008019
vn -0.898190 -0.439534 0.008019
vn -0.898190 -0.439534 0.008019
vn 0.000000 -0.999853 0.017176
vn 0.000000 -0.999853 0.017176
vn 0.000000 -0.999853 0.017176
vn 0.000000 -0.999853 0.017176
vn -0.999957 -0.009263 -0.000266
vn -0.998059 -0.062276 -0.000405
vn -0.998298 -0.058313 -0.000394
vn -0.999957 -0.009263 -0.000266
vn 0.000000 -1.000000 -0.000000
vn 0.000000 -1.000000 -0.000000
vn 0.000000 -1.000000 -0.000000
vn 0.000000 -1.000000 -0.000000
vn 0.998017 -0.045987 0.042989
vn 0.998436 0.036580 0.042271
vn 0.999973 0.007302 0.000210
vn 0.999126 -0.041801 0.000030
vn 0.885065 0.463625 0.041387
vn 0.884335 0.466232 0.024060
vn 0.884336 0.466232 0.024060
vn 0.000000 0.998651 0.051926
vn 0.000000 0.998651 0.051926
vn 0.000000 0.998651 0.051926
vn 0.000000 0.998651 0.051926
vn -0.601923 0.797493 0.041157
vn -0.601923 0.797493 0.041157
vn -0.601923 0.797493 0.041157
vn -0.601923 0.797493 0.041157
vn -0.995908 0.090372 0.000480
vn -0.995908 0.090372 0.000480
vn -0.995908 0.090372 0.000480
vn -0.995908 0.090372 0.000480
vn 0.996432 -0.084402 -0.000495
vn 0.996374 -0.085077 -0.000496
vn 0.995517 -0.094585 -0.000502
vn 0.995517 -0.094585 -0.000502
vn 0.769070 -0.638434 0.030561
vn 0.768674 -0.638910 0.030564
vn 0.763833 -0.644688 0.030596
vn 0.763833 -0.644688 0.030596
vn -0.653521 -0.756057 0.035880
vn -0.653521 -0.756057 0.035880
vn -0.653521 -0.756057 0.035880
vn -0.653521 -0.756057 0.035880
vn 0.000000 -0.998778 0.049428
vn 0.000000 -0.998778 0.049428
vn 0.000000 -0.998778 0.049428
vn 0.000000 -0.998778 0.049428
vn 0.845235 0.533471 0.031397
vn 0.845234 0.533473 0.031398
vn 0.848820 0.527912 0.028526
vn 0.848820 0.527912 0.028526
vn 0.000000 0.998651 0.051919
vn 0.000000 0.998651 0.051919
vn 0.000000 0.998651 0.051919
vn 0.000000 0.998651 0.051919
vn -0.684428 0.728018 0.039335
vn -0.684428 0.728018 0.039335
vn -0.684428 0.728018 0.039335
vn -0.684428 0.728018 0.039335
vn -0.994284 0.106726 0.002841
vn -0.994284 0.106726 0.002841
vn -0.994284 0.106726 0.002841
vn -0.994284 0.106726 0.002841
vn 0.989378 -0.138492 0.044171
vn 0.993027 -0.110416 0.041298
vn 0.994036 -0.109014 -0.002902
vn 0.994036 -0.109014 -0.002902
vn 0.864911 -0.499574 0.048531
vn 0.867540 -0.497366 -0.000621
vn 0.867541 -0.497366 -0.000621
vn -0.750374 -0.661013 -0.000826
vn -0.750374 -0.661013 -0.000826
vn -0.750374 -0.661013 -0.000826
vn -0.750374 -0.661013 -0.000826
vn 0.000000 -0.999999 -0.001249
vn 0.000000 -0.999999 -0.001249
vn 0.000000 -0.999999 -0.001249
vn 0.000000 -0.999999 -0.001249
vn 0.908973 0.415340 0.035516
vn 0.908971 0.415417 0.034642
vn 0.908866 0.416526 0.021656
vn 0.908866 0.416526 0.021656
vn 0.000000 0.998651 0.051923
vn 0.000000 0.998651 0.051923
vn 0.000000 0.998651 0.051923
vn 0.000000 0.998651 0.051923
vn -0.755050 0.654783 0.034043
vn -0.755050 0.654783 0.034043
vn -0.755050 0.654783 0.034043
vn -0.755050 0.654783 0.034043
vn -0.999986 0.005332 0.000138
vn -0.999986 0.005332 0.000138
vn -0.999986 0.005332 0.000138
vn -0.999986 0.005332 0.000138
vn 0.998432 0.042508 -0.036415
vn 0.998583 0.040242 -0.034821
vn 0.999961 -0.008878 -0.000230
vn 0.999961 -0.008878 -0.000230
vn 0.818392 -0.574548 -0.011368
vn 0.818300 -0.574689 -0.010904
vn 0.815661 -0.578527 0.001913
vn 0.815661 -0.578527 0.001913
vn -0.837731 -0.546081 0.001805
vn -0.837731 -0.546081 0.001805
vn -0.837731 -0.546081 0.001805
vn -0.837731 -0.546081 0.001805
vn 0.000000 -0.999990 0.004386
vn 0.000000 -0.999990 0.004386
vn 0.000000 -0.999990 0.004386
vn 0.000000 -0.999990 0.004386
vn 0.798447 0.601341 -0.029532
vn 0.798251 0.601497 -0.031566
vn 0.802764 0.595459 0.031603
vn 0.802764 0.595459 0.031603
vn 0.000000 0.998651 0.051919
vn 0.000000 0.998651 0.051919
vn 0.000000 0.998651 0.051919
vn 0.000000 0.998651 0.051919
vn -0.864527 0.501880 0.026636
vn -0.864527 0.501880 0.026636
vn -0.864527 0.501880 0.026636
vn -0.864527 0.501880 0.026636
vn -0.606029 0.794696 -0.034463
vn -0.606029 0.794696 -0.034463
vn -0.606029 0.794696 -0.034463
vn -0.606029 0.794696 -0.034463
vn 0.000000 -0.043547 0.999051
vn 0.000000 -0.043547 0.999051
vn 0.927083 -0.372781 0.039385
vn 0.927963 -0.372670 -0.001195
vn 0.923376 -0.382186 0.036203
vn 0.920340 -0.391119 0.001076
vn -0.000001 -0.045906 -0.998946
vn -0.000001 -0.045906 -0.998946
vn -0.914461 -0.404673 0.001113
vn -0.914461 -0.404673 0.001113
vn -0.922573 -0.385821 -0.001236
vn -0.922573 -0.385821 -0.001236
vn 0.990725 0.135757 0.005809
vn 0.996367 0.081861 0.023506
vn 0.992415 0.120131 0.026092
vn 0.984884 0.173075 0.006908
vn 0.819652 -0.572834 0.005614
vn 0.819310 -0.573262 0.010114
vn 0.819315 -0.573257 0.009964
vn 0.819653 -0.572832 0.005647
vn 0.858571 0.512669 -0.005035
vn 0.858272 0.513115 -0.009075
vn 0.996984 0.077573 -0.002372
vn 0.998182 0.058412 -0.014842
vn 0.998619 0.052507 -0.002009
vn 0.999395 0.031171 -0.015406
vn 0.871197 -0.490076 -0.029007
vn 0.871945 -0.489603 0.001119
vn 0.871946 -0.489601 0.001028
vn 0.871178 -0.490084 -0.029436
vn 0.908745 0.416474 -0.027060
vn 0.908576 0.417683 -0.005472
vn 0.908577 0.417682 -0.005475
vn 0.908746 0.416485 -0.026869
vn 0.993540 -0.108748 -0.032433
vn 0.994269 -0.106891 -0.002041
vn 0.990833 -0.135081 -0.001908
vn 0.990038 -0.136926 -0.032805
vn 0.867485 -0.497463 0.000690
vn 0.866472 -0.498009 -0.034829
vn 0.904629 0.425525 -0.023964
vn 0.904442 0.426563 -0.005400
vn 0.904443 0.426561 -0.005395
vn 0.904630 0.425542 -0.023638
vn 0.993329 -0.113915 -0.017926
vn 0.989940 -0.141490 -0.000315
vn 0.983899 -0.178728 0.000095
vn 0.987942 -0.153837 -0.017485
vn 0.802936 -0.596041 0.005393
vn 0.802850 -0.596080 -0.010998
vn 0.841992 0.539397 0.010053
vn 0.842075 0.539337 -0.004986
vn 0.842078 0.539334 -0.004892
vn 0.841994 0.539394 0.009967
vn 0.993306 -0.113931 -0.019050
vn 0.996943 -0.078104 -0.001910
vn 0.996942 -0.078125 -0.001918
vn 0.993294 -0.114030 -0.019099
vn 0.772786 -0.634112 -0.026515
vn 0.773660 -0.633439 -0.014316
vn 0.773661 -0.633436 -0.014385
vn 0.772758 -0.634120 -0.027159
vn 0.812661 0.581923 -0.030781
vn 0.812676 0.582660 0.008079
vn 0.812679 0.582654 0.008258
vn 0.812663 0.581942 -0.030380
vn 0.997642 -0.056984 -0.038257
vn 0.999519 -0.017503 -0.025611
vn 0.997273 -0.067814 -0.029113
vn 0.993961 -0.103014 -0.037817
vn 0.846724 -0.529179 -0.055021
vn 0.846415 -0.532007 -0.023470
vn 0.884779 0.463641 -0.046945
vn 0.884076 0.466277 -0.031558
vn 0.998038 0.039736 -0.048387
vn 0.998426 0.038927 -0.040384
vn 0.997956 -0.039930 -0.049893
vn 0.998412 -0.039840 -0.039821
vn 0.931631 -0.360332 -0.047167
vn 0.931075 -0.363076 -0.035714
vn 0.000000 -1.000000 -0.000000
vn 0.000000 -1.000000 0.000000
vn 0.000000 -1.000000 0.000000
vn 0.000000 -1.000000 -0.000000
vn 0.460861 -0.887430 -0.008644
vn 0.456287 -0.889322 -0.030144
vn 0.456081 -0.889405 -0.030796
vn 0.460798 -0.887458 -0.009149
vn 0.492910 0.870045 0.007805
vn 0.488439 0.872137 0.028353
vn 0.488212 0.872242 0.029045
vn 0.492854 0.870073 0.008259
vn 0.995233 -0.097387 -0.005280
vn 0.995611 -0.086388 -0.035992
vn 0.995458 -0.082701 -0.047164
vn 0.995182 -0.097963 -0.004026
vn 0.510813 -0.859675 0.005435
vn 0.505369 -0.862740 -0.016780
vn 0.505216 -0.862824 -0.017048
vn 0.510959 -0.859591 0.004881
vn 0.551614 0.834011 -0.012167
vn 0.564027 0.824501 -0.045517
vn 0.565507 0.823210 -0.050267
vn 0.551831 0.833863 -0.012430
vn 0.983388 -0.180415 0.019958
vn 0.971152 -0.237467 -0.021757
vn 0.969063 -0.245353 -0.026823
vn 0.983804 -0.177888 0.022046
vn 0.592813 -0.805247 0.012261
vn 0.601485 -0.798878 0.003119
vn 0.601558 -0.798823 0.003134
vn 0.593538 -0.804726 0.011355
vn 0.758747 0.650058 0.041571
vn 0.756660 0.653718 -0.010935
vn 0.756677 0.653693 -0.011143
vn 0.758709 0.650130 0.041131
vn 0.997996 -0.048652 0.040455
vn 0.997986 -0.063407 0.001873
vn 0.997988 -0.063380 0.001886
vn 0.998016 -0.048682 0.039940
vn 0.759824 -0.650055 0.009811
vn 0.759726 -0.650241 -0.002079
vn 0.759727 -0.650239 -0.002150
vn 0.759819 -0.650065 0.009488
vn 0.796103 0.602546 0.056196
vn 0.798576 0.601583 0.019325
vn 0.000000 -1.000000 0.000000
vn 0.000000 -1.000000 0.000000
vn 0.000000 -1.000000 0.000000
vn 0.000000 -1.000000 0.000000
vn 0.927140 -0.373095 0.034820
vn 0.928846 -0.368074 -0.042035
vn 0.998240 -0.041178 -0.042681
vn 0.998228 -0.046230 0.037455
vn 0.998521 0.037718 -0.039152
vn 0.998633 0.033966 0.039736
vn 0.884382 0.466206 -0.022806
vn 0.885566 0.463419 0.031882
vn 0.845066 -0.533450 0.035978
vn 0.846902 -0.529386 -0.050078
vn 0.846993 -0.529694 -0.045024
vn 0.844872 -0.533553 0.038895
vn 0.998961 0.041691 0.018387
vn 0.998535 0.050222 -0.020147
vn 0.998419 0.053287 -0.017881
vn 0.999130 0.036057 0.020965
vn 0.811722 0.583843 -0.015361
vn 0.812594 0.582756 0.009316
vn 0.812572 0.582801 0.008327
vn 0.811639 0.583911 -0.017018
vn 0.772708 -0.634539 0.016798
vn 0.773624 -0.633567 -0.009958
vn 0.773610 -0.633596 -0.009179
vn 0.772626 -0.634595 0.018424
vn 0.997128 -0.075731 -0.000288
vn 0.997311 -0.073285 -0.000312
vn 0.997322 -0.073131 -0.000284
vn 0.997087 -0.076274 -0.000316
vn 0.842720 0.538015 0.019064
vn 0.842149 0.539230 -0.003874
vn 0.842173 0.539198 -0.003115
vn 0.842735 0.537958 0.019998
vn 0.803679 -0.594688 -0.021124
vn 0.803017 -0.595941 0.004246
vn 0.984194 -0.177061 0.003366
vn 0.989072 -0.146550 0.016117
vn 0.990082 -0.140445 0.003466
vn 0.997183 -0.072058 0.020844
vn 0.904541 0.426386 -0.000909
vn 0.904562 0.426343 -0.000209
vn 0.904976 0.424661 0.026102
vn 0.865101 -0.499551 0.045273
vn 0.867216 -0.497855 0.008772
vn 0.990850 -0.134861 0.005340
vn 0.989511 -0.138479 0.041131
vn 0.994217 -0.107252 0.005509
vn 0.992977 -0.109705 0.044298
vn 0.909067 0.415958 0.024021
vn 0.908676 0.417502 -0.000785
vn 0.908695 0.417462 -0.000155
vn 0.909073 0.415769 0.026884
vn 0.869536 -0.491736 0.045863
vn 0.871698 -0.489972 0.008344
vn 0.871676 -0.490006 0.008627
vn 0.869270 -0.491851 0.049525
vn 0.999314 0.031913 0.018788
vn 0.998669 0.051556 0.001212
vn 0.997002 0.077368 0.000978
vn 0.998193 0.056724 0.019832
vn 0.858301 0.513096 -0.007168
vn 0.858753 0.512295 0.009869
vn 0.819891 -0.572429 -0.010218
vn 0.819328 -0.573256 0.008894
vn 0.819355 -0.573230 0.008017
vn 0.819914 -0.572380 -0.011060
vn 0.992608 0.117267 -0.031280
vn 0.988904 0.148547 0.001553
vn 0.982367 0.186957 0.001549
vn 0.987325 0.154731 -0.035318
vn 0.798510 0.601894 0.010235
vn 0.796024 0.603823 -0.041750
vn 0.760465 -0.645931 -0.066831
vn 0.759994 -0.649870 -0.008825
vn 0.760016 -0.649839 -0.009217
vn 0.760341 -0.645387 -0.073192
vn 0.995482 -0.073839 -0.059702
vn 0.996887 -0.078582 -0.006493
vn 0.996821 -0.079361 -0.006992
vn 0.995305 -0.072419 -0.064220
vn 0.759229 0.649534 -0.040953
vn 0.757457 0.652686 -0.016104
vn 0.757521 0.652537 -0.018890
vn 0.758946 0.650176 -0.035657
vn 0.733893 -0.678524 -0.031723
vn 0.623073 -0.782161 -0.001819
vn 0.606029 -0.795439 0.002416
vn 0.970081 -0.242775 0.001661
vn 0.962420 -0.271103 -0.015822
vn 0.962792 -0.268513 -0.030531
vn 0.968022 -0.250861 -0.001354
vn 0.519908 0.853381 0.037894
vn 0.565374 0.824246 -0.031170
vn 0.569117 0.820642 -0.051501
vn 0.544630 0.838581 0.012694
vn 0.543367 -0.838582 0.039144
vn 0.524470 -0.851429 -0.000866
vn 0.505126 -0.862772 -0.021744
vn 0.541338 -0.840154 0.033081
vn 0.997468 0.046369 0.053923
vn 0.999820 -0.008115 -0.017128
vn 0.997588 -0.048004 -0.050131
vn 0.999577 0.024375 0.015881
vn 0.457338 0.887207 0.060870
vn 0.479938 0.876146 0.045035
vn 0.480244 0.875999 0.044633
vn 0.469322 0.881362 0.054200
vn 0.425347 -0.902786 -0.063706
vn 0.443313 -0.894988 -0.049705
vn 0.447348 -0.893180 -0.045934
vn 0.431024 -0.900369 -0.059620
vn 0.000000 -1.000000 0.000000
vn 0.000000 -1.000000 0.000000
vn 0.000000 -1.000000 0.000000
vn 0.000000 -1.000000 -0.000000
vn 0.928452 -0.370321 -0.028973
vn 0.926016 -0.376420 0.028341
vn 0.998769 -0.037805 0.032123
vn 0.998731 -0.038007 -0.033060
vn 0.998363 0.046445 0.033383
vn 0.998548 0.043052 -0.032370
vn 0.884097 0.466740 0.022955
vn 0.885050 0.463801 -0.039689
vn 0.846707 -0.531870 -0.014207
vn 0.847693 -0.529029 0.039314
vn 0.994568 -0.097514 0.036408
vn 0.993982 -0.105148 -0.030712
vn 0.997940 -0.051140 0.038735
vn 0.997920 -0.057655 -0.028844
vn 0.812674 0.581982 -0.029295
vn 0.811122 0.584192 0.028298
vn 0.811019 0.584248 0.030061
vn 0.812679 0.582119 -0.026270
vn 0.772911 -0.634095 -0.023082
vn 0.774290 -0.632263 0.026816
vn 0.980949 -0.193529 0.016916
vn 0.979284 -0.201683 -0.018072
vn 0.989836 -0.141116 0.017645
vn 0.987398 -0.157531 -0.015150
vn 0.841881 0.539521 0.012419
vn 0.841569 0.539909 0.016139
vn 0.841507 0.539963 0.017483
vn 0.841895 0.539514 0.011731
vn 0.802719 -0.596202 -0.013651
vn 0.802323 -0.596624 -0.017840
vn 0.802247 -0.596678 -0.019349
vn 0.802732 -0.596199 -0.012974
vn 0.996885 -0.076544 -0.018996
vn 0.998968 -0.045334 -0.002949
vn 0.999919 -0.012590 -0.001822
vn 0.999189 -0.036082 -0.017880
vn 0.904049 0.427193 0.014202
vn 0.904680 0.425589 -0.020691
vn 0.866223 -0.498243 -0.037587
vn 0.866737 -0.498353 -0.020302
vn 0.989948 -0.141223 -0.007709
vn 0.989827 -0.138017 -0.034552
vn 0.993802 -0.110978 -0.006444
vn 0.993401 -0.110161 -0.031912
vn 0.908796 0.416379 -0.026789
vn 0.908394 0.418027 0.008561
vn 0.908344 0.418104 0.010015
vn 0.908813 0.416498 -0.024261
vn 0.870997 -0.490284 -0.031388
vn 0.871391 -0.490331 -0.015925
vn 0.999001 -0.044630 -0.002489
vn 0.999652 -0.020378 -0.016781
vn 0.999853 -0.017083 -0.001445
vn 0.999338 0.033304 -0.014629
vn 0.858917 0.511945 -0.013203
vn 0.858930 0.511906 -0.013861
vn 0.858650 0.512534 -0.005415
vn 0.819739 -0.572705 0.006166
vn 0.820058 -0.572090 0.014773
vn 0.820073 -0.572049 0.015495
vn 0.819741 -0.572702 0.006038
vn 0.999090 0.036039 0.022819
vn 0.999987 -0.004523 0.002237
vn 0.999987 -0.004753 0.002022
vn 0.999265 0.032123 0.020929
vn 0.795917 0.602790 0.056218
vn 0.798247 0.602317 0.003988
vn 0.798274 0.602286 0.003376
vn 0.796101 0.602819 0.053219
vn 0.759874 -0.649988 0.010343
vn 0.759841 -0.650103 0.002842
vn 0.759842 -0.650101 0.002882
vn 0.759872 -0.650002 0.009600
vn 0.997909 -0.048577 0.042627
vn 0.998675 -0.051242 0.004686
vn 0.998674 -0.051307 0.004274
vn 0.998030 -0.048773 0.039454
vn 0.758086 0.651221 0.034874
vn 0.754378 0.656430 -0.003586
vn 0.754505 0.656292 -0.001960
vn 0.759209 0.649116 0.047436
vn 0.595706 -0.803171 0.007186
vn 0.597309 -0.801965 0.008583
vn 0.597080 -0.802107 0.010898
vn 0.589999 -0.807254 0.015578
vn 0.993226 -0.114816 0.017864
vn 0.996787 -0.080043 0.003021
vn 0.996389 -0.084760 0.005053
vn 0.989102 -0.144067 0.030356
vn 0.548019 0.836399 -0.010598
vn 0.526406 0.849726 -0.029382
vn 0.540269 0.841330 -0.016515
vn 0.548888 0.835831 -0.010417
vn 0.504595 -0.863280 0.011491
vn 0.494889 -0.868548 0.026631
vn 0.497409 -0.867241 0.021859
vn 0.508274 -0.861123 0.011223
vn 0.994933 -0.100532 0.001482
vn 0.994623 -0.103490 0.003855
vn 0.994823 -0.101592 0.002455
vn 0.994953 -0.100341 0.001122
vn 0.491005 0.871083 -0.011387
vn 0.471308 0.881129 -0.038467
vn 0.481441 0.876008 -0.028701
vn 0.491599 0.870775 -0.009035
vn 0.455128 -0.890315 0.014058
vn 0.438582 -0.897821 0.039546
vn 0.443646 -0.895602 0.032790
vn 0.458120 -0.888855 0.007899
vn 0.419273 -0.905306 -0.068055
vn 0.419273 -0.905306 -0.068055
vn 0.451630 0.889906 0.064022
vn 0.451630 0.889906 0.064022
vn 0.996203 0.054458 0.067926
vn 0.996203 0.054458 0.067926
vn 0.550624 -0.832491 0.061421
vn 0.550624 -0.832491 0.061421
vn 0.509994 0.858850 0.047772
vn 0.509994 0.858850 0.047772
vn 0.963612 -0.267227 -0.006488
vn 0.986654 -0.162627 0.008133
vn 0.806591 -0.588637 -0.054019
vn 0.596565 -0.802405 0.016002
vn 0.596565 -0.802405 0.016002
vn 0.996919 -0.078409 0.002317
vn 0.996919 -0.078409 0.002317
vn 0.522784 0.851837 -0.032707
vn 0.522784 0.851837 -0.032707
vn 0.491233 -0.870384 0.033503
vn 0.491233 -0.870384 0.033503
vn 0.994543 -0.104230 0.004401
vn 0.994543 -0.104230 0.004401
vn 0.464935 0.884223 -0.044553
vn 0.464935 0.884223 -0.044553
vn 0.432496 -0.900378 0.047604
vn 0.432496 -0.900378 0.047604
vn 0.994144 -0.108000 -0.003761
vn 0.994136 -0.108119 -0.001951
vn 0.994012 -0.109098 -0.006140
vn 0.994076 -0.108686 0.000589
vn 0.994147 -0.108031 -0.000957
vn 0.993980 -0.109543 0.001945
vn 0.993539 -0.113354 0.005545
vn 0.993446 -0.114135 0.006190
vn -0.295300 0.684710 0.666310
vn 0.248379 0.489690 0.835770
vn 0.450571 0.890420 0.064329
vn -0.624130 0.781085 0.019190
vn -0.995071 0.098983 -0.006083
vn -0.450926 -0.888863 -0.081166
vn -0.258442 -0.509463 0.820765
vn -0.754751 -0.175150 0.632197
vn -0.376544 0.634703 -0.674809
vn -0.565855 0.572134 -0.593693
vn 0.160665 0.318332 -0.934265
vn 0.236196 0.462194 -0.854745
vn -0.902571 0.409487 0.132990
vn -0.883266 0.467958 -0.029271
vn -0.847046 -0.056198 0.528540
vn -0.649314 0.026966 0.760042
vn -0.295545 -0.580064 0.759065
vn -0.147389 -0.294482 0.944223
vn 0.361294 -0.495746 0.789748
vn 0.432580 -0.720018 0.542631
vn 0.907781 -0.414930 -0.061373
vn 0.879306 -0.470471 0.074011
vn 0.276189 -0.712714 0.644793
vn 0.627175 -0.776778 -0.057165
vn -0.035672 -0.071303 -0.996817
vn -0.620876 0.164431 -0.766469
vn -0.899745 0.434706 -0.038594
vn -0.862915 0.487483 0.133185
vn -0.461185 0.404465 0.789757
vn -0.414741 0.726067 0.548468
vn -0.760271 0.186626 -0.622220
vn -0.707546 -0.119429 -0.696502
vn -0.223372 -0.444325 -0.867571
vn -0.110570 -0.216386 -0.970027
vn 0.092568 0.178086 0.979651
vn 0.300667 0.596474 0.744190
vn 0.819572 0.117129 0.560877
vn 0.563654 -0.105292 0.819273
vn 0.902277 -0.425062 0.072243
vn 0.868593 -0.490078 -0.073281
vn -0.423054 0.483912 -0.766064
vn 0.087672 0.170450 -0.981458
vn 0.999664 0.020370 -0.016022
vn 0.713835 0.192026 0.673472
vn 0.467687 -0.395017 -0.790715
vn 0.711488 0.097601 -0.695888
vn 0.777156 -0.095886 -0.621960
vn 0.572678 -0.497298 -0.651717
vn 0.288015 -0.636299 -0.715661
vn 0.615407 -0.031990 -0.787560
vn 0.547574 -0.043656 0.835618
vn 0.547574 -0.043656 0.835618
vn 0.547574 -0.043656 0.835618
vn 0.547574 -0.043656 0.835618
vn -0.548003 -0.029404 0.835960
vn -0.548003 -0.029404 0.835960
vn -0.548003 -0.029404 0.835960
vn -0.548003 -0.029404 0.835960
vn -0.000156 -0.028534 0.999593
vn -0.000156 -0.028534 0.999593
vn -0.000156 -0.028534 0.999593
vn -0.000156 -0.028534 0.999593
vn -0.000164 -0.028527 0.999593
vn -0.000164 -0.028527 0.999593
vn -0.000164 -0.028527 0.999593
vn -0.000164 -0.028527 0.999593
vn -0.000204 -0.028506 0.999594
vn -0.000204 -0.028506 0.999594
vn -0.000204 -0.028506 0.999594
vn -0.000204 -0.028506 0.999594
vn -0.000259 -0.028489 0.999594
vn -0.000259 -0.028489 0.999594
vn -0.000259 -0.028489 0.999594
vn -0.000259 -0.028489 0.999594
vn -0.000220 -0.028452 0.999595
vn -0.000220 -0.028452 0.999595
vn -0.000220 -0.028452 0.999595
vn -0.000220 -0.028452 0.999595
vn -0.000095 -0.047003 0.998895
vn -0.000095 -0.047003 0.998895
vn -0.000095 -0.047003 0.998895
vn -0.000095 -0.047003 0.998895
vn -0.000110 -0.047030 0.998893
vn -0.000110 -0.047030 0.998893
vn -0.000110 -0.047030 0.998894
vn -0.000110 -0.047030 0.998893
vn -0.000135 -0.047057 0.998892
vn -0.000135 -0.047057 0.998892
vn -0.000135 -0.047057 0.998892
vn -0.000135 -0.047057 0.998892
vn -0.000135 -0.047084 0.998891
vn -0.000135 -0.047084 0.998891
vn -0.000135 -0.047084 0.998891
vn -0.000135 -0.047084 0.998891
vn -0.000145 -0.046965 0.998897
vn -0.000145 -0.046965 0.998897
vn -0.000145 -0.046965 0.998897
vn -0.000145 -0.046965 0.998897
vn 0.000027 -0.023182 0.999731
vn 0.000027 -0.023182 0.999731
vn 0.000027 -0.023182 0.999731
vn 0.000027 -0.023182 0.999731
vn 0.000000 -0.023191 0.999731
vn 0.000000 -0.023191 0.999731
vn 0.000000 -0.023191 0.999731
vn 0.000000 -0.023191 0.999731
vn -0.000010 -0.023205 0.999731
vn -0.000010 -0.023205 0.999731
vn -0.000010 -0.023205 0.999731
vn -0.000010 -0.023205 0.999731
vn -0.000022 -0.023218 0.999730
vn -0.000022 -0.023218 0.999731
vn -0.000022 -0.023218 0.999731
vn -0.000022 -0.023218 0.999730
vn -0.000003 -0.023156 0.999732
vn -0.000003 -0.023156 0.999732
vn -0.000003 -0.023156 0.999732
vn -0.000003 -0.023156 0.999732
vn 0.000017 -0.072843 0.997343
vn 0.000017 -0.072843 0.997343
vn 0.000017 -0.072843 0.997343
vn 0.000017 -0.072843 0.997343
vn -0.000256 -0.072858 0.997342
vn -0.000256 -0.072858 0.997342
vn -0.000256 -0.072858 0.997342
vn -0.000256 -0.072858 0.997342
vn -0.000456 -0.072922 0.997338
vn -0.000456 -0.072922 0.997338
vn -0.000456 -0.072922 0.997338
vn -0.000456 -0.072922 0.997338
vn -0.000401 -0.072957 0.997335
vn -0.000401 -0.072957 0.997335
vn -0.000401 -0.072957 0.997335
vn -0.000401 -0.072957 0.997335
vn -0.000247 -0.072771 0.997349
vn -0.000247 -0.072771 0.997349
vn -0.000247 -0.072771 0.997349
vn -0.000247 -0.072771 0.997349
vn -0.640203 -0.022953 0.767862
vn -0.640203 -0.022953 0.767863
vn -0.640203 -0.022953 0.767862
vn -0.640203 -0.022953 0.767862
vn 0.640338 -0.007586 0.768056
vn 0.640338 -0.007586 0.768056
vn 0.640338 -0.007586 0.768056
vn 0.640338 -0.007586 0.768056
vn 0.285209 -0.014059 0.958362
vn 0.285209 -0.014059 0.958362
vn 0.285209 -0.014059 0.958362
vn 0.285209 -0.014059 0.958362
vn -0.285721 -0.034244 0.957701
vn -0.285721 -0.034244 0.957701
vn -0.285721 -0.034244 0.957701
vn -0.285721 -0.034244 0.957701
vn -0.640442 -0.005824 0.767984
vn -0.640442 -0.005824 0.767984
vn -0.640442 -0.005824 0.767984
vn -0.640442 -0.005824 0.767984
vn 0.640179 -0.024686 0.767829
vn 0.640179 -0.024686 0.767829
vn 0.640179 -0.024686 0.767829
vn 0.640179 -0.024686 0.767829
vn 0.285490 -0.025247 0.958049
vn 0.285490 -0.025247 0.958049
vn 0.285490 -0.025247 0.958049
vn 0.285490 -0.025247 0.958049
vn -0.285804 -0.023012 0.958012
vn -0.285804 -0.023012 0.958012
vn -0.285804 -0.023012 0.958012
vn -0.285804 -0.023012 0.958012
vn -0.640173 -0.028023 0.767720
vn -0.640173 -0.028023 0.767720
vn -0.640173 -0.028023 0.767720
vn -0.640173 -0.028023 0.767720
vn 0.640335 -0.002469 0.768092
vn 0.640335 -0.002469 0.768092
vn 0.640335 -0.002469 0.768092
vn 0.640335 -0.002469 0.768092
vn 0.285613 -0.026655 0.957974
vn 0.285613 -0.026655 0.957974
vn 0.285613 -0.026655 0.957974
vn 0.285613 -0.026655 0.957974
vn -0.285653 -0.021576 0.958090
vn -0.285653 -0.021576 0.958090
vn -0.285653 -0.021576 0.958090
vn -0.285653 -0.021576 0.958090
vn 0.285530 -0.035626 0.957707
vn 0.285530 -0.035626 0.957707
vn 0.285530 -0.035626 0.957707
vn 0.285530 -0.035626 0.957707
vn -0.285274 -0.012596 0.958363
vn -0.285274 -0.012596 0.958363
vn -0.285274 -0.012596 0.958363
vn -0.285274 -0.012596 0.958363
vn 0.426894 -0.088161 0.899994
vn 0.426894 -0.088161 0.899994
vn 0.426894 -0.088161 0.899994
vn 0.426894 -0.088161 0.899994
vn -0.430245 -0.037198 0.901946
vn -0.430245 -0.037198 0.901946
vn -0.430245 -0.037198 0.901946
vn -0.430245 -0.037198 0.901946
vn -0.639560 -0.046081 0.767359
vn -0.639560 -0.046081 0.767359
vn -0.639560 -0.046081 0.767359
vn -0.639560 -0.046081 0.767358
vn 0.639941 0.015608 0.768266
vn 0.639941 0.015608 0.768266
vn 0.639941 0.015608 0.768266
vn 0.639941 0.015608 0.768266
vn 0.427993 -0.078838 0.900337
vn 0.427993 -0.078838 0.900337
vn 0.427993 -0.078838 0.900337
vn 0.427993 -0.078838 0.900337
vn -0.430047 -0.046702 0.901598
vn -0.430047 -0.046702 0.901598
vn -0.430046 -0.046702 0.901598
vn -0.430047 -0.046702 0.901598
vn 0.547653 -0.041407 0.835680
vn 0.547653 -0.041407 0.835680
vn 0.547653 -0.041407 0.835680
vn 0.547653 -0.041407 0.835680
vn -0.547978 -0.031691 0.835892
vn -0.547978 -0.031691 0.835892
vn -0.547978 -0.031691 0.835892
vn -0.547978 -0.031691 0.835892
vn 0.429165 -0.064524 0.900918
vn 0.429165 -0.064524 0.900918
vn 0.429165 -0.064524 0.900918
vn 0.429165 -0.064524 0.900918
vn -0.429454 -0.061160 0.901015
vn -0.429454 -0.061160 0.901015
vn -0.429454 -0.061160 0.901015
vn -0.429454 -0.061160 0.901015
vn 0.547884 -0.023852 0.836214
vn 0.547884 -0.023852 0.836214
vn 0.547884 -0.023852 0.836214
vn 0.547884 -0.023852 0.836214
vn -0.547490 -0.049280 0.835360
vn -0.547490 -0.049280 0.835360
vn -0.547490 -0.049280 0.835360
vn -0.547490 -0.049280 0.835360
vn 0.429519 -0.062368 0.900902
vn 0.429519 -0.062368 0.900902
vn 0.429519 -0.062368 0.900902
vn 0.429519 -0.062368 0.900902
vn -0.429126 -0.063387 0.901018
vn -0.429126 -0.063387 0.901018
vn -0.429126 -0.063387 0.901018
vn -0.429126 -0.063387 0.901018
vn 0.547867 -0.021083 0.836300
vn 0.547867 -0.021083 0.836300
vn 0.547867 -0.021083 0.836300
vn 0.547867 -0.021083 0.836300
vn -0.547373 -0.052085 0.835266
vn -0.547373 -0.052085 0.835266
vn -0.547373 -0.052085 0.835266
vn -0.547373 -0.052085 0.835266
vn 0.017932 -0.060731 0.997993
vn 0.008047 -0.053339 0.998544
vn 0.006975 -0.052537 0.998595
vn 0.017932 -0.060731 0.997993
vn -0.003613 -0.055354 0.998460
vn -0.003613 -0.055354 0.998460
vn -0.002125 -0.052731 0.998607
vn -0.002146 -0.052767 0.998605
vn 0.004143 -0.065253 0.997860
vn 0.004143 -0.065253 0.997860
vn -0.000134 -0.066163 0.997809
vn -0.000293 -0.066197 0.997807
vn 0.015921 0.999873 0.000001
vn 0.015921 0.999873 0.000001
vn 0.015921 0.999873 0.000001
vn 0.015921 0.999873 0.000001
vn 0.000192 -0.049492 0.998775
vn 0.000121 -0.049571 0.998771
vn -0.036136 -0.999347 0.000000
vn -0.036136 -0.999347 0.000000
vn -0.036136 -0.999347 0.000000
vn -0.036136 -0.999347 0.000000
vn 0.012681 -0.999920 -0.000000
vn 0.012681 -0.999920 -0.000000
vn 0.012681 -0.999920 -0.000000
vn 0.012681 -0.999920 -0.000000
vn -0.003201 -0.059225 0.998240
vn -0.003197 -0.059255 0.998238
vn -0.002045 -0.066569 0.997780
vn -0.005528 -0.044438 0.998997
vn -0.005528 -0.044438 0.998997
vn -0.074901 0.997191 0.000000
vn -0.074901 0.997191 0.000000
vn -0.074901 0.997191 0.000000
vn -0.074901 0.997191 0.000000
vn 0.999146 -0.041318 -0.000000
vn 0.999146 -0.041318 -0.000000
vn 0.999146 -0.041318 -0.000000
vn 0.999146 -0.041318 -0.000000
vn -0.999935 -0.011381 -0.000000
vn -0.999935 -0.011381 -0.000000
vn -0.999935 -0.011381 -0.000000
vn -0.999935 -0.011381 -0.000000
vn 0.026372 0.999652 0.000001
vn 0.026372 0.999652 0.000001
vn 0.026372 0.999652 0.000001
vn 0.026372 0.999652 0.000001
vn 0.006063 0.999982 0.000001
vn 0.006063 0.999982 0.000001
vn 0.006063 0.999982 0.000001
vn 0.006063 0.999982 0.000001
vn -0.039803 0.999208 0.000001
vn -0.039803 0.999208 0.000001
vn -0.039803 0.999208 0.000001
vn -0.039803 0.999208 0.000001
vn 0.999709 -0.024103 -0.000000
vn 0.999710 -0.024103 -0.000000
vn 0.999710 -0.024103 -0.000000
vn 0.999710 -0.024103 -0.000000
vn 0.031532 -0.999503 -0.000002
vn 0.031532 -0.999503 -0.000002
vn 0.031532 -0.999503 -0.000002
vn 0.031532 -0.999503 -0.000002
vn -0.020339 -0.999793 -0.000000
vn -0.020339 -0.999793 -0.000000
vn -0.020339 -0.999793 -0.000000
vn -0.020339 -0.999793 -0.000000
vn -0.014850 -0.999890 -0.000002
vn -0.014850 -0.999890 -0.000002
vn -0.014850 -0.999890 -0.000002
vn -0.014850 -0.999890 -0.000002
vn -0.999933 -0.011599 -0.000000
vn -0.999933 -0.011599 -0.000000
vn -0.999933 -0.011599 -0.000000
vn -0.999933 -0.011599 -0.000000
vn -0.041793 -0.999126 -0.000000
vn -0.041793 -0.999126 -0.000000
vn -0.041793 -0.999126 -0.000000
vn -0.041793 -0.999126 -0.000000
vn -0.071763 -0.997422 -0.000002
vn -0.071763 -0.997422 -0.000002
vn -0.071763 -0.997422 -0.000002
vn -0.071763 -0.997422 -0.000002
vn 0.021670 -0.999765 -0.000001
vn 0.021670 -0.999765 -0.000001
vn 0.021670 -0.999765 -0.000001
vn 0.021670 -0.999765 -0.000001
vn -0.022023 0.999758 0.000002
vn -0.022023 0.999757 0.000002
vn -0.022023 0.999757 0.000002
vn -0.022023 0.999758 0.000002
vn 0.035843 0.999357 0.000000
vn 0.035843 0.999358 0.000000
vn 0.035843 0.999357 0.000000
vn 0.035843 0.999357 0.000000
vn 0.999997 0.002566 -0.000000
vn 0.999993 0.003822 -0.000000
vn 0.999951 -0.009913 -0.000000
vn 0.999951 -0.009913 -0.000000
vn 0.999060 -0.043348 -0.000000
vn 0.999641 -0.026777 -0.000000
vn 0.999669 -0.025739 -0.000000
vn 0.999060 -0.043348 -0.000000
vn -0.999532 0.030593 0.000001
vn -0.999532 0.030593 0.000001
vn -0.999628 0.027278 0.000001
vn -0.999621 0.027536 0.000001
vn -0.999761 0.021856 0.000000
vn -0.999759 0.021963 0.000000
vn 0.999805 -0.019748 -0.000000
vn 0.999796 -0.020191 -0.000000
vn -0.113320 -0.054756 0.992049
vn -0.086609 -0.041286 0.995387
vn -0.093713 -0.040439 0.994778
vn -0.101192 -0.062960 0.992873
vn 0.051960 -0.079227 0.995502
vn 0.030445 -0.076956 0.996570
vn 0.026931 -0.072074 0.997036
vn 0.051351 -0.080697 0.995415
vn 0.999875 0.015831 0.000000
vn 0.999874 0.015872 0.000000
vn -0.999390 -0.034925 -0.000000
vn -0.999357 -0.035862 -0.000000
vn -0.999645 -0.026664 -0.000000
vn -0.999601 -0.028240 -0.000000
vn 0.039768 -0.038892 0.998452
vn 0.039105 -0.038215 0.998504
vn 0.999992 0.004033 0.000000
vn 0.999994 0.003477 0.000000
vn -0.999843 -0.017712 -0.000000
vn -0.999835 -0.018148 -0.000000
vn 0.017734 -0.016372 0.999709
vn 0.017734 -0.016372 0.999709
vn 0.999967 -0.008120 0.000000
vn 0.999967 -0.008120 0.000000
vn -0.999946 -0.010346 -0.000000
vn -0.999947 -0.010346 -0.000000
vn -0.999803 0.019858 0.000000
vn -0.999803 0.019858 0.000000
vn 0.999649 -0.026496 -0.000000
vn 0.999649 -0.026496 -0.000000
vn -0.046486 -0.046022 0.997858
vn -0.046486 -0.046022 0.997858
vn -0.999969 -0.007817 -0.000000
vn -0.999969 -0.007817 -0.000000
vn 0.012077 -0.051428 0.998604
vn 0.012077 -0.051428 0.998604
vn -0.064079 -0.087889 0.994067
vn -0.064079 -0.087889 0.994067
vn 0.938210 0.346066 0.000000
vn 0.938210 0.346066 0.000000
vn 0.938210 0.346066 0.000000
vn 0.938210 0.346066 0.000000
vn -0.969091 0.246703 0.000000
vn -0.969091 0.246703 0.000000
vn -0.969091 0.246703 0.000000
vn -0.969091 0.246703 0.000000
vn 0.998891 -0.047080 0.000000
vn 0.998891 -0.047080 0.000000
vn 0.998891 -0.047080 0.000000
vn 0.998891 -0.047080 0.000000
vn 0.985129 -0.171814 0.000005
vn 0.985130 -0.171814 0.000005
vn 0.985129 -0.171814 0.000005
vn 0.985130 -0.171814 0.000005
vn 0.998887 -0.047160 0.000000
vn 0.998887 -0.047160 0.000000
vn 0.998887 -0.047160 0.000000
vn 0.998887 -0.047160 0.000000
vn 0.967994 -0.250975 0.000008
vn 0.967994 -0.250975 0.000008
vn 0.967993 -0.250975 0.000008
vn 0.967994 -0.250975 0.000008
vn 0.984832 0.173510 0.000009
vn 0.984832 0.173510 0.000009
vn 0.984832 0.173510 0.000009
vn 0.984832 0.173510 0.000009
vn 0.998895 -0.046992 0.000000
vn 0.998895 -0.046992 0.000000
vn 0.998895 -0.046992 0.000000
vn 0.998895 -0.046992 0.000000
vn 0.998888 -0.047156 0.000000
vn 0.998888 -0.047156 0.000000
vn 0.998888 -0.047156 0.000000
vn 0.998888 -0.047156 0.000000
vn 0.998902 -0.046841 -0.000000
vn 0.998902 -0.046841 -0.000000
vn 0.998902 -0.046841 -0.000000
vn 0.998902 -0.046841 -0.000000
vn 0.998891 -0.047087 0.000000
vn 0.998891 -0.047087 0.000000
vn 0.998891 -0.047087 0.000000
vn 0.998891 -0.047087 0.000000
vn 0.966552 -0.256471 0.000008
vn 0.966552 -0.256471 0.000008
vn 0.966552 -0.256471 0.000008
vn 0.966552 -0.256471 0.000008
vn 0.998891 -0.047093 0.000000
vn 0.998891 -0.047093 0.000000
vn 0.998891 -0.047093 0.000000
vn 0.998891 -0.047093 0.000000
vn 0.998892 -0.047066 -0.000000
vn 0.998892 -0.047066 -0.000000
vn 0.998892 -0.047066 -0.000000
vn 0.998892 -0.047066 -0.000000
vn 0.998885 -0.047215 0.000000
vn 0.998885 -0.047215 0.000000
vn 0.998885 -0.047215 0.000000
vn 0.998885 -0.047215 0.000000
vn 0.998891 -0.047075 -0.000000
vn 0.998891 -0.047075 -0.000000
vn 0.998891 -0.047075 -0.000000
vn 0.998891 -0.047075 -0.000000
vn -0.999573 -0.029222 0.000000
vn -0.999573 -0.029222 0.000000
vn -0.999573 -0.029221 0.000000
vn -0.999573 -0.029221 0.000000
vn 0.999585 -0.028807 0.000000
vn 0.999585 -0.028807 0.000000
vn 0.999585 -0.028807 0.000001
vn 0.999585 -0.028807 0.000001
vn 0.999489 -0.031959 -0.000001
vn 0.999489 -0.031959 -0.000001
vn 0.999489 -0.031959 -0.000001
vn 0.999489 -0.031959 -0.000001
vn -0.999998 -0.002071 0.000000
vn -0.999998 -0.002071 0.000000
vn -0.999998 -0.002071 0.000000
vn -0.999998 -0.002071 0.000000
vn 0.998083 -0.061893 0.000000
vn 0.998083 -0.061893 0.000000
vn 0.998083 -0.061893 0.000000
vn 0.998083 -0.061893 0.000000
vn -0.994776 -0.102081 0.000000
vn -0.994776 -0.102081 0.000000
vn -0.994776 -0.102081 0.000000
vn -0.994776 -0.102081 0.000000
vn 0.998041 -0.062561 0.000000
vn 0.998041 -0.062561 0.000000
vn 0.998041 -0.062561 0.000000
vn 0.998041 -0.062561 0.000000
vn -0.995461 -0.095169 0.000000
vn -0.995461 -0.095169 0.000000
vn -0.995461 -0.095169 0.000000
vn -0.995461 -0.095169 0.000000
vn 0.999660 0.026065 0.000000
vn 0.999660 0.026065 0.000000
vn 0.999660 0.026065 0.000000
vn 0.999660 0.026065 0.000000
vn -0.999945 -0.010518 0.000000
vn -0.999945 -0.010518 0.000000
vn -0.999945 -0.010518 0.000000
vn -0.999945 -0.010518 0.000000
vn 0.994535 -0.104401 -0.000000
vn 0.994535 -0.104401 -0.000000
vn 0.994535 -0.104401 -0.000000
vn 0.994535 -0.104401 -0.000000
vn -0.993342 -0.115207 0.000000
vn -0.993342 -0.115207 0.000000
vn -0.993342 -0.115207 0.000000
vn -0.993342 -0.115207 0.000000
vn 0.997805 -0.066224 0.000000
vn 0.997805 -0.066224 0.000000
vn 0.997805 -0.066224 0.000000
vn 0.997805 -0.066224 0.000000
vn -0.997394 -0.072151 0.000000
vn -0.997394 -0.072151 0.000000
vn -0.997394 -0.072151 0.000000
vn -0.997394 -0.072151 0.000000
vn 0.998468 -0.055328 0.000000
vn 0.998468 -0.055328 0.000000
vn 0.998468 -0.055328 0.000000
vn 0.998468 -0.055328 0.000000
vn -0.999957 0.009302 0.000000
vn -0.999957 0.009302 0.000000
vn -0.999957 0.009302 0.000000
vn -0.999957 0.009302 0.000000
vn 0.998447 -0.055713 -0.000000
vn 0.998447 -0.055713 -0.000000
vn 0.998447 -0.055713 -0.000000
vn 0.998447 -0.055713 -0.000000
vn -0.999795 -0.020223 0.000000
vn -0.999795 -0.020223 0.000000
vn -0.999796 -0.020223 0.000000
vn -0.999796 -0.020223 0.000000
vn -0.998891 -0.047086 0.000000
vn -0.998891 -0.047086 0.000000
vn -0.998891 -0.047086 0.000000
vn -0.998891 -0.047086 0.000000
vn -0.998892 -0.047068 0.000000
vn -0.998892 -0.047068 0.000000
vn -0.998892 -0.047068 0.000000
vn -0.998892 -0.047068 0.000000
vn -0.998889 -0.047128 0.000000
vn -0.998889 -0.047128 0.000000
vn -0.998889 -0.047128 0.000000
vn -0.998889 -0.047128 0.000000
vn -0.975744 -0.218914 0.000000
vn -0.975744 -0.218914 0.000000
vn -0.975744 -0.218914 0.000000
vn -0.975744 -0.218914 0.000000
vn -0.992282 0.124003 0.000000
vn -0.992282 0.124003 0.000000
vn -0.992282 0.124003 0.000000
vn -0.992282 0.124003 0.000000
vn -0.998892 -0.047056 0.000000
vn -0.998892 -0.047056 0.000000
vn -0.998892 -0.047056 0.000000
vn -0.998892 -0.047056 0.000000
vn -0.998891 -0.047084 0.000000
vn -0.998891 -0.047084 0.000000
vn -0.998891 -0.047084 0.000000
vn -0.998891 -0.047084 0.000000
vn -0.998895 -0.046999 0.000000
vn -0.998895 -0.046999 0.000000
vn -0.998895 -0.046999 0.000000
vn -0.998895 -0.046999 0.000000
vn -0.998891 -0.047081 0.000000
vn -0.998891 -0.047081 0.000000
vn -0.998891 -0.047081 0.000000
vn -0.998891 -0.047081 0.000000
vn -0.965755 -0.259454 0.000000
vn -0.965755 -0.259454 0.000000
vn -0.965756 -0.259454 0.000000
vn -0.965755 -0.259454 0.000000
vn -0.967109 0.254361 0.000000
vn -0.967109 0.254361 0.000000
vn -0.967109 0.254361 0.000000
vn -0.967109 0.254361 0.000000
vn -0.998890 -0.047097 0.000000
vn -0.998890 -0.047097 0.000000
vn -0.998890 -0.047097 0.000000
vn -0.998890 -0.047097 0.000000
vn -0.985132 0.171800 0.000000
vn -0.985132 0.171800 0.000000
vn -0.985132 0.171800 0.000000
vn -0.985132 0.171800 0.000000
vn -0.998891 -0.047089 0.000000
vn -0.998891 -0.047089 0.000000
vn -0.998891 -0.047089 0.000000
vn -0.998891 -0.047089 0.000000
vn 0.998898 -0.046937 -0.000000
vn 0.998898 -0.046937 -0.000000
vn 0.998898 -0.046937 -0.000000
vn 0.998898 -0.046937 -0.000000
vn 0.998891 -0.047088 -0.000000
vn 0.998891 -0.047088 -0.000000
vn 0.998891 -0.047088 -0.000000
vn 0.998891 -0.047088 -0.000000
vn -0.998891 -0.047080 0.000000
vn -0.998891 -0.047080 0.000000
vn -0.998891 -0.047080 0.000000
vn -0.998891 -0.047080 0.000000
vn -0.998891 -0.047091 0.000000
vn -0.998891 -0.047091 0.000000
vn -0.998891 -0.047091 0.000000
vn -0.998891 -0.047091 0.000000
vn -0.019138 0.746966 0.664587
vn -0.019138 0.746966 0.664587
vn -0.019138 0.746966 0.664587
vn -0.019138 0.746966 0.664587
vn -0.050908 0.998703 0.000000
vn -0.050908 0.998703 0.000000
vn -0.050908 0.998703 0.000000
vn -0.050908 0.998703 0.000000
vn 0.002560 0.639285 -0.768965
vn 0.003150 0.637556 -0.770397
vn -0.017858 0.696995 -0.716853
vn -0.017858 0.696995 -0.716853
vn -0.000265 -0.009270 0.999957
vn -0.000265 -0.009270 0.999957
vn -0.000265 -0.009270 0.999957
vn -0.000265 -0.009270 0.999957
vn 0.009954 -0.014588 -0.999844
vn 0.010392 -0.015448 -0.999827
vn 0.000134 0.004720 -0.999989
vn 0.000134 0.004720 -0.999989
vn -0.033701 -0.589042 0.807399
vn -0.033701 -0.589042 0.807399
vn -0.033701 -0.589042 0.807399
vn -0.033701 -0.589042 0.807399
vn -0.004140 -0.601511 -0.798854
vn -0.002043 -0.601456 -0.798904
vn -0.034443 -0.602013 -0.797743
vn -0.034443 -0.602013 -0.797743
vn -0.057120 -0.998367 0.000000
vn -0.057120 -0.998367 0.000000
vn -0.057120 -0.998367 0.000000
vn -0.057120 -0.998367 0.000000
vn 0.000000 -1.000000 0.000000
vn 0.000000 -1.000000 0.000000
vn 0.000000 -1.000000 0.000000
vn 0.000000 -1.000000 0.000000
vn 0.001190 -0.277007 0.960867
vn -0.000763 -0.014296 0.999898
vn -0.000777 -0.012392 0.999923
vn 0.001190 -0.277007 0.960867
vn -0.014842 -0.073207 -0.997206
vn -0.013450 -0.294373 -0.955596
vn 0.001222 -0.284508 -0.958673
vn 0.001250 -0.071367 -0.997449
vn -0.039080 0.637987 0.769055
vn -0.039080 0.637987 0.769055
vn -0.039080 0.637987 0.769055
vn -0.039080 0.637987 0.769055
vn -0.061139 0.998129 0.000000
vn -0.061139 0.998129 0.000000
vn -0.061139 0.998129 0.000000
vn -0.061139 0.998129 0.000000
vn -0.018057 0.534628 -0.844895
vn -0.017732 0.534643 -0.844892
vn -0.032703 0.533869 -0.844935
vn -0.032703 0.533869 -0.844935
vn -0.003119 0.053648 0.998555
vn -0.003119 0.053648 0.998555
vn -0.003119 0.053648 0.998555
vn -0.003119 0.053648 0.998555
vn 0.016021 -0.037185 -0.999180
vn 0.016114 -0.037005 -0.999185
vn 0.003552 -0.061076 -0.998127
vn 0.003552 -0.061076 -0.998127
vn -0.076199 0.639631 0.764896
vn -0.076199 0.639631 0.764896
vn -0.076199 0.639631 0.764896
vn -0.076199 0.639631 0.764896
vn -0.119441 0.992841 0.000000
vn -0.119441 0.992841 0.000000
vn -0.119441 0.992841 0.000000
vn -0.119441 0.992841 0.000000
vn 0.005925 0.536511 -0.843872
vn 0.004819 0.536525 -0.843871
vn -0.063867 0.536112 -0.841728
vn -0.063867 0.536112 -0.841728
vn -0.002603 -0.584331 0.811512
vn -0.002603 -0.584331 0.811511
vn -0.002603 -0.584331 0.811511
vn -0.002603 -0.584331 0.811511
vn 0.014625 -0.599730 -0.800069
vn 0.014943 -0.599772 -0.800031
vn -0.002661 -0.597344 -0.801981
vn -0.002661 -0.597344 -0.801980
vn -0.003209 -0.999995 0.000000
vn -0.003209 -0.999995 0.000000
vn -0.003209 -0.999995 0.000000
vn -0.003209 -0.999995 0.000000
vn -0.001634 0.080282 0.996771
vn -0.001634 0.080282 0.996771
vn -0.001634 0.080282 0.996771
vn -0.001634 0.080282 0.996771
vn -0.009966 -0.064582 -0.997863
vn -0.010174 -0.064178 -0.997887
vn 0.001778 -0.087343 -0.996177
vn 0.001778 -0.087343 -0.996177
vn -0.032359 0.638346 0.769069
vn -0.032359 0.638346 0.769069
vn -0.032359 0.638346 0.769069
vn -0.032359 0.638346 0.769069
vn -0.050629 0.998718 0.000000
vn -0.050629 0.998718 0.000000
vn -0.050629 0.998718 0.000000
vn -0.050629 0.998718 0.000000
vn -0.019520 0.534587 -0.844888
vn -0.019476 0.534590 -0.844887
vn -0.027078 0.534166 -0.844946
vn -0.027078 0.534166 -0.844946
vn -0.007116 -0.589046 0.808068
vn -0.007116 -0.589046 0.808068
vn -0.007116 -0.589046 0.808068
vn -0.007116 -0.589046 0.808068
vn -0.009756 -0.601745 -0.798629
vn -0.009800 -0.601740 -0.798632
vn -0.007274 -0.602036 -0.798436
vn -0.007274 -0.602036 -0.798436
vn -0.012204 -0.999926 0.000000
vn -0.012204 -0.999926 0.000000
vn -0.012204 -0.999926 0.000000
vn -0.012204 -0.999926 0.000000
vn -0.000584 0.019761 0.999805
vn -0.000584 0.019761 0.999805
vn -0.000584 0.019761 0.999805
vn -0.000584 0.019761 0.999805
vn -0.007234 -0.008856 -0.999935
vn -0.007552 -0.008093 -0.999939
vn 0.000833 -0.028193 -0.999602
vn 0.000833 -0.028193 -0.999602
vn -0.059252 0.642222 0.764225
vn -0.059252 0.642222 0.764225
vn -0.059251 0.642222 0.764225
vn -0.059252 0.642222 0.764225
vn -0.093200 0.995647 0.000000
vn -0.093200 0.995647 0.000000
vn -0.093200 0.995647 0.000000
vn -0.093200 0.995647 0.000000
vn -0.009481 0.536811 -0.843649
vn -0.009110 0.536792 -0.843665
vn -0.049675 0.538424 -0.841209
vn -0.049675 0.538424 -0.841209
vn -0.017224 -0.588777 0.808112
vn -0.017224 -0.588777 0.808112
vn -0.017224 -0.588777 0.808112
vn -0.017224 -0.588777 0.808112
vn -0.025350 -0.601811 -0.798236
vn -0.025717 -0.601813 -0.798223
vn -0.017604 -0.601763 -0.798481
vn -0.017604 -0.601763 -0.798481
vn -0.029242 -0.999572 0.000000
vn -0.029242 -0.999572 0.000000
vn -0.029242 -0.999572 0.000000
vn -0.029242 -0.999572 0.000000
vn 0.000034 0.029950 0.999551
vn 0.000034 0.029950 0.999551
vn 0.000034 0.029950 0.999551
vn 0.000034 0.029950 0.999551
vn 0.023523 -0.043475 -0.998778
vn 0.024714 -0.043722 -0.998738
vn -0.000044 -0.038592 -0.999255
vn -0.000044 -0.038592 -0.999255
vn -0.029615 0.638477 0.769071
vn -0.029615 0.638477 0.769071
vn -0.029615 0.638477 0.769071
vn -0.029615 0.638477 0.769071
vn -0.046336 0.998926 0.000000
vn -0.046336 0.998926 0.000000
vn -0.046336 0.998926 0.000000
vn -0.046336 0.998926 0.000000
vn 0.015968 0.535607 -0.844317
vn 0.016672 0.535622 -0.844293
vn -0.024782 0.534275 -0.844947
vn -0.024782 0.534275 -0.844947
vn -0.030054 -0.590737 0.806305
vn -0.030054 -0.590737 0.806305
vn -0.030054 -0.590737 0.806305
vn -0.030054 -0.590737 0.806305
vn 0.010747 -0.601705 -0.798646
vn 0.013224 -0.601553 -0.798724
vn -0.030714 -0.603708 -0.796614
vn -0.030714 -0.603708 -0.796614
vn -0.051247 -0.998686 0.000000
vn -0.051247 -0.998686 0.000000
vn -0.051247 -0.998686 0.000000
vn -0.051247 -0.998686 0.000000
vn -0.005001 0.090094 0.995921
vn -0.005001 0.090094 0.995921
vn -0.005001 0.090094 0.995921
vn -0.005001 0.090094 0.995921
vn 0.003674 -0.092957 -0.995663
vn 0.003669 -0.092944 -0.995665
vn 0.005437 -0.097945 -0.995177
vn 0.005437 -0.097945 -0.995177
vn -0.079957 0.633947 0.769232
vn -0.079957 0.633947 0.769232
vn -0.079957 0.633947 0.769232
vn -0.079957 0.633947 0.769232
vn -0.124758 0.992187 0.000000
vn -0.124758 0.992187 0.000000
vn -0.124758 0.992187 0.000000
vn -0.124758 0.992187 0.000000
vn -0.033687 0.533528 -0.845111
vn -0.034423 0.533467 -0.845120
vn -0.066905 0.530463 -0.845064
vn -0.066905 0.530463 -0.845064
vn -0.008376 -0.594243 0.804242
vn -0.008376 -0.594243 0.804242
vn -0.008376 -0.594243 0.804242
vn -0.008376 -0.594243 0.804242
vn 0.008784 -0.602969 -0.797716
vn 0.009236 -0.602856 -0.797797
vn -0.008559 -0.607220 -0.794488
vn -0.008559 -0.607220 -0.794488
vn -0.015583 -0.999879 0.000000
vn -0.015583 -0.999879 0.000000
vn -0.015583 -0.999879 0.000000
vn -0.015583 -0.999879 0.000000
vn -0.002171 0.073639 0.997283
vn -0.002171 0.073639 0.997283
vn -0.002171 0.073639 0.997283
vn -0.002171 0.073639 0.997283
vn -0.011852 -0.105519 -0.994347
vn -0.012303 -0.106201 -0.994269
vn 0.002470 -0.083801 -0.996479
vn 0.002470 -0.083801 -0.996480
vn -0.061230 0.636663 0.768707
vn -0.061230 0.636663 0.768707
vn -0.061230 0.636663 0.768707
vn -0.061230 0.636663 0.768707
vn -0.095730 0.995407 0.000000
vn -0.095730 0.995407 0.000000
vn -0.095730 0.995407 0.000000
vn -0.095730 0.995407 0.000000
vn -0.047289 0.533287 -0.844612
vn -0.047299 0.533285 -0.844612
vn -0.051244 0.532834 -0.844667
vn -0.051244 0.532834 -0.844667
vn -0.021923 -0.588864 0.807935
vn -0.021923 -0.588864 0.807935
vn -0.021923 -0.588864 0.807935
vn -0.021923 -0.588864 0.807935
vn -0.016459 -0.601707 -0.798547
vn -0.016162 -0.601700 -0.798559
vn -0.022407 -0.601846 -0.798298
vn -0.022407 -0.601846 -0.798298
vn -0.037202 -0.999308 0.000000
vn -0.037202 -0.999308 0.000000
vn -0.037202 -0.999308 0.000000
vn -0.037202 -0.999308 0.000000
vn 0.000084 -0.006614 0.999978
vn 0.000084 -0.006614 0.999978
vn 0.000084 -0.006614 0.999978
vn 0.000084 -0.006614 0.999978
vn -0.015277 -0.001646 -0.999882
vn -0.015834 -0.001694 -0.999873
vn 0.000004 -0.000335 -1.000000
vn 0.000004 -0.000335 -1.000000
vn -0.050295 0.640648 0.766185
vn -0.050295 0.640648 0.766185
vn -0.050295 0.640649 0.766185
vn -0.050295 0.640648 0.766185
vn -0.079133 0.996864 0.000000
vn -0.079133 0.996864 0.000000
vn -0.079133 0.996864 0.000000
vn -0.079133 0.996864 0.000000
vn -0.020425 0.535651 -0.844192
vn -0.020033 0.535630 -0.844215
vn -0.042134 0.536696 -0.842723
vn -0.042134 0.536696 -0.842723
vn -0.030084 -0.588983 0.807585
vn -0.030084 -0.588983 0.807585
vn -0.030084 -0.588983 0.807585
vn -0.030084 -0.588983 0.807585
vn -0.028283 -0.601857 -0.798103
vn -0.028156 -0.601852 -0.798111
vn -0.030746 -0.601956 -0.797937
vn -0.030746 -0.601956 -0.797937
vn -0.051007 -0.998698 0.000000
vn -0.051007 -0.998698 0.000000
vn -0.051007 -0.998698 0.000000
vn -0.051007 -0.998698 0.000000
vn 0.013632 0.613408 -0.789649
vn 0.014247 0.613465 -0.789594
vn 0.043245 0.615886 -0.786647
vn 0.043245 0.615886 -0.786647
vn 0.072435 0.997373 0.000000
vn 0.072435 0.997373 0.000000
vn 0.072435 0.997373 0.000000
vn 0.072435 0.997373 0.000000
vn 0.047064 0.670285 0.740610
vn 0.047064 0.670285 0.740610
vn 0.047064 0.670285 0.740610
vn 0.047064 0.670285 0.740610
vn 0.033826 -0.602674 -0.797270
vn 0.034186 -0.602736 -0.797208
vn 0.041945 -0.604033 -0.795855
vn 0.041945 -0.604033 -0.795855
vn 0.041035 -0.590927 0.805681
vn 0.041035 -0.590927 0.805681
vn 0.041035 -0.590927 0.805681
vn 0.041035 -0.590927 0.805681
vn 0.069793 -0.997561 0.000000
vn 0.069793 -0.997561 0.000000
vn 0.069793 -0.997561 0.000000
vn 0.069793 -0.997561 0.000000
vn 0.018530 0.014173 -0.999728
vn 0.018019 0.013916 -0.999741
vn -0.000002 0.004826 -0.999988
vn -0.000002 0.004826 -0.999988
vn 0.000005 -0.009485 0.999955
vn 0.000005 -0.009485 0.999955
vn 0.000005 -0.009485 0.999955
vn 0.000005 -0.009485 0.999955
vn 0.030205 0.532416 -0.845944
vn 0.030590 0.532341 -0.845977
vn 0.054062 0.527639 -0.847747
vn 0.054062 0.527639 -0.847747
vn 0.100571 0.994930 0.000000
vn 0.100571 0.994930 0.000000
vn 0.100571 0.994930 0.000000
vn 0.100571 0.994930 0.000000
vn 0.064676 0.631234 0.772891
vn 0.064676 0.631234 0.772891
vn 0.064676 0.631234 0.772891
vn 0.064676 0.631234 0.772891
vn -0.004626 -0.603369 -0.797449
vn -0.007550 -0.155737 -0.987770
vn 0.045455 -0.607762 -0.792817
vn 0.045455 -0.607762 -0.792818
vn 0.044476 -0.594663 0.802744
vn 0.044476 -0.594663 0.802744
vn 0.044476 -0.594663 0.802744
vn 0.044476 -0.594663 0.802744
vn 0.075942 -0.997112 0.000000
vn 0.075942 -0.997112 0.000000
vn 0.075942 -0.997112 0.000000
vn 0.075942 -0.997112 0.000000
vn -0.007811 -0.109742 -0.993930
vn -0.001053 -0.068419 -0.997656
vn -0.001053 -0.068419 -0.997656
vn 0.000925 0.060104 0.998192
vn 0.000925 0.060104 0.998192
vn 0.000925 0.060104 0.998192
vn 0.000925 0.060104 0.998192
vn 0.000538 0.533759 -0.845636
vn 0.001232 0.533690 -0.845679
vn 0.054725 0.527585 -0.847738
vn 0.054725 0.527585 -0.847738
vn 0.101436 0.994842 0.000000
vn 0.101436 0.994842 0.000000
vn 0.101436 0.994842 0.000000
vn 0.101436 0.994842 0.000000
vn 0.065470 0.631164 0.772881
vn 0.065470 0.631164 0.772881
vn 0.065470 0.631164 0.772881
vn 0.065470 0.631164 0.772881
vn 0.019055 -0.604030 -0.796733
vn 0.019297 -0.604286 -0.796534
vn 0.023995 -0.609223 -0.792636
vn 0.023995 -0.609223 -0.792636
vn 0.023478 -0.596110 0.802560
vn 0.023478 -0.596110 0.802560
vn 0.023478 -0.596110 0.802560
vn 0.023478 -0.596110 0.802560
vn 0.041819 -0.999125 0.000000
vn 0.041819 -0.999125 0.000000
vn 0.041819 -0.999125 0.000000
vn 0.041819 -0.999125 0.000000
vn 0.001546 -0.097590 -0.995225
vn 0.001344 -0.097695 -0.995216
vn -0.003628 -0.100257 -0.994955
vn -0.003628 -0.100257 -0.994955
vn 0.003336 0.092173 0.995737
vn 0.003336 0.092173 0.995737
vn 0.003336 0.092173 0.995737
vn 0.003336 0.092173 0.995737
vn 0.013748 0.535758 -0.844260
vn 0.013375 0.535757 -0.844266
vn 0.047954 0.535522 -0.843159
vn 0.047954 0.535522 -0.843159
vn 0.089887 0.995952 0.000000
vn 0.089887 0.995952 0.000000
vn 0.089887 0.995952 0.000000
vn 0.089887 0.995952 0.000000
vn 0.057236 0.639177 0.766927
vn 0.057236 0.639177 0.766927
vn 0.057236 0.639177 0.766927
vn 0.057236 0.639177 0.766927
vn -0.028202 -0.599997 -0.799505
vn -0.026075 -0.600042 -0.799543
vn 0.037602 -0.600150 -0.799003
vn 0.037602 -0.600150 -0.799003
vn 0.036781 -0.587034 0.808727
vn 0.036781 -0.587034 0.808727
vn 0.036781 -0.587034 0.808727
vn 0.036781 -0.587034 0.808727
vn 0.061837 -0.998086 0.000000
vn 0.061837 -0.998086 0.000000
vn 0.061837 -0.998086 0.000000
vn 0.061837 -0.998086 0.000000
vn -0.013971 -0.025331 -0.999582
vn -0.013772 -0.025346 -0.999584
vn -0.000336 -0.026365 -0.999652
vn -0.000336 -0.026365 -0.999652
vn 0.000235 0.018477 0.999829
vn 0.000235 0.018477 0.999829
vn 0.000235 0.018477 0.999829
vn 0.000235 0.018477 0.999829
vn 0.000000 -1.000000 0.000000
vn 0.000000 -1.000000 0.000000
vn 0.000000 -1.000000 0.000000
vn 0.000000 -1.000000 0.000000
vn -0.000874 -0.273664 -0.961825
vn -0.000891 -0.068928 -0.997621
vn -0.000960 -0.070830 -0.997488
vn -0.000939 -0.282686 -0.959212
vn 0.000586 -0.014295 0.999898
vn -0.000914 -0.275238 0.961376
vn -0.000914 -0.275238 0.961376
vn 0.000598 -0.012236 0.999925
vn 0.030243 0.638438 0.769079
vn 0.030243 0.638438 0.769079
vn 0.030243 0.638438 0.769079
vn 0.030243 0.638438 0.769079
vn 0.024290 0.534671 -0.844711
vn 0.024291 0.534671 -0.844711
vn 0.025323 0.534561 -0.844751
vn 0.025323 0.534561 -0.844751
vn 0.047318 0.998880 0.000000
vn 0.047318 0.998880 0.000000
vn 0.047318 0.998880 0.000000
vn 0.047318 0.998880 0.000000
vn 0.036597 0.534079 -0.844642
vn 0.036689 0.534074 -0.844641
vn 0.056443 0.532823 -0.844342
vn 0.056443 0.532823 -0.844342
vn 0.105339 0.994436 0.000000
vn 0.105339 0.994436 0.000000
vn 0.105339 0.994436 0.000000
vn 0.105339 0.994436 0.000000
vn 0.067407 0.636334 0.768463
vn 0.067407 0.636334 0.768463
vn 0.067407 0.636334 0.768463
vn 0.067407 0.636334 0.768463
vn 0.031845 -0.602112 -0.797777
vn 0.030977 -0.602108 -0.797813
vn 0.001211 -0.601721 -0.798706
vn 0.001211 -0.601721 -0.798706
vn 0.001184 -0.588575 0.808442
vn 0.001184 -0.588575 0.808442
vn 0.001184 -0.588575 0.808442
vn 0.001184 -0.588575 0.808442
vn 0.002041 -0.999998 0.000000
vn 0.002041 -0.999998 0.000000
vn 0.002041 -0.999998 0.000000
vn 0.002041 -0.999998 0.000000
vn 0.025926 -0.039985 -0.998864
vn 0.025197 -0.039999 -0.998882
vn -0.002106 -0.040514 -0.999177
vn -0.002106 -0.040514 -0.999177
vn 0.001634 0.031442 0.999504
vn 0.001634 0.031442 0.999504
vn 0.001634 0.031442 0.999504
vn 0.001634 0.031442 0.999504
vn -0.036807 0.540726 -0.840393
vn -0.037048 0.540703 -0.840397
vn 0.054536 0.547034 -0.835332
vn 0.054536 0.547034 -0.835332
vn 0.103442 0.994636 0.000000
vn 0.103442 0.994636 0.000000
vn 0.103442 0.994636 0.000000
vn 0.103442 0.994636 0.000000
vn 0.064836 0.650351 0.756862
vn 0.064836 0.650351 0.756862
vn 0.064836 0.650351 0.756862
vn 0.064836 0.650351 0.756862
vn 0.020892 -0.598705 -0.800697
vn 0.020167 -0.598351 -0.800980
vn 0.007540 -0.592122 -0.805813
vn 0.007540 -0.592122 -0.805813
vn 0.007373 -0.578967 0.815317
vn 0.007373 -0.578967 0.815317
vn 0.007373 -0.578967 0.815317
vn 0.007373 -0.578967 0.815317
vn 0.010027 -0.999950 0.000000
vn 0.010027 -0.999950 0.000000
vn 0.010027 -0.999950 0.000000
vn 0.010027 -0.999950 0.000000
vn -0.023915 -0.040370 -0.998899
vn -0.023209 -0.041512 -0.998868
vn -0.002796 -0.074450 -0.997221
vn -0.002796 -0.074450 -0.997221
vn 0.002571 0.068462 0.997651
vn 0.002571 0.068462 0.997650
vn 0.002571 0.068462 0.997651
vn 0.002571 0.068462 0.997650
vn 0.009323 0.535987 -0.844175
vn 0.009625 0.535986 -0.844172
vn 0.056531 0.535191 -0.842838
vn 0.056531 0.535191 -0.842837
vn 0.105732 0.994395 0.000000
vn 0.105732 0.994395 0.000000
vn 0.105732 0.994395 0.000000
vn 0.105732 0.994395 0.000000
vn 0.067462 0.638679 0.766510
vn 0.067462 0.638679 0.766510
vn 0.067462 0.638679 0.766510
vn 0.067462 0.638679 0.766511
vn -0.014296 -0.600396 -0.799575
vn -0.013150 -0.600377 -0.799609
vn 0.015607 -0.599644 -0.800115
vn 0.015607 -0.599644 -0.800115
vn 0.015265 -0.586505 0.809802
vn 0.015265 -0.586505 0.809802
vn 0.015265 -0.586505 0.809802
vn 0.015265 -0.586505 0.809802
vn 0.025324 -0.999679 0.000000
vn 0.025324 -0.999679 0.000000
vn 0.025324 -0.999679 0.000000
vn 0.025324 -0.999679 0.000000
vn -0.007097 -0.088528 -0.996048
vn -0.006958 -0.088155 -0.996082
vn -0.003036 -0.077641 -0.996977
vn -0.003036 -0.077641 -0.996977
vn 0.002668 0.068220 0.997667
vn 0.002668 0.068220 0.997667
vn 0.002668 0.068220 0.997667
vn 0.002668 0.068220 0.997667
vn 0.032591 0.531635 -0.846346
vn 0.032044 0.531814 -0.846255
vn 0.049380 0.526053 -0.849017
vn 0.049380 0.526053 -0.849017
vn 0.091317 0.995822 0.000000
vn 0.091317 0.995822 0.000000
vn 0.091317 0.995822 0.000000
vn 0.091317 0.995822 0.000000
vn 0.059113 0.629746 0.774549
vn 0.059113 0.629746 0.774549
vn 0.059113 0.629746 0.774549
vn 0.059113 0.629746 0.774549
vn -0.005776 0.012846 -0.999901
vn -0.005759 0.012806 -0.999901
vn -0.000012 -0.000393 -1.000000
vn -0.000012 -0.000393 -1.000000
vn -0.000226 -0.007514 0.999972
vn -0.000226 -0.007514 0.999972
vn -0.000226 -0.007514 0.999972
vn -0.000226 -0.007514 0.999972
vn 0.022543 -0.596276 0.802463
vn 0.022543 -0.596276 0.802463
vn 0.022543 -0.596276 0.802463
vn 0.022543 -0.596276 0.802463
vn 0.039929 -0.999202 0.000000
vn 0.039929 -0.999203 0.000000
vn 0.039929 -0.999203 0.000000
vn 0.039929 -0.999203 0.000000
vn -0.009736 -0.603860 -0.797031
vn -0.008727 -0.604044 -0.796903
vn 0.023043 -0.609512 -0.792442
vn 0.023043 -0.609512 -0.792442
vn -0.001097 0.031403 0.999506
vn -0.001097 0.031403 0.999506
vn -0.999573 -0.029221 0.000000
vn -0.999573 -0.029221 0.000000
vn -0.014860 -0.035798 -0.999249
vn 0.001249 -0.035760 -0.999360
vn -0.000890 -0.034302 -0.999411
vn -0.000959 -0.035523 -0.999368
vn 0.999585 -0.028807 0.000001
vn 0.999585 -0.028807 0.000001
vn 0.000843 0.031193 0.999513
vn 0.000843 0.031193 0.999513
vn -0.013299 -0.012637 -0.999832
vn -0.017186 -0.050789 -0.998562
vn -0.017172 -0.050676 -0.998568
vn -0.013297 -0.012613 -0.999832
vn -0.006756 -0.601408 -0.798914
vn -0.024069 -0.601146 -0.798776
vn -0.023964 -0.601149 -0.798778
vn -0.006423 -0.601409 -0.798915
vn -0.033433 0.534904 -0.844251
vn -0.016222 0.535398 -0.844444
vn -0.016034 0.535402 -0.844445
vn -0.033475 0.534902 -0.844251
vn -0.027446 -0.046431 -0.998544
vn -0.025377 -0.037972 -0.998957
vn -0.025368 -0.037955 -0.998957
vn -0.027464 -0.046564 -0.998538
vn -0.019047 -0.601380 -0.798736
vn -0.027671 -0.601100 -0.798694
vn -0.027636 -0.601102 -0.798695
vn -0.018909 -0.601383 -0.798737
vn -0.032043 0.534943 -0.844280
vn -0.015946 0.535409 -0.844443
vn -0.015745 0.535413 -0.844444
vn -0.031955 0.534947 -0.844281
vn -0.017027 0.001184 -0.999854
vn 0.010855 -0.075126 -0.997115
vn 0.010886 -0.075249 -0.997105
vn -0.016929 0.001050 -0.999856
vn -0.016734 -0.601617 -0.798610
vn 0.043231 -0.601312 -0.797844
vn 0.044026 -0.601297 -0.797812
vn -0.016132 -0.601622 -0.798618
vn 0.009384 0.535318 -0.844598
vn 0.037106 0.534788 -0.844171
vn 0.036600 0.534804 -0.844183
vn 0.009662 0.535316 -0.844596
vn -0.011529 -0.075807 -0.997056
vn 0.030852 -0.029410 -0.999091
vn 0.031257 -0.028766 -0.999097
vn -0.010583 -0.075288 -0.997106
vn -0.043946 -0.601123 -0.797947
vn -0.010237 -0.601501 -0.798807
vn -0.009584 -0.601505 -0.798812
vn -0.043230 -0.601134 -0.797978
vn 0.016527 0.535351 -0.844468
vn 0.029035 0.535025 -0.844337
vn 0.029229 0.535019 -0.844334
vn 0.016916 0.535343 -0.844465
vn -0.000615 -0.117507 -0.993072
vn 0.005510 -0.150319 -0.988622
vn 0.004308 -0.203412 -0.979084
vn 0.000006 -0.173997 -0.984746
vn -0.006759 -0.601410 -0.798912
vn 0.004062 -0.601396 -0.798941
vn 0.030814 0.535338 -0.844076
vn 0.016202 0.535358 -0.844470
vn 0.016079 0.535358 -0.844472
vn 0.030767 0.535338 -0.844077
vn 0.016765 -0.154119 -0.987910
vn 0.002921 -0.147184 -0.989105
vn 0.002198 -0.210421 -0.977608
vn 0.017895 -0.212626 -0.976970
vn -0.002132 -0.601382 -0.798959
vn 0.024253 -0.601090 -0.798813
vn -0.005588 0.535330 -0.844624
vn 0.006553 0.535359 -0.844600
vn 0.006578 0.535358 -0.844599
vn -0.005786 0.535328 -0.844624
vn 0.027511 -0.087292 -0.995803
vn -0.002195 -0.108210 -0.994126
vn -0.002183 -0.108218 -0.994125
vn 0.027931 -0.086274 -0.995880
vn 0.050788 -0.600277 -0.798178
vn -0.002683 -0.601262 -0.799047
vn -0.002438 -0.601262 -0.799048
vn 0.050755 -0.600278 -0.798179
vn 0.018944 0.535496 -0.844325
vn -0.010727 0.535582 -0.844415
vn -0.000776 0.220446 -0.975399
vn 0.018099 0.209469 -0.977648
vn 0.000690 0.175201 -0.984533
vn 0.018121 0.160851 -0.986812
vn 0.024092 -0.601157 -0.798767
vn 0.015409 -0.601450 -0.798762
vn 0.015410 -0.601450 -0.798762
vn 0.024225 -0.601152 -0.798767
vn -0.014854 0.535206 -0.844591
vn 0.006414 0.535324 -0.844623
vn 0.006214 0.535324 -0.844624
vn -0.015266 0.535199 -0.844588
vn 0.005017 -0.032659 -0.999454
vn 0.013104 -0.031640 -0.999413
vn 0.012940 -0.068519 -0.997566
vn 0.004891 -0.072801 -0.997335
vn 0.011776 -0.284571 -0.958583
vn 0.004574 -0.305977 -0.952028
vn 0.000000 -1.000000 -0.000000
vn 0.000000 -1.000000 -0.000000
vn 0.000000 -1.000000 -0.000000
vn 0.000000 -1.000000 -0.000000
vn -0.002433 0.612174 -0.790720
vn -0.007058 0.612204 -0.790668
vn -0.007049 0.612204 -0.790669
vn -0.002467 0.612174 -0.790720
vn 0.019845 0.535840 -0.844087
vn -0.022533 0.535122 -0.844474
vn -0.022714 0.535118 -0.844472
vn 0.019466 0.535836 -0.844098
vn 0.003705 -0.601348 -0.798979
vn 0.010204 -0.601109 -0.799102
vn 0.010327 -0.601104 -0.799104
vn 0.003681 -0.601349 -0.798978
vn -0.010603 -0.061867 -0.998028
vn 0.007382 -0.041038 -0.999130
vn 0.007667 -0.040414 -0.999154
vn -0.010494 -0.061868 -0.998029
vn 0.002254 0.612218 -0.790686
vn 0.008870 0.612364 -0.790527
vn 0.009004 0.612367 -0.790522
vn 0.002399 0.612221 -0.790683
vn 0.000000 -1.000000 -0.000000
vn 0.000000 -1.000000 -0.000000
vn 0.000000 -1.000000 -0.000000
vn 0.000000 -1.000000 -0.000000
vn -0.004067 -0.319973 -0.947418
vn -0.015181 -0.310766 -0.950365
vn -0.016878 -0.076317 -0.996941
vn -0.004696 -0.076788 -0.997036
vn -0.017163 -0.035687 -0.999216
vn -0.004734 -0.034512 -0.999393
vn -0.021595 0.535002 -0.844575
vn -0.014148 0.534979 -0.844747
vn -0.014024 0.534979 -0.844749
vn -0.021619 0.535002 -0.844574
vn 0.014502 -0.601300 -0.798892
vn -0.013948 -0.601716 -0.798588
vn -0.014099 -0.601718 -0.798585
vn 0.014672 -0.601297 -0.798891
vn 0.015773 0.076894 -0.996915
vn -0.009951 0.012133 -0.999877
vn -0.010356 0.011676 -0.999878
vn 0.016876 0.131932 -0.991115
vn 0.000821 0.535248 -0.844695
vn 0.000518 0.535242 -0.844699
vn 0.023136 0.535430 -0.844263
vn 0.050078 -0.600340 -0.798175
vn -0.005194 -0.601723 -0.798688
vn -0.005865 -0.601731 -0.798678
vn 0.049231 -0.600373 -0.798204
vn 0.027681 -0.019992 -0.999417
vn 0.000340 0.007867 -0.999969
vn -0.000125 0.007608 -0.999971
vn 0.027716 -0.020078 -0.999414
vn -0.005590 0.535339 -0.844619
vn 0.006579 0.535508 -0.844504
vn 0.006768 0.535511 -0.844501
vn -0.005639 0.535338 -0.844619
vn 0.024051 -0.601071 -0.798834
vn -0.001903 -0.601516 -0.798858
vn -0.007165 -0.191513 -0.981464
vn 0.014099 -0.211684 -0.977236
vn -0.007978 -0.132720 -0.991122
vn 0.012294 -0.155864 -0.987702
vn 0.017557 0.535307 -0.844475
vn -0.026401 0.534327 -0.844866
vn -0.026803 0.534311 -0.844863
vn 0.016995 0.535303 -0.844489
vn 0.004317 -0.601396 -0.798940
vn -0.006489 -0.601530 -0.798824
vn -0.006459 -0.601530 -0.798824
vn 0.004093 -0.601398 -0.798939
vn -0.005371 -0.057641 -0.998323
vn -0.012643 -0.041262 -0.999068
vn -0.012702 -0.041451 -0.999060
vn -0.005551 -0.055847 -0.998424
vn 0.005002 0.535345 -0.844619
vn -0.009287 0.535002 -0.844800
vn -0.009362 0.534999 -0.844801
vn 0.004476 0.535336 -0.844627
vn -0.040821 -0.601259 -0.798011
vn -0.000153 -0.601260 -0.799053
vn 0.000153 -0.601255 -0.799058
vn -0.039981 -0.601275 -0.798041
vn -0.022987 -0.087592 -0.995891
vn -0.004817 -0.090159 -0.995916
vn -0.004717 -0.090169 -0.995915
vn -0.022473 -0.087686 -0.995895
vn -0.006497 0.535231 -0.844681
vn -0.015654 0.534849 -0.844803
vn -0.015704 0.534846 -0.844804
vn -0.006773 0.535222 -0.844685
vn -0.027665 -0.601387 -0.798479
vn 0.007273 -0.601097 -0.799143
vn 0.007329 -0.601096 -0.799143
vn -0.027245 -0.601390 -0.798491
vn -0.018595 0.016975 -0.999683
vn 0.009563 -0.008776 -0.999916
vn 0.009760 -0.009099 -0.999911
vn -0.018189 0.016911 -0.999692
vn -0.021752 0.535129 -0.844490
vn 0.018124 0.535805 -0.844147
vn 0.018189 0.535805 -0.844146
vn -0.021428 0.535137 -0.844494
vn -0.003899 -0.601364 -0.798966
vn 0.021651 -0.600699 -0.799182
vn 0.022080 -0.600682 -0.799183
vn -0.003941 -0.601365 -0.798965
vn -0.013469 -0.055563 -0.998364
vn 0.021219 -0.051875 -0.998428
vn 0.021789 -0.051635 -0.998428
vn -0.013302 -0.055599 -0.998365
vn -0.011258 -0.036776 -0.999260
vn 0.021336 -0.038619 -0.999026
vn 0.020674 -0.038567 -0.999042
vn -0.011599 -0.036764 -0.999257
vn 0.018868 0.534901 -0.844704
vn -0.001255 0.535414 -0.844589
vn -0.001209 0.535414 -0.844589
vn 0.019196 0.534889 -0.844704
vn 0.015312 -0.601939 -0.798395
vn -0.017804 -0.601329 -0.798803
vn -0.017531 -0.601335 -0.798804
vn 0.015420 -0.601941 -0.798392
vn 0.017052 0.024548 -0.999553
vn -0.003342 0.016863 -0.999852
vn -0.003140 0.017142 -0.999848
vn 0.017361 0.024332 -0.999553
vn -0.001703 0.612187 -0.790711
vn -0.006857 0.612221 -0.790657
vn -0.006742 0.612221 -0.790658
vn -0.001560 0.612185 -0.790713
vn 0.000000 -1.000000 0.000000
vn 0.000000 -1.000000 -0.000000
vn 0.000000 -1.000000 -0.000000
vn 0.000000 -1.000000 0.000000
vn 0.003421 -0.265171 -0.964195
vn 0.011452 -0.269110 -0.963041
vn 0.012598 -0.066208 -0.997726
vn 0.003781 -0.066531 -0.997777
vn 0.012717 -0.031756 -0.999415
vn 0.003870 -0.032809 -0.999454
vn 0.021621 0.534883 -0.844649
vn 0.017465 0.535153 -0.844575
vn 0.017508 0.535151 -0.844575
vn 0.021607 0.534884 -0.844649
vn -0.016790 -0.601036 -0.799045
vn 0.002886 -0.601472 -0.798889
vn 0.002867 -0.601471 -0.798889
vn -0.016668 -0.601040 -0.799045
vn -0.007104 0.045283 -0.998949
vn -0.006037 0.116901 -0.993125
vn -0.006968 0.169831 -0.985449
vn -0.004822 0.109406 -0.993985
vn -0.013124 0.535495 -0.844437
vn 0.010704 0.535118 -0.844709
vn -0.050324 -0.599668 -0.798665
vn -0.032973 -0.600732 -0.798770
vn -0.033183 -0.600721 -0.798770
vn -0.050208 -0.599677 -0.798666
vn -0.019150 -0.033744 -0.999247
vn -0.016952 -0.073342 -0.997163
vn -0.016964 -0.073045 -0.997184
vn -0.019139 -0.033849 -0.999244
vn 0.000705 0.535554 -0.844501
vn 0.008432 0.535389 -0.844564
vn 0.008434 0.535389 -0.844564
vn 0.000733 0.535554 -0.844501
vn -0.025222 -0.600804 -0.798998
vn -0.016844 -0.601200 -0.798921
vn -0.006044 -0.204000 -0.978952
vn -0.009910 -0.177566 -0.984059
vn -0.004294 -0.138454 -0.990360
vn -0.007530 -0.111196 -0.993770
vn -0.008666 0.535780 -0.844313
vn 0.004455 0.535479 -0.844537
vn 0.004306 0.535483 -0.844535
vn -0.008973 0.535787 -0.844305
vn 0.009740 -0.601783 -0.798600
vn -0.004981 -0.601498 -0.798859
vn 0.006590 -0.187037 -0.982331
vn 0.010057 -0.601790 -0.798591
vn 0.005279 -0.103140 -0.994653
vn 0.007957 -0.129844 -0.991503
vn 0.005176 -0.102733 -0.994696
vn -0.009533 0.535918 -0.844216
vn 0.021432 0.535246 -0.844424
vn 0.020935 0.535259 -0.844428
vn -0.010363 0.535931 -0.844198
vn 0.021674 -0.601913 -0.798267
vn 0.009248 -0.601641 -0.798713
vn 0.009216 -0.601641 -0.798714
vn 0.021943 -0.601920 -0.798255
vn -0.013476 0.002587 -0.999906
vn 0.028491 0.010909 -0.999535
vn 0.027694 0.011521 -0.999550
vn -0.014787 0.000818 -0.999890
vn -0.047855 0.536377 -0.842621
vn 0.020989 0.535393 -0.844342
vn 0.018443 0.535465 -0.844356
vn -0.049193 0.536377 -0.842543
vn -0.004474 -0.601323 -0.798994
vn 0.046715 -0.601285 -0.797668
vn 0.018549 -0.192275 -0.981166
vn -0.002401 -0.206451 -0.978454
vn 0.015538 -0.154781 -0.987827
vn -0.002564 -0.164825 -0.986320
vn 0.009906 0.535210 -0.844661
vn -0.003815 0.535472 -0.844544
vn -0.003749 0.535471 -0.844545
vn 0.010243 0.535201 -0.844663
vn 0.025394 -0.602024 -0.798074
vn -0.014933 -0.601393 -0.798814
vn -0.014546 -0.601402 -0.798814
vn 0.025898 -0.602029 -0.798054
vn -0.958938 0.283615 0.000000
vn -0.958938 0.283615 0.000000
vn -0.958938 0.283615 0.000000
vn -0.958938 0.283615 0.000000
vn 0.998703 -0.050909 0.000000
vn 0.998703 -0.050909 0.000000
vn 0.998703 -0.050909 0.000000
vn 0.998703 -0.050909 0.000000
vn -0.972922 0.231133 -0.000011
vn -0.972922 0.231133 -0.000011
vn -0.972922 0.231133 -0.000011
vn -0.972922 0.231133 -0.000011
vn -0.998891 -0.047076 0.000000
vn -0.998891 -0.047076 0.000000
vn -0.998891 -0.047076 0.000000
vn -0.998891 -0.047076 0.000000
vn -0.998887 -0.047160 -0.000000
vn -0.998887 -0.047160 -0.000000
vn -0.998887 -0.047160 -0.000000
vn -0.998887 -0.047160 -0.000000
vn -0.998891 -0.047076 0.000000
vn -0.998891 -0.047076 0.000000
vn -0.998891 -0.047076 0.000000
vn -0.998891 -0.047076 0.000000
vn -0.998879 -0.047347 -0.000000
vn -0.998879 -0.047347 -0.000000
vn -0.998879 -0.047347 -0.000000
vn -0.998879 -0.047347 -0.000000
vn -0.967190 -0.254054 -0.000008
vn -0.967190 -0.254054 -0.000008
vn -0.967190 -0.254054 -0.000008
vn -0.967190 -0.254054 -0.000008
vn -0.998888 -0.047156 -0.000000
vn -0.998888 -0.047156 -0.000000
vn -0.998888 -0.047156 -0.000000
vn -0.998888 -0.047156 -0.000000
vn -0.958848 -0.283920 -0.000010
vn -0.958848 -0.283919 -0.000010
vn -0.958848 -0.283920 -0.000010
vn -0.958848 -0.283919 -0.000010
vn -0.998891 -0.047093 -0.000000
vn -0.998891 -0.047093 -0.000000
vn -0.998891 -0.047093 -0.000000
vn -0.998891 -0.047093 -0.000000
vn -0.998895 -0.046993 0.000000
vn -0.998895 -0.046993 0.000000
vn -0.998895 -0.046993 0.000000
vn -0.998895 -0.046993 0.000000
vn -0.991364 0.131137 -0.000007
vn -0.991364 0.131137 -0.000007
vn -0.991364 0.131137 -0.000007
vn -0.991364 0.131137 -0.000007
vn -0.969193 -0.246302 -0.000008
vn -0.969193 -0.246302 -0.000008
vn -0.969193 -0.246302 -0.000008
vn -0.969193 -0.246302 -0.000008
vn -0.992447 0.122675 -0.000007
vn -0.992447 0.122675 -0.000007
vn -0.992447 0.122675 -0.000007
vn -0.992447 0.122675 -0.000007
vn -0.998892 -0.047069 0.000000
vn -0.998892 -0.047069 0.000000
vn -0.998892 -0.047069 0.000000
vn -0.998892 -0.047069 0.000000
vn 0.999472 -0.032477 0.000000
vn 0.999473 -0.032477 0.000000
vn 0.999473 -0.032477 0.000000
vn 0.999472 -0.032477 0.000000
vn -0.999489 -0.031967 -0.000001
vn -0.999489 -0.031967 -0.000001
vn -0.999489 -0.031968 -0.000001
vn -0.999489 -0.031968 -0.000001
vn -0.999909 -0.013522 0.000001
vn -0.999909 -0.013522 0.000001
vn -0.999909 -0.013522 0.000001
vn -0.999909 -0.013522 0.000001
vn 0.999148 -0.041264 0.000000
vn 0.999148 -0.041264 0.000000
vn 0.999148 -0.041264 0.000000
vn 0.999148 -0.041264 0.000000
vn -0.999973 -0.007323 0.000000
vn -0.999973 -0.007323 0.000000
vn -0.999973 -0.007323 0.000000
vn -0.999973 -0.007323 0.000000
vn 0.999933 0.011597 0.000000
vn 0.999933 0.011597 0.000000
vn 0.999933 0.011597 0.000000
vn 0.999933 0.011597 0.000000
vn -0.997018 -0.077176 0.000000
vn -0.997018 -0.077176 0.000000
vn -0.997018 -0.077176 0.000000
vn -0.997018 -0.077176 0.000000
vn 0.995880 -0.090678 0.000000
vn 0.995880 -0.090678 0.000000
vn 0.995880 -0.090678 0.000000
vn 0.995880 -0.090678 0.000000
vn -0.995796 -0.091603 0.000000
vn -0.995796 -0.091603 0.000000
vn -0.995796 -0.091603 0.000000
vn -0.995796 -0.091603 0.000000
vn 0.999509 0.031347 0.000000
vn 0.999509 0.031347 0.000000
vn 0.999509 0.031347 0.000000
vn 0.999509 0.031347 0.000000
vn -0.998182 -0.060270 0.000000
vn -0.998182 -0.060270 0.000000
vn -0.998182 -0.060270 0.000000
vn -0.998182 -0.060270 0.000000
vn 0.998726 -0.050464 0.000000
vn 0.998726 -0.050464 0.000000
vn 0.998726 -0.050464 0.000000
vn 0.998726 -0.050464 0.000000
vn -0.996368 -0.085151 0.000000
vn -0.996368 -0.085151 0.000000
vn -0.996368 -0.085151 0.000000
vn -0.996368 -0.085151 0.000000
vn 0.999638 0.026915 0.000000
vn 0.999638 0.026915 0.000000
vn 0.999638 0.026915 0.000000
vn 0.999638 0.026915 0.000000
vn -1.000000 -0.000536 -0.000000
vn -1.000000 -0.000536 -0.000000
vn -1.000000 -0.000536 -0.000000
vn -1.000000 -0.000536 -0.000000
vn 0.998472 -0.055258 0.000000
vn 0.998472 -0.055258 0.000000
vn 0.998472 -0.055258 0.000000
vn 0.998472 -0.055258 0.000000
vn -0.997858 -0.065422 -0.000000
vn -0.997858 -0.065422 -0.000000
vn -0.997858 -0.065422 -0.000000
vn -0.997858 -0.065422 -0.000000
vn 0.998413 -0.056323 0.000000
vn 0.998413 -0.056323 0.000000
vn 0.998413 -0.056323 0.000000
vn 0.998413 -0.056323 0.000000
vn 0.998891 -0.047081 0.000000
vn 0.998891 -0.047081 0.000000
vn 0.998891 -0.047081 0.000000
vn 0.998891 -0.047081 0.000000
vn 0.998892 -0.047068 0.000000
vn 0.998892 -0.047068 0.000000
vn 0.998892 -0.047068 0.000000
vn 0.998892 -0.047068 0.000000
vn 0.998889 -0.047122 0.000000
vn 0.998889 -0.047122 0.000000
vn 0.998889 -0.047122 0.000000
vn 0.998889 -0.047122 0.000000
vn 0.998891 -0.047075 0.000000
vn 0.998891 -0.047075 0.000000
vn 0.998891 -0.047075 0.000000
vn 0.998891 -0.047075 0.000000
vn 0.926541 0.376194 0.000000
vn 0.926541 0.376194 0.000000
vn 0.926541 0.376194 0.000000
vn 0.926541 0.376194 0.000000
vn 0.942734 -0.333546 0.000000
vn 0.942734 -0.333546 0.000000
vn 0.942734 -0.333546 0.000000
vn 0.942734 -0.333546 0.000000
vn 0.973963 0.226705 0.000000
vn 0.973963 0.226705 0.000000
vn 0.973963 0.226705 0.000000
vn 0.973963 0.226705 0.000000
vn 0.961112 -0.276159 0.000000
vn 0.961112 -0.276159 0.000000
vn 0.961112 -0.276159 0.000000
vn 0.961112 -0.276159 0.000000
vn 0.990414 0.138130 0.000000
vn 0.990414 0.138130 0.000000
vn 0.990414 0.138130 0.000000
vn 0.990414 0.138130 0.000000
vn 0.950471 -0.310815 0.000000
vn 0.950471 -0.310815 0.000000
vn 0.950471 -0.310815 0.000000
vn 0.950471 -0.310815 0.000000
vn 0.998891 -0.047075 0.000000
vn 0.998891 -0.047075 0.000000
vn 0.998891 -0.047075 0.000000
vn 0.998891 -0.047075 0.000000
vn 0.973753 -0.227608 0.000000
vn 0.973753 -0.227608 0.000000
vn 0.973753 -0.227608 0.000000
vn 0.973753 -0.227608 0.000000
vn 0.998891 -0.047076 0.000000
vn 0.998891 -0.047076 0.000000
vn 0.998891 -0.047076 0.000000
vn 0.998891 -0.047076 0.000000
vn 0.998891 -0.047089 0.000000
vn 0.998891 -0.047089 0.000000
vn 0.998891 -0.047089 0.000000
vn 0.998891 -0.047089 0.000000
vn -0.974259 -0.225430 -0.000012
vn -0.974259 -0.225430 -0.000012
vn -0.974259 -0.225430 -0.000012
vn -0.974259 -0.225430 -0.000012
vn -0.998891 -0.047081 0.000000
vn -0.998891 -0.047081 0.000000
vn -0.998891 -0.047081 0.000000
vn -0.998891 -0.047081 0.000000
vn 0.998891 -0.047073 0.000000
vn 0.998891 -0.047073 0.000000
vn 0.998891 -0.047073 0.000000
vn 0.998891 -0.047073 0.000000
vn 0.998891 -0.047085 0.000000
vn 0.998891 -0.047085 0.000000
vn 0.998891 -0.047085 0.000000
vn 0.998891 -0.047085 0.000000
vn 0.036870 0.665386 -0.745588
vn 0.036870 0.665386 -0.745588
vn 0.036870 0.665386 -0.745588
vn 0.036870 0.665386 -0.745588
vn 0.055325 0.998468 0.000000
vn 0.055325 0.998468 0.000000
vn 0.055325 0.998468 0.000000
vn 0.055325 0.998468 0.000000
vn -0.002567 0.612175 0.790718
vn -0.003086 0.612190 0.790705
vn 0.033842 0.610741 0.791107
vn 0.033842 0.610741 0.791107
vn -0.000216 0.042586 -0.999093
vn -0.000216 0.042586 -0.999093
vn -0.000216 0.042586 -0.999093
vn -0.000216 0.042586 -0.999093
vn -0.003343 -0.028772 0.999580
vn -0.003467 -0.028091 0.999599
vn 0.000246 -0.048490 0.998824
vn 0.000246 -0.048490 0.998824
vn 0.038623 -0.589082 -0.807150
vn 0.038623 -0.589082 -0.807150
vn 0.038623 -0.589082 -0.807150
vn 0.038623 -0.589082 -0.807150
vn 0.023682 -0.601827 0.798275
vn 0.022789 -0.601810 0.798314
vn 0.039473 -0.602044 0.797486
vn 0.039473 -0.602044 0.797486
vn 0.065425 -0.997857 0.000000
vn 0.065425 -0.997857 0.000000
vn 0.065425 -0.997857 0.000000
vn 0.065425 -0.997858 0.000000
vn -0.000000 -1.000000 -0.000001
vn -0.000000 -1.000000 -0.000001
vn -0.000000 -1.000000 -0.000000
vn -0.000000 -1.000000 -0.000000
vn 0.000647 -0.020932 -0.999781
vn 0.001153 0.034790 -0.999394
vn 0.001153 0.034790 -0.999394
vn 0.000668 -0.018697 -0.999825
vn 0.013961 -0.038302 0.999169
vn 0.013562 -0.097828 0.995111
vn -0.001419 -0.098416 0.995144
vn -0.001311 -0.039616 0.999214
vn 0.035179 0.638188 -0.769076
vn 0.035179 0.638188 -0.769076
vn 0.035179 0.638188 -0.769076
vn 0.035179 0.638188 -0.769076
vn 0.055038 0.998484 0.000001
vn 0.055038 0.998484 0.000001
vn 0.055038 0.998484 0.000001
vn 0.055038 0.998484 0.000001
vn 0.034318 0.533954 0.844817
vn 0.034353 0.533953 0.844816
vn 0.029437 0.534033 0.844951
vn 0.029437 0.534033 0.844951
vn 0.002398 0.050080 -0.998742
vn 0.002398 0.050080 -0.998742
vn 0.002398 0.050080 -0.998742
vn 0.002398 0.050080 -0.998742
vn -0.006400 -0.049268 0.998765
vn -0.006453 -0.049156 0.998770
vn -0.002730 -0.057015 0.998370
vn -0.002730 -0.057015 0.998370
vn 0.063099 0.640577 -0.765297
vn 0.063099 0.640577 -0.765297
vn 0.063099 0.640577 -0.765297
vn 0.063099 0.640577 -0.765297
vn 0.098982 0.995089 0.000000
vn 0.098982 0.995089 0.000000
vn 0.098982 0.995089 0.000000
vn 0.098982 0.995089 0.000000
vn 0.002036 0.536498 0.843899
vn 0.001925 0.536496 0.843901
vn 0.052878 0.536821 0.842037
vn 0.052878 0.536821 0.842037
vn 0.002167 -0.584553 -0.811353
vn 0.002167 -0.584553 -0.811353
vn 0.002167 -0.584553 -0.811353
vn 0.002167 -0.584553 -0.811353
vn -0.013809 -0.599672 0.800127
vn -0.014140 -0.599714 0.800090
vn 0.002215 -0.597551 0.801828
vn 0.002215 -0.597551 0.801828
vn 0.002712 -0.999996 0.000000
vn 0.002712 -0.999996 0.000000
vn 0.002712 -0.999996 0.000000
vn 0.002712 -0.999996 0.000000
vn 0.002759 0.106914 -0.994265
vn 0.002759 0.106914 -0.994265
vn 0.002759 0.106914 -0.994264
vn 0.002759 0.106914 -0.994265
vn -0.013052 -0.129379 0.991509
vn -0.014529 -0.180869 0.983400
vn -0.002949 -0.114272 0.993445
vn -0.002949 -0.114272 0.993445
vn 0.043205 0.641353 -0.766029
vn 0.043205 0.641353 -0.766029
vn 0.043205 0.641353 -0.766029
vn 0.043205 0.641353 -0.766029
vn 0.068310 0.997664 0.000000
vn 0.068310 0.997664 0.000000
vn 0.068310 0.997664 0.000000
vn 0.068310 0.997664 0.000000
vn 0.021414 0.535569 0.844220
vn 0.021421 0.535570 0.844219
vn 0.036196 0.537318 0.842602
vn 0.036196 0.537318 0.842602
vn 0.008791 -0.589378 -0.807810
vn 0.008791 -0.589378 -0.807810
vn 0.008791 -0.589378 -0.807810
vn 0.008791 -0.589378 -0.807810
vn -0.025250 -0.600772 0.799022
vn 0.008985 -0.602368 0.798168
vn 0.008985 -0.602368 0.798168
vn 0.015155 -0.999885 0.000000
vn 0.015155 -0.999885 0.000000
vn 0.015155 -0.999885 0.000000
vn 0.015155 -0.999885 0.000000
vn 0.003497 0.112537 -0.993641
vn 0.003497 0.112537 -0.993641
vn 0.003497 0.112537 -0.993641
vn 0.003497 0.112537 -0.993641
vn -0.005147 -0.110124 0.993905
vn -0.005167 -0.109981 0.993920
vn -0.003736 -0.120198 0.992743
vn -0.003736 -0.120198 0.992743
vn 0.059607 0.636775 -0.768742
vn 0.059607 0.636775 -0.768742
vn 0.059607 0.636775 -0.768742
vn 0.059607 0.636775 -0.768742
vn 0.093200 0.995647 0.000000
vn 0.093200 0.995647 0.000000
vn 0.093200 0.995647 0.000000
vn 0.093200 0.995647 0.000000
vn 0.024266 0.534355 0.844912
vn 0.024567 0.534340 0.844913
vn 0.049885 0.532920 0.844694
vn 0.049885 0.532920 0.844694
vn 0.018519 -0.588804 -0.808064
vn 0.018519 -0.588804 -0.808064
vn 0.018519 -0.588804 -0.808064
vn 0.018519 -0.588804 -0.808064
vn -0.004620 -0.601260 0.799040
vn -0.005432 -0.601236 0.799053
vn 0.018927 -0.601788 0.798432
vn 0.018927 -0.601788 0.798432
vn 0.031436 -0.999506 -0.000000
vn 0.031436 -0.999506 -0.000000
vn 0.031436 -0.999506 -0.000000
vn 0.031436 -0.999506 -0.000000
vn -0.000123 0.089724 -0.995967
vn -0.000123 0.089724 -0.995967
vn -0.000123 0.089724 -0.995967
vn -0.000123 0.089724 -0.995967
vn -0.002051 -0.107741 0.994177
vn -0.002139 -0.108168 0.994130
vn 0.000133 -0.097215 0.995264
vn 0.000133 -0.097215 0.995263
vn 0.037961 0.638064 -0.769047
vn 0.037961 0.638064 -0.769047
vn 0.037961 0.638064 -0.769047
vn 0.037961 0.638064 -0.769047
vn 0.059392 0.998235 0.000000
vn 0.059392 0.998235 0.000000
vn 0.059392 0.998235 0.000000
vn 0.059392 0.998235 0.000000
vn 0.004671 0.535100 0.844776
vn 0.004195 0.535117 0.844768
vn 0.031766 0.533937 0.844927
vn 0.031766 0.533937 0.844927
vn 0.034027 -0.589048 -0.807381
vn 0.034027 -0.589048 -0.807381
vn 0.034027 -0.589048 -0.807381
vn 0.034027 -0.589048 -0.807381
vn 0.010680 -0.601638 0.798698
vn 0.009301 -0.601605 0.798739
vn 0.034776 -0.602020 0.797723
vn 0.034776 -0.602020 0.797723
vn 0.057672 -0.998336 0.000000
vn 0.057672 -0.998336 0.000000
vn 0.057672 -0.998336 0.000000
vn 0.057672 -0.998336 0.000000
vn 0.000925 0.017303 -0.999850
vn 0.000925 0.017303 -0.999850
vn 0.000925 0.017303 -0.999850
vn 0.000925 0.017303 -0.999850
vn -0.000959 -0.024546 0.999698
vn -0.000957 -0.024537 0.999699
vn -0.001389 -0.025997 0.999661
vn -0.001389 -0.025997 0.999661
vn 0.080334 0.640758 -0.763529
vn 0.080334 0.640758 -0.763529
vn 0.080334 0.640758 -0.763529
vn 0.080334 0.640758 -0.763529
vn 0.125946 0.992037 0.000000
vn 0.125946 0.992037 0.000000
vn 0.125946 0.992037 0.000000
vn 0.125946 0.992037 0.000000
vn 0.033752 0.535585 0.843807
vn 0.034485 0.535630 0.843748
vn 0.067369 0.537343 0.840669
vn 0.067369 0.537343 0.840669
vn 0.008035 -0.594849 -0.803798
vn 0.008035 -0.594849 -0.803798
vn 0.008035 -0.594849 -0.803797
vn 0.008035 -0.594849 -0.803798
vn -0.008667 -0.603230 0.797520
vn -0.009116 -0.603105 0.797610
vn 0.008209 -0.607824 0.794029
vn 0.008209 -0.607824 0.794029
vn 0.015103 -0.999886 0.000001
vn 0.015103 -0.999886 0.000001
vn 0.015103 -0.999886 0.000001
vn 0.015103 -0.999886 0.000001
vn 0.000100 0.003593 -0.999994
vn 0.000100 0.003593 -0.999994
vn 0.000100 0.003593 -0.999994
vn 0.000100 0.003593 -0.999994
vn -0.011222 0.003215 0.999932
vn -0.011374 0.003415 0.999930
vn -0.000312 -0.011256 0.999937
vn -0.000312 -0.011256 0.999937
vn 0.060934 0.640043 -0.765919
vn 0.060934 0.640043 -0.765919
vn 0.060934 0.640043 -0.765919
vn 0.060934 0.640043 -0.765919
vn 0.095730 0.995407 -0.000000
vn 0.095730 0.995407 -0.000000
vn 0.095730 0.995407 -0.000000
vn 0.095730 0.995407 -0.000000
vn 0.010397 0.535908 0.844213
vn 0.011025 0.535920 0.844197
vn 0.051052 0.536243 0.842518
vn 0.051052 0.536243 0.842518
vn 0.020007 -0.590047 -0.807121
vn 0.020007 -0.590047 -0.807121
vn 0.020007 -0.590047 -0.807121
vn 0.020007 -0.590047 -0.807121
vn -0.007418 -0.601596 0.798766
vn -0.008400 -0.601537 0.798800
vn 0.020447 -0.603027 0.797459
vn 0.020447 -0.603027 0.797459
vn 0.034202 -0.999415 0.000000
vn 0.034202 -0.999415 0.000000
vn 0.034202 -0.999415 0.000000
vn 0.034202 -0.999415 0.000000
vn -0.000106 -0.007516 -0.999972
vn -0.000106 -0.007516 -0.999972
vn -0.000106 -0.007516 -0.999972
vn -0.000106 -0.007516 -0.999972
vn 0.008398 0.018828 0.999788
vn 0.008554 0.019184 0.999779
vn -0.000005 -0.000379 1.000000
vn -0.000005 -0.000379 1.000000
vn 0.054733 0.637084 -0.768849
vn 0.054733 0.637084 -0.768849
vn 0.054733 0.637084 -0.768849
vn 0.054733 0.637084 -0.768849
vn 0.085595 0.996330 0.000000
vn 0.085595 0.996330 0.000000
vn 0.085595 0.996330 0.000000
vn 0.085595 0.996330 0.000000
vn 0.025159 0.534332 0.844900
vn 0.025306 0.534324 0.844901
vn 0.045804 0.533156 0.844776
vn 0.045804 0.533156 0.844776
vn 0.034016 -0.589030 -0.807395
vn 0.034016 -0.589030 -0.807395
vn 0.034016 -0.589030 -0.807395
vn 0.034016 -0.589030 -0.807395
vn 0.009590 -0.601611 0.798732
vn 0.008757 -0.601592 0.798755
vn 0.034764 -0.601998 0.797741
vn 0.034764 -0.601998 0.797741
vn 0.057648 -0.998337 -0.000000
vn 0.057648 -0.998337 -0.000000
vn 0.057648 -0.998337 -0.000000
vn 0.057648 -0.998337 -0.000000
vn -0.008404 0.613388 0.789737
vn -0.008732 0.613408 0.789718
vn -0.054012 0.615400 0.786362
vn -0.054012 0.615400 0.786362
vn -0.090508 0.995896 0.000000
vn -0.090508 0.995896 0.000000
vn -0.090508 0.995896 0.000000
vn -0.090508 0.995896 0.000000
vn -0.058779 0.669710 -0.740293
vn -0.058779 0.669711 -0.740292
vn -0.058779 0.669711 -0.740292
vn -0.058779 0.669711 -0.740292
vn -0.031133 -0.602139 0.797784
vn -0.032288 -0.602157 0.797724
vn -0.050207 -0.602346 0.796655
vn -0.050207 -0.602346 0.796655
vn -0.049116 -0.589252 -0.806455
vn -0.049116 -0.589252 -0.806455
vn -0.049116 -0.589252 -0.806455
vn -0.049116 -0.589252 -0.806455
vn -0.083065 -0.996544 0.000000
vn -0.083065 -0.996544 0.000000
vn -0.083065 -0.996544 0.000000
vn -0.083065 -0.996544 0.000000
vn -0.000908 -0.045224 0.998977
vn -0.000880 -0.045324 0.998972
vn -0.000029 -0.048461 0.998825
vn -0.000029 -0.048461 0.998825
vn 0.000025 0.042561 -0.999094
vn 0.000025 0.042561 -0.999094
vn 0.000025 0.042561 -0.999094
vn 0.000025 0.042561 -0.999094
vn -0.007886 0.533659 0.845663
vn -0.008580 0.533517 0.845746
vn -0.030089 0.528986 0.848097
vn -0.030089 0.528986 0.848097
vn -0.055038 0.998484 0.000000
vn -0.055038 0.998484 0.000000
vn -0.055038 0.998484 0.000000
vn -0.055038 0.998484 0.000000
vn -0.036002 0.632957 -0.773349
vn -0.036002 0.632957 -0.773349
vn -0.036002 0.632957 -0.773349
vn -0.036002 0.632957 -0.773349
vn -0.079978 -0.604450 0.792618
vn -0.078966 -0.604841 0.792421
vn -0.060658 -0.611781 0.788698
vn -0.060658 -0.611781 0.788698
vn -0.059364 -0.598732 -0.798747
vn -0.059364 -0.598732 -0.798747
vn -0.059364 -0.598732 -0.798747
vn -0.059364 -0.598732 -0.798747
vn -0.101820 -0.994803 0.000000
vn -0.101820 -0.994803 0.000000
vn -0.101820 -0.994803 0.000000
vn -0.101820 -0.994803 0.000000
vn -0.038601 -0.041268 0.998402
vn -0.036382 -0.043005 0.998412
vn -0.001247 -0.070440 0.997515
vn -0.001247 -0.070440 0.997515
vn 0.001096 0.061884 -0.998083
vn 0.001096 0.061884 -0.998083
vn 0.001096 0.061884 -0.998083
vn 0.001096 0.061884 -0.998083
vn -0.048506 0.531834 0.845458
vn -0.048436 0.531862 0.845445
vn -0.059827 0.527255 0.847599
vn -0.059827 0.527255 0.847599
vn -0.110849 0.993837 0.000000
vn -0.110849 0.993837 0.000000
vn -0.110849 0.993837 0.000000
vn -0.110849 0.993837 0.000000
vn -0.071568 0.630727 -0.772698
vn -0.071568 0.630727 -0.772698
vn -0.071568 0.630727 -0.772698
vn -0.071568 0.630727 -0.772698
vn -0.019156 -0.603540 0.797103
vn -0.013462 -0.198805 0.979947
vn -0.024449 -0.607604 0.793864
vn -0.024449 -0.607604 0.793864
vn -0.023922 -0.594486 -0.803750
vn -0.023922 -0.594486 -0.803750
vn -0.023922 -0.594486 -0.803750
vn -0.023922 -0.594486 -0.803750
vn -0.042121 -0.999113 0.000000
vn -0.042121 -0.999113 0.000000
vn -0.042121 -0.999113 0.000000
vn -0.042121 -0.999113 0.000000
vn -0.012145 -0.145689 0.989256
vn 0.005090 -0.132048 0.991230
vn 0.005090 -0.132048 0.991230
vn -0.004764 0.123586 -0.992322
vn -0.004764 0.123586 -0.992322
vn -0.004764 0.123586 -0.992322
vn -0.004764 0.123586 -0.992322
vn -0.025514 0.536278 0.843655
vn -0.025206 0.536252 0.843681
vn -0.055366 0.538579 0.840754
vn -0.055366 0.538579 0.840754
vn -0.104369 0.994539 0.000000
vn -0.104369 0.994539 0.000000
vn -0.104369 0.994539 0.000000
vn -0.104369 0.994539 0.000000
vn -0.066002 0.642047 -0.763819
vn -0.066003 0.642047 -0.763819
vn -0.066003 0.642047 -0.763819
vn -0.066003 0.642047 -0.763819
vn -0.007006 -0.601155 0.799102
vn -0.008286 -0.601129 0.799109
vn -0.040256 -0.600168 0.798860
vn -0.040256 -0.600168 0.798860
vn -0.039376 -0.587056 -0.808588
vn -0.039376 -0.587056 -0.808588
vn -0.039376 -0.587056 -0.808588
vn -0.039376 -0.587056 -0.808588
vn -0.066179 -0.997808 0.000000
vn -0.066179 -0.997808 0.000000
vn -0.066179 -0.997808 0.000000
vn -0.066179 -0.997808 0.000000
vn -0.002255 -0.100485 0.994936
vn -0.002190 -0.100699 0.994915
vn 0.001587 -0.113127 0.993579
vn 0.001587 -0.113127 0.993579
vn -0.001486 0.105910 -0.994375
vn -0.001486 0.105910 -0.994375
vn -0.001486 0.105910 -0.994375
vn -0.001486 0.105910 -0.994375
vn 0.000000 -1.000000 0.000000
vn 0.000000 -1.000000 0.000000
vn 0.000000 -1.000000 0.000000
vn 0.000000 -1.000000 0.000000
vn 0.031884 -0.081338 0.996176
vn 0.033305 -0.027229 0.999074
vn 0.001237 -0.039317 0.999226
vn 0.001339 -0.097667 0.995218
vn -0.001086 0.034526 -0.999403
vn -0.000609 -0.020802 -0.999783
vn -0.000629 -0.018553 -0.999828
vn -0.001086 0.034526 -0.999403
vn -0.033464 0.638282 -0.769075
vn -0.033464 0.638282 -0.769074
vn -0.033464 0.638282 -0.769075
vn -0.033464 0.638282 -0.769074
vn 0.022219 0.536020 0.843913
vn 0.022118 0.536018 0.843917
vn -0.028019 0.534432 0.844747
vn -0.028019 0.534432 0.844747
vn -0.052355 0.998628 0.000000
vn -0.052355 0.998628 0.000000
vn -0.052355 0.998628 0.000000
vn -0.052355 0.998628 0.000000
vn -0.001123 0.537057 0.843545
vn -0.001874 0.537085 0.843526
vn -0.048570 0.538243 0.841389
vn -0.048570 0.538243 0.841389
vn -0.091307 0.995823 0.000000
vn -0.091307 0.995823 0.000000
vn -0.091307 0.995823 0.000000
vn -0.091307 0.995823 0.000000
vn -0.057919 0.641850 -0.764639
vn -0.057919 0.641850 -0.764639
vn -0.057919 0.641850 -0.764639
vn -0.057919 0.641850 -0.764639
vn -0.042018 -0.602178 0.797255
vn -0.041792 -0.602187 0.797261
vn -0.038391 -0.602307 0.797341
vn -0.038391 -0.602307 0.797341
vn -0.037554 -0.589192 -0.807120
vn -0.037554 -0.589192 -0.807120
vn -0.037554 -0.589192 -0.807120
vn -0.037554 -0.589192 -0.807120
vn -0.063610 -0.997975 0.000000
vn -0.063610 -0.997975 0.000000
vn -0.063610 -0.997975 0.000000
vn -0.063610 -0.997975 0.000000
vn -0.010086 -0.082483 0.996542
vn -0.009544 -0.083282 0.996480
vn 0.001050 -0.098884 0.995098
vn 0.001050 -0.098884 0.995098
vn -0.000969 0.091270 -0.995826
vn -0.000969 0.091270 -0.995826
vn -0.000969 0.091270 -0.995826
vn -0.000969 0.091270 -0.995826
vn -0.045391 0.537053 0.842326
vn -0.045466 0.537285 0.842174
vn -0.047407 0.543297 0.838201
vn -0.047407 0.543297 0.838201
vn -0.089529 0.995984 0.000000
vn -0.089529 0.995984 0.000000
vn -0.089529 0.995984 0.000000
vn -0.089529 0.995984 0.000000
vn -0.056442 0.646844 -0.760531
vn -0.056442 0.646844 -0.760531
vn -0.056442 0.646844 -0.760531
vn -0.056442 0.646844 -0.760531
vn -0.012778 -0.598815 0.800785
vn -0.012683 -0.598697 0.800875
vn -0.007938 -0.592791 0.805318
vn -0.007938 -0.592791 0.805317
vn -0.007762 -0.579636 -0.814839
vn -0.007762 -0.579636 -0.814839
vn -0.007762 -0.579636 -0.814839
vn -0.007762 -0.579636 -0.814839
vn -0.010701 -0.999943 0.000000
vn -0.010701 -0.999943 0.000000
vn -0.010701 -0.999943 0.000000
vn -0.010701 -0.999943 0.000000
vn -0.037996 -0.038166 0.998549
vn -0.037154 -0.037721 0.998597
vn 0.000639 -0.017732 0.999843
vn 0.000639 -0.017732 0.999843
vn -0.000425 0.011799 -0.999930
vn -0.000425 0.011799 -0.999930
vn -0.000425 0.011799 -0.999930
vn -0.000425 0.011799 -0.999930
vn -0.009062 0.536032 0.844149
vn -0.009466 0.536031 0.844145
vn -0.052986 0.535415 0.842925
vn -0.052986 0.535415 0.842925
vn -0.099128 0.995075 0.000000
vn -0.099128 0.995075 0.000000
vn -0.099128 0.995075 0.000000
vn -0.099128 0.995075 0.000000
vn -0.063235 0.638975 -0.766624
vn -0.063235 0.638975 -0.766624
vn -0.063235 0.638975 -0.766624
vn -0.063235 0.638975 -0.766624
vn 0.004261 -0.601048 0.799202
vn 0.003598 -0.601039 0.799212
vn -0.015450 -0.600672 0.799347
vn -0.015450 -0.600671 0.799347
vn -0.015112 -0.587533 -0.809059
vn -0.015112 -0.587533 -0.809059
vn -0.015112 -0.587533 -0.809059
vn -0.015112 -0.587533 -0.809059
vn -0.025324 -0.999679 0.000000
vn -0.025324 -0.999679 0.000000
vn -0.025324 -0.999679 0.000000
vn -0.025324 -0.999679 0.000000
vn 0.000118 -0.010541 0.999945
vn 0.000125 -0.010542 0.999945
vn 0.000397 -0.010612 0.999944
vn 0.000397 -0.010612 0.999944
vn -0.000127 0.003388 -0.999994
vn -0.000127 0.003388 -0.999994
vn -0.000127 0.003388 -0.999994
vn -0.000127 0.003388 -0.999994
vn -0.033846 0.532639 0.845665
vn -0.033766 0.532660 0.845655
vn -0.046997 0.529144 0.847229
vn -0.046997 0.529144 0.847230
vn -0.087265 0.996185 0.000000
vn -0.087265 0.996185 0.000000
vn -0.087265 0.996185 0.000000
vn -0.087265 0.996185 0.000000
vn -0.056210 0.632868 -0.772216
vn -0.056210 0.632868 -0.772216
vn -0.056210 0.632868 -0.772216
vn -0.056210 0.632868 -0.772216
vn 0.015852 -0.053643 0.998434
vn 0.015415 -0.052177 0.998519
vn 0.000012 -0.000453 1.000000
vn 0.000012 -0.000453 1.000000
vn 0.000246 -0.008704 -0.999962
vn 0.000246 -0.008704 -0.999962
vn 0.000246 -0.008704 -0.999962
vn 0.000246 -0.008704 -0.999962
vn -0.021374 -0.597500 -0.801584
vn -0.021374 -0.597500 -0.801584
vn -0.021374 -0.597500 -0.801584
vn -0.021374 -0.597500 -0.801584
vn -0.038146 -0.999272 0.000000
vn -0.038146 -0.999272 0.000000
vn -0.038146 -0.999272 0.000000
vn -0.038146 -0.999272 0.000000
vn 0.022685 -0.603852 0.796773
vn 0.019927 -0.604315 0.796496
vn -0.021847 -0.610734 0.791534
vn -0.021847 -0.610734 0.791534
vn 0.001208 -0.229075 -0.973408
vn 0.001208 -0.229075 -0.973408
vn -0.999489 -0.031965 -0.000000
vn -0.999489 -0.031965 -0.000000
vn 0.024366 -0.289935 0.956736
vn 0.001689 -0.320235 0.947337
vn 0.011683 -0.321130 0.946963
vn -0.001788 -0.322471 0.946578
vn 0.999472 -0.032479 0.000000
vn 0.999472 -0.032479 0.000000
vn -0.001279 -0.230750 -0.973012
vn -0.001279 -0.230750 -0.973012
vn -0.003558 0.000247 0.999994
vn 0.007746 0.019149 0.999787
vn 0.007809 0.019194 0.999785
vn -0.003574 0.000206 0.999994
vn 0.010976 -0.601504 0.798794
vn -0.005921 -0.601554 0.798810
vn -0.005995 -0.601554 0.798810
vn 0.010932 -0.601504 0.798795
vn -0.000144 0.535371 0.844617
vn -0.009619 0.535342 0.844581
vn -0.009609 0.535342 0.844581
vn -0.000204 0.535371 0.844617
vn 0.015699 -0.107546 0.994076
vn -0.001241 -0.078040 0.996949
vn -0.001273 -0.077983 0.996954
vn 0.015616 -0.107405 0.994093
vn 0.024519 -0.601423 0.798555
vn 0.006989 -0.601499 0.798843
vn 0.007004 -0.601499 0.798843
vn 0.024584 -0.601422 0.798553
vn 0.014211 0.535252 0.844573
vn 0.004053 0.535430 0.844570
vn 0.004016 0.535431 0.844570
vn 0.014088 0.535255 0.844573
vn 0.028621 -0.007936 0.999559
vn 0.014163 0.012006 0.999828
vn 0.014226 0.011898 0.999828
vn 0.028548 -0.007859 0.999562
vn 0.031643 -0.601354 0.798356
vn 0.004980 -0.601543 0.798825
vn 0.005390 -0.601542 0.798823
vn 0.031860 -0.601351 0.798349
vn 0.024302 0.535155 0.844404
vn 0.028353 0.535391 0.844128
vn 0.028343 0.535391 0.844129
vn 0.024358 0.535158 0.844401
vn 0.027649 -0.059831 0.997826
vn 0.012997 -0.085552 0.996249
vn 0.013007 -0.085535 0.996250
vn 0.027546 -0.060018 0.997817
vn 0.029049 -0.601350 0.798457
vn 0.015092 -0.601399 0.798806
vn 0.015002 -0.601399 0.798808
vn 0.029009 -0.601350 0.798459
vn 0.005479 0.535341 0.844618
vn -0.004236 0.535390 0.844594
vn -0.004332 0.535390 0.844594
vn 0.005311 0.535343 0.844618
vn 0.026477 -0.156542 0.987316
vn 0.004095 -0.160156 0.987083
vn 0.004441 -0.207799 0.978162
vn 0.027391 -0.204573 0.978468
vn 0.008785 -0.601512 0.798816
vn 0.034541 -0.601307 0.798272
vn 0.010409 0.535249 0.844630
vn -0.013673 0.535246 0.844586
vn -0.013884 0.535244 0.844584
vn 0.009934 0.535254 0.844633
vn 0.019887 0.007252 0.999776
vn -0.005383 -0.008279 0.999951
vn -0.005650 -0.008362 0.999949
vn 0.019684 0.007064 0.999781
vn 0.013528 -0.601474 0.798778
vn 0.004137 -0.601492 0.798868
vn 0.004045 -0.601493 0.798868
vn 0.013552 -0.601474 0.798778
vn 0.008082 0.535266 0.844645
vn -0.015560 0.535217 0.844571
vn -0.015706 0.535215 0.844570
vn 0.007917 0.535267 0.844646
vn 0.005162 -0.179259 0.983788
vn 0.005961 -0.171669 0.985137
vn 0.008314 -0.224739 0.974383
vn 0.004668 -0.232542 0.972575
vn 0.025139 -0.601096 0.798781
vn 0.000704 -0.601365 0.798974
vn -0.008489 0.535444 0.844528
vn -0.002211 0.535458 0.844559
vn -0.002111 0.535459 0.844559
vn -0.008474 0.535444 0.844529
vn -0.017446 0.012939 0.999764
vn -0.004774 -0.068509 0.997639
vn -0.004576 -0.069916 0.997542
vn -0.017410 0.012743 0.999767
vn -0.022548 -0.601162 0.798809
vn -0.007555 -0.601448 0.798876
vn -0.007252 -0.601451 0.798877
vn -0.022357 -0.601167 0.798811
vn -0.026942 0.535285 0.844242
vn -0.034747 0.534920 0.844188
vn -0.034770 0.534919 0.844188
vn -0.026875 0.535287 0.844243
vn -0.026151 -0.003755 0.999651
vn -0.025529 0.007675 0.999645
vn -0.024659 -0.041714 0.998825
vn -0.024727 -0.058554 0.997978
vn -0.020734 -0.232550 0.972363
vn -0.018562 -0.267516 0.963375
vn 0.000000 -1.000000 -0.000001
vn 0.000000 -1.000000 -0.000000
vn 0.000000 -1.000000 -0.000000
vn 0.000000 -1.000000 -0.000001
vn 0.001435 0.612186 0.790713
vn 0.007970 0.612210 0.790655
vn 0.007953 0.612210 0.790655
vn 0.001486 0.612186 0.790713
vn -0.004042 0.535427 0.844572
vn 0.001439 0.535367 0.844618
vn 0.001562 0.535367 0.844618
vn -0.003918 0.535425 0.844574
vn 0.017678 -0.601510 0.798670
vn 0.016493 -0.601622 0.798611
vn 0.016475 -0.601623 0.798610
vn 0.017662 -0.601511 0.798669
vn 0.008433 0.018176 0.999799
vn -0.000987 -0.005276 0.999986
vn -0.001161 -0.005962 0.999982
vn 0.008248 0.017979 0.999804
vn -0.005345 0.612258 0.790640
vn -0.015089 0.612464 0.790354
vn -0.015226 0.612468 0.790349
vn -0.005548 0.612262 0.790636
vn 0.000000 -1.000000 -0.000001
vn 0.000000 -1.000000 -0.000001
vn 0.000000 -1.000000 -0.000001
vn 0.000000 -1.000000 -0.000001
vn -0.008682 -0.301893 0.953302
vn 0.009668 -0.319072 0.947681
vn 0.009999 -0.094033 0.995519
vn -0.013518 -0.079718 0.996726
vn 0.009925 -0.033787 0.999380
vn -0.014631 -0.020720 0.999678
vn -0.008187 0.535310 0.844616
vn 0.022939 0.534510 0.844851
vn 0.022956 0.534509 0.844851
vn -0.008225 0.535311 0.844615
vn -0.022974 -0.601054 0.798878
vn -0.008891 -0.601227 0.799028
vn -0.008967 -0.601227 0.799028
vn -0.022817 -0.601056 0.798881
vn -0.013678 0.049146 0.998698
vn 0.004224 0.041134 0.999145
vn 0.004976 0.107570 0.994185
vn -0.012568 0.115460 0.993233
vn 0.009463 0.535014 0.844791
vn -0.004687 0.535357 0.844613
vn -0.012508 -0.601215 0.798989
vn -0.016112 -0.600955 0.799121
vn -0.016118 -0.600954 0.799121
vn 0.000180 -0.197348 0.980334
vn -0.003511 -0.109248 0.994008
vn -0.003514 -0.109243 0.994009
vn 0.001864 -0.138755 0.990325
vn 0.017035 0.535096 0.844620
vn 0.012846 0.535002 0.844753
vn 0.012843 0.535002 0.844753
vn 0.016980 0.535094 0.844622
vn 0.008163 -0.601406 0.798902
vn -0.012750 -0.600981 0.799162
vn -0.012750 -0.600981 0.799162
vn 0.008128 -0.601406 0.798902
vn 0.019627 0.023870 0.999522
vn -0.005190 0.019090 0.999804
vn -0.005254 0.019033 0.999805
vn 0.019248 0.024077 0.999525
vn 0.014357 0.535202 0.844602
vn -0.000874 0.535409 0.844592
vn -0.000869 0.535409 0.844592
vn 0.013980 0.535207 0.844605
vn 0.025690 -0.601340 0.798580
vn -0.019342 -0.600696 0.799244
vn -0.006632 -0.198720 0.980034
vn 0.024038 -0.211293 0.977127
vn -0.005172 -0.149823 0.988699
vn 0.023100 -0.164174 0.986161
vn 0.011056 0.535185 0.844663
vn 0.014039 0.534931 0.844779
vn 0.014052 0.534930 0.844780
vn 0.011126 0.535179 0.844665
vn 0.022761 -0.601420 0.798609
vn -0.005269 -0.601162 0.799110
vn -0.005330 -0.601160 0.799111
vn 0.022532 -0.601421 0.798615
vn 0.025717 -0.039723 0.998880
vn 0.007031 -0.026652 0.999620
vn 0.006968 -0.026630 0.999621
vn 0.025354 -0.039344 0.998904
vn 0.021839 0.534977 0.844584
vn 0.020164 0.534755 0.844767
vn 0.020160 0.534754 0.844767
vn 0.021798 0.534972 0.844588
vn 0.027899 -0.601372 0.798482
vn -0.007239 -0.601086 0.799152
vn -0.007133 -0.601088 0.799151
vn 0.027817 -0.601373 0.798484
vn 0.024974 -0.021152 0.999464
vn 0.001203 -0.037981 0.999278
vn 0.000913 -0.038206 0.999270
vn 0.024523 -0.021438 0.999469
vn 0.008776 0.535348 0.844586
vn -0.014285 0.535704 0.844285
vn -0.014702 0.535709 0.844275
vn 0.008163 0.535359 0.844585
vn 0.024505 -0.601458 0.798529
vn 0.006935 -0.601446 0.798884
vn 0.003490 -0.170068 0.985426
vn 0.018028 -0.173681 0.984637
vn 0.002777 -0.120841 0.992668
vn 0.016838 -0.125998 0.991888
vn -0.009291 -0.060702 0.998113
vn -0.013064 -0.065217 0.997786
vn -0.012927 -0.064464 0.997836
vn -0.009224 -0.060968 0.998097
vn 0.012919 0.535904 0.844180
vn -0.005996 0.535496 0.844516
vn -0.005506 0.535508 0.844512
vn 0.013478 0.535915 0.844164
vn -0.021463 -0.601887 0.798293
vn -0.015106 -0.601643 0.798623
vn -0.015179 -0.601645 0.798619
vn -0.021628 -0.601894 0.798283
vn -0.002911 -0.040020 0.999195
vn -0.006509 -0.021527 0.999747
vn -0.006443 -0.022016 0.999737
vn -0.002824 -0.040232 0.999186
vn 0.008508 0.612333 0.790554
vn 0.009937 0.612259 0.790595
vn 0.009910 0.612260 0.790594
vn 0.008483 0.612334 0.790554
vn 0.000000 -1.000000 0.000000
vn 0.000000 -1.000000 0.000000
vn 0.000000 -1.000000 0.000000
vn 0.000000 -1.000000 0.000000
vn 0.020770 -0.246147 0.969010
vn -0.008907 -0.219451 0.975583
vn -0.008690 -0.039548 0.999180
vn 0.028414 -0.057888 0.997919
vn -0.008597 0.007124 0.999938
vn 0.030411 -0.008550 0.999501
vn 0.026103 0.536157 0.843715
vn -0.018448 0.535329 0.844442
vn -0.018387 0.535330 0.844443
vn 0.025984 0.536155 0.843720
vn 0.033511 -0.600414 0.798987
vn 0.009812 -0.601273 0.798984
vn 0.007578 -0.205217 0.978687
vn 0.020811 -0.196915 0.980200
vn 0.007076 -0.135727 0.990721
vn 0.018203 -0.123302 0.992202
vn -0.019318 0.534915 0.844685
vn -0.005549 0.535341 0.844618
vn -0.005452 0.535343 0.844617
vn -0.019303 0.534916 0.844685
vn 0.014540 -0.601249 0.798929
vn 0.029172 -0.600968 0.798740
vn 0.006638 -0.185194 0.982680
vn 0.014594 -0.601248 0.798929
vn -0.001589 -0.096235 0.995357
vn 0.003527 -0.126677 0.991938
vn -0.001581 -0.096237 0.995357
vn -0.016092 0.535122 0.844622
vn -0.022797 0.535075 0.844497
vn -0.022761 0.535075 0.844498
vn -0.016078 0.535122 0.844622
vn 0.010726 -0.601267 0.798976
vn 0.003304 -0.601445 0.798907
vn 0.003280 -0.601446 0.798907
vn 0.010721 -0.601268 0.798976
vn -0.004011 -0.010913 0.999932
vn -0.012500 -0.011515 0.999856
vn -0.012440 -0.011512 0.999856
vn -0.003893 -0.010901 0.999933
vn 0.005113 0.535758 0.844356
vn -0.015233 0.535324 0.844509
vn -0.014945 0.535331 0.844510
vn 0.005550 0.535766 0.844348
vn -0.013125 -0.601808 0.798533
vn -0.005194 -0.601596 0.798783
vn -0.007808 -0.219466 0.975589
vn -0.014952 -0.215332 0.976426
vn -0.008067 -0.172221 0.985025
vn -0.015060 -0.165137 0.986156
vn -0.034593 0.534318 0.844576
vn -0.016013 0.535127 0.844620
vn -0.016151 0.535122 0.844621
vn -0.034790 0.534307 0.844574
vn -0.009168 -0.601779 0.798610
vn 0.003854 -0.601517 0.798851
vn 0.003852 -0.601517 0.798851
vn -0.009057 -0.601776 0.798613
vn -0.042593 -0.070149 0.996627
vn -0.007866 -0.094378 0.995505
vn -0.008457 -0.094343 0.995504
vn -0.043159 -0.069379 0.996656
vn -0.024912 0.534495 0.844804
vn 0.014361 0.535368 0.844497
vn 0.013032 0.535351 0.844529
vn -0.026648 0.534439 0.844787
vn -0.066992 -0.601796 0.795836
vn -0.023064 -0.601794 0.798318
vn -0.024276 -0.601805 0.798274
vn -0.067556 -0.601791 0.795792
vn -0.036015 -0.002776 0.999347
vn -0.003668 0.022310 0.999744
vn -0.004576 0.022339 0.999740
vn -0.037298 -0.004964 0.999292
vn 0.001344 0.535572 0.844488
vn 0.000382 0.535497 0.844537
vn 0.000404 0.535498 0.844536
vn 0.001375 0.535575 0.844487
vn -0.032749 -0.601977 0.797842
vn -0.009392 -0.601653 0.798702
vn -0.009652 -0.601657 0.798696
vn -0.033256 -0.601985 0.797815
vn -0.012893 0.831884 0.554799
vn -0.014705 0.953276 0.301743
vn 0.005147 0.953351 0.301819
vn 0.004508 0.831906 0.554898
vn -0.014675 0.951361 -0.307730
vn -0.012840 0.828426 -0.559951
vn 0.004490 0.828447 -0.560050
vn 0.005137 0.951437 -0.307800
vn 0.009177 -0.590225 0.807187
vn 0.004689 -0.302646 0.953092
vn -0.001527 -0.301607 0.953431
vn -0.003126 -0.589819 0.807529
vn -0.007882 0.509344 0.860527
vn -0.012210 0.792308 0.610000
vn 0.004208 0.792365 0.610033
vn 0.002725 0.510457 0.859899
vn -0.003166 -0.597227 -0.802066
vn -0.001570 -0.309569 -0.950876
vn 0.004813 -0.310598 -0.950529
vn 0.009291 -0.597623 -0.801724
vn 0.002694 0.504442 -0.863441
vn 0.004187 0.788406 -0.615141
vn -0.012148 0.788350 -0.615106
vn -0.007789 0.503337 -0.864055
vn -0.027734 0.832441 0.553420
vn -0.031517 0.953088 0.301048
vn -0.024916 0.953192 0.301338
vn -0.021878 0.832112 0.554176
vn -0.031455 0.951181 -0.307027
vn -0.027620 0.828992 -0.558578
vn -0.021788 0.828660 -0.559328
vn -0.024866 0.951281 -0.307321
vn 0.020076 -0.592346 0.805434
vn 0.010337 -0.303061 0.952915
vn 0.008104 -0.302632 0.953073
vn 0.015765 -0.589899 0.807323
vn -0.016765 0.511141 0.859333
vn -0.026094 0.792818 0.608899
vn -0.020836 0.792711 0.609242
vn -0.013449 0.510712 0.859647
vn 0.015962 -0.597302 -0.801857
vn 0.008316 -0.310599 -0.950505
vn 0.010607 -0.311025 -0.950343
vn 0.020326 -0.599741 -0.799936
vn -0.013290 0.504710 -0.863187
vn -0.020733 0.788762 -0.614350
vn -0.025963 0.788867 -0.614015
vn -0.016566 0.505144 -0.862876
vn 0.020504 0.832484 0.553670
vn 0.023120 0.953506 0.300487
vn 0.037649 0.953441 0.299222
vn 0.033113 0.833108 0.552118
vn 0.023074 0.951600 -0.306471
vn 0.020418 0.829032 -0.558829
vn 0.032977 0.829665 -0.557287
vn 0.037577 0.951544 -0.305208
vn -0.015469 -0.592952 0.805089
vn -0.007912 -0.290022 0.956987
vn -0.012581 -0.299429 0.954036
vn -0.024251 -0.596300 0.802396
vn 0.012133 0.528795 0.848663
vn 0.018836 0.793420 0.608383
vn 0.031119 0.793737 0.607465
vn 0.020246 0.525626 0.850475
vn -0.024552 -0.603725 -0.796814
vn -0.012913 -0.307535 -0.951449
vn -0.008126 -0.298204 -0.954468
vn -0.015655 -0.600358 -0.799578
vn 0.020012 0.519644 -0.854149
vn 0.030962 0.789789 -0.612597
vn 0.018741 0.789469 -0.613504
vn 0.011993 0.522759 -0.852396
vn -0.022031 0.829381 -0.558249
vn -0.025945 0.951420 -0.306802
vn -0.015115 0.951725 -0.306581
vn -0.013329 0.831186 -0.555835
vn -0.025997 0.953330 0.300810
vn -0.022125 0.832825 0.553094
vn -0.013384 0.834604 0.550688
vn -0.015145 0.953637 0.300577
vn -0.012767 0.794186 -0.607541
vn -0.008308 0.505812 -0.862604
vn -0.014025 0.505306 -0.862827
vn -0.022406 0.789728 -0.613048
vn 0.004948 -0.313964 -0.949422
vn 0.009259 -0.574467 -0.818476
vn 0.015588 -0.597578 -0.801660
vn 0.008601 -0.312579 -0.949853
vn -0.022515 0.793666 0.607937
vn -0.014191 0.511294 0.859289
vn -0.008404 0.511791 0.859069
vn -0.012830 0.798060 0.602441
vn 0.008380 -0.304611 0.952440
vn 0.015388 -0.590148 0.807149
vn 0.009135 -0.566853 0.823769
vn 0.004820 -0.305988 0.952023
vn 0.010409 -0.672263 -0.740240
vn -0.003423 -0.672226 -0.740338
vn -0.003388 -0.665500 0.746390
vn 0.010304 -0.665545 0.746287
vn 0.022313 -0.674099 -0.738304
vn 0.017941 -0.672719 -0.739681
vn 0.017762 -0.666009 0.745732
vn 0.022089 -0.667390 0.744381
vn -0.015428 -0.673970 -0.738597
vn -0.025869 -0.676571 -0.735923
vn -0.025606 -0.669852 0.742053
vn -0.015268 -0.667249 0.744679
vn 0.036663 0.799937 0.598963
vn 0.038264 0.836052 0.547314
vn 0.038109 0.832659 -0.552473
vn 0.036486 0.796087 -0.604081
vn 0.013820 0.828706 -0.559514
vn 0.013169 0.789155 -0.614053
vn 0.013235 0.793106 0.608940
vn 0.013878 0.832160 0.554362
vn -0.026547 -0.575135 -0.817628
vn -0.031233 -0.677475 -0.734883
vn -0.030920 -0.670752 0.741037
vn -0.026190 -0.567453 0.822989
vn 0.020119 -0.674510 -0.737992
vn 0.019921 -0.667795 0.744079
vn -0.010048 -0.596471 -0.802571
vn -0.011392 -0.672500 -0.740009
vn -0.011277 -0.665775 0.746067
vn -0.009922 -0.589045 0.808039
vn 0.010796 -0.666928 0.745044
vn 0.010907 -0.673651 -0.738969
vn 0.015804 0.953379 0.301362
vn 0.015772 0.951471 -0.307335
vn -0.004719 -0.294324 0.955694
vn 0.008658 0.519467 0.854447
vn 0.008557 0.513433 -0.858087
vn -0.004857 -0.302416 -0.953164
vn 0.043381 0.953369 0.298674
vn 0.043295 0.951479 -0.304654
vn -0.014138 -0.304494 0.952409
vn 0.024099 0.519920 0.853875
vn 0.023824 0.513975 -0.857474
vn -0.014510 -0.312551 -0.949790
vn 0.002074 0.860959 -0.508669
vn 0.002404 0.963557 -0.267494
vn -0.024490 0.963294 -0.267329
vn -0.022072 0.860864 -0.508356
vn 0.002404 0.963557 0.267494
vn 0.002061 0.855040 0.518558
vn -0.021918 0.854949 0.518248
vn -0.024491 0.963299 0.267309
vn -0.022960 0.876522 -0.480814
vn -0.015247 0.578017 -0.815883
vn 0.001114 0.578041 -0.816007
vn 0.001752 0.876642 -0.481141
vn 0.005573 -0.210362 -0.977608
vn 0.015119 -0.559598 -0.828627
vn -0.000857 -0.559074 -0.829117
vn -0.000353 -0.209977 -0.977706
vn 0.015124 -0.559588 0.828633
vn 0.005572 -0.210365 0.977607
vn -0.000352 -0.209978 0.977706
vn -0.000861 -0.559071 0.829120
vn -0.015245 0.578015 0.815884
vn -0.022891 0.874426 0.484618
vn 0.001750 0.874543 0.484944
vn 0.001112 0.578038 0.816009
vn 0.023453 -0.884931 -0.465132
vn 0.026397 -0.985384 -0.168289
vn -0.001632 -0.985740 -0.168269
vn -0.001557 -0.885054 -0.465485
vn 0.022466 -0.840293 0.541668
vn 0.015958 -0.609187 0.792866
vn -0.001176 -0.608679 0.793416
vn -0.001380 -0.840273 0.542162
vn 0.022372 -0.863207 0.504354
vn 0.024771 -0.963573 0.266297
vn -0.002263 -0.963842 0.266465
vn -0.001951 -0.863296 0.504693
vn 0.024771 -0.963573 -0.266297
vn 0.022153 -0.855086 -0.518013
vn -0.001940 -0.855170 -0.518345
vn -0.002263 -0.963842 -0.266465
vn 0.015963 -0.609198 -0.792858
vn 0.022463 -0.840298 -0.541660
vn -0.001377 -0.840271 -0.542165
vn -0.001181 -0.608683 -0.793413
vn 0.026392 -0.985384 0.168291
vn 0.023506 -0.886768 0.461616
vn -0.001553 -0.886894 0.461970
vn -0.001628 -0.985737 0.168286
vn -0.032370 0.860838 -0.507849
vn -0.035978 0.963015 -0.267034
vn -0.035853 0.963110 -0.266710
vn -0.032262 0.861036 -0.507520
vn -0.035978 0.963015 0.267034
vn -0.032140 0.854931 0.517745
vn -0.032033 0.855129 0.517425
vn -0.035853 0.963110 0.266710
vn -0.035107 0.876783 -0.479603
vn -0.023445 0.583196 -0.811993
vn -0.023394 0.580194 -0.814142
vn -0.035195 0.876476 -0.480157
vn 0.008368 -0.207610 -0.978176
vn 0.022917 -0.560843 -0.827605
vn 0.022975 -0.560563 -0.827793
vn 0.008497 -0.209273 -0.977820
vn 0.022917 -0.560843 0.827605
vn 0.008368 -0.207610 0.978176
vn 0.008497 -0.209275 0.977820
vn 0.022975 -0.560567 0.827790
vn -0.023445 0.583196 0.811993
vn -0.034995 0.874676 0.483444
vn -0.035084 0.874379 0.483974
vn -0.023394 0.580196 0.814141
vn 0.036394 -0.884996 -0.464175
vn 0.040844 -0.984336 -0.171506
vn 0.040957 -0.984648 -0.169678
vn 0.036487 -0.884803 -0.464535
vn 0.034946 -0.843833 0.535467
vn 0.025014 -0.610898 0.791314
vn 0.025063 -0.610368 0.791722
vn 0.034958 -0.841755 0.538727
vn 0.033025 -0.863427 0.503392
vn 0.036640 -0.963380 0.265623
vn 0.036765 -0.963280 0.265971
vn 0.033132 -0.863197 0.503779
vn 0.036640 -0.963380 -0.265623
vn 0.032684 -0.855322 -0.517064
vn 0.032789 -0.855093 -0.517436
vn 0.036765 -0.963280 -0.265971
vn 0.025014 -0.610898 -0.791314
vn 0.034946 -0.843833 -0.535467
vn 0.034959 -0.841757 -0.538723
vn 0.025064 -0.610365 -0.791723
vn 0.040844 -0.984336 0.171506
vn 0.036492 -0.886825 0.460663
vn 0.036585 -0.886635 0.461020
vn 0.040957 -0.984648 0.169677
vn -0.034350 0.861257 -0.507007
vn -0.038093 0.963123 -0.266353
vn -0.043383 0.963056 -0.265783
vn -0.039095 0.861449 -0.506337
vn -0.038093 0.963123 0.266353
vn -0.034105 0.855354 0.516919
vn -0.038818 0.855544 0.516272
vn -0.043383 0.963056 0.265783
vn -0.042165 0.877071 -0.478506
vn -0.028288 0.587614 -0.808646
vn -0.024987 0.587357 -0.808942
vn -0.037334 0.876966 -0.479101
vn 0.010451 -0.210381 -0.977564
vn 0.028056 -0.565409 -0.824333
vn 0.024804 -0.562856 -0.826183
vn 0.008976 -0.205226 -0.978673
vn 0.028056 -0.565409 0.824333
vn 0.010451 -0.210381 0.977564
vn 0.008975 -0.205226 0.978673
vn 0.024804 -0.562856 0.826183
vn -0.028287 0.587614 0.808647
vn -0.042036 0.874985 0.482321
vn -0.037212 0.874864 0.482937
vn -0.024986 0.587357 0.808942
vn 0.043664 -0.885541 -0.462505
vn 0.049059 -0.983839 -0.172202
vn 0.043656 -0.983708 -0.174394
vn 0.038750 -0.885242 -0.463514
vn 0.041962 -0.847716 0.528788
vn 0.030080 -0.615289 0.787728
vn 0.026569 -0.613047 0.789600
vn 0.037151 -0.846813 0.530592
vn 0.039999 -0.863916 0.502046
vn 0.044307 -0.963372 0.264483
vn 0.038986 -0.963413 0.265171
vn 0.035215 -0.863686 0.502799
vn 0.044307 -0.963372 -0.264483
vn 0.039586 -0.855801 -0.515788
vn 0.034846 -0.855588 -0.516483
vn 0.038986 -0.963413 -0.265171
vn 0.030080 -0.615289 -0.787727
vn 0.041963 -0.847721 -0.528780
vn 0.037152 -0.846817 -0.530585
vn 0.026569 -0.613048 -0.789599
vn 0.049059 -0.983839 0.172202
vn 0.043776 -0.887365 0.458986
vn 0.038855 -0.887068 0.460001
vn 0.043656 -0.983708 0.174394
vn 0.025350 0.861083 -0.507832
vn 0.028152 0.963354 -0.266751
vn 0.015203 0.963469 -0.267389
vn 0.013747 0.861006 -0.508409
vn 0.028152 0.963354 0.266751
vn 0.025172 0.855170 0.517737
vn 0.013648 0.855093 0.518295
vn 0.015203 0.963465 0.267404
vn 0.015020 0.876816 -0.480592
vn 0.009852 0.579345 -0.815023
vn 0.017669 0.579460 -0.814809
vn 0.026928 0.876726 -0.480235
vn -0.003786 -0.209151 -0.977876
vn -0.010160 -0.558504 -0.829439
vn -0.017965 -0.560939 -0.827662
vn -0.006887 -0.211241 -0.977410
vn -0.010161 -0.558507 0.829437
vn -0.003787 -0.209151 0.977876
vn -0.006886 -0.211241 0.977410
vn -0.017965 -0.560939 0.827662
vn 0.009852 0.579345 0.815023
vn 0.014968 0.874698 0.484437
vn 0.026846 0.874634 0.484041
vn 0.017669 0.579460 0.814809
vn -0.015665 -0.885015 -0.465300
vn -0.017839 -0.985433 -0.169126
vn -0.031295 -0.985078 -0.169240
vn -0.027757 -0.885154 -0.464471
vn -0.014818 -0.841129 0.540631
vn -0.010553 -0.608475 0.793503
vn -0.018956 -0.610541 0.791758
vn -0.026334 -0.841859 0.539054
vn -0.014159 -0.863369 0.504375
vn -0.015633 -0.963752 0.266342
vn -0.028680 -0.963643 0.265650
vn -0.025877 -0.863467 0.503742
vn -0.015633 -0.963752 -0.266342
vn -0.014007 -0.855263 -0.518006
vn -0.025613 -0.855346 -0.517423
vn -0.028680 -0.963643 -0.265650
vn -0.010553 -0.608473 -0.793504
vn -0.014818 -0.841125 -0.540637
vn -0.026334 -0.841859 -0.539054
vn -0.018956 -0.610541 -0.791758
vn -0.017839 -0.985430 0.169141
vn -0.015710 -0.886851 0.461788
vn -0.027828 -0.886987 0.460955
vn -0.031295 -0.985078 0.169240
vn 0.060424 0.861269 -0.504544
vn 0.066540 0.962040 -0.264674
vn 0.041953 0.963069 -0.265968
vn 0.038312 0.861268 -0.506706
vn 0.066540 0.962040 0.264674
vn 0.059999 0.855387 0.514502
vn 0.038037 0.855367 0.516623
vn 0.041953 0.963069 0.265968
vn 0.041284 0.876806 -0.479069
vn 0.027599 0.576954 -0.816310
vn 0.042590 0.576624 -0.815899
vn 0.063894 0.876665 -0.476839
vn -0.010682 -0.215489 -0.976448
vn -0.029092 -0.563541 -0.825575
vn -0.044126 -0.569189 -0.821022
vn -0.016591 -0.221471 -0.975026
vn -0.029092 -0.563541 0.825575
vn -0.010682 -0.215489 0.976448
vn -0.016591 -0.221471 0.975026
vn -0.044126 -0.569189 0.821022
vn 0.027599 0.576954 0.816310
vn 0.041146 0.874721 0.482876
vn 0.063700 0.874600 0.480642
vn 0.042589 0.576624 0.815899
vn -0.043036 -0.885298 -0.463029
vn -0.049018 -0.984551 -0.168096
vn -0.074587 -0.983352 -0.165699
vn -0.066002 -0.885345 -0.460226
vn -0.041866 -0.841300 0.538945
vn -0.028679 -0.612472 0.789972
vn -0.044786 -0.617935 0.784953
vn -0.063817 -0.842156 0.535444
vn -0.039455 -0.863724 0.502418
vn -0.043090 -0.963359 0.264731
vn -0.067838 -0.962340 0.263248
vn -0.061769 -0.863816 0.500006
vn -0.043090 -0.963359 -0.264731
vn -0.039034 -0.855631 -0.516113
vn -0.061138 -0.855733 -0.513794
vn -0.067838 -0.962340 -0.263248
vn -0.028679 -0.612472 -0.789972
vn -0.041867 -0.841302 -0.538941
vn -0.063818 -0.842158 -0.535440
vn -0.044786 -0.617935 -0.784952
vn -0.049018 -0.984551 0.168096
vn -0.043158 -0.887125 0.459507
vn -0.066172 -0.887161 0.456692
vn -0.074587 -0.983352 0.165699
vn 0.001767 0.874380 -0.485238
vn -0.022919 0.874270 -0.484899
vn 0.002030 0.846261 0.532766
vn -0.021646 0.846179 0.532458
vn 0.021876 -0.845010 -0.534303
vn -0.001891 -0.845079 -0.534639
vn -0.001905 -0.851849 0.523784
vn 0.022044 -0.851773 0.523448
vn -0.034826 0.874164 -0.484380
vn -0.034729 0.874353 -0.484047
vn -0.032022 0.846156 0.531973
vn -0.031917 0.846364 0.531647
vn 0.032549 -0.845242 -0.533392
vn 0.032654 -0.844998 -0.533771
vn 0.032938 -0.851763 0.522891
vn 0.032833 -0.852005 0.522502
vn -0.037006 0.874594 -0.483441
vn -0.041844 0.874897 -0.482498
vn -0.033900 0.846586 0.531172
vn -0.038581 0.846817 0.530483
vn 0.039342 -0.845817 -0.532021
vn 0.034642 -0.845504 -0.532845
vn 0.034933 -0.852267 0.521940
vn 0.039671 -0.852543 0.521150
vn 0.026803 0.874486 -0.484310
vn 0.014919 0.874315 -0.485129
vn 0.024927 0.846409 0.531949
vn 0.013525 0.846296 0.532542
vn -0.013895 -0.845115 -0.534404
vn -0.025365 -0.845290 -0.533705
vn -0.025567 -0.852047 0.522841
vn -0.014007 -0.851904 0.523510
vn 0.063840 0.874653 -0.480528
vn 0.041242 0.874575 -0.483132
vn 0.059228 0.846693 0.528775
vn 0.037494 0.846616 0.530881
vn -0.038547 -0.845560 -0.532487
vn -0.060404 -0.845802 -0.530066
vn -0.060857 -0.852492 0.519186
vn -0.038831 -0.852326 0.521568
vn 0.031431 -0.608076 0.793257
vn 0.028374 -0.549620 0.834933
vn -0.040333 0.847259 0.529646
vn -0.040509 0.856182 0.515084
vn 0.028374 -0.549620 -0.834933
vn 0.031431 -0.608076 -0.793257
vn 0.041351 -0.856804 -0.513981
vn 0.041129 -0.846166 -0.531331
vn -0.043793 0.874301 -0.483405
vn -0.044394 0.879040 -0.474676
vn 0.041495 -0.853142 0.520026
vn 0.041771 -0.864729 0.500500
vn 0.067386 0.847059 0.527209
vn 0.067689 0.855957 0.512596
vn -0.052820 -0.612364 0.788810
vn -0.047623 -0.552971 0.831838
vn -0.069107 -0.856729 -0.511117
vn -0.068725 -0.846079 -0.528609
vn -0.069336 -0.853047 0.517208
vn -0.069804 -0.864581 0.497621
vn -0.047623 -0.552971 -0.831838
vn -0.052820 -0.612364 -0.788810
vn 0.073126 0.873717 -0.480906
vn 0.074162 0.878609 -0.471747
vn -0.045286 0.963032 -0.265552
vn -0.040795 0.862038 -0.505199
vn -0.045286 0.963032 0.265552
vn 0.011010 -0.213676 -0.976843
vn -0.029848 0.585520 -0.810108
vn -0.029848 0.585520 0.810108
vn -0.044248 0.876752 0.478902
vn 0.011010 -0.213676 0.976843
vn 0.044404 -0.846888 0.529914
vn 0.045930 -0.885463 -0.462434
vn 0.051491 -0.984210 -0.169347
vn 0.046281 -0.963357 -0.264200
vn 0.046281 -0.963357 0.264200
vn 0.051490 -0.984211 0.169347
vn 0.046050 -0.887277 0.458932
vn 0.044404 -0.846888 -0.529914
vn 0.075577 0.961513 0.264162
vn 0.068166 0.861774 -0.502691
vn 0.075577 0.961513 -0.264162
vn 0.049085 0.577713 -0.814763
vn -0.019118 -0.224125 -0.974373
vn -0.019118 -0.224125 0.974373
vn 0.073913 0.876325 0.476016
vn 0.049084 0.577713 0.814763
vn -0.085969 -0.982674 -0.164196
vn -0.076698 -0.884919 -0.459387
vn -0.073658 -0.843197 0.532536
vn -0.077229 -0.961798 0.262642
vn -0.077229 -0.961798 -0.262642
vn -0.073658 -0.843197 -0.532536
vn -0.076899 -0.886714 0.455878
vn -0.085969 -0.982674 0.164196
vn 0.067805 0.841926 -0.535315
vn 0.059473 0.841457 -0.537041
vn 0.060336 0.843697 -0.533417
vn 0.068750 0.842993 -0.533513
vn 0.037834 0.841384 -0.539112
vn 0.038592 0.843459 -0.535805
vn 0.025343 0.843319 -0.536815
vn 0.025012 0.841166 -0.540198
vn 0.013657 0.841057 -0.540774
vn 0.013929 0.843114 -0.537554
vn 0.001861 0.843159 -0.537661
vn 0.001941 0.841013 -0.541011
vn -0.021636 0.840934 -0.540706
vn -0.021836 0.843083 -0.537340
vn -0.032722 0.843014 -0.536896
vn -0.032226 0.840914 -0.540208
vn -0.032122 0.841126 -0.539885
vn -0.032619 0.843225 -0.536571
vn -0.034714 0.843448 -0.536087
vn -0.034143 0.841351 -0.539410
vn -0.038809 0.841578 -0.538740
vn -0.039403 0.843792 -0.535222
vn -0.041175 0.843338 -0.535805
vn -0.040593 0.842106 -0.537783
vn 0.067825 0.852453 -0.518386
vn 0.059594 0.851997 -0.520144
vn 0.037725 0.851959 -0.522248
vn 0.025084 0.851752 -0.523344
vn 0.013611 0.851653 -0.523930
vn 0.002043 0.851611 -0.524170
vn -0.021783 0.851525 -0.523861
vn -0.032230 0.851501 -0.523362
vn -0.032124 0.851707 -0.523032
vn -0.034117 0.851930 -0.522544
vn -0.038826 0.852144 -0.521865
vn -0.040596 0.852670 -0.520870
vn 0.062165 0.859181 -0.507881
vn 0.070943 0.858404 -0.508046
vn 0.039985 0.859024 -0.510372
vn 0.026091 0.858904 -0.511472
vn 0.014439 0.858718 -0.512246
vn 0.001808 0.858769 -0.512360
vn -0.022393 0.858676 -0.512029
vn -0.033778 0.858592 -0.511546
vn -0.033677 0.858793 -0.511215
vn -0.035877 0.859026 -0.510673
vn -0.040645 0.859349 -0.509772
vn -0.042491 0.858857 -0.510449
vn -0.072815 -0.859858 0.505315
vn -0.063634 -0.860748 0.505038
vn -0.061651 -0.844843 0.531451
vn -0.070458 -0.844221 0.531345
vn -0.039742 -0.844496 0.534085
vn -0.041278 -0.860472 0.507823
vn -0.026661 -0.860271 0.509139
vn -0.025858 -0.844268 0.535298
vn -0.014360 -0.844026 0.536109
vn -0.014921 -0.860038 0.510012
vn -0.001630 -0.860086 0.510146
vn -0.001704 -0.844055 0.536254
vn 0.022097 -0.843985 0.535912
vn 0.022680 -0.859998 0.509793
vn 0.034673 -0.859938 0.509219
vn 0.033532 -0.843944 0.535382
vn 0.033429 -0.844173 0.535028
vn 0.034572 -0.860150 0.508869
vn 0.036887 -0.860454 0.508191
vn 0.035624 -0.844460 0.534432
vn 0.040345 -0.844845 0.533487
vn 0.041690 -0.860826 0.507189
vn 0.043608 -0.860219 0.508057
vn 0.042190 -0.844440 0.533986
vn -0.060786 -0.843053 0.534385
vn -0.069426 -0.843548 0.532547
vn -0.038966 -0.842842 0.536748
vn -0.025522 -0.842558 0.538001
vn -0.014071 -0.842398 0.538671
vn -0.001799 -0.842346 0.538934
vn 0.021912 -0.842276 0.538600
vn 0.032994 -0.842268 0.538048
vn 0.032891 -0.842517 0.537665
vn 0.035015 -0.842781 0.537117
vn 0.039715 -0.843076 0.536326
vn 0.041558 -0.843616 0.535336
vn -0.075258 -0.875384 0.477535
vn -0.065596 -0.876102 0.477643
vn -0.042815 -0.875958 0.480483
vn -0.027465 -0.875779 0.481931
vn -0.015490 -0.875588 0.482810
vn -0.001549 -0.875626 0.482987
vn 0.023257 -0.875518 0.482625
vn 0.035836 -0.875441 0.481994
vn 0.035740 -0.875648 0.481626
vn 0.038170 -0.875952 0.480887
vn 0.043041 -0.876278 0.479880
vn 0.045070 -0.875854 0.480466
vn 0.040614 -0.851075 -0.523471
vn 0.042500 -0.851182 -0.523147
vn 0.043597 -0.860301 -0.507918
vn 0.041674 -0.860954 -0.506973
vn 0.036870 -0.860579 -0.507980
vn 0.035862 -0.850742 -0.524358
vn 0.033662 -0.850471 -0.524944
vn 0.034564 -0.860274 -0.508660
vn 0.034665 -0.860064 -0.509007
vn 0.033764 -0.850230 -0.525327
vn 0.022252 -0.850264 -0.525886
vn 0.022674 -0.860125 -0.509580
vn -0.001637 -0.860213 -0.509932
vn -0.001725 -0.850340 -0.526230
vn -0.014450 -0.850353 -0.526015
vn -0.014908 -0.860161 -0.509805
vn -0.026649 -0.860398 -0.508926
vn -0.026031 -0.850544 -0.525260
vn -0.039977 -0.850787 -0.523988
vn -0.041230 -0.860596 -0.507617
vn -0.063586 -0.860879 -0.504822
vn -0.062040 -0.851027 -0.521445
vn -0.070984 -0.850994 -0.520356
vn -0.072797 -0.859933 -0.505188
vn 0.045100 -0.876223 -0.479790
vn 0.043074 -0.876524 -0.479427
vn 0.038202 -0.876205 -0.480422
vn 0.035758 -0.875909 -0.481150
vn 0.035854 -0.875696 -0.481531
vn 0.023283 -0.875772 -0.482164
vn -0.001547 -0.875880 -0.482526
vn -0.015511 -0.875851 -0.482332
vn -0.027492 -0.876033 -0.481466
vn -0.042895 -0.876215 -0.480008
vn -0.065686 -0.876341 -0.477192
vn -0.075309 -0.875765 -0.476828
vn 0.039888 -0.847343 -0.529545
vn 0.041697 -0.847197 -0.529640
vn 0.035165 -0.846976 -0.530467
vn 0.033029 -0.846709 -0.531031
vn 0.033133 -0.846470 -0.531405
vn 0.022019 -0.846504 -0.531927
vn -0.001813 -0.846573 -0.532269
vn -0.014132 -0.846566 -0.532096
vn -0.025640 -0.846787 -0.531314
vn -0.039144 -0.847018 -0.530121
vn -0.061078 -0.847333 -0.527538
vn -0.069655 -0.847022 -0.526975
vn 0.070909 0.858487 0.507910
vn 0.062118 0.859312 0.507666
vn 0.060722 0.849401 0.524243
vn 0.069251 0.849252 0.523427
vn 0.038835 0.849272 0.526525
vn 0.039938 0.859147 0.510168
vn 0.026077 0.859030 0.511260
vn 0.025510 0.849108 0.527603
vn 0.014020 0.848955 0.528280
vn 0.014425 0.858840 0.512042
vn 0.001812 0.858895 0.512149
vn 0.001875 0.848959 0.528455
vn -0.021981 0.848875 0.528136
vn -0.022381 0.858803 0.511817
vn -0.033761 0.858716 0.511339
vn -0.032943 0.848821 0.527653
vn -0.032840 0.849034 0.527317
vn -0.033661 0.858917 0.511007
vn -0.035854 0.859150 0.510466
vn -0.034946 0.849256 0.526824
vn -0.039661 0.849539 0.526032
vn -0.040622 0.859477 0.509558
vn -0.042469 0.858945 0.510303
vn -0.041469 0.849560 0.525859
vn 0.059738 0.845238 0.531040
vn 0.068039 0.844959 0.530486
vn 0.037998 0.845054 0.533329
vn 0.025121 0.844895 0.534342
vn 0.013716 0.844723 0.535029
vn 0.001949 0.844737 0.535178
vn -0.021730 0.844661 0.534861
vn -0.032363 0.844606 0.534409
vn -0.032259 0.844821 0.534076
vn -0.034291 0.845036 0.533609
vn -0.038977 0.845343 0.532801
vn -0.040736 0.845241 0.532830
vn 0.073137 0.873856 0.480652
vn 0.063903 0.874632 0.480558
vn 0.041300 0.874576 0.483127
vn 0.026818 0.874481 0.484318
vn 0.014932 0.874321 0.485118
vn 0.001760 0.874375 0.485247
vn -0.022930 0.874265 0.484908
vn -0.034825 0.874162 0.484384
vn -0.034728 0.874355 0.484043
vn -0.037018 0.874592 0.483445
vn -0.041855 0.874883 0.482523
vn -0.043799 0.874424 0.483182
vn -0.011688 -0.637219 0.770594
vn -0.005912 -0.862705 0.505672
vn 0.014577 -0.861920 0.506834
vn 0.016521 -0.635676 0.771779
vn -0.006630 -0.981521 -0.191239
vn -0.015176 -0.848975 -0.528215
vn 0.020408 -0.847932 -0.529712
vn 0.014970 -0.981224 -0.192291
vn -0.980903 -0.187046 -0.053320
vn -0.875418 -0.418480 0.241903
vn -0.877227 -0.411964 0.246494
vn -0.983206 -0.176594 -0.046043
vn -0.344216 -0.645314 0.681971
vn -0.016498 -0.626870 0.778949
vn -0.344688 -0.639211 0.687459
vn 0.381540 -0.575393 0.723429
vn 0.381476 -0.568801 0.728658
vn 0.014564 -0.625703 0.779926
vn 0.934422 -0.196404 0.297122
vn 0.997626 0.065083 -0.022506
vn 0.997044 0.075379 -0.014863
vn 0.934258 -0.190001 0.301766
vn -0.014142 0.836071 0.548440
vn -0.009216 0.539135 0.842169
vn 0.006756 0.539127 0.842198
vn 0.013253 0.836623 0.547619
vn -0.009969 -0.268843 0.963133
vn 0.007653 -0.267984 0.963393
vn -0.016378 -0.615556 -0.787923
vn -0.010003 -0.222654 -0.974846
vn 0.007532 -0.220198 -0.975426
vn 0.014240 -0.614248 -0.788984
vn -0.008440 0.614894 -0.788565
vn -0.013853 0.889737 -0.456264
vn 0.013606 0.890169 -0.455427
vn 0.008444 0.616276 -0.787485
vn -0.983853 -0.176216 0.031335
vn -0.882731 -0.391716 -0.259509
vn -0.880966 -0.398005 -0.255913
vn -0.981694 -0.186571 0.038333
vn -0.354653 -0.623027 -0.697180
vn -0.012213 -0.624994 -0.780534
vn -0.354008 -0.628657 -0.692436
vn 0.384150 -0.558554 -0.735151
vn 0.383951 -0.564211 -0.730923
vn 0.016345 -0.623464 -0.781681
vn 0.934829 -0.187608 -0.301492
vn 0.997118 0.074501 0.014368
vn 0.997673 0.064696 0.021527
vn 0.934587 -0.194616 -0.297779
vn -0.015487 -0.883471 0.468230
vn -0.009631 -0.990743 0.135410
vn 0.012207 -0.990546 0.136635
vn 0.019871 -0.882707 0.469503
vn -0.009131 -0.847155 -0.531267
vn 0.011932 -0.846445 -0.532343
vn 0.999316 0.036975 0.000306
vn 0.921377 0.388346 -0.015844
vn 0.915139 0.385185 0.118969
vn 0.994102 0.050829 -0.095798
vn 0.379636 0.895564 0.232037
vn 0.014288 0.968056 0.250326
vn 0.010671 0.859845 0.510443
vn 0.356734 0.820754 0.446210
vn -0.014427 0.967930 0.250805
vn -0.399211 0.884014 0.243209
vn -0.388888 0.772304 0.502307
vn -0.016300 0.858619 0.512356
vn -0.949030 0.315151 -0.004617
vn -0.997464 -0.071170 -0.000369
vn -0.993589 -0.087900 0.071091
vn -0.932551 0.255337 0.255249
vn -0.021163 -0.999184 0.034412
vn -0.378102 -0.925374 0.026875
vn -0.356065 -0.802326 0.479051
vn -0.019544 -0.832197 0.554136
vn -0.905377 -0.424516 0.008880
vn -0.996703 -0.081100 -0.002500
vn -0.991892 -0.112677 -0.058777
vn -0.894754 -0.424477 0.138686
vn 0.999690 0.024646 0.003644
vn 0.935615 -0.352358 0.021664
vn 0.890779 -0.298830 0.342364
vn 0.993232 0.050073 0.104801
vn 0.381283 -0.874367 0.300177
vn 0.017973 -0.950750 0.309437
vn 0.015930 -0.829164 0.558779
vn 0.341986 -0.754756 0.559811
vn 0.013910 0.851485 0.524195
vn 0.361231 0.809341 0.463120
vn 0.357933 0.816982 0.452133
vn 0.014565 0.856773 0.515488
vn 0.910619 0.387452 0.143715
vn 0.995198 0.065372 -0.072849
vn 0.994266 0.049414 -0.094830
vn 0.914102 0.385796 0.124819
vn -0.990807 -0.132354 0.028013
vn -0.942591 0.237383 0.234887
vn -0.934294 0.251967 0.252204
vn -0.992959 -0.102128 0.060021
vn -0.393378 0.765655 0.508947
vn -0.014675 0.850452 0.525847
vn -0.014746 0.855576 0.517468
vn -0.388397 0.770104 0.506051
vn 0.995515 0.057106 -0.075430
vn 0.923725 -0.265108 -0.276494
vn 0.911308 -0.291432 -0.290835
vn 0.994374 0.042312 -0.097108
vn 0.385024 -0.764494 -0.517016
vn 0.018471 -0.850599 -0.525490
vn 0.017585 -0.861359 -0.507693
vn 0.370890 -0.779176 -0.505297
vn -0.015730 -0.853281 -0.521213
vn -0.350428 -0.817330 -0.457354
vn -0.357645 -0.826673 -0.434399
vn -0.015791 -0.864154 -0.502980
vn -0.881065 -0.444674 -0.161210
vn -0.988970 -0.147282 0.015703
vn -0.991687 -0.119536 0.047632
vn -0.891795 -0.432224 -0.133732
vn 0.996027 0.076300 -0.045922
vn 0.909167 0.383515 0.162271
vn 0.908673 0.378049 0.177180
vn 0.996641 0.077664 -0.025985
vn 0.367061 0.800085 0.474479
vn 0.012943 0.845518 0.533790
vn 0.012465 0.840090 0.542304
vn 0.370441 0.791932 0.485403
vn 0.997302 0.066458 -0.031185
vn 0.934650 -0.264265 -0.237895
vn 0.930671 -0.259584 -0.257814
vn 0.996530 0.065909 -0.050841
vn 0.392229 -0.764806 -0.511104
vn 0.018657 -0.845741 -0.533268
vn 0.018221 -0.844417 -0.535377
vn 0.389661 -0.760279 -0.519751
vn -0.985131 -0.168055 -0.035694
vn -0.963245 0.193629 0.186190
vn -0.954351 0.213301 0.209087
vn -0.988161 -0.153267 -0.006829
vn -0.421320 0.749413 0.510754
vn -0.014786 0.839382 0.543341
vn -0.014913 0.844665 0.535087
vn -0.407700 0.757228 0.510281
vn -0.015882 -0.846953 -0.531431
vn -0.341622 -0.807789 -0.480387
vn -0.347251 -0.808801 -0.474613
vn -0.016086 -0.845974 -0.532981
vn -0.864385 -0.454174 -0.215788
vn -0.982440 -0.180830 -0.045959
vn -0.986015 -0.165841 -0.016472
vn -0.872668 -0.448914 -0.192161
vn 0.996393 0.081532 0.023511
vn 0.906963 0.395665 -0.144455
vn 0.905286 0.399078 -0.145579
vn 0.995218 0.091140 0.035143
vn 0.373523 0.832707 -0.408753
vn 0.013001 0.887311 -0.460989
vn 0.013362 0.872451 -0.488519
vn 0.369939 0.823162 -0.430754
vn 0.995957 0.080092 0.040680
vn 0.936422 -0.263174 0.232064
vn 0.936200 -0.278806 0.214001
vn 0.997097 0.070447 0.028907
vn 0.394020 -0.782253 0.482524
vn 0.018672 -0.866952 0.498042
vn 0.018782 -0.876800 0.480489
vn 0.392700 -0.795753 0.461046
vn -0.015015 0.886090 -0.463270
vn -0.426900 0.791321 -0.437684
vn -0.419207 0.777111 -0.469428
vn -0.015068 0.870780 -0.491441
vn -0.965853 0.202134 -0.162077
vn -0.984205 -0.174440 0.030183
vn -0.985277 -0.170390 0.014045
vn -0.960945 0.202751 -0.188354
vn -0.015626 -0.867810 0.496651
vn -0.342539 -0.828174 0.443616
vn -0.340991 -0.834539 0.432748
vn -0.015787 -0.877451 0.479406
vn -0.866997 -0.462228 0.186177
vn -0.983182 -0.181424 0.020960
vn -0.982074 -0.184969 0.036282
vn -0.863840 -0.464886 0.194066
vn 0.994479 0.090448 0.053199
vn 0.905482 0.397564 -0.148474
vn 0.906290 0.392641 -0.156437
vn 0.993813 0.066119 0.089246
vn 0.367507 0.812113 -0.453224
vn 0.013572 0.857342 -0.514568
vn 0.014243 0.833003 -0.553086
vn 0.353516 0.797131 -0.489498
vn 0.018229 -0.853846 0.520207
vn 0.384993 -0.768622 0.510883
vn 0.354075 -0.756070 0.550444
vn 0.017015 -0.835355 0.549448
vn 0.930009 -0.258106 0.261659
vn 0.995184 0.081062 0.055124
vn 0.994155 0.061885 0.088468
vn 0.908984 -0.277693 0.310861
vn -0.015267 0.854996 -0.518410
vn -0.408584 0.764360 -0.498812
vn -0.390026 0.746785 -0.538695
vn -0.015227 0.830158 -0.557320
vn -0.954122 0.209619 -0.213801
vn -0.987599 -0.156754 -0.008719
vn -0.991755 -0.117403 -0.051359
vn -0.938098 0.230742 -0.258321
vn -0.985133 -0.171754 0.003560
vn -0.871110 -0.458111 0.176924
vn -0.883833 -0.440818 0.156587
vn -0.989747 -0.138591 -0.034552
vn -0.342168 -0.819893 0.459018
vn -0.015572 -0.854511 0.519199
vn -0.015246 -0.836138 0.548307
vn -0.350321 -0.805946 0.477206
vn -0.992805 -0.101054 0.064240
vn -0.992868 -0.098660 -0.066921
vn 0.014280 0.949986 -0.311967
vn 0.010238 0.825468 -0.564356
vn -0.016320 0.824159 -0.566123
vn -0.013860 0.949919 -0.312189
vn -0.019616 -0.869942 -0.492764
vn 0.018106 -0.970719 -0.239534
vn 0.016424 -0.867542 -0.497092
vn 0.993559 0.064858 0.092923
vn 0.993772 0.036659 -0.105232
vn 0.373422 0.878782 -0.297150
vn 0.346504 0.792651 -0.501636
vn 0.906972 0.390927 -0.156776
vn -0.934202 0.236137 -0.267405
vn -0.395773 0.867545 -0.301213
vn -0.384120 0.740997 -0.550795
vn -0.362043 -0.830834 -0.422658
vn -0.899598 -0.421319 -0.114949
vn 0.904307 -0.306435 -0.297198
vn 0.363107 -0.787692 -0.497689
vn 0.388507 -0.891519 -0.232930
vn 0.370661 0.788631 0.490583
vn 0.908387 0.375005 0.184943
vn 0.936008 -0.267573 -0.228678
vn 0.392631 -0.768153 -0.505750
vn -0.966489 0.184472 0.178519
vn -0.425631 0.745884 0.512342
vn -0.339102 -0.808427 -0.481099
vn -0.860614 -0.457449 -0.223795
vn 0.908980 0.390691 -0.145313
vn 0.376285 0.834317 -0.402895
vn 0.390818 -0.803193 0.449602
vn 0.935339 -0.288386 0.204875
vn -0.430398 0.794738 -0.427958
vn -0.967481 0.200028 -0.154819
vn -0.862655 -0.466643 0.195118
vn -0.340193 -0.838443 0.425772
vn -0.801048 -0.596605 0.048840
vn -0.273639 -0.938848 -0.209010
vn -0.279908 -0.827326 0.487015
vn 0.328010 -0.916449 -0.229195
vn 0.901345 -0.428199 0.064989
vn 0.328152 -0.794912 0.510325
vn -0.360754 0.526348 0.769945
vn -0.909990 -0.070301 0.408628
vn -0.314558 -0.324245 0.892143
vn 0.889290 0.090070 0.448387
vn 0.319157 0.532366 0.784044
vn 0.314098 -0.307370 0.898257
vn -0.918565 -0.043149 -0.392908
vn -0.372446 0.571602 -0.731133
vn -0.328470 -0.307919 -0.892913
vn 0.328630 0.634120 -0.699925
vn 0.901840 0.140022 -0.408753
vn 0.334815 -0.225791 -0.914832
vn -0.275547 -0.949238 0.151729
vn -0.802430 -0.590754 -0.084352
vn -0.278358 -0.809955 -0.516227
vn 0.895742 -0.435870 -0.087542
vn 0.332909 -0.925512 0.180553
vn 0.332193 -0.776547 -0.535372
vn 0.017880 -0.581730 -0.813186
vn 0.009960 -0.827115 -0.561945
vn -0.016600 -0.825701 -0.563864
vn -0.026295 -0.578596 -0.815191
vn 0.010378 -0.988377 0.151669
vn 0.017598 -0.859930 0.510108
vn -0.024815 -0.858290 0.512565
vn -0.016573 -0.988086 0.153011
vn 0.987234 -0.158418 -0.016536
vn 0.884645 -0.344318 -0.314401
vn 0.885843 -0.336590 -0.319358
vn 0.989038 -0.145524 -0.025022
vn 0.353194 -0.572257 -0.740118
vn 0.021879 -0.569745 -0.821530
vn 0.353502 -0.564802 -0.745677
vn -0.415485 -0.487400 -0.767993
vn -0.415571 -0.479236 -0.773068
vn -0.020411 -0.567366 -0.823213
vn -0.948746 -0.085119 -0.304361
vn -0.987484 0.157333 0.010990
vn -0.985470 0.169823 0.002848
vn -0.948009 -0.077166 -0.308747
vn 0.021873 0.864867 -0.501525
vn 0.012686 0.593480 -0.804749
vn -0.014398 0.596347 -0.802598
vn -0.021898 0.866517 -0.498668
vn 0.014620 -0.197509 -0.980192
vn -0.012468 -0.193759 -0.980970
vn 0.022545 -0.581411 0.813297
vn 0.015869 -0.195032 0.980668
vn -0.011789 -0.190766 0.981565
vn -0.019419 -0.578563 0.815406
vn 0.013790 0.614490 0.788804
vn 0.022606 0.881126 0.472342
vn -0.020969 0.881815 0.471128
vn -0.013233 0.616503 0.787242
vn 0.992967 -0.118296 0.004682
vn 0.893241 -0.344201 0.289215
vn 0.891532 -0.352188 0.284842
vn 0.991310 -0.131513 -0.003083
vn 0.360709 -0.579484 0.730813
vn 0.017944 -0.592948 0.805041
vn 0.360108 -0.586750 0.725291
vn -0.396708 -0.490631 0.775825
vn -0.396664 -0.498351 0.770911
vn -0.026203 -0.589460 0.807372
vn -0.935271 -0.086922 0.343092
vn -0.989690 0.142107 0.017871
vn -0.991467 0.130047 0.009022
vn -0.936110 -0.094953 0.338648
vn 0.018198 -0.874635 -0.484441
vn 0.010925 -0.989851 -0.141691
vn -0.015431 -0.989592 -0.143069
vn -0.024203 -0.873285 -0.486609
vn 0.010651 -0.833626 0.552226
vn -0.016227 -0.832100 0.554388
vn 0.026410 0.841005 -0.540383
vn 0.407036 0.748023 -0.524198
vn 0.408565 0.765375 -0.497268
vn 0.025707 0.854478 -0.518851
vn 0.948023 0.207575 -0.241176
vn 0.990391 -0.135972 -0.025268
vn 0.991486 -0.129676 -0.011803
vn 0.950555 0.223116 -0.216019
vn -0.977492 0.210033 -0.019903
vn -0.860228 0.471551 -0.194029
vn -0.865598 0.460777 -0.196023
vn -0.981377 0.190713 -0.022965
vn -0.340383 0.811219 -0.475462
vn -0.022648 0.844476 -0.535114
vn -0.021490 0.857049 -0.514787
vn -0.342621 0.818210 -0.461674
vn 0.017930 -0.855887 0.516852
vn 0.339642 -0.818007 0.464229
vn 0.342732 -0.812014 0.472406
vn 0.017442 -0.848222 0.529353
vn 0.878838 -0.440085 0.184308
vn 0.989574 -0.144022 0.000343
vn 0.988986 -0.147311 -0.014390
vn 0.880021 -0.438875 0.181529
vn -0.984299 0.175717 -0.016711
vn -0.956601 -0.204168 0.207916
vn -0.957510 -0.191177 0.215933
vn -0.981422 0.191525 -0.011341
vn -0.404466 -0.765569 0.500310
vn -0.022664 -0.854495 0.518965
vn -0.022617 -0.846631 0.531700
vn -0.408480 -0.754254 0.514048
vn 0.025628 0.861942 -0.506358
vn 0.411717 0.771608 -0.484881
vn 0.414877 0.770029 -0.484699
vn 0.025171 0.865446 -0.500369
vn 0.953097 0.221174 -0.206611
vn 0.990577 -0.136893 -0.004105
vn 0.989572 -0.143229 -0.015280
vn 0.953124 0.210766 -0.217102
vn -0.019322 0.867737 -0.496648
vn -0.346409 0.829490 -0.438118
vn -0.342990 0.824331 -0.450374
vn -0.020421 0.863905 -0.503240
vn -0.871628 0.460175 -0.168832
vn -0.983961 0.178367 -0.002414
vn -0.982293 0.186039 -0.022149
vn -0.867349 0.459749 -0.190622
vn 0.019581 -0.858342 0.512704
vn 0.350902 -0.818226 0.455383
vn 0.346692 -0.819233 0.456795
vn 0.019041 -0.859485 0.510806
vn 0.880788 -0.440017 0.174926
vn 0.987685 -0.156228 -0.008416
vn 0.988512 -0.151111 0.003195
vn 0.879490 -0.440008 0.181359
vn -0.986389 0.164286 0.006846
vn -0.956073 -0.200964 0.213396
vn -0.958978 -0.198133 0.202743
vn -0.984839 0.172967 -0.013229
vn -0.413738 -0.762509 0.497395
vn -0.022744 -0.856385 0.515837
vn -0.022829 -0.857709 0.513628
vn -0.414007 -0.765270 0.492909
vn 0.025077 0.854282 0.519204
vn 0.396201 0.765811 0.506515
vn 0.398590 0.734314 0.549462
vn 0.026101 0.828734 0.559034
vn 0.936031 0.244732 0.252887
vn 0.994220 -0.092677 0.054202
vn 0.991322 -0.120095 0.053467
vn 0.937319 0.210015 0.278078
vn -0.023396 0.834079 0.551149
vn -0.338821 0.806752 0.484100
vn -0.350783 0.820244 0.451830
vn -0.022260 0.858258 0.512736
vn -0.864958 0.469331 0.177697
vn -0.981210 0.192783 -0.007912
vn -0.987675 0.155373 -0.018910
vn -0.880769 0.445346 0.160975
vn 0.018803 -0.849126 -0.527856
vn 0.363566 -0.808335 -0.463048
vn 0.366443 -0.815156 -0.448598
vn 0.019507 -0.858921 -0.511737
vn 0.896797 -0.413591 -0.157158
vn 0.991072 -0.125096 0.046134
vn 0.993620 -0.103762 0.044188
vn 0.901962 -0.405697 -0.147899
vn -0.985184 0.170420 -0.019216
vn -0.951972 -0.203581 -0.228701
vn -0.948037 -0.221795 -0.228108
vn -0.990176 0.137174 -0.027106
vn -0.402362 -0.756245 -0.515944
vn -0.021942 -0.847659 -0.530088
vn -0.021974 -0.857555 -0.513922
vn -0.401548 -0.767772 -0.499285
vn 0.023822 0.879476 0.475347
vn 0.407093 0.794589 0.450449
vn 0.397303 0.782744 0.479022
vn 0.023912 0.868335 0.495401
vn 0.948332 0.254525 0.189427
vn 0.994363 -0.105195 0.013275
vn 0.995213 -0.088574 0.041294
vn 0.938660 0.258250 0.228527
vn -0.022080 0.870702 0.491316
vn -0.357232 0.826729 0.434632
vn -0.355561 0.832248 0.425371
vn -0.020808 0.880974 0.472706
vn -0.887399 0.432556 0.159430
vn -0.990206 0.138754 -0.015494
vn -0.990192 0.139685 0.002648
vn -0.885374 0.430826 0.174647
vn 0.019585 -0.865689 -0.500200
vn 0.365609 -0.820215 -0.439976
vn 0.360043 -0.825104 -0.435399
vn 0.019745 -0.870475 -0.491817
vn 0.901032 -0.407639 -0.148227
vn 0.994219 -0.102293 0.032634
vn 0.992804 -0.119643 0.005027
vn 0.891998 -0.422993 -0.159427
vn -0.991904 0.124965 -0.022583
vn -0.947577 -0.229832 -0.221980
vn -0.949296 -0.231413 -0.212802
vn -0.991848 0.127365 -0.003887
vn -0.405607 -0.773826 -0.486494
vn -0.022293 -0.864115 -0.502800
vn -0.022353 -0.869036 -0.494243
vn -0.404739 -0.780214 -0.476920
vn -0.026409 -0.959755 0.279595
vn -0.431446 -0.858634 0.276771
vn -0.413641 -0.749679 0.516607
vn -0.021163 -0.844612 0.534960
vn -0.979115 -0.203133 -0.008433
vn -0.975974 0.217728 -0.008321
vn -0.978400 0.206270 -0.013664
vn -0.960631 -0.177521 0.213714
vn -0.017598 0.952891 0.302803
vn -0.333031 0.903119 0.271048
vn -0.335130 0.801463 0.495323
vn -0.018420 0.825037 0.564779
vn -0.853973 0.520316 -0.001489
vn -0.973377 0.229073 -0.007960
vn -0.977680 0.210099 -0.000157
vn -0.861158 0.474814 0.181543
vn 0.988405 -0.151641 0.007745
vn 0.965039 0.261746 0.013709
vn 0.938443 0.196008 0.284439
vn 0.990684 -0.124399 0.055415
vn 0.413561 0.862311 0.292210
vn 0.024733 0.952190 0.304505
vn 0.030750 0.821323 0.569634
vn 0.400184 0.724163 0.561641
vn 0.023841 -0.999715 0.001004
vn 0.360623 -0.932707 0.002852
vn 0.361585 -0.807185 -0.466593
vn 0.021650 -0.847071 -0.531039
vn 0.880139 -0.474688 0.005117
vn 0.987018 -0.160504 0.005847
vn 0.989267 -0.139164 0.044555
vn 0.893332 -0.419519 -0.161128
vn -0.020701 -0.844674 -0.534880
vn -0.980777 0.194891 -0.009688
vn 0.988602 -0.149099 -0.020855
vn 0.990708 -0.132133 -0.032221
vn 0.020893 -0.846880 0.531374
vn -0.974728 0.222141 -0.023653
vn -0.018878 0.840655 -0.541242
vn 0.030047 0.837753 -0.545222
vn -0.017817 0.961209 -0.275246
vn 0.024143 0.960735 -0.276414
vn -0.025760 -0.959618 -0.280125
vn 0.952676 0.206037 -0.223511
vn 0.415857 0.768159 -0.486821
vn -0.347993 0.829490 -0.436861
vn -0.874814 0.456673 -0.161711
vn 0.351732 -0.819323 0.452764
vn 0.881297 -0.440918 0.170020
vn -0.954208 -0.206409 0.216522
vn -0.411056 -0.764220 0.496992
vn 0.412416 0.796330 0.442461
vn 0.952913 0.246911 0.176044
vn -0.883324 0.430981 0.184377
vn -0.353670 0.833102 0.425274
vn 0.886517 -0.433033 -0.163007
vn 0.355712 -0.829113 -0.431324
vn -0.403756 -0.784638 -0.470451
vn -0.950858 -0.231649 -0.205445
vn -0.405654 -0.752313 -0.519104
vn -0.956189 -0.188126 -0.224302
vn -0.429783 -0.856589 -0.285556
vn -0.857844 0.475953 -0.193835
vn -0.331019 0.910088 -0.249333
vn -0.339267 0.809769 -0.478719
vn 0.415813 0.871058 -0.261452
vn 0.407432 0.743134 -0.530802
vn 0.947798 0.201037 -0.247515
vn 0.881638 -0.437117 0.177888
vn 0.345800 -0.810688 0.472447
vn 0.826657 -0.551026 -0.114054
vn 0.291825 -0.940816 0.172349
vn 0.290123 -0.785058 -0.547277
vn -0.358273 -0.912932 0.195437
vn -0.931256 -0.352716 -0.091394
vn -0.355671 -0.735137 -0.577124
vn 0.346860 0.556627 -0.754887
vn 0.890796 -0.012106 -0.454242
vn 0.311179 -0.261458 -0.913678
vn -0.885015 0.213173 -0.413891
vn -0.309661 0.625379 -0.716248
vn -0.347542 -0.177107 -0.920786
vn 0.912320 -0.001295 0.409477
vn 0.358898 0.581077 0.730439
vn 0.327603 -0.267173 0.906254
vn -0.301879 0.637515 0.708833
vn -0.871286 0.206125 0.445392
vn -0.332609 -0.174254 0.926826
vn 0.286584 -0.944948 -0.157935
vn 0.819526 -0.563117 0.106187
vn 0.287851 -0.790861 0.540074
vn -0.924160 -0.365240 0.111927
vn -0.350320 -0.918307 -0.184359
vn -0.344678 -0.743236 0.573408
s off
g House_Small_LOW
usemtl lambert1SG
f 4/4/1 3/3/2 1/1/3 2/2/4
f 8/5/5 7/6/6 5/7/7 6/8/8
f 12/9/9 11/10/10 9/11/11 10/12/12
s 1
f 32/13/13 33/14/14 34/15/15 35/16/16
f 36/17/17 37/18/18 38/19/19 39/20/20
s 3
f 42/21/21 43/22/22 44/23/23 45/24/24
s off
f 44/23/25 19/25/26 18/26/27 46/27/28
s 1
f 38/19/19 40/28/29 41/29/30 39/20/20
s off
f 38/19/31 17/30/32 21/31/33 40/28/34
s 1
f 40/28/29 34/15/15 33/14/14 41/29/30
s off
f 21/31/35 20/32/36 34/15/37 40/28/38
s 3
f 45/24/24 44/23/23 46/27/39 47/33/40 48/34/41
f 47/33/40 46/27/39 49/35/42 50/36/43
s off
f 24/37/44 33/14/45 32/13/46 16/38/47
f 16/39/48 32/40/49 35/16/50 31/41/51
f 30/42/52 37/18/53 36/43/54 13/44/55
f 13/45/56 36/17/57 39/20/58 23/46/59
f 23/46/60 39/20/61 41/29/62 22/47/63
f 22/47/64 41/29/65 33/14/66 24/37/67
f 25/48/68 43/22/69 42/49/70 15/50/71
f 15/51/72 42/21/73 45/24/74 27/52/75
f 28/53/76 48/34/77 47/33/78 29/54/79
f 27/52/80 45/24/81 48/34/82 28/53/83
f 14/55/84 50/56/85 49/35/86 26/57/87
f 29/54/88 47/33/89 50/36/90 14/58/91
f 38/19/92 37/18/93 30/42/94 17/30/95
f 35/16/96 34/15/97 20/32/98 31/41/99
f 44/23/100 43/22/101 25/48/102 19/25/103
f 26/57/104 49/35/105 46/27/106 18/26/107
s 4
f 56/59/108 57/60/109 53/61/110 51/62/111
s 5
f 60/63/112 56/59/113 55/64/114 59/65/115
s 4
f 60/63/116 61/66/117 57/60/109 56/59/108
s 6
f 62/67/118 59/65/119 55/64/120 58/68/121
s 5
f 64/69/122 60/63/112 59/65/115 63/70/123
s 4
f 64/69/124 65/71/125 61/66/117 60/63/116
s 6
f 66/72/126 63/70/127 59/65/119 62/67/118
s 5
f 68/73/128 52/74/129 64/69/122 63/70/123
s 4
f 52/74/130 54/75/131 65/71/125 64/69/124
s 6
f 68/73/132 63/70/127 66/72/126 67/76/133
f 58/68/121 55/64/120 70/77/134 69/78/135
s 5
f 51/62/136 70/77/137 55/64/114 56/59/113
s 7
f 90/79/138 91/80/139 92/81/140 93/82/141
f 94/83/142 95/84/143 96/85/144 97/86/145
s 9
f 100/87/146 101/88/147 102/89/148 103/90/149
s off
f 102/89/150 77/91/151 76/92/152 104/93/153
s 7
f 96/85/144 98/94/154 99/95/155 97/86/145
s off
f 96/85/156 75/96/157 79/97/158 98/94/159
s 7
f 98/94/154 92/81/140 91/80/139 99/95/155
s off
f 79/97/160 78/98/161 92/81/162 98/94/163
s 9
f 103/90/149 102/89/148 104/93/164 105/99/165 106/100/166
f 105/99/165 104/93/164 107/101/167 108/102/168
s off
f 82/103/169 91/80/170 90/79/171 74/104/172
f 74/105/173 90/106/174 93/82/175 89/107/176
f 88/108/177 95/84/178 94/109/179 71/110/180
f 71/111/181 94/83/182 97/86/183 81/112/184
f 81/112/185 97/86/186 99/95/187 80/113/188
f 80/113/189 99/95/190 91/80/191 82/103/192
f 83/114/193 101/88/194 100/115/195 73/116/196
f 73/117/197 100/87/198 103/90/199 85/118/200
f 86/119/201 106/100/202 105/99/203 87/120/204
f 85/118/205 103/90/206 106/100/207 86/119/208
f 72/121/209 108/122/210 107/101/211 84/123/212
f 87/120/213 105/99/214 108/102/215 72/124/216
f 96/85/217 95/84/218 88/108/219 75/96/220
f 93/82/221 92/81/222 78/98/223 89/107/224
f 102/89/225 101/88/226 83/114/227 77/91/228
f 84/123/229 107/101/230 104/93/231 76/92/232
s 10
f 114/125/233 115/126/234 111/127/235 109/128/236
s 11
f 118/129/237 114/125/238 113/130/239 117/131/240
s 10
f 118/129/241 119/132/242 115/126/234 114/125/233
s 12
f 120/133/243 117/131/244 113/130/245 116/134/246
s 11
f 122/135/247 118/129/237 117/131/240 121/136/248
s 10
f 122/135/249 123/137/250 119/132/242 118/129/241
s 12
f 124/138/251 121/136/252 117/131/244 120/133/243
s 11
f 126/139/253 110/140/254 122/135/247 121/136/248
s 10
f 110/140/255 112/141/256 123/137/250 122/135/249
s 12
f 126/139/257 121/136/252 124/138/251 125/142/258
f 116/134/246 113/130/245 128/143/259 127/144/260
s 11
f 109/128/261 128/143/262 113/130/239 114/125/238
s 13
f 148/145/263 149/146/264 150/147/265 151/148/266
f 152/149/267 153/150/268 154/151/269 155/152/270
s 15
f 158/153/271 159/154/272 160/155/273 161/156/274
s off
f 160/155/275 135/157/276 134/158/277 162/159/278
s 13
f 154/151/269 156/160/279 157/161/280 155/152/270
s off
f 154/151/281 133/162/282 137/163/283 156/160/284
s 13
f 156/160/279 150/147/265 149/146/264 157/161/280
s off
f 137/163/285 136/164/286 150/147/287 156/160/288
s 15
f 161/156/274 160/155/273 162/159/289 163/165/290 164/166/291
f 163/165/290 162/159/289 165/167/292 166/168/293
s off
f 140/169/294 149/146/295 148/145/296 132/170/297
f 132/171/298 148/172/299 151/148/300 147/173/301
f 146/174/302 153/150/303 152/175/304 129/176/305
f 129/177/306 152/149/307 155/152/308 139/178/309
f 139/178/310 155/152/311 157/161/312 138/179/313
f 138/179/314 157/161/315 149/146/316 140/169/317
f 141/180/318 159/154/319 158/181/320 131/182/321
f 131/183/322 158/153/323 161/156/324 143/184/325
f 144/185/326 164/166/327 163/165/328 145/186/329
f 143/184/330 161/156/331 164/166/332 144/185/333
f 130/187/334 166/188/335 165/167/336 142/189/337
f 145/186/338 163/165/339 166/168/340 130/190/341
f 154/151/342 153/150/343 146/174/344 133/162/345
f 151/148/346 150/147/347 136/164/348 147/173/349
f 160/155/350 159/154/351 141/180/352 135/157/353
f 142/189/354 165/167/355 162/159/356 134/158/357
s 16
f 172/191/358 173/192/359 169/193/360 167/194/361
s 17
f 176/195/362 172/191/363 171/196/364 175/197/365
s 16
f 176/195/366 177/198/367 173/192/359 172/191/358
s 18
f 178/199/368 175/197/369 171/196/370 174/200/371
s 17
f 180/201/372 176/195/362 175/197/365 179/202/373
s 16
f 180/201/374 181/203/375 177/198/367 176/195/366
s 18
f 182/204/376 179/202/377 175/197/369 178/199/368
s 17
f 184/205/378 168/206/379 180/201/372 179/202/373
s 16
f 168/206/380 170/207/381 181/203/375 180/201/374
s 18
f 184/205/382 179/202/377 182/204/376 183/208/383
f 174/200/371 171/196/370 186/209/384 185/210/385
s 17
f 167/194/386 186/209/387 171/196/364 172/191/363
s 19
f 204/211/388 205/212/389 191/213/390 187/214/391
s 20
f 222/215/392 196/216/393 195/217/394 221/218/395
s 21
f 190/219/396 194/220/397 198/221/398 197/222/399
f 197/222/399 198/221/398 200/223/400 199/224/401
s 20
f 196/216/393 202/225/402 201/226/403 195/217/394
s 22
f 197/222/404 199/224/405 202/225/406 196/216/407
s 23
f 208/227/408 204/211/409 203/228/410 207/229/411
s 19
f 208/227/412 209/230/413 205/212/389 204/211/388
s 24
f 210/231/414 207/229/415 203/228/416 206/232/417
s 23
f 212/233/418 208/227/408 207/229/411 211/234/419
s 19
f 212/233/420 213/235/421 209/230/413 208/227/412
s 24
f 214/236/422 211/234/423 207/229/415 210/231/414
s 23
f 218/237/424 188/238/425 212/233/418 211/234/419
s 19
f 188/238/426 192/239/427 213/235/421 212/233/420
s 24
f 218/237/428 211/234/423 214/236/422 217/240/429
s 21
f 199/224/401 200/223/400 193/241/430 189/242/431
s 20
f 202/225/402 216/243/432 215/244/433 201/226/403
s 22
f 202/225/406 199/224/405 189/242/434 216/243/435
s 24
f 206/232/417 203/228/416 220/245/436 219/246/437
s 23
f 187/214/438 220/245/439 203/228/410 204/211/409
s 22
f 222/215/440 190/219/441 197/222/404 196/216/407
s 25
f 228/247/442 229/248/443 225/249/444 223/250/445
s 26
f 232/251/446 228/247/447 227/252/448 231/253/449
s 25
f 232/251/450 233/254/451 229/248/443 228/247/442
s 27
f 234/255/452 231/253/453 227/252/454 230/256/455
s 26
f 236/257/456 232/251/446 231/253/449 235/258/457
s 25
f 236/257/458 237/259/459 233/254/451 232/251/450
s 27
f 238/260/460 235/258/461 231/253/453 234/255/452
s 26
f 240/261/462 224/262/463 236/257/456 235/258/457
s 25
f 224/262/464 226/263/465 237/259/459 236/257/458
s 27
f 240/261/466 235/258/461 238/260/460 239/264/467
f 230/256/455 227/252/454 242/265/468 241/266/469
s 26
f 223/250/470 242/265/471 227/252/448 228/247/447
s 28
f 248/267/472 249/268/473 245/269/474 243/270/475
s 29
f 252/271/476 248/267/477 247/272/478 251/273/479
s 28
f 252/271/480 253/274/481 249/268/473 248/267/472
s 30
f 254/275/482 251/273/483 247/272/484 250/276/485
s 29
f 256/277/486 252/271/476 251/273/479 255/278/487
s 28
f 256/277/488 257/279/489 253/274/481 252/271/480
s 30
f 258/280/490 255/278/491 251/273/483 254/275/482
s 29
f 260/281/492 244/282/493 256/277/486 255/278/487
s 28
f 244/282/494 246/283/495 257/279/489 256/277/488
s 30
f 260/281/496 255/278/491 258/280/490 259/284/497
f 250/276/485 247/272/484 262/285/498 261/286/499
s 29
f 243/270/500 262/285/501 247/272/478 248/267/477
s 31
f 280/287/502 281/288/503 267/289/504 263/290/505
s 32
f 298/291/506 272/292/507 271/293/508 297/294/509
s 33
f 266/295/510 270/296/511 274/297/512 273/298/513
f 273/298/513 274/297/512 276/299/514 275/300/515
s 32
f 272/292/507 278/301/516 277/302/517 271/293/508
s 34
f 273/298/518 275/300/519 278/301/520 272/292/521
s 35
f 284/303/522 280/287/523 279/304/524 283/305/525
s 31
f 284/303/526 285/306/527 281/288/503 280/287/502
s 36
f 286/307/528 283/305/529 279/304/530 282/308/531
s 35
f 288/309/532 284/303/522 283/305/525 287/310/533
s 31
f 288/309/534 289/311/535 285/306/527 284/303/526
s 36
f 290/312/536 287/310/537 283/305/529 286/307/528
s 35
f 294/313/538 264/314/539 288/309/532 287/310/533
s 31
f 264/314/540 268/315/541 289/311/535 288/309/534
s 36
f 294/313/542 287/310/537 290/312/536 293/316/543
s 33
f 275/300/515 276/299/514 269/317/544 265/318/545
s 32
f 278/301/516 292/319/546 291/320/547 277/302/517
s 34
f 278/301/520 275/300/519 265/318/548 292/319/549
s 36
f 282/308/531 279/304/530 296/321/550 295/322/551
s 35
f 263/290/552 296/321/553 279/304/524 280/287/523
s 34
f 298/291/554 266/295/555 273/298/518 272/292/521
s 37
f 316/323/556 317/324/557 303/325/558 299/326/559
s 38
f 334/327/560 308/328/561 307/329/562 333/330/563
s 39
f 302/331/564 306/332/565 310/333/566 309/334/567
f 309/334/567 310/333/566 312/335/568 311/336/569
s 38
f 308/328/561 314/337/570 313/338/571 307/329/562
s 40
f 309/334/572 311/336/573 314/337/574 308/328/575
s 41
f 320/339/576 316/323/577 315/340/578 319/341/579
s 37
f 320/339/580 321/342/581 317/324/557 316/323/556
s 42
f 322/343/582 319/341/583 315/340/584 318/344/585
s 41
f 324/345/586 320/339/576 319/341/579 323/346/587
s 37
f 324/345/588 325/347/589 321/342/581 320/339/580
s 42
f 326/348/590 323/346/591 319/341/583 322/343/582
s 41
f 330/349/592 300/350/593 324/345/586 323/346/587
s 37
f 300/350/594 304/351/595 325/347/589 324/345/588
s 42
f 330/349/596 323/346/591 326/348/590 329/352/597
s 39
f 311/336/569 312/335/568 305/353/598 301/354/599
s 38
f 314/337/570 328/355/600 327/356/601 313/338/571
s 40
f 314/337/574 311/336/573 301/354/602 328/355/603
s 42
f 318/344/585 315/340/584 332/357/604 331/358/605
s 41
f 299/326/606 332/357/607 315/340/578 316/323/577
s 40
f 334/327/608 302/331/609 309/334/572 308/328/575
s 43
f 340/359/610 341/360/611 337/361/612 335/362/613
s 44
f 344/363/614 340/359/615 339/364/616 343/365/617
s 43
f 344/363/618 345/366/619 341/360/611 340/359/610
s 45
f 346/367/620 343/365/621 339/364/622 342/368/623
s 44
f 348/369/624 344/363/614 343/365/617 347/370/625
s 43
f 348/369/626 349/371/627 345/366/619 344/363/618
s 45
f 350/372/628 347/370/629 343/365/621 346/367/620
s 44
f 352/373/630 336/374/631 348/369/624 347/370/625
s 43
f 336/374/632 338/375/633 349/371/627 348/369/626
s 45
f 352/373/634 347/370/629 350/372/628 351/376/635
f 342/368/623 339/364/622 354/377/636 353/378/637
s 44
f 335/362/638 354/377/639 339/364/616 340/359/615
s off
f 500/379/640 501/380/641 502/381/642 503/382/643
f 468/383/644 469/384/645 470/385/646 471/386/647
f 472/387/648 473/388/649 474/389/650 475/390/651
f 506/391/652 507/392/653 508/393/654 509/394/655
f 510/395/656 511/396/657 512/397/658 513/398/659
f 476/399/660 477/400/661 478/401/662 479/402/663
f 480/403/664 481/404/665 482/405/666 483/406/667
f 514/407/668 515/408/669 516/409/670 517/410/671
f 518/411/672 519/412/673 520/413/674 521/414/675
f 484/415/676 485/416/677 486/417/678 487/418/679
f 488/419/680 489/420/681 490/421/682 491/422/683
f 522/423/684 523/424/685 524/425/686 525/426/687
f 526/427/688 527/428/689 528/429/690 529/430/691
f 492/431/692 493/432/693 494/433/694 495/434/695
s 46
f 504/435/696 505/436/697 592/437/698 593/438/699
s 47
f 596/439/700 597/440/701 564/441/702 565/442/703
s off
f 470/385/704 469/384/705 472/387/706 475/390/707
f 531/443/708 530/444/709 532/445/710 533/446/711
f 508/393/712 507/392/713 510/395/714 513/398/715
f 569/447/716 568/448/717 570/449/718 571/450/719
f 478/401/720 477/400/721 480/403/722 483/406/723
f 539/451/724 538/452/725 540/453/726 541/454/727
f 516/409/728 515/408/729 518/411/730 521/414/731
f 577/455/732 576/456/733 578/457/734 579/458/735
f 486/417/736 485/416/737 488/419/738 491/422/739
f 547/459/740 546/460/741 548/461/742 549/462/743
f 524/425/744 523/424/745 526/427/746 529/430/747
f 585/463/748 584/464/749 586/465/750 587/466/751
f 494/433/752 493/432/753 496/467/754 497/468/755
f 555/469/756 554/470/757 556/471/758 557/472/759
f 496/467/760 498/473/761 499/474/762 497/468/763
f 555/469/764 558/475/765 559/476/766 554/470/767
f 563/477/768 566/478/769 567/479/770 562/480/771
f 534/481/772 533/446/773 532/445/774 535/482/775
f 531/443/776 536/483/777 537/484/778 530/444/779
f 572/485/780 571/450/781 570/449/782 573/486/783
f 569/447/784 574/487/785 575/488/786 568/448/787
f 542/489/788 541/454/789 540/453/790 543/490/791
f 539/451/792 544/491/793 545/492/794 538/452/795
f 580/493/796 579/458/797 578/457/798 581/494/799
f 577/455/800 582/495/801 583/496/802 576/456/803
f 550/497/804 549/462/805 548/461/806 551/498/807
f 547/459/808 552/499/809 553/500/810 546/460/811
f 588/501/812 587/466/813 586/465/814 589/502/815
f 585/463/816 590/503/817 591/504/818 584/464/819
f 560/505/820 557/472/821 556/471/822 561/506/823
s 48
f 725/507/824 360/508/825 466/509/826
s off
f 372/510/827 371/511/828 469/512/829 468/513/830
s 49
f 376/514/831 375/515/832 471/516/833 470/385/834
s off
f 375/515/835 372/510/836 468/513/837 471/516/838
f 385/517/839 384/518/840 473/519/841 472/520/842
f 384/518/843 387/521/844 474/522/845 473/519/846
s 50
f 387/523/847 386/524/848 475/390/849 474/525/850
s off
f 371/511/851 385/517/852 472/520/853 469/512/854
s 49
f 386/524/855 376/514/831 470/385/856 475/390/857
s off
f 396/526/858 395/527/859 477/528/860 476/529/861
s 52
f 400/530/862 399/531/863 479/532/864 478/401/865
s off
f 399/531/866 396/526/867 476/529/868 479/532/869
f 409/533/870 408/534/871 481/535/872 480/536/873
f 408/534/874 411/537/875 482/538/876 481/535/877
s 53
f 411/539/878 410/540/879 483/406/880 482/541/881
s off
f 395/527/882 409/533/883 480/536/884 477/528/885
s 53
f 410/540/879 400/530/886 478/401/887 483/406/888
s off
f 420/542/889 419/543/890 485/544/891 484/545/892
s 55
f 424/546/893 423/547/894 487/548/895 486/417/896
s off
f 423/547/897 420/542/898 484/545/899 487/548/900
f 433/549/901 432/550/902 489/551/903 488/552/904
f 432/550/905 435/553/906 490/554/907 489/551/908
s 56
f 435/555/909 434/556/910 491/422/911 490/557/912
s off
f 419/543/913 433/549/914 488/552/915 485/544/916
s 55
f 434/556/917 424/546/893 486/417/918 491/422/919
s off
f 444/558/920 443/559/921 493/560/922 492/561/923
s 58
f 448/562/924 447/563/925 495/564/926 494/433/927
s off
f 447/563/928 444/558/929 492/561/930 495/564/931
f 443/559/932 362/565/933 496/566/934 493/560/935
s 59
f 365/567/936 448/562/937 494/433/938 497/468/939
s off
f 362/565/940 361/568/941 498/569/942 496/566/943
f 361/568/944 364/570/945 499/571/946 498/569/947
s 60
f 364/572/948 365/567/949 497/468/950 499/573/951
s off
f 372/574/952 375/575/953 502/576/954 501/577/955
s 61
f 375/578/956 374/579/957 503/382/958 502/580/959
s 62
f 355/581/960 356/582/961 505/583/962 504/584/963
s 63
f 356/582/964 599/585/965 592/586/966 505/583/967
s 61
f 594/587/968 355/581/969 504/584/970 593/438/971
s off
f 384/588/972 383/589/973 507/590/974 506/591/975
s 65
f 388/592/976 387/593/977 509/594/978 508/393/979
s off
f 387/593/980 384/588/981 506/591/982 509/594/983
f 397/595/984 396/596/985 511/597/986 510/598/987
f 396/596/988 399/599/989 512/600/990 511/597/991
s 66
f 399/601/992 398/602/993 513/398/994 512/603/995
s off
f 383/589/996 397/595/997 510/598/998 507/590/999
s 67
f 398/602/1000 388/592/1001 508/393/1002 513/398/1003
s off
f 408/604/1004 407/605/1005 515/606/1006 514/607/1007
s 68
f 412/608/1008 411/609/1009 517/610/1010 516/409/1011
s off
f 411/609/1012 408/604/1013 514/607/1014 517/610/1015
f 421/611/1016 420/612/1017 519/613/1018 518/614/1019
f 420/612/1020 423/615/1021 520/616/1022 519/613/1023
s 68
f 423/617/1024 422/618/1025 521/414/1026 520/619/1027
s off
f 407/605/1028 421/611/1029 518/614/1030 515/606/1031
s 68
f 422/618/1025 412/608/1008 516/409/1032 521/414/1033
s off
f 432/620/1034 431/621/1035 523/622/1036 522/623/1037
s 71
f 436/624/1038 435/625/1039 525/626/1040 524/425/1041
s off
f 435/625/1042 432/620/1043 522/623/1044 525/626/1045
f 445/627/1046 444/628/1047 527/629/1048 526/630/1049
f 444/628/1050 447/631/1051 528/632/1052 527/629/1053
s 72
f 447/633/1054 446/634/1055 529/430/1056 528/635/1057
s off
f 431/621/1058 445/627/1059 526/630/1060 523/622/1061
s 73
f 446/634/1062 436/624/1063 524/425/1064 529/430/1065
s off
f 392/636/1066 382/637/1067 532/638/1068 530/639/1069
s 49
f 379/640/1070 389/641/1071 531/443/1072 533/446/1073
f 378/642/1074 379/640/1070 533/446/1075 534/643/1076
s off
f 382/637/1077 381/644/1078 535/645/1079 532/638/1080
f 381/644/1081 378/642/1082 534/643/1083 535/645/1084
s 50
f 389/641/1085 390/646/1086 536/647/1087 531/443/1088
s off
f 390/648/1089 393/649/1090 537/650/1091 536/651/1092
f 393/649/1093 392/636/1094 530/639/1095 537/650/1096
f 416/652/1097 406/653/1098 540/654/1099 538/655/1100
s 53
f 403/656/1101 413/657/1102 539/451/1103 541/454/1104
s 52
f 402/658/1105 403/656/1106 541/454/1107 542/659/1108
s off
f 406/653/1109 405/660/1110 543/661/1111 540/654/1112
f 405/660/1113 402/658/1114 542/659/1115 543/661/1116
s 53
f 413/657/1102 414/662/1117 544/663/1118 539/451/1119
s off
f 414/664/1120 417/665/1121 545/666/1122 544/667/1123
f 417/665/1124 416/652/1125 538/655/1126 545/666/1127
f 440/668/1128 430/669/1129 548/670/1130 546/671/1131
s 55
f 427/672/1132 437/673/1133 547/459/1134 549/462/1135
f 426/674/1136 427/672/1132 549/462/1137 550/675/1138
s off
f 430/669/1139 429/676/1140 551/677/1141 548/670/1142
f 429/676/1143 426/674/1144 550/675/1145 551/677/1146
s 56
f 437/673/1147 438/678/1148 552/679/1149 547/459/1150
s off
f 438/680/1151 441/681/1152 553/682/1153 552/683/1154
f 441/681/1155 440/668/1156 546/671/1157 553/682/1158
f 369/684/1159 454/685/1160 556/686/1161 554/687/1162
s 59
f 451/688/1163 366/689/1164 555/469/1165 557/472/1166
s 60
f 366/689/1167 367/690/1168 558/691/1169 555/469/1170
s off
f 367/692/1171 370/693/1172 559/694/1173 558/695/1174
f 370/693/1175 369/684/1176 554/687/1177 559/694/1178
s 58
f 450/696/1179 451/688/1180 557/472/1181 560/697/1182
s off
f 454/685/1183 453/698/1184 561/699/1185 556/686/1186
f 453/698/1187 450/696/1188 560/697/1189 561/699/1190
s 86
f 598/700/1191 358/701/1192 564/702/1193 597/703/1194
s 62
f 358/701/1195 357/704/1196 565/705/1197 564/702/1198
s 61
f 357/704/1199 595/706/1200 596/439/1201 565/705/1202
f 377/707/1203 378/708/1204 566/709/1205 563/477/1206
s off
f 378/710/1207 381/711/1208 567/712/1209 566/713/1210
f 381/711/1211 380/714/1212 562/715/1213 567/712/1214
f 404/716/1215 394/717/1216 570/718/1217 568/719/1218
s 67
f 391/720/1219 401/721/1220 569/447/1221 571/450/1222
s 65
f 390/722/1223 391/720/1224 571/450/1225 572/723/1226
s off
f 394/717/1227 393/724/1228 573/725/1229 570/718/1230
f 393/724/1231 390/722/1232 572/723/1233 573/725/1234
s 66
f 401/721/1235 402/726/1236 574/727/1237 569/447/1238
s off
f 402/728/1239 405/729/1240 575/730/1241 574/731/1242
f 405/729/1243 404/716/1244 568/719/1245 575/730/1246
f 428/732/1247 418/733/1248 578/734/1249 576/735/1250
s 68
f 415/736/1251 425/737/1252 577/455/1253 579/458/1254
f 414/738/1255 415/736/1251 579/458/1256 580/739/1257
s off
f 418/733/1258 417/740/1259 581/741/1260 578/734/1261
f 417/740/1262 414/738/1263 580/739/1264 581/741/1265
s 68
f 425/737/1252 426/742/1266 582/743/1267 577/455/1268
s off
f 426/744/1269 429/745/1270 583/746/1271 582/747/1272
f 429/745/1273 428/732/1274 576/735/1275 583/746/1276
f 452/748/1277 442/749/1278 586/750/1279 584/751/1280
s 73
f 439/752/1281 449/753/1282 585/463/1283 587/466/1284
s 71
f 438/754/1285 439/752/1286 587/466/1287 588/755/1288
s off
f 442/749/1289 441/756/1290 589/757/1291 586/750/1292
f 441/756/1293 438/754/1294 588/755/1295 589/757/1296
s 72
f 449/753/1297 450/758/1298 590/759/1299 585/463/1300
s off
f 450/760/1301 453/761/1302 591/762/1303 590/763/1304
f 453/761/1305 452/748/1306 584/751/1307 591/762/1308
f 372/574/1309 501/577/1310 500/764/1311 373/765/1312
s 46
f 593/438/699 592/437/698 500/379/1313 503/382/1314
s 61
f 374/579/957 594/587/968 593/438/971 503/382/1315
f 596/439/1201 595/706/1200 377/707/1316 563/477/1317
s 47
f 563/477/1318 562/480/1319 597/440/701 596/439/700
s 86
f 380/714/1320 598/700/1191 597/703/1194 562/715/1321
s 63
f 592/586/966 599/585/965 373/765/1322 500/764/1323
s 73
f 600/766/1324 601/767/1325 660/768/1326 661/769/1327
s 71
f 601/767/1328 600/766/1329 602/770/1330 603/771/1331
s 56
f 603/772/1332 602/773/1333 605/774/1334 604/775/1335
s 55
f 604/775/1336 605/774/1337 606/776/1338 607/777/1339
f 607/777/1339 606/776/1338 608/778/1340 609/779/1341
s 68
f 609/780/1342 608/781/1343 611/782/1344 610/783/1345
f 610/783/1345 611/782/1344 612/784/1346 613/785/1347
f 613/785/1347 612/784/1346 614/786/1348 615/787/1349
s 53
f 615/788/1350 614/789/1351 617/790/1352 616/791/1353
f 616/791/1353 617/790/1352 618/792/1354 619/793/1355
s 52
f 619/793/1356 618/792/1357 620/794/1358 621/795/1359
s 66
f 621/796/1360 620/797/1361 623/798/1362 622/799/1363
s 67
f 622/799/1364 623/798/1365 624/800/1366 625/801/1367
s 65
f 625/801/1368 624/800/1369 626/802/1370 627/803/1371
s 50
f 627/804/1372 626/805/1373 629/806/1374 628/807/1375
s 49
f 628/807/1376 629/806/1377 630/808/1378 631/809/1379
f 631/809/1379 630/808/1378 632/810/1380 633/811/1381
s 61
f 633/812/1382 632/813/1383 635/814/1384 634/815/1385
f 634/815/1385 635/814/1384 637/816/1386 636/817/1387
f 636/817/1387 637/816/1386 791/818/1388 790/819/1389
s 112
f 638/820/1390 639/821/1391 640/822/1392 641/823/1393
s 113
f 641/824/1394 640/825/1395 643/826/1396 642/827/1397
s 114
f 642/827/1398 643/826/1399 644/828/1400 645/829/1401
s 115
f 645/829/1402 644/828/1403 646/830/1404 647/831/1405
s 116
f 647/832/1406 646/833/1407 649/834/1408 648/835/1409
s 117
f 648/835/1410 649/834/1411 650/836/1412 651/837/1413
s 118
f 651/837/1414 650/836/1415 652/838/1416 653/839/1417
s 60
f 653/840/1418 652/841/1419 655/842/1420 654/843/1421
s 59
f 654/843/1422 655/842/1423 656/844/1424 657/845/1425
s 58
f 657/845/1426 656/844/1427 658/846/1428 659/847/1429
s 72
f 659/848/1430 658/849/1431 661/769/1432 660/768/1433
s 62
f 662/850/1434 663/851/1435 797/852/1436 796/853/1437
s 61
f 663/851/1438 662/850/1439 664/854/1440 665/855/1441
f 665/855/1441 664/854/1440 666/856/1442 667/857/1443
f 667/857/1444 666/856/1445 669/858/1446 668/859/1447
s 49
f 668/860/1448 669/861/1449 671/862/1450 670/863/1451
f 670/863/1451 671/862/1450 673/864/1452 672/865/1453
s 50
f 672/865/1454 673/864/1455 675/866/1456 674/867/1457
s 65
f 674/868/1458 675/869/1459 677/870/1460 676/871/1461
s 67
f 676/871/1462 677/870/1463 679/872/1464 678/873/1465
s 66
f 678/873/1466 679/872/1467 681/874/1468 680/875/1469
s 52
f 680/876/1470 681/877/1471 683/878/1472 682/879/1473
s 53
f 682/879/1474 683/878/1475 685/880/1476 684/881/1477
f 684/881/1477 685/880/1476 687/882/1478 686/883/1479
s 68
f 686/884/1480 687/885/1481 689/886/1482 688/887/1483
f 688/887/1483 689/886/1482 691/888/1484 690/889/1485
f 690/889/1485 691/888/1484 693/890/1486 692/891/1487
s 55
f 692/892/1488 693/893/1489 695/894/1490 694/895/1491
f 694/895/1491 695/894/1490 697/896/1492 696/897/1493
s 56
f 696/897/1494 697/896/1495 699/898/1496 698/899/1497
s 71
f 698/900/1498 699/901/1499 701/902/1500 700/903/1501
s 73
f 700/903/1502 701/902/1503 703/904/1504 702/905/1505
s 72
f 702/905/1506 703/904/1507 705/906/1508 704/907/1509
s 58
f 704/908/1510 705/909/1511 707/910/1512 706/911/1513
s 59
f 706/911/1514 707/910/1515 709/912/1516 708/913/1517
s 60
f 708/913/1518 709/912/1519 711/914/1520 710/915/1521
s 118
f 710/916/1522 711/917/1523 713/918/1524 712/919/1525
s 117
f 712/919/1526 713/918/1527 715/920/1528 714/921/1529
s 116
f 714/921/1530 715/920/1531 717/922/1532 716/923/1533
s 115
f 716/924/1534 717/925/1535 719/926/1536 718/927/1537
s 114
f 718/927/1538 719/926/1539 721/928/1540 720/929/1541
s 113
f 720/929/1542 721/928/1543 723/930/1544 722/931/1545
s 112
f 722/932/1546 723/933/1547 724/934/1548 725/507/1549
s 62
f 726/935/1550 727/936/1551 793/937/1552 792/938/1553
s 61
f 727/936/1554 726/935/1555 728/939/1556 729/940/1557
f 729/940/1557 728/939/1556 730/941/1558 731/942/1559
f 731/942/1559 730/941/1558 733/943/1560 732/944/1561
s 49
f 732/945/1562 733/946/1563 735/947/1564 734/948/1565
f 734/948/1565 735/947/1564 737/949/1566 736/950/1567
s 50
f 736/950/1568 737/949/1569 739/951/1570 738/952/1571
s 65
f 738/953/1572 739/954/1573 741/955/1574 740/956/1575
s 67
f 740/956/1576 741/955/1577 743/957/1578 742/958/1579
s 66
f 742/958/1580 743/957/1581 745/959/1582 744/960/1583
s 52
f 744/961/1584 745/962/1585 747/963/1586 746/964/1587
s 53
f 746/964/1588 747/963/1589 749/965/1590 748/966/1591
f 748/966/1591 749/965/1590 751/967/1592 750/968/1593
s 68
f 750/969/1594 751/970/1595 753/971/1596 752/972/1597
f 752/972/1597 753/971/1596 755/973/1598 754/974/1599
f 754/974/1599 755/973/1598 757/975/1600 756/976/1601
s 55
f 756/977/1602 757/978/1603 759/979/1604 758/980/1605
f 758/980/1605 759/979/1604 761/981/1606 760/982/1607
s 56
f 760/982/1608 761/981/1609 763/983/1610 762/984/1611
s 71
f 762/985/1612 763/986/1613 765/987/1614 764/988/1615
s 73
f 764/988/1616 765/987/1617 767/989/1618 766/990/1619
s 72
f 766/990/1620 767/989/1621 769/991/1622 768/992/1623
s 58
f 768/993/1624 769/994/1625 771/995/1626 770/996/1627
s 59
f 770/996/1628 771/995/1629 773/997/1630 772/998/1631
s 60
f 772/998/1632 773/997/1633 775/999/1634 774/1000/1635
s 118
f 774/1001/1636 775/1002/1637 777/1003/1638 776/1004/1639
s 117
f 776/1004/1640 777/1003/1641 779/1005/1642 778/1006/1643
s 116
f 778/1006/1644 779/1005/1645 781/1007/1646 780/1008/1647
s 115
f 780/1009/1648 781/1010/1649 783/1011/1650 782/1012/1651
s 114
f 782/1012/1652 783/1011/1653 785/1013/1654 784/1014/1655
s 113
f 784/1014/1656 785/1013/1657 787/1015/1658 786/1016/1659
s 112
f 786/1017/1660 787/1018/1661 788/1019/1662 789/1020/1663
s 62
f 790/819/1664 791/818/1665 795/1021/1666 794/1022/1667
s 60
f 772/998/1632 774/1000/1635 653/840/1418 654/843/1421
s 118
f 774/1001/1636 776/1004/1639 651/837/1414 653/839/1417
s 61
f 790/819/1389 727/936/1554 729/940/1557 636/817/1387
s 117
f 651/837/1413 776/1004/1640 778/1006/1643 648/835/1410
s 49
f 631/809/1379 734/948/1565 736/950/1567 628/807/1376
s 67
f 625/801/1367 740/956/1576 742/958/1579 622/799/1364
s 53
f 619/793/1355 746/964/1588 748/966/1591 616/791/1353
s 68
f 613/785/1347 752/972/1597 754/974/1599 610/783/1345
s 55
f 607/777/1339 758/980/1605 760/982/1607 604/775/1336
s 73
f 660/768/1326 601/767/1325 764/988/1616 766/990/1619
s 59
f 657/845/1425 770/996/1628 772/998/1631 654/843/1422
s 114
f 645/829/1401 782/1012/1652 784/1014/1655 642/827/1398
s 61
f 731/942/1559 732/944/1561 633/812/1382 634/815/1385
s 49
f 732/945/1562 734/948/1565 631/809/1379 633/811/1381
s 50
f 736/950/1568 738/952/1571 627/804/1372 628/807/1375
s 65
f 738/953/1572 740/956/1575 625/801/1368 627/803/1371
s 66
f 742/958/1580 744/960/1583 621/796/1360 622/799/1363
s 52
f 744/961/1584 746/964/1587 619/793/1356 621/795/1359
s 53
f 748/966/1591 750/968/1593 615/788/1350 616/791/1353
s 68
f 750/969/1594 752/972/1597 613/785/1347 615/787/1349
f 754/974/1599 756/976/1601 609/780/1342 610/783/1345
s 55
f 756/977/1602 758/980/1605 607/777/1339 609/779/1341
s 56
f 760/982/1608 762/984/1611 603/772/1332 604/775/1335
s 71
f 762/985/1612 764/988/1615 601/767/1328 603/771/1331
s 72
f 766/990/1620 768/992/1623 659/848/1430 660/768/1433
s 58
f 768/993/1624 770/996/1627 657/845/1426 659/847/1429
s 116
f 778/1006/1644 780/1008/1647 647/832/1406 648/835/1409
s 115
f 780/1009/1648 782/1012/1651 645/829/1402 647/831/1405
s 113
f 784/1014/1656 786/1016/1659 641/824/1394 642/827/1397
s 112
f 786/1017/1660 789/1020/1663 638/820/1390 641/823/1393
s 71
f 698/900/1498 700/903/1501 439/752/1286 438/754/1285
s 56
f 696/897/1494 698/899/1497 438/678/1148 437/673/1147
s 55
f 427/672/1132 694/895/1491 696/897/1493 437/673/1133
f 692/892/1488 694/895/1491 427/672/1132 426/674/1136
s 68
f 690/889/1485 692/891/1487 426/742/1266 425/737/1252
f 415/736/1251 688/887/1483 690/889/1485 425/737/1252
f 686/884/1480 688/887/1483 415/736/1251 414/738/1255
s 53
f 684/881/1477 686/883/1479 414/662/1117 413/657/1102
f 403/656/1101 682/879/1474 684/881/1477 413/657/1102
s 52
f 680/876/1470 682/879/1473 403/656/1106 402/658/1105
s 66
f 678/873/1466 680/875/1469 402/726/1236 401/721/1235
s 67
f 391/720/1219 676/871/1462 678/873/1465 401/721/1220
s 65
f 674/868/1458 676/871/1461 391/720/1224 390/722/1223
s 50
f 672/865/1454 674/867/1457 390/646/1086 389/641/1085
s 49
f 379/640/1070 670/863/1451 672/865/1453 389/641/1071
f 668/860/1448 670/863/1451 379/640/1070 378/642/1074
s 61
f 667/857/1444 668/859/1447 378/708/1204 377/707/1203
f 357/704/1199 663/851/1438 665/855/1441 595/706/1200
s 112
f 722/932/1546 725/507/1549 466/509/1668 465/1023/1669
s 113
f 720/929/1542 722/931/1545 465/1024/1670 464/1025/1671
s 114
f 460/1026/1672 718/927/1538 720/929/1541 464/1025/1673
s 115
f 716/924/1534 718/927/1537 460/1026/1674 459/1027/1675
s 116
f 714/921/1530 716/923/1533 459/1028/1676 458/1029/1677
s 117
f 368/1030/1678 712/919/1526 714/921/1529 458/1029/1679
s 118
f 710/916/1522 712/919/1525 368/1030/1680 367/1031/1681
s 60
f 708/913/1518 710/915/1521 367/690/1168 366/689/1167
s 59
f 451/688/1163 706/911/1514 708/913/1517 366/689/1164
s 58
f 704/908/1510 706/911/1513 451/688/1180 450/696/1179
s 72
f 702/905/1506 704/907/1509 450/758/1298 449/753/1297
s 73
f 439/752/1281 700/903/1502 702/905/1505 449/753/1282
s 61
f 664/854/1440 662/850/1439 791/818/1388 637/816/1386
f 635/814/1384 632/1032/1383 669/858/1446 666/856/1445
s 49
f 632/810/1380 630/808/1378 671/862/1450 669/861/1449
f 673/864/1452 671/862/1450 630/808/1378 629/806/1377
s 50
f 629/806/1374 626/1033/1373 675/1034/1456 673/864/1455
s 65
f 626/802/1370 624/800/1369 677/870/1460 675/869/1459
s 67
f 679/872/1464 677/870/1463 624/800/1366 623/798/1365
s 66
f 623/798/1362 620/1035/1361 681/874/1468 679/872/1467
s 52
f 620/794/1358 618/792/1357 683/878/1472 681/1036/1471
s 53
f 685/880/1476 683/878/1475 618/792/1354 617/790/1352
f 617/790/1352 614/789/1351 687/1037/1478 685/880/1476
s 68
f 614/786/1348 612/784/1346 689/886/1482 687/885/1481
f 691/888/1484 689/886/1482 612/784/1346 611/782/1344
f 611/782/1344 608/781/1343 693/1038/1486 691/888/1484
s 55
f 608/1039/1340 606/776/1338 695/894/1490 693/893/1489
f 697/896/1492 695/894/1490 606/776/1338 605/774/1337
s 56
f 605/774/1334 602/1040/1333 699/898/1496 697/896/1495
s 71
f 602/770/1330 600/766/1329 701/902/1500 699/901/1499
s 73
f 703/904/1504 701/902/1503 600/766/1324 661/769/1327
s 72
f 661/769/1432 658/1041/1431 705/906/1508 703/904/1507
s 58
f 658/846/1428 656/844/1427 707/910/1512 705/1042/1511
s 59
f 709/912/1516 707/910/1515 656/844/1424 655/842/1423
s 60
f 655/842/1420 652/1043/1419 711/914/1520 709/912/1519
s 118
f 652/838/1416 650/836/1415 713/918/1524 711/1044/1523
s 117
f 715/920/1528 713/918/1527 650/836/1412 649/834/1411
s 116
f 649/834/1408 646/1045/1407 717/922/1532 715/920/1531
s 115
f 646/830/1404 644/828/1403 719/926/1536 717/1046/1535
s 114
f 721/928/1540 719/926/1539 644/828/1400 643/826/1399
s 113
f 643/826/1396 640/1047/1395 723/930/1544 721/928/1543
s 112
f 640/822/1392 639/821/1391 724/934/1548 723/1048/1547
s 61
f 728/939/1556 726/935/1555 355/581/969 594/587/968
f 374/579/957 375/578/956 733/1049/1560 730/941/1558
s 49
f 375/515/832 376/514/831 735/947/1564 733/946/1563
f 737/949/1566 735/947/1564 376/514/831 386/524/855
s 50
f 386/524/848 387/523/847 739/1050/1570 737/949/1569
s 65
f 387/593/977 388/592/976 741/955/1574 739/954/1573
s 67
f 743/957/1578 741/955/1577 388/592/1001 398/602/1000
s 66
f 398/602/993 399/601/992 745/959/1582 743/957/1581
s 52
f 399/531/863 400/530/862 747/963/1586 745/1051/1585
s 53
f 749/965/1590 747/963/1589 400/530/886 410/540/879
f 410/540/879 411/539/878 751/967/1592 749/965/1590
s 68
f 411/609/1009 412/608/1008 753/971/1596 751/1052/1595
f 755/973/1598 753/971/1596 412/608/1008 422/618/1025
f 422/618/1025 423/617/1024 757/1053/1600 755/973/1598
s 55
f 423/547/894 424/546/893 759/979/1604 757/978/1603
f 761/981/1606 759/979/1604 424/546/893 434/556/917
s 56
f 434/556/910 435/555/909 763/1054/1610 761/981/1609
s 71
f 435/625/1039 436/624/1038 765/987/1614 763/986/1613
s 73
f 767/989/1618 765/987/1617 436/624/1063 446/634/1062
s 72
f 446/634/1055 447/633/1054 769/991/1622 767/989/1621
s 58
f 447/563/925 448/562/924 771/995/1626 769/1055/1625
s 59
f 773/997/1630 771/995/1629 448/562/937 365/567/936
s 60
f 365/567/949 364/572/948 775/1056/1634 773/997/1633
s 118
f 364/1057/1682 363/1058/1683 777/1003/1638 775/1002/1637
s 117
f 779/1005/1642 777/1003/1641 363/1058/1684 455/1059/1685
s 116
f 455/1059/1686 456/1060/1687 781/1061/1646 779/1005/1645
s 115
f 456/1062/1688 457/1063/1689 783/1011/1650 781/1010/1649
s 114
f 785/1013/1654 783/1011/1653 457/1063/1690 461/1064/1691
s 113
f 461/1064/1692 462/1065/1693 787/1066/1658 785/1013/1657
s 112
f 462/1067/1694 463/1068/1695 788/1019/1662 787/1018/1661
s 61
f 730/941/1558 728/939/1556 594/587/968 374/579/957
f 636/817/1387 729/940/1557 731/942/1559 634/815/1385
f 666/856/1442 664/854/1440 637/816/1386 635/814/1384
f 595/706/1200 665/855/1441 667/857/1443 377/707/1316
s 62
f 797/852/1436 663/851/1435 357/704/1196 358/701/1195
f 356/582/961 355/581/960 726/935/1550 792/938/1553
f 793/937/1552 727/936/1551 790/819/1664 794/1022/1667
f 795/1021/1666 791/818/1665 662/850/1434 796/853/1437
s 48
f 359/1069/1696 789/1020/1697 788/1019/1698
f 724/934/1699 360/508/825 725/507/824
f 359/1069/1696 788/1019/1698 463/1068/1700
f 638/820/1701 467/1070/1702 639/821/1703
f 359/1069/1696 467/1070/1702 638/820/1701 789/1020/1697
f 639/821/1703 467/1070/1702 360/508/825 724/934/1699
s off
f 943/1071/1704 944/1072/1705 945/1073/1706 946/1074/1707
f 911/1075/1708 912/1076/1709 913/1077/1710 914/1078/1711
f 915/1079/1712 916/1080/1713 917/1081/1714 918/1082/1715
f 949/1083/1716 950/1084/1717 951/1085/1718 952/1086/1719
f 953/1087/1720 954/1088/1721 955/1089/1722 956/1090/1723
f 919/1091/1724 920/1092/1725 921/1093/1726 922/1094/1727
f 923/1095/1728 924/1096/1729 925/1097/1730 926/1098/1731
f 957/1099/1732 958/1100/1733 959/1101/1734 960/1102/1735
f 961/1103/1736 962/1104/1737 963/1105/1738 964/1106/1739
f 927/1107/1740 928/1108/1741 929/1109/1742 930/1110/1743
f 931/1111/1744 932/1112/1745 933/1113/1746 934/1114/1747
f 965/1115/1748 966/1116/1749 967/1117/1750 968/1118/1751
f 969/1119/1752 970/1120/1753 971/1121/1754 972/1122/1755
f 935/1123/1756 936/1124/1757 937/1125/1758 938/1126/1759
s 132
f 1039/1127/1760 1040/1128/1761 943/1071/1762 946/1074/1763
s 133
f 1006/1129/1764 1005/1130/1765 1035/1131/1766 1036/1132/1767
s off
f 913/1077/1768 912/1076/1769 915/1079/1770 918/1082/1771
f 974/1133/1772 973/1134/1773 975/1135/1774 976/1136/1775
f 951/1085/1776 950/1084/1777 953/1087/1778 956/1090/1779
f 1012/1137/1780 1011/1138/1781 1013/1139/1782 1014/1140/1783
f 921/1093/1784 920/1092/1785 923/1095/1786 926/1098/1787
f 982/1141/1788 981/1142/1789 983/1143/1790 984/1144/1791
f 959/1101/1792 958/1100/1793 961/1103/1794 964/1106/1795
f 1020/1145/1796 1019/1146/1797 1021/1147/1798 1022/1148/1799
f 929/1109/1800 928/1108/1801 931/1111/1802 934/1114/1803
f 990/1149/1804 989/1150/1805 991/1151/1806 992/1152/1807
f 967/1117/1808 966/1116/1809 969/1119/1810 972/1122/1811
f 1028/1153/1812 1027/1154/1813 1029/1155/1814 1030/1156/1815
f 937/1125/1816 936/1124/1817 939/1157/1818 940/1158/1819
f 998/1159/1820 997/1160/1821 999/1161/1822 1000/1162/1823
f 939/1157/1824 941/1163/1825 942/1164/1826 940/1158/1827
f 998/1159/1828 1001/1165/1829 1002/1166/1830 997/1160/1831
f 1006/1129/1832 1009/1167/1833 1010/1168/1834 1005/1130/1835
f 977/1169/1836 976/1136/1837 975/1135/1838 978/1170/1839
f 974/1133/1840 979/1171/1841 980/1172/1842 973/1134/1843
f 1015/1173/1844 1014/1140/1845 1013/1139/1846 1016/1174/1847
f 1012/1137/1848 1017/1175/1849 1018/1176/1850 1011/1138/1851
f 985/1177/1852 984/1144/1853 983/1143/1854 986/1178/1855
f 982/1141/1856 987/1179/1857 988/1180/1858 981/1142/1859
f 1023/1181/1860 1022/1148/1861 1021/1147/1862 1024/1182/1863
f 1020/1145/1864 1025/1183/1865 1026/1184/1866 1019/1146/1867
f 993/1185/1868 992/1152/1869 991/1151/1870 994/1186/1871
f 990/1149/1872 995/1187/1873 996/1188/1874 989/1150/1875
f 1031/1189/1876 1030/1156/1877 1029/1155/1878 1032/1190/1879
f 1028/1153/1880 1033/1191/1881 1034/1192/1882 1027/1154/1883
f 1003/1193/1884 1000/1162/1885 999/1161/1886 1004/1194/1887
s 134
f 1174/1195/1888 803/1196/1889 909/1197/1890
s off
f 815/1198/1891 814/1199/1892 912/1200/1893 911/1201/1894
s 135
f 819/1202/1895 818/1203/1896 914/1204/1897 913/1077/1898
s off
f 818/1203/1899 815/1198/1900 911/1201/1901 914/1204/1902
f 828/1205/1903 827/1206/1904 916/1207/1905 915/1208/1906
f 827/1206/1907 830/1209/1908 917/1210/1909 916/1207/1910
s 136
f 830/1211/1911 829/1212/1912 918/1082/1913 917/1213/1914
s off
f 814/1199/1915 828/1205/1916 915/1208/1917 912/1200/1918
s 135
f 829/1212/1919 819/1202/1895 913/1077/1920 918/1082/1921
s off
f 839/1214/1922 838/1215/1923 920/1216/1924 919/1217/1925
s 138
f 843/1218/1926 842/1219/1927 922/1220/1928 921/1093/1929
s off
f 842/1219/1930 839/1214/1931 919/1217/1932 922/1220/1933
f 852/1221/1934 851/1222/1935 924/1223/1936 923/1224/1937
f 851/1222/1938 854/1225/1939 925/1226/1940 924/1223/1941
s 138
f 854/1227/1942 853/1228/1943 926/1098/1944 925/1229/1945
s off
f 838/1215/1946 852/1221/1947 923/1224/1948 920/1216/1949
s 138
f 853/1228/1943 843/1218/1950 921/1093/1951 926/1098/1952
s off
f 863/1230/1953 862/1231/1954 928/1232/1955 927/1233/1956
s 141
f 867/1234/1957 866/1235/1958 930/1236/1959 929/1109/1960
s off
f 866/1235/1961 863/1230/1962 927/1233/1963 930/1236/1964
f 876/1237/1965 875/1238/1966 932/1239/1967 931/1240/1968
f 875/1238/1969 878/1241/1970 933/1242/1971 932/1239/1972
s 141
f 878/1243/1973 877/1244/1974 934/1114/1975 933/1245/1976
s off
f 862/1231/1977 876/1237/1978 931/1240/1979 928/1232/1980
s 141
f 877/1244/1981 867/1234/1957 929/1109/1982 934/1114/1983
s off
f 887/1246/1984 886/1247/1985 936/1248/1986 935/1249/1987
s 144
f 891/1250/1988 890/1251/1989 938/1252/1990 937/1125/1991
s off
f 890/1251/1992 887/1246/1993 935/1249/1994 938/1252/1995
f 886/1247/1996 805/1253/1997 939/1254/1998 936/1248/1999
s 145
f 808/1255/2000 891/1250/2001 937/1125/2002 940/1158/2003
s off
f 805/1253/2004 804/1256/2005 941/1257/2006 939/1254/2007
f 804/1256/2008 807/1258/2009 942/1259/2010 941/1257/2011
s 146
f 807/1260/2012 808/1255/2013 940/1158/2014 942/1261/2015
s off
f 815/1262/2016 818/1263/2017 945/1264/2018 944/1265/2019
s 147
f 818/1266/2020 817/1267/2021 946/1074/2022 945/1268/2023
s 148
f 798/1269/2024 799/1270/2025 948/1271/2026 947/1272/2027
s 149
f 1041/1273/2028 816/1274/2029 943/1275/2030 1040/1276/2031
s 147
f 817/1267/2021 1038/1277/2032 1039/1127/2033 946/1074/2034
s off
f 827/1278/2035 826/1279/2036 950/1280/2037 949/1281/2038
s 151
f 831/1282/2039 830/1283/2040 952/1284/2041 951/1085/2042
s off
f 830/1283/2043 827/1278/2044 949/1281/2045 952/1284/2046
f 840/1285/2047 839/1286/2048 954/1287/2049 953/1288/2050
f 839/1286/2051 842/1289/2052 955/1290/2053 954/1287/2054
s 152
f 842/1291/2055 841/1292/2056 956/1090/2057 955/1293/2058
s off
f 826/1279/2059 840/1285/2060 953/1288/2061 950/1280/2062
s 151
f 841/1292/2063 831/1282/2064 951/1085/2065 956/1090/2066
s off
f 851/1294/2067 850/1295/2068 958/1296/2069 957/1297/2070
s 154
f 855/1298/2071 854/1299/2072 960/1300/2073 959/1101/2074
s off
f 854/1299/2075 851/1294/2076 957/1297/2077 960/1300/2078
f 864/1301/2079 863/1302/2080 962/1303/2081 961/1304/2082
f 863/1302/2083 866/1305/2084 963/1306/2085 962/1303/2086
s 155
f 866/1307/2087 865/1308/2088 964/1106/2089 963/1309/2090
s off
f 850/1295/2091 864/1301/2092 961/1304/2093 958/1296/2094
s 154
f 865/1308/2095 855/1298/2071 959/1101/2096 964/1106/2097
s off
f 875/1310/2098 874/1311/2099 966/1312/2100 965/1313/2101
s 157
f 879/1314/2102 878/1315/2103 968/1316/2104 967/1117/2105
s off
f 878/1315/2106 875/1310/2107 965/1313/2108 968/1316/2109
f 888/1317/2110 887/1318/2111 970/1319/2112 969/1320/2113
f 887/1318/2114 890/1321/2115 971/1322/2116 970/1319/2117
s 158
f 890/1323/2118 889/1324/2119 972/1122/2120 971/1325/2121
s off
f 874/1311/2122 888/1317/2123 969/1320/2124 966/1312/2125
s 158
f 889/1324/2126 879/1314/2127 967/1117/2128 972/1122/2129
s off
f 835/1326/2130 825/1327/2131 975/1328/2132 973/1329/2133
s 135
f 822/1330/2134 832/1331/2135 974/1133/2136 976/1136/2137
f 821/1332/2138 822/1330/2139 976/1136/2140 977/1333/2141
s off
f 825/1327/2142 824/1334/2143 978/1335/2144 975/1328/2145
f 824/1334/2146 821/1332/2147 977/1333/2148 978/1335/2149
s 136
f 832/1331/2150 833/1336/2151 979/1337/2152 974/1133/2153
s off
f 833/1338/2154 836/1339/2155 980/1340/2156 979/1341/2157
f 836/1339/2158 835/1326/2159 973/1329/2160 980/1340/2161
f 859/1342/2162 849/1343/2163 983/1344/2164 981/1345/2165
s 138
f 846/1346/2166 856/1347/2167 982/1141/2168 984/1144/2169
f 845/1348/2170 846/1346/2171 984/1144/2172 985/1349/2173
s off
f 849/1343/2174 848/1350/2175 986/1351/2176 983/1344/2177
f 848/1350/2178 845/1348/2179 985/1349/2180 986/1351/2181
s 138
f 856/1347/2167 857/1352/2182 987/1353/2183 982/1141/2184
s off
f 857/1354/2185 860/1355/2186 988/1356/2187 987/1357/2188
f 860/1355/2189 859/1342/2190 981/1345/2191 988/1356/2192
f 883/1358/2193 873/1359/2194 991/1360/2195 989/1361/2196
s 141
f 870/1362/2197 880/1363/2198 990/1149/2199 992/1152/2200
f 869/1364/2201 870/1362/2202 992/1152/2203 993/1365/2204
s off
f 873/1359/2205 872/1366/2206 994/1367/2207 991/1360/2208
f 872/1366/2209 869/1364/2210 993/1365/2211 994/1367/2212
s 141
f 880/1363/2213 881/1368/2214 995/1369/2215 990/1149/2216
s off
f 881/1370/2217 884/1371/2218 996/1372/2219 995/1373/2220
f 884/1371/2221 883/1358/2222 989/1361/2223 996/1372/2224
f 812/1374/2225 897/1375/2226 999/1376/2227 997/1377/2228
s 145
f 894/1378/2229 809/1379/2230 998/1159/2231 1000/1162/2232
s 146
f 809/1379/2233 810/1380/2234 1001/1381/2235 998/1159/2236
s off
f 810/1382/2237 813/1383/2238 1002/1384/2239 1001/1385/2240
f 813/1383/2241 812/1374/2242 997/1377/2243 1002/1384/2244
s 144
f 893/1386/2245 894/1378/2246 1000/1162/2247 1003/1387/2248
s off
f 897/1375/2249 896/1388/2250 1004/1389/2251 999/1376/2252
f 896/1388/2253 893/1386/2254 1003/1387/2255 1004/1389/2256
s 172
f 823/1390/2257 1042/1391/2258 1035/1392/2259 1005/1393/2260
s 148
f 801/1394/2261 800/1395/2262 1008/1396/2263 1007/1397/2264
s 147
f 1037/1398/2265 820/1399/2266 1006/1129/2267 1036/1132/2268
f 820/1399/2266 821/1400/2269 1009/1401/2270 1006/1129/2271
s off
f 821/1402/2272 824/1403/2273 1010/1404/2274 1009/1405/2275
f 824/1403/2276 823/1390/2277 1005/1393/2278 1010/1404/2279
f 847/1406/2280 837/1407/2281 1013/1408/2282 1011/1409/2283
s 151
f 834/1410/2284 844/1411/2285 1012/1137/2286 1014/1140/2287
f 833/1412/2288 834/1410/2289 1014/1140/2290 1015/1413/2291
s off
f 837/1407/2292 836/1414/2293 1016/1415/2294 1013/1408/2295
f 836/1414/2296 833/1412/2297 1015/1413/2298 1016/1415/2299
s 152
f 844/1411/2300 845/1416/2301 1017/1417/2302 1012/1137/2303
s off
f 845/1418/2304 848/1419/2305 1018/1420/2306 1017/1421/2307
f 848/1419/2308 847/1406/2309 1011/1409/2310 1018/1420/2311
f 871/1422/2312 861/1423/2313 1021/1424/2314 1019/1425/2315
s 154
f 858/1426/2316 868/1427/2317 1020/1145/2318 1022/1148/2319
f 857/1428/2320 858/1426/2316 1022/1148/2321 1023/1429/2322
s off
f 861/1423/2323 860/1430/2324 1024/1431/2325 1021/1424/2326
f 860/1430/2327 857/1428/2328 1023/1429/2329 1024/1431/2330
s 155
f 868/1427/2331 869/1432/2332 1025/1433/2333 1020/1145/2334
s off
f 869/1434/2335 872/1435/2336 1026/1436/2337 1025/1437/2338
f 872/1435/2339 871/1422/2340 1019/1425/2341 1026/1436/2342
f 895/1438/2343 885/1439/2344 1029/1440/2345 1027/1441/2346
s 158
f 882/1442/2347 892/1443/2348 1028/1153/2349 1030/1156/2350
s 157
f 881/1444/2351 882/1442/2352 1030/1156/2353 1031/1445/2354
s off
f 885/1439/2355 884/1446/2356 1032/1447/2357 1029/1440/2358
f 884/1446/2359 881/1444/2360 1031/1445/2361 1032/1447/2362
s 158
f 892/1443/2363 893/1448/2364 1033/1449/2365 1028/1153/2366
s off
f 893/1450/2367 896/1451/2368 1034/1452/2369 1033/1453/2370
f 896/1451/2371 895/1438/2372 1027/1441/2373 1034/1452/2374
f 815/1262/2375 944/1265/2376 943/1275/2377 816/1274/2378
s 133
f 1036/1132/1767 1035/1131/1766 1007/1454/2379 1008/1455/2380
s 147
f 800/1395/2381 1037/1398/2265 1036/1132/2268 1008/1396/2382
f 1039/1127/2033 1038/1277/2032 798/1269/2383 947/1272/2384
s 132
f 947/1456/2385 948/1457/2386 1040/1128/1761 1039/1127/1760
s 149
f 799/1270/2387 1041/1273/2028 1040/1276/2031 948/1271/2388
s 172
f 1035/1392/2259 1042/1391/2258 801/1394/2389 1007/1397/2390
s 158
f 1043/1458/2391 1044/1459/2392 1107/1460/2393 1108/1461/2394
s 157
f 1044/1459/2395 1043/1458/2396 1045/1462/2397 1046/1463/2398
s 141
f 1046/1464/2399 1045/1465/2400 1048/1466/2401 1047/1467/2402
f 1047/1467/2402 1048/1466/2401 1049/1468/2403 1050/1469/2404
f 1050/1469/2405 1049/1468/2406 1051/1470/2407 1052/1471/2408
s 155
f 1052/1472/2409 1051/1473/2410 1054/1474/2411 1053/1475/2412
s 154
f 1053/1475/2413 1054/1474/2414 1055/1476/2415 1056/1477/2416
f 1056/1477/2416 1055/1476/2415 1057/1478/2417 1058/1479/2418
s 138
f 1058/1480/2419 1057/1481/2420 1060/1482/2421 1059/1483/2422
f 1059/1483/2423 1060/1482/2424 1061/1484/2425 1062/1485/2426
f 1062/1485/2426 1061/1484/2425 1063/1486/2427 1064/1487/2428
s 152
f 1064/1488/2429 1063/1489/2430 1066/1490/2431 1065/1491/2432
s 151
f 1065/1491/2433 1066/1490/2434 1067/1492/2435 1068/1493/2436
f 1068/1493/2437 1067/1492/2438 1069/1494/2439 1070/1495/2440
s 136
f 1070/1496/2441 1069/1497/2442 1072/1498/2443 1071/1499/2444
s 135
f 1071/1499/2445 1072/1498/2446 1073/1500/2447 1074/1501/2448
f 1074/1501/2448 1073/1500/2447 1075/1502/2449 1076/1503/2450
s 147
f 1076/1504/2451 1075/1505/2452 1078/1506/2453 1077/1507/2454
f 1077/1507/2454 1078/1506/2453 1079/1508/2455 1080/1509/2456
f 1080/1509/2456 1079/1508/2455 1081/1510/2457 1082/1511/2458
s 148
f 1082/1511/2459 1081/1510/2460 1084/1512/2461 1083/1513/2462
s 200
f 1085/1514/2463 1086/1515/2464 1087/1516/2465 1088/1517/2466
s 201
f 1088/1518/2467 1087/1519/2468 1090/1520/2469 1089/1521/2470
s 202
f 1089/1521/2471 1090/1520/2472 1091/1522/2473 1092/1523/2474
s 203
f 1092/1523/2475 1091/1522/2476 1093/1524/2477 1094/1525/2478
s 204
f 1094/1526/2479 1093/1527/2480 1096/1528/2481 1095/1529/2482
s 205
f 1095/1529/2483 1096/1528/2484 1097/1530/2485 1098/1531/2486
f 1098/1531/2487 1097/1530/2488 1099/1532/2489 1100/1533/2490
s 146
f 1100/1534/2491 1099/1535/2492 1102/1536/2493 1101/1537/2494
s 145
f 1101/1537/2495 1102/1536/2496 1103/1538/2497 1104/1539/2498
s 144
f 1104/1539/2499 1103/1538/2500 1105/1540/2501 1106/1541/2502
s 158
f 1106/1542/2503 1105/1543/2504 1108/1461/2394 1107/1460/2393
s 148
f 1110/1544/2505 1109/1545/2506 1112/1546/2507 1111/1547/2508
s 147
f 1111/1547/2509 1112/1546/2510 1114/1548/2511 1113/1549/2512
f 1113/1549/2512 1114/1548/2511 1115/1550/2513 1116/1551/2514
f 1116/1551/2514 1115/1550/2513 1118/1552/2515 1117/1553/2516
s 135
f 1117/1554/2517 1118/1555/2518 1120/1556/2519 1119/1557/2520
f 1119/1557/2521 1120/1556/2522 1122/1558/2523 1121/1559/2524
s 136
f 1121/1559/2525 1122/1558/2526 1124/1560/2527 1123/1561/2528
s 151
f 1123/1562/2529 1124/1563/2530 1126/1564/2531 1125/1565/2532
f 1125/1565/2533 1126/1564/2534 1128/1566/2535 1127/1567/2536
s 152
f 1127/1567/2537 1128/1566/2538 1130/1568/2539 1129/1569/2540
s 138
f 1129/1570/2541 1130/1571/2542 1132/1572/2543 1131/1573/2544
f 1131/1573/2544 1132/1572/2543 1134/1574/2545 1133/1575/2546
f 1133/1575/2546 1134/1574/2547 1136/1576/2548 1135/1577/2549
s 154
f 1135/1578/2550 1136/1579/2551 1138/1580/2552 1137/1581/2553
f 1137/1581/2553 1138/1580/2552 1140/1582/2554 1139/1583/2555
s 155
f 1139/1583/2556 1140/1582/2557 1142/1584/2558 1141/1585/2559
s 141
f 1141/1586/2560 1142/1587/2561 1144/1588/2562 1143/1589/2563
f 1143/1589/2564 1144/1588/2565 1146/1590/2566 1145/1591/2567
f 1145/1591/2567 1146/1590/2566 1148/1592/2568 1147/1593/2569
s 157
f 1147/1594/2570 1148/1595/2571 1150/1596/2572 1149/1597/2573
s 158
f 1149/1597/2574 1150/1596/2575 1152/1598/2576 1151/1599/2577
f 1151/1599/2577 1152/1598/2576 1154/1600/2578 1153/1601/2579
s 144
f 1153/1602/2580 1154/1603/2581 1156/1604/2582 1155/1605/2583
s 145
f 1155/1605/2584 1156/1604/2585 1158/1606/2586 1157/1607/2587
s 146
f 1157/1607/2588 1158/1606/2589 1160/1608/2590 1159/1609/2591
s 205
f 1159/1610/2592 1160/1611/2593 1162/1612/2594 1161/1613/2595
f 1161/1613/2595 1162/1612/2596 1164/1614/2597 1163/1615/2598
s 204
f 1163/1615/2599 1164/1614/2600 1166/1616/2601 1165/1617/2602
s 203
f 1165/1618/2603 1166/1619/2604 1168/1620/2605 1167/1621/2606
s 202
f 1167/1621/2607 1168/1620/2608 1170/1622/2609 1169/1623/2610
s 201
f 1169/1623/2611 1170/1622/2612 1172/1624/2613 1171/1625/2614
s 200
f 1171/1626/2615 1172/1627/2616 1173/1628/2617 1174/1195/2618
s 148
f 1176/1629/2619 1175/1630/2620 1178/1631/2621 1177/1632/2622
s 147
f 1177/1632/2623 1178/1631/2624 1180/1633/2625 1179/1634/2626
f 1179/1634/2626 1180/1633/2625 1181/1635/2627 1182/1636/2628
f 1182/1636/2628 1181/1635/2627 1184/1637/2629 1183/1638/2630
s 135
f 1183/1639/2631 1184/1640/2632 1186/1641/2633 1185/1642/2634
f 1185/1642/2634 1186/1641/2633 1188/1643/2635 1187/1644/2636
s 136
f 1187/1644/2637 1188/1643/2638 1190/1645/2639 1189/1646/2640
s 151
f 1189/1647/2641 1190/1648/2642 1192/1649/2643 1191/1650/2644
f 1191/1650/2644 1192/1649/2643 1194/1651/2645 1193/1652/2646
s 152
f 1193/1652/2647 1194/1651/2648 1196/1653/2649 1195/1654/2650
s 138
f 1195/1655/2651 1196/1656/2652 1198/1657/2653 1197/1658/2654
f 1197/1658/2655 1198/1657/2656 1200/1659/2657 1199/1660/2658
f 1199/1660/2658 1200/1659/2657 1202/1661/2659 1201/1662/2660
s 154
f 1201/1663/2661 1202/1664/2662 1204/1665/2663 1203/1666/2664
f 1203/1666/2664 1204/1665/2663 1206/1667/2665 1205/1668/2666
s 155
f 1205/1668/2667 1206/1667/2668 1208/1669/2669 1207/1670/2670
s 141
f 1207/1671/2671 1208/1672/2672 1210/1673/2673 1209/1674/2674
f 1209/1674/2674 1210/1673/2673 1212/1675/2675 1211/1676/2676
f 1211/1676/2676 1212/1675/2677 1214/1677/2678 1213/1678/2679
s 157
f 1213/1679/2680 1214/1680/2681 1216/1681/2682 1215/1682/2683
s 158
f 1215/1682/2684 1216/1681/2685 1218/1683/2686 1217/1684/2687
f 1217/1684/2688 1218/1683/2689 1220/1685/2690 1219/1686/2691
s 144
f 1219/1687/2692 1220/1688/2693 1222/1689/2694 1221/1690/2695
s 145
f 1221/1690/2696 1222/1689/2697 1224/1691/2698 1223/1692/2699
s 146
f 1223/1692/2700 1224/1691/2701 1226/1693/2702 1225/1694/2703
s 205
f 1225/1695/2704 1226/1696/2705 1228/1697/2706 1227/1698/2707
f 1227/1698/2708 1228/1697/2709 1230/1699/2710 1229/1700/2711
s 204
f 1229/1700/2712 1230/1699/2713 1232/1701/2714 1231/1702/2715
s 203
f 1231/1703/2716 1232/1704/2717 1234/1705/2718 1233/1706/2719
s 202
f 1233/1706/2720 1234/1705/2721 1236/1707/2722 1235/1708/2723
s 201
f 1235/1708/2724 1236/1707/2725 1238/1709/2726 1237/1710/2727
s 200
f 1237/1711/2728 1238/1712/2729 1239/1713/2730 1240/1714/2731
s 148
f 1082/1511/2459 1083/1513/2462 1176/1629/2619 1177/1632/2622
s 146
f 1223/1692/2700 1225/1694/2703 1100/1534/2491 1101/1537/2494
s 205
f 1225/1695/2704 1227/1698/2707 1098/1531/2487 1100/1533/2490
s 147
f 1080/1509/2456 1179/1634/2626 1182/1636/2628 1077/1507/2454
s 205
f 1098/1531/2486 1227/1698/2708 1229/1700/2711 1095/1529/2483
s 135
f 1074/1501/2448 1185/1642/2634 1187/1644/2636 1071/1499/2445
s 151
f 1068/1493/2436 1191/1650/2644 1193/1652/2646 1065/1491/2433
s 138
f 1062/1485/2426 1197/1658/2655 1199/1660/2658 1059/1483/2423
s 154
f 1056/1477/2416 1203/1666/2664 1205/1668/2666 1053/1475/2413
s 141
f 1050/1469/2404 1209/1674/2674 1211/1676/2676 1047/1467/2402
s 158
f 1107/1460/2393 1044/1459/2392 1215/1682/2684 1217/1684/2687
s 145
f 1104/1539/2498 1221/1690/2696 1223/1692/2699 1101/1537/2495
s 202
f 1092/1523/2474 1233/1706/2720 1235/1708/2723 1089/1521/2471
s 147
f 1182/1636/2628 1183/1638/2630 1076/1504/2451 1077/1507/2454
s 135
f 1183/1639/2631 1185/1642/2634 1074/1501/2448 1076/1503/2450
s 136
f 1187/1644/2637 1189/1646/2640 1070/1496/2441 1071/1499/2444
s 151
f 1189/1647/2641 1191/1650/2644 1068/1493/2437 1070/1495/2440
s 152
f 1193/1652/2647 1195/1654/2650 1064/1488/2429 1065/1491/2432
s 138
f 1195/1655/2651 1197/1658/2654 1062/1485/2426 1064/1487/2428
f 1199/1660/2658 1201/1662/2660 1058/1480/2419 1059/1483/2422
s 154
f 1201/1663/2661 1203/1666/2664 1056/1477/2416 1058/1479/2418
s 155
f 1205/1668/2667 1207/1670/2670 1052/1472/2409 1053/1475/2412
s 141
f 1207/1671/2671 1209/1674/2674 1050/1469/2405 1052/1471/2408
f 1211/1676/2676 1213/1678/2679 1046/1464/2399 1047/1467/2402
s 157
f 1213/1679/2680 1215/1682/2683 1044/1459/2395 1046/1463/2398
s 158
f 1217/1684/2688 1219/1686/2691 1106/1542/2503 1107/1460/2393
s 144
f 1219/1687/2692 1221/1690/2695 1104/1539/2499 1106/1541/2502
s 204
f 1229/1700/2712 1231/1702/2715 1094/1526/2479 1095/1529/2482
s 203
f 1231/1703/2716 1233/1706/2719 1092/1523/2475 1094/1525/2478
s 201
f 1235/1708/2724 1237/1710/2727 1088/1518/2467 1089/1521/2470
s 200
f 1237/1711/2728 1240/1714/2731 1085/1514/2463 1088/1517/2466
s 157
f 1147/1594/2570 1149/1597/2573 882/1442/2352 881/1444/2351
s 141
f 1145/1591/2567 1147/1593/2569 881/1368/2214 880/1363/2213
f 870/1362/2197 1143/1589/2564 1145/1591/2567 880/1363/2198
f 1141/1586/2560 1143/1589/2563 870/1362/2202 869/1364/2201
s 155
f 1139/1583/2556 1141/1585/2559 869/1432/2332 868/1427/2331
s 154
f 858/1426/2316 1137/1581/2553 1139/1583/2555 868/1427/2317
f 1135/1578/2550 1137/1581/2553 858/1426/2316 857/1428/2320
s 138
f 1133/1575/2546 1135/1577/2549 857/1352/2182 856/1347/2167
f 846/1346/2166 1131/1573/2544 1133/1575/2546 856/1347/2167
f 1129/1570/2541 1131/1573/2544 846/1346/2171 845/1348/2170
s 152
f 1127/1567/2537 1129/1569/2540 845/1416/2301 844/1411/2300
s 151
f 834/1410/2284 1125/1565/2533 1127/1567/2536 844/1411/2285
f 1123/1562/2529 1125/1565/2532 834/1410/2289 833/1412/2288
s 136
f 1121/1559/2525 1123/1561/2528 833/1336/2151 832/1331/2150
s 135
f 822/1330/2134 1119/1557/2521 1121/1559/2524 832/1331/2135
f 1117/1554/2517 1119/1557/2520 822/1330/2139 821/1332/2138
s 147
f 1116/1551/2514 1117/1553/2516 821/1400/2269 820/1399/2266
f 1037/1398/2265 1113/1549/2512 1116/1551/2514 820/1399/2266
s 148
f 800/1395/2262 801/1394/2261 1110/1544/2505 1111/1547/2508
s 200
f 1171/1626/2615 1174/1195/2618 909/1197/2732 908/1715/2733
s 201
f 1169/1623/2611 1171/1625/2614 908/1716/2734 907/1717/2735
s 202
f 903/1718/2736 1167/1621/2607 1169/1623/2610 907/1717/2737
s 203
f 1165/1618/2603 1167/1621/2606 903/1718/2738 902/1719/2739
s 204
f 1163/1615/2599 1165/1617/2602 902/1720/2740 901/1721/2741
s 205
f 811/1722/2742 1161/1613/2595 1163/1615/2598 901/1721/2743
f 1159/1610/2592 1161/1613/2595 811/1722/2742 810/1723/2744
s 146
f 1157/1607/2588 1159/1609/2591 810/1380/2234 809/1379/2233
s 145
f 894/1378/2229 1155/1605/2584 1157/1607/2587 809/1379/2230
s 144
f 1153/1602/2580 1155/1605/2583 894/1378/2246 893/1386/2245
s 158
f 1151/1599/2577 1153/1601/2579 893/1448/2364 892/1443/2363
f 882/1442/2347 1149/1597/2574 1151/1599/2577 892/1443/2348
s 148
f 1112/1546/2507 1109/1545/2506 1084/1512/2461 1081/1510/2460
s 147
f 1115/1550/2513 1114/1548/2511 1079/1508/2455 1078/1506/2453
f 1078/1506/2453 1075/1724/2452 1118/1552/2515 1115/1550/2513
s 135
f 1075/1502/2449 1073/1500/2447 1120/1556/2519 1118/1555/2518
f 1122/1558/2523 1120/1556/2522 1073/1500/2447 1072/1498/2446
s 136
f 1072/1498/2443 1069/1725/2442 1124/1726/2527 1122/1558/2526
s 151
f 1069/1494/2439 1067/1492/2438 1126/1564/2531 1124/1563/2530
f 1128/1566/2535 1126/1564/2534 1067/1492/2435 1066/1490/2434
s 152
f 1066/1490/2431 1063/1489/2430 1130/1727/2539 1128/1566/2538
s 138
f 1063/1728/2427 1061/1484/2425 1132/1572/2543 1130/1571/2542
f 1134/1574/2545 1132/1572/2543 1061/1484/2425 1060/1482/2424
f 1060/1482/2421 1057/1481/2420 1136/1729/2548 1134/1574/2547
s 154
f 1057/1478/2417 1055/1476/2415 1138/1580/2552 1136/1579/2551
f 1140/1582/2554 1138/1580/2552 1055/1476/2415 1054/1474/2414
s 155
f 1054/1474/2411 1051/1473/2410 1142/1730/2558 1140/1582/2557
s 141
f 1051/1470/2407 1049/1468/2406 1144/1588/2562 1142/1587/2561
f 1146/1590/2566 1144/1588/2565 1049/1468/2403 1048/1466/2401
f 1048/1466/2401 1045/1465/2400 1148/1731/2568 1146/1590/2566
s 157
f 1045/1732/2397 1043/1458/2396 1150/1596/2572 1148/1595/2571
s 158
f 1152/1598/2576 1150/1596/2575 1043/1458/2391 1108/1461/2394
f 1108/1461/2394 1105/1733/2504 1154/1734/2578 1152/1598/2576
s 144
f 1105/1540/2501 1103/1538/2500 1156/1604/2582 1154/1603/2581
s 145
f 1158/1606/2586 1156/1604/2585 1103/1538/2497 1102/1536/2496
s 146
f 1102/1536/2493 1099/1535/2492 1160/1608/2590 1158/1606/2589
s 205
f 1099/1532/2489 1097/1530/2488 1162/1612/2594 1160/1735/2593
f 1164/1614/2597 1162/1612/2596 1097/1530/2485 1096/1528/2484
s 204
f 1096/1528/2481 1093/1736/2480 1166/1616/2601 1164/1614/2600
s 203
f 1093/1524/2477 1091/1522/2476 1168/1620/2605 1166/1737/2604
s 202
f 1170/1622/2609 1168/1620/2608 1091/1522/2473 1090/1520/2472
s 201
f 1090/1520/2469 1087/1738/2468 1172/1624/2613 1170/1622/2612
s 200
f 1087/1516/2465 1086/1515/2464 1173/1628/2617 1172/1739/2616
s 148
f 1178/1631/2621 1175/1630/2620 799/1270/2025 798/1269/2024
s 147
f 1181/1635/2627 1180/1633/2625 1038/1277/2032 817/1267/2021
f 817/1267/2021 818/1266/2020 1184/1637/2629 1181/1635/2627
s 135
f 818/1203/1896 819/1202/1895 1186/1641/2633 1184/1640/2632
f 1188/1643/2635 1186/1641/2633 819/1202/1895 829/1212/1919
s 136
f 829/1212/1912 830/1211/1911 1190/1645/2639 1188/1643/2638
s 151
f 830/1283/2040 831/1282/2039 1192/1649/2643 1190/1740/2642
f 1194/1651/2645 1192/1649/2643 831/1282/2064 841/1292/2063
s 152
f 841/1292/2056 842/1291/2055 1196/1653/2649 1194/1651/2648
s 138
f 842/1219/1927 843/1218/1926 1198/1657/2653 1196/1741/2652
f 1200/1659/2657 1198/1657/2656 843/1218/1950 853/1228/1943
f 853/1228/1943 854/1227/1942 1202/1661/2659 1200/1659/2657
s 154
f 854/1299/2072 855/1298/2071 1204/1665/2663 1202/1742/2662
f 1206/1667/2665 1204/1665/2663 855/1298/2071 865/1308/2095
s 155
f 865/1308/2088 866/1307/2087 1208/1669/2669 1206/1667/2668
s 141
f 866/1235/1958 867/1234/1957 1210/1673/2673 1208/1743/2672
f 1212/1675/2675 1210/1673/2673 867/1234/1957 877/1244/1981
f 877/1244/1974 878/1243/1973 1214/1677/2678 1212/1675/2677
s 157
f 878/1315/2103 879/1314/2102 1216/1681/2682 1214/1680/2681
s 158
f 1218/1683/2686 1216/1681/2685 879/1314/2127 889/1324/2126
f 889/1324/2119 890/1323/2118 1220/1685/2690 1218/1683/2689
s 144
f 890/1251/1989 891/1250/1988 1222/1689/2694 1220/1744/2693
s 145
f 1224/1691/2698 1222/1689/2697 891/1250/2001 808/1255/2000
s 146
f 808/1255/2013 807/1260/2012 1226/1745/2702 1224/1691/2701
s 205
f 807/1746/2745 806/1747/2746 1228/1697/2706 1226/1696/2705
f 1230/1699/2710 1228/1697/2709 806/1747/2747 898/1748/2748
s 204
f 898/1748/2749 899/1749/2750 1232/1750/2714 1230/1699/2713
s 203
f 899/1751/2751 900/1752/2752 1234/1705/2718 1232/1704/2717
s 202
f 1236/1707/2722 1234/1705/2721 900/1752/2753 904/1753/2754
s 201
f 904/1753/2755 905/1754/2756 1238/1755/2726 1236/1707/2725
s 200
f 905/1756/2757 906/1757/2758 1239/1713/2730 1238/1712/2729
s 147
f 800/1395/2381 1111/1547/2509 1113/1549/2512 1037/1398/2265
f 1079/1508/2455 1114/1548/2511 1112/1546/2510 1081/1510/2457
f 1082/1511/2458 1177/1632/2623 1179/1634/2626 1080/1509/2456
f 1038/1277/2032 1180/1633/2625 1178/1631/2624 798/1269/2383
s 134
f 1086/1515/2759 910/1758/2760 803/1196/1889 1173/1628/2761
f 1173/1628/2761 803/1196/1889 1174/1195/1888
f 802/1759/2762 910/1758/2760 1085/1514/2763 1240/1714/2764
f 1085/1514/2763 910/1758/2760 1086/1515/2759
f 802/1759/2762 1239/1713/2765 906/1757/2766
f 802/1759/2762 1240/1714/2764 1239/1713/2765
s 218
f 1243/1760/2767 1277/1761/2768 1278/1762/2769 1265/1763/2770
f 1270/1764/2771 1285/1765/2772 1286/1766/2773 1241/1767/2774
f 1249/1768/2775 1250/1769/2776 1282/1770/2777 1283/1771/2778
f 1268/1772/2779 1269/1773/2780 1252/1774/2781 1251/1775/2782
f 1251/1775/2782 1252/1774/2781 1287/1776/2783 1288/1777/2784
f 1253/1778/2785 1254/1779/2786 1272/1780/2787 1273/1781/2788
f 1270/1782/2771 1241/1783/2774 1252/1774/2781 1269/1773/2780
f 1241/1783/2774 1286/1784/2773 1287/1776/2783 1252/1774/2781
f 1242/1785/2789 1271/1786/2790 1272/1780/2787 1254/1779/2786
f 1249/1768/2775 1283/1771/2778 1284/1787/2791 1247/1788/2792
f 1266/1789/2793 1267/1790/2794 1260/1791/2795 1259/1792/2796
f 1258/1793/2797 1257/1794/2798 1280/1795/2799 1281/1796/2800
f 1259/1792/2796 1260/1791/2795 1289/1797/2801 1290/1798/2802
f 1261/1799/2803 1262/1800/2804 1274/1801/2805 1275/1802/2806
f 1259/1792/2796 1290/1798/2802 1277/1803/2768 1243/1804/2767
f 1245/1805/2807 1279/1806/2808 1280/1795/2799 1257/1794/2798
f 1261/1799/2803 1275/1802/2806 1276/1807/2809 1244/1808/2810
f 1266/1789/2793 1259/1792/2796 1243/1804/2767 1265/1809/2770
f 1268/1772/2779 1251/1775/2782 1260/1791/2795 1267/1790/2794
f 1251/1775/2782 1288/1777/2784 1289/1797/2801 1260/1791/2795
f 1253/1778/2785 1273/1781/2788 1274/1801/2805 1262/1800/2804
f 1258/1793/2797 1281/1796/2800 1282/1770/2777 1250/1769/2776
f 1257/1794/2798 1266/1789/2793 1265/1809/2770 1245/1805/2807
f 1257/1794/2798 1258/1793/2797 1267/1790/2794 1266/1789/2793
f 1250/1769/2776 1268/1772/2779 1267/1790/2794 1258/1793/2797
f 1250/1769/2776 1249/1768/2775 1269/1773/2780 1268/1772/2779
f 1247/1788/2792 1270/1782/2771 1269/1773/2780 1249/1768/2775
f 1247/1788/2792 1284/1787/2791 1285/1765/2772 1270/1764/2771
f 1272/1780/2787 1271/1786/2790 1248/1810/2811 1256/1811/2812
f 1273/1781/2788 1272/1780/2787 1256/1811/2812 1255/1812/2813
f 1274/1801/2805 1273/1781/2788 1255/1812/2813 1264/1813/2814
f 1275/1802/2806 1274/1801/2805 1264/1813/2814 1263/1814/2815
f 1276/1807/2809 1275/1802/2806 1263/1814/2815 1246/1815/2816
f 1265/1763/2770 1278/1762/2769 1279/1806/2808 1245/1805/2807
f 1277/1761/2768 1244/1816/2810 1276/1817/2809 1278/1762/2769
f 1279/1806/2808 1278/1762/2769 1276/1817/2809 1246/1818/2816
f 1280/1795/2799 1279/1806/2808 1246/1818/2816 1263/1819/2815
f 1281/1796/2800 1280/1795/2799 1263/1819/2815 1264/1820/2814
f 1282/1770/2777 1281/1796/2800 1264/1820/2814 1255/1821/2813
f 1283/1771/2778 1282/1770/2777 1255/1821/2813 1256/1822/2812
f 1284/1787/2791 1283/1771/2778 1256/1822/2812 1248/1823/2811
f 1285/1765/2772 1284/1787/2791 1248/1823/2811 1271/1824/2790
f 1286/1766/2773 1285/1765/2772 1271/1824/2790 1242/1825/2789
f 1287/1776/2783 1286/1784/2773 1242/1785/2789 1254/1779/2786
f 1288/1777/2784 1287/1776/2783 1254/1779/2786 1253/1778/2785
f 1289/1797/2801 1288/1777/2784 1253/1778/2785 1262/1800/2804
f 1290/1798/2802 1289/1797/2801 1262/1800/2804 1261/1799/2803
f 1277/1803/2768 1290/1798/2802 1261/1799/2803 1244/1808/2810
s off
f 1339/1826/2817 1338/1827/2818 1341/1828/2819 1340/1829/2820
f 1338/1827/2821 1337/1830/2822 1342/1831/2823 1341/1828/2824
f 1291/1832/2825 1304/1833/2826 1309/1834/2827 1299/1835/2828
f 1307/1836/2829 1306/1837/2830 1313/1838/2831 1318/1839/2832
f 1316/1840/2833 1315/1841/2834 1322/1842/2835 1327/1843/2836
f 1325/1844/2837 1324/1845/2838 1331/1846/2839 1334/1847/2840
f 1300/1848/2841 1336/1849/2842 1333/1850/2843 1292/1851/2844
f 1346/1852/2845 1343/1853/2846 1339/1826/2847 1340/1829/2848
f 1352/1854/2849 1349/1855/2850 1345/1856/2851 1348/1857/2852
f 1358/1858/2853 1355/1859/2854 1351/1860/2855 1354/1861/2856
f 1295/1862/2857 1357/1863/2858 1360/1864/2859 1297/1865/2860
f 1298/1866/2861 1342/1831/2862 1337/1830/2863 1296/1867/2864
f 1319/1868/2865 1346/1852/2866 1340/1829/2867 1330/1869/2868
f 1310/1870/2869 1352/1854/2870 1348/1857/2871 1321/1871/2872
f 1301/1872/2873 1358/1858/2874 1354/1861/2875 1312/1873/2876
f 1297/1865/2877 1360/1864/2878 1303/1874/2879 1293/1875/2880
f 1328/1876/2881 1342/1831/2882 1298/1866/2883 1294/1877/2884
f 1343/1853/2885 1325/1844/2886 1334/1847/2887 1339/1826/2888
f 1349/1855/2889 1316/1840/2890 1327/1843/2891 1345/1856/2892
f 1355/1859/2893 1307/1836/2894 1318/1839/2895 1351/1860/2896
f 1299/1835/2897 1309/1834/2898 1357/1863/2899 1295/1862/2900
f 1296/1867/2901 1337/1830/2902 1336/1849/2903 1300/1848/2904
f 1301/1872/2905 1302/1878/2906 1359/1879/2907 1358/1858/2908
f 1302/1878/2909 1303/1874/2910 1360/1864/2911 1359/1879/2912
f 1304/1833/2913 1305/1880/2914 1308/1881/2915 1309/1834/2916
f 1305/1880/2917 1306/1837/2918 1307/1836/2919 1308/1881/2920
f 1310/1870/2921 1311/1882/2922 1353/1883/2923 1352/1854/2924
f 1311/1882/2925 1312/1873/2926 1354/1861/2927 1353/1883/2928
f 1313/1838/2929 1314/1884/2930 1317/1885/2931 1318/1839/2932
f 1314/1884/2933 1315/1841/2934 1316/1840/2935 1317/1885/2936
f 1319/1868/2937 1320/1886/2938 1347/1887/2939 1346/1852/2940
f 1320/1886/2941 1321/1871/2942 1348/1857/2943 1347/1887/2944
f 1322/1842/2945 1323/1888/2946 1326/1889/2947 1327/1843/2948
f 1323/1888/2949 1324/1845/2950 1325/1844/2951 1326/1889/2952
f 1331/1846/2953 1332/1890/2954 1335/1891/2955 1334/1847/2956
f 1332/1890/2957 1333/1850/2958 1336/1849/2959 1335/1891/2960
f 1334/1847/2961 1335/1891/2962 1338/1827/2963 1339/1826/2964
f 1335/1891/2965 1336/1849/2966 1337/1830/2967 1338/1827/2968
f 1328/1876/2969 1329/1892/2970 1341/1828/2971 1342/1831/2972
f 1329/1892/2973 1330/1869/2974 1340/1829/2975 1341/1828/2976
f 1327/1843/2977 1326/1889/2978 1344/1893/2979 1345/1856/2980
f 1326/1889/2981 1325/1844/2982 1343/1853/2983 1344/1893/2984
f 1345/1856/2985 1344/1893/2986 1347/1887/2987 1348/1857/2988
f 1344/1893/2989 1343/1853/2990 1346/1852/2991 1347/1887/2992
f 1318/1839/2993 1317/1885/2994 1350/1894/2995 1351/1860/2996
f 1317/1885/2997 1316/1840/2998 1349/1855/2999 1350/1894/3000
f 1351/1860/3001 1350/1894/3002 1353/1883/3003 1354/1861/3004
f 1350/1894/3005 1349/1855/3006 1352/1854/3007 1353/1883/3008
f 1309/1834/3009 1308/1881/3010 1356/1895/3011 1357/1863/3012
f 1308/1881/3013 1307/1836/3014 1355/1859/3015 1356/1895/3016
f 1357/1863/3017 1356/1895/3018 1359/1879/3019 1360/1864/3020
f 1356/1895/3021 1355/1859/3022 1358/1858/3023 1359/1879/3024
s 222
f 1380/1896/3025 1381/1897/3026 1382/1898/3027 1383/1899/3028
f 1384/1900/3029 1385/1901/3030 1386/1902/3031 1387/1903/3032
s 224
f 1390/1904/3033 1391/1905/3034 1392/1906/3035 1393/1907/3036
s off
f 1392/1906/3037 1367/1908/3038 1366/1909/3039 1394/1910/3040
s 222
f 1386/1902/3031 1388/1911/3041 1389/1912/3042 1387/1903/3032
s off
f 1386/1902/3043 1365/1913/3044 1369/1914/3045 1388/1911/3046
s 222
f 1388/1911/3041 1382/1898/3027 1381/1897/3026 1389/1912/3042
s off
f 1369/1914/3047 1368/1915/3048 1382/1898/3049 1388/1911/3050
s 224
f 1393/1907/3036 1392/1906/3035 1394/1910/3051 1395/1916/3052 1396/1917/3053
f 1395/1916/3052 1394/1910/3051 1397/1918/3054 1398/1919/3055
s off
f 1372/1920/3056 1381/1897/3057 1380/1896/3058 1364/1921/3059
f 1364/1922/3060 1380/1896/3061 1383/1899/3062 1379/1923/3063
f 1378/1924/3064 1385/1901/3065 1384/1900/3066 1361/1925/3067
f 1361/1926/3068 1384/1900/3069 1387/1903/3070 1371/1927/3071
f 1371/1927/3072 1387/1903/3073 1389/1912/3074 1370/1928/3075
f 1370/1928/3076 1389/1912/3077 1381/1897/3078 1372/1920/3079
f 1373/1929/3080 1391/1905/3081 1390/1930/3082 1363/1931/3083
f 1363/1932/3084 1390/1904/3085 1393/1907/3086 1375/1933/3087
f 1376/1934/3088 1396/1917/3089 1395/1916/3090 1377/1935/3091
f 1375/1933/3092 1393/1907/3093 1396/1917/3094 1376/1934/3095
f 1362/1936/3096 1398/1937/3097 1397/1918/3098 1374/1938/3099
f 1377/1935/3100 1395/1916/3101 1398/1919/3102 1362/1939/3103
f 1386/1902/3104 1385/1901/3105 1378/1940/3106 1365/1913/3107
f 1383/1899/3108 1382/1898/3109 1368/1915/3110 1379/1941/3111
f 1392/1906/3112 1391/1905/3113 1373/1929/3114 1367/1908/3115
f 1374/1938/3116 1397/1918/3117 1394/1910/3118 1366/1909/3119
s 225
f 1416/1942/3120 1417/1943/3121 1403/1944/3122 1399/1945/3123
s 226
f 1434/1946/3124 1408/1947/3125 1407/1948/3126 1433/1949/3127
s 227
f 1402/1950/3128 1406/1951/3129 1410/1952/3130 1409/1953/3131
f 1409/1953/3131 1410/1952/3130 1412/1954/3132 1411/1955/3133
s 226
f 1408/1947/3125 1414/1956/3134 1413/1957/3135 1407/1948/3126
s 228
f 1409/1953/3136 1411/1955/3137 1414/1956/3138 1408/1947/3139
s 229
f 1420/1958/3140 1416/1942/3141 1415/1959/3142 1419/1960/3143
s 225
f 1420/1958/3144 1421/1961/3145 1417/1943/3121 1416/1942/3120
s 230
f 1422/1962/3146 1419/1960/3147 1415/1959/3148 1418/1963/3149
s 229
f 1424/1964/3150 1420/1958/3140 1419/1960/3143 1423/1965/3151
s 225
f 1424/1964/3152 1425/1966/3153 1421/1961/3145 1420/1958/3144
s 230
f 1426/1967/3154 1423/1965/3155 1419/1960/3147 1422/1962/3146
s 229
f 1430/1968/3156 1400/1969/3157 1424/1964/3150 1423/1965/3151
s 225
f 1400/1969/3158 1404/1970/3159 1425/1966/3153 1424/1964/3152
s 230
f 1430/1968/3160 1423/1965/3155 1426/1967/3154 1429/1971/3161
s 227
f 1411/1955/3133 1412/1954/3132 1405/1972/3162 1401/1973/3163
s 226
f 1414/1956/3134 1428/1974/3164 1427/1975/3165 1413/1957/3135
s 228
f 1414/1956/3138 1411/1955/3137 1401/1973/3166 1428/1974/3167
s 230
f 1418/1963/3149 1415/1959/3148 1432/1976/3168 1431/1977/3169
s 229
f 1399/1945/3170 1432/1976/3171 1415/1959/3142 1416/1942/3141
s 228
f 1434/1946/3172 1402/1950/3173 1409/1953/3136 1408/1947/3139
s off
f 1614/1978/3174 1613/1979/3175 1615/1980/3176 1616/1981/3177
f 1544/1982/3178 1543/1983/3179 1545/1984/3180 1546/1985/3181
f 1651/1986/3182 1652/1987/3183 1653/1988/3184 1654/1989/3185
f 1617/1990/3186 1618/1991/3187 1619/1992/3188 1620/1993/3189
f 1621/1994/3190 1622/1995/3191 1623/1996/3192 1624/1997/3193
f 1655/1998/3194 1656/1999/3195 1657/2000/3196 1658/2001/3197
f 1659/2002/3198 1660/2003/3199 1661/2004/3200 1662/2005/3201
f 1625/2006/3202 1626/2007/3203 1627/2008/3204 1628/2009/3205
f 1629/2010/3206 1630/2011/3207 1631/2012/3208 1632/2013/3209
f 1663/2014/3210 1664/2015/3211 1665/2016/3212 1666/2017/3213
f 1667/2018/3214 1668/2019/3215 1669/2020/3216 1670/2021/3217
f 1633/2022/3218 1634/2023/3219 1635/2024/3220 1636/2025/3221
f 1637/2026/3222 1638/2027/3223 1639/2028/3224 1640/2029/3225
f 1671/2030/3226 1672/2031/3227 1673/2032/3228 1674/2033/3229
f 1675/2034/3230 1676/2035/3231 1677/2036/3232 1678/2037/3233
f 1641/2038/3234 1642/2039/3235 1643/2040/3236 1644/2041/3237
s 231
f 1552/2042/3238 1551/2043/3239 1684/2044/3240 1685/2045/3241
s 232
f 1645/2046/3242 1646/2047/3243 1688/2048/3244 1689/2049/3245
s off
f 1619/1992/3246 1618/1991/3247 1613/1979/3248 1614/1978/3249
f 1548/2050/3250 1547/2051/3251 1543/1983/3252 1544/1982/3253
f 1657/2000/3254 1656/1999/3255 1651/1986/3256 1654/1989/3257
f 1582/2052/3258 1581/2053/3259 1583/2054/3260 1584/2055/3261
f 1627/2008/3262 1626/2007/3263 1621/1994/3264 1624/1997/3265
f 1558/2056/3266 1557/2057/3267 1559/2058/3268 1560/2059/3269
f 1665/2016/3270 1664/2015/3271 1659/2002/3272 1662/2005/3273
f 1590/2060/3274 1589/2061/3275 1591/2062/3276 1592/2063/3277
f 1635/2024/3278 1634/2023/3279 1629/2010/3280 1632/2013/3281
f 1566/2064/3282 1565/2065/3283 1567/2066/3284 1568/2067/3285
f 1673/2032/3286 1672/2031/3287 1667/2018/3288 1670/2021/3289
f 1598/2068/3290 1597/2069/3291 1599/2070/3292 1600/2071/3293
f 1643/2040/3294 1642/2039/3295 1637/2026/3296 1640/2029/3297
f 1574/2072/3298 1573/2073/3299 1575/2074/3300 1576/2075/3301
f 1680/2076/3302 1679/2077/3303 1675/2034/3304 1678/2037/3305
f 1606/2078/3306 1605/2079/3307 1607/2080/3308 1608/2081/3309
f 1583/2054/3310 1585/2082/3311 1586/2083/3312 1584/2055/3313
f 1549/2084/3314 1547/2051/3315 1548/2050/3316 1550/2085/3317
f 1559/2058/3318 1561/2086/3319 1562/2087/3320 1560/2059/3321
f 1587/2088/3322 1581/2053/3323 1582/2052/3324 1588/2089/3325
f 1591/2062/3326 1593/2090/3327 1594/2091/3328 1592/2063/3329
f 1563/2092/3330 1557/2057/3331 1558/2056/3332 1564/2093/3333
f 1567/2066/3334 1569/2094/3335 1570/2095/3336 1568/2067/3337
f 1595/2096/3338 1589/2061/3339 1590/2060/3340 1596/2097/3341
f 1599/2070/3342 1601/2098/3343 1602/2099/3344 1600/2071/3345
f 1571/2100/3346 1565/2065/3347 1566/2064/3348 1572/2101/3349
f 1575/2074/3350 1577/2102/3351 1578/2103/3352 1576/2075/3353
f 1603/2104/3354 1597/2069/3355 1598/2068/3356 1604/2105/3357
f 1607/2080/3358 1609/2106/3359 1610/2107/3360 1608/2081/3361
f 1579/2108/3362 1573/2073/3363 1574/2072/3364 1580/2109/3365
f 1680/2076/3366 1681/2110/3367 1682/2111/3368 1679/2077/3369
f 1649/2112/3370 1648/2113/3371 1647/2114/3372 1650/2115/3373
f 1553/2116/3374 1555/2117/3375 1556/2118/3376 1554/2119/3377
f 1611/2120/3378 1605/2079/3379 1606/2078/3380 1612/2121/3381
f 1445/2122/3382 1440/2123/3383 1545/2124/3384 1543/2125/3385
f 1440/2123/3386 1438/2126/3387 1546/2127/3388 1545/2124/3389
s 233
f 1438/2126/3390 1446/2128/3391 1544/1982/3392 1546/2127/3393
s off
f 1455/2129/3394 1445/2122/3395 1543/2125/3396 1547/2130/3397
s 234
f 1446/2128/3398 1456/2131/3399 1548/2050/3400 1544/1982/3401
s off
f 1454/2132/3402 1455/2129/3403 1547/2130/3404 1549/2133/3405
s 235
f 1456/2131/3406 1457/2134/3407 1550/2135/3408 1548/2050/3409
s off
f 1457/2136/3410 1454/2132/3411 1549/2133/3412 1550/2137/3413
s 236
f 1436/2138/3414 1442/2139/3415 1551/2140/3416 1552/2141/3417
s 237
f 1442/2142/3418 1683/2143/3419 1684/2144/3420 1551/2145/3421
s 238
f 1686/2146/3422 1436/2138/3423 1552/2141/3424 1685/2045/3425
s off
f 1531/2147/3426 1532/2148/3427 1555/2149/3428 1553/2150/3429
f 1532/2148/3430 1541/2151/3431 1556/2152/3432 1555/2149/3433
s 239
f 1541/2151/3434 1542/2153/3435 1554/2119/3436 1556/2152/3437
s off
f 1479/2154/3438 1465/2155/3439 1559/2156/3440 1557/2157/3441
s 240
f 1470/2158/3442 1480/2159/3443 1558/2056/3444 1560/2059/3445
s off
f 1465/2155/3446 1466/2160/3447 1561/2161/3448 1559/2156/3449
f 1466/2160/3450 1469/2162/3451 1562/2163/3452 1561/2161/3453
s 241
f 1469/2162/3454 1470/2158/3455 1560/2059/3456 1562/2163/3457
s off
f 1478/2164/3458 1479/2154/3459 1557/2157/3460 1563/2165/3461
s 240
f 1480/2159/3462 1481/2166/3463 1564/2167/3464 1558/2056/3465
s off
f 1481/2168/3466 1478/2164/3467 1563/2165/3468 1564/2169/3469
f 1503/2170/3470 1489/2171/3471 1567/2172/3472 1565/2173/3473
s 243
f 1494/2174/3474 1504/2175/3475 1566/2064/3476 1568/2067/3477
s off
f 1489/2171/3478 1490/2176/3479 1569/2177/3480 1567/2172/3481
f 1490/2176/3482 1493/2178/3483 1570/2179/3484 1569/2177/3485
s 244
f 1493/2178/3486 1494/2174/3487 1568/2067/3488 1570/2179/3489
s off
f 1502/2180/3490 1503/2170/3491 1565/2173/3492 1571/2181/3493
s 243
f 1504/2175/3494 1505/2182/3495 1572/2183/3496 1566/2064/3497
s off
f 1505/2184/3498 1502/2180/3499 1571/2181/3500 1572/2185/3501
f 1527/2186/3502 1513/2187/3503 1575/2188/3504 1573/2189/3505
s 246
f 1518/2190/3506 1528/2191/3507 1574/2072/3508 1576/2075/3509
s off
f 1513/2187/3510 1514/2192/3511 1577/2193/3512 1575/2188/3513
f 1514/2192/3514 1517/2194/3515 1578/2195/3516 1577/2193/3517
s 247
f 1517/2194/3518 1518/2190/3519 1576/2075/3520 1578/2195/3521
s off
f 1526/2196/3522 1527/2186/3523 1573/2189/3524 1579/2197/3525
s 248
f 1528/2191/3526 1529/2198/3527 1580/2199/3528 1574/2072/3529
s off
f 1529/2200/3530 1526/2196/3531 1579/2197/3532 1580/2201/3533
f 1467/2202/3534 1453/2203/3535 1583/2204/3536 1581/2205/3537
s 249
f 1458/2206/3538 1468/2207/3539 1582/2052/3540 1584/2055/3541
s off
f 1453/2203/3542 1454/2208/3543 1585/2209/3544 1583/2204/3545
f 1454/2208/3546 1457/2210/3547 1586/2211/3548 1585/2209/3549
s 250
f 1457/2210/3550 1458/2206/3551 1584/2055/3552 1586/2211/3553
s off
f 1466/2212/3554 1467/2202/3555 1581/2205/3556 1587/2213/3557
s 251
f 1468/2207/3558 1469/2214/3559 1588/2215/3560 1582/2052/3561
s off
f 1469/2216/3562 1466/2212/3563 1587/2213/3564 1588/2217/3565
f 1491/2218/3566 1477/2219/3567 1591/2220/3568 1589/2221/3569
s 252
f 1482/2222/3570 1492/2223/3571 1590/2060/3572 1592/2063/3573
s off
f 1477/2219/3574 1478/2224/3575 1593/2225/3576 1591/2220/3577
f 1478/2224/3578 1481/2226/3579 1594/2227/3580 1593/2225/3581
s 253
f 1481/2226/3582 1482/2222/3583 1592/2063/3584 1594/2227/3585
s off
f 1490/2228/3586 1491/2218/3587 1589/2221/3588 1595/2229/3589
s 254
f 1492/2223/3590 1493/2230/3591 1596/2231/3592 1590/2060/3593
s off
f 1493/2232/3594 1490/2228/3595 1595/2229/3596 1596/2233/3597
f 1515/2234/3598 1501/2235/3599 1599/2236/3600 1597/2237/3601
s 255
f 1506/2238/3602 1516/2239/3603 1598/2068/3604 1600/2071/3605
s off
f 1501/2235/3606 1502/2240/3607 1601/2241/3608 1599/2236/3609
f 1502/2240/3610 1505/2242/3611 1602/2243/3612 1601/2241/3613
s 256
f 1505/2242/3614 1506/2238/3615 1600/2071/3616 1602/2243/3617
s off
f 1514/2244/3618 1515/2234/3619 1597/2237/3620 1603/2245/3621
s 255
f 1516/2239/3622 1517/2246/3623 1604/2247/3624 1598/2068/3625
s off
f 1517/2248/3626 1514/2244/3627 1603/2245/3628 1604/2249/3629
f 1533/2250/3630 1525/2251/3631 1607/2252/3632 1605/2253/3633
s 258
f 1530/2254/3634 1540/2255/3635 1606/2078/3636 1608/2081/3637
s off
f 1525/2251/3638 1526/2256/3639 1609/2257/3640 1607/2252/3641
f 1526/2256/3642 1529/2258/3643 1610/2259/3644 1609/2257/3645
s 258
f 1529/2258/3646 1530/2254/3647 1608/2081/3648 1610/2259/3649
s off
f 1532/2260/3650 1533/2250/3651 1605/2253/3652 1611/2261/3653
s 260
f 1540/2255/3654 1541/2262/3655 1612/2263/3656 1606/2078/3657
s off
f 1541/2264/3658 1532/2260/3659 1611/2261/3660 1612/2265/3661
s 233
f 1443/2266/3662 1437/2267/3663 1615/2268/3664 1613/1979/3665
s off
f 1437/2267/3666 1439/2269/3667 1616/2270/3668 1615/2268/3669
f 1439/2269/3670 1444/2271/3671 1614/2272/3672 1616/2270/3673
s 235
f 1448/2273/3674 1447/2274/3675 1618/1991/3676 1617/2275/3677
s off
f 1452/2276/3678 1451/2277/3679 1620/2278/3680 1619/2279/3681
f 1451/2277/3682 1448/2280/3683 1617/2281/3684 1620/2278/3685
s 234
f 1447/2274/3686 1443/2266/3687 1613/1979/3688 1618/1991/3689
s off
f 1444/2271/3690 1452/2276/3691 1619/2279/3692 1614/2272/3693
s 241
f 1461/2282/3694 1460/2283/3695 1622/2284/3696 1621/1994/3697
s off
f 1460/2283/3698 1463/2285/3699 1623/2286/3700 1622/2284/3701
f 1463/2285/3702 1462/2287/3703 1624/2288/3704 1623/2286/3705
s 240
f 1472/2289/3706 1471/2290/3707 1626/2007/3708 1625/2291/3709
s off
f 1476/2292/3710 1475/2293/3711 1628/2294/3712 1627/2295/3713
f 1475/2293/3714 1472/2296/3715 1625/2297/3716 1628/2294/3717
s 240
f 1471/2290/3707 1461/2282/3718 1621/1994/3719 1626/2007/3720
s off
f 1462/2287/3721 1476/2292/3722 1627/2295/3723 1624/2288/3724
s 244
f 1485/2298/3725 1484/2299/3726 1630/2300/3727 1629/2010/3728
s off
f 1484/2299/3729 1487/2301/3730 1631/2302/3731 1630/2300/3732
f 1487/2301/3733 1486/2303/3734 1632/2304/3735 1631/2302/3736
s 243
f 1496/2305/3737 1495/2306/3738 1634/2023/3739 1633/2307/3740
s off
f 1500/2308/3741 1499/2309/3742 1636/2310/3743 1635/2311/3744
f 1499/2309/3745 1496/2312/3746 1633/2313/3747 1636/2310/3748
s 243
f 1495/2306/3749 1485/2298/3750 1629/2010/3751 1634/2023/3752
s off
f 1486/2303/3753 1500/2308/3754 1635/2311/3755 1632/2304/3756
s 247
f 1509/2314/3757 1508/2315/3758 1638/2316/3759 1637/2026/3760
s off
f 1508/2315/3761 1511/2317/3762 1639/2318/3763 1638/2316/3764
f 1511/2317/3765 1510/2319/3766 1640/2320/3767 1639/2318/3768
s 248
f 1520/2321/3769 1519/2322/3770 1642/2039/3771 1641/2323/3772
s off
f 1524/2324/3773 1523/2325/3774 1644/2326/3775 1643/2327/3776
f 1523/2325/3777 1520/2328/3778 1641/2329/3779 1644/2326/3780
s 246
f 1519/2322/3781 1509/2314/3782 1637/2026/3783 1642/2039/3784
s off
f 1510/2319/3785 1524/2324/3786 1643/2327/3787 1640/2320/3788
s 236
f 1441/2330/3789 1435/2331/3790 1646/2332/3791 1645/2333/3792
s 238
f 1435/2331/3793 1687/2334/3794 1688/2048/3795 1646/2332/3796
s 275
f 1690/2335/3797 1441/2336/3798 1645/2337/3799 1689/2338/3800
s off
f 1535/2339/3801 1536/2340/3802 1648/2341/3803 1649/2342/3804
s 239
f 1539/2343/3805 1538/2344/3806 1650/2345/3807 1647/2114/3808
s off
f 1538/2344/3809 1535/2339/3810 1649/2342/3811 1650/2345/3812
s 250
f 1449/2346/3813 1448/2347/3814 1652/2348/3815 1651/1986/3816
s off
f 1448/2347/3817 1451/2349/3818 1653/2350/3819 1652/2348/3820
f 1451/2349/3821 1450/2351/3822 1654/2352/3823 1653/2350/3824
s 251
f 1460/2353/3825 1459/2354/3826 1656/1999/3827 1655/2355/3828
s off
f 1464/2356/3829 1463/2357/3830 1658/2358/3831 1657/2359/3832
f 1463/2357/3833 1460/2360/3834 1655/2361/3835 1658/2358/3836
s 249
f 1459/2354/3837 1449/2346/3838 1651/1986/3839 1656/1999/3840
s off
f 1450/2351/3841 1464/2356/3842 1657/2359/3843 1654/2352/3844
s 253
f 1473/2362/3845 1472/2363/3846 1660/2364/3847 1659/2002/3848
s off
f 1472/2363/3849 1475/2365/3850 1661/2366/3851 1660/2364/3852
f 1475/2365/3853 1474/2367/3854 1662/2368/3855 1661/2366/3856
s 254
f 1484/2369/3857 1483/2370/3858 1664/2015/3859 1663/2371/3860
s off
f 1488/2372/3861 1487/2373/3862 1666/2374/3863 1665/2375/3864
f 1487/2373/3865 1484/2376/3866 1663/2377/3867 1666/2374/3868
s 252
f 1483/2370/3869 1473/2362/3870 1659/2002/3871 1664/2015/3872
s off
f 1474/2367/3873 1488/2372/3874 1665/2375/3875 1662/2368/3876
s 256
f 1497/2378/3877 1496/2379/3878 1668/2380/3879 1667/2018/3880
s off
f 1496/2379/3881 1499/2381/3882 1669/2382/3883 1668/2380/3884
f 1499/2381/3885 1498/2383/3886 1670/2384/3887 1669/2382/3888
s 255
f 1508/2385/3889 1507/2386/3890 1672/2031/3891 1671/2387/3892
s off
f 1512/2388/3893 1511/2389/3894 1674/2390/3895 1673/2391/3896
f 1511/2389/3897 1508/2392/3898 1671/2393/3899 1674/2390/3900
s 255
f 1507/2386/3901 1497/2378/3902 1667/2018/3903 1672/2031/3904
s off
f 1498/2383/3905 1512/2388/3906 1673/2391/3907 1670/2384/3908
s 258
f 1521/2394/3909 1520/2395/3910 1676/2396/3911 1675/2034/3912
s off
f 1520/2395/3913 1523/2397/3914 1677/2398/3915 1676/2396/3916
f 1523/2397/3917 1522/2399/3918 1678/2400/3919 1677/2398/3920
s 258
f 1537/2401/3921 1521/2394/3922 1675/2034/3923 1679/2077/3924
s off
f 1522/2399/3925 1534/2402/3926 1680/2403/3927 1678/2400/3928
f 1534/2402/3929 1535/2404/3930 1681/2405/3931 1680/2403/3932
f 1535/2404/3933 1538/2406/3934 1682/2407/3935 1681/2405/3936
s 260
f 1538/2408/3937 1537/2401/3938 1679/2077/3939 1682/2409/3940
s 237
f 1684/2144/3420 1683/2143/3419 1531/2147/3941 1553/2150/3942
s 231
f 1685/2045/3241 1684/2044/3240 1553/2116/3943 1554/2119/3944
s 238
f 1542/2153/3945 1686/2146/3422 1685/2045/3425 1554/2119/3946
f 1688/2048/3795 1687/2334/3794 1539/2343/3947 1647/2114/3948
s 232
f 1689/2049/3245 1688/2048/3244 1647/2114/3949 1648/2113/3950
s 275
f 1536/2340/3951 1690/2335/3797 1689/2338/3800 1648/2341/3952
s 234
f 1691/2410/3953 1692/2411/3954 1748/2412/3955 1747/2413/3956
s 235
f 1692/2411/3957 1691/2410/3958 1694/2414/3959 1693/2415/3960
s 250
f 1693/2416/3961 1694/2417/3962 1696/2418/3963 1695/2419/3964
s 249
f 1695/2419/3965 1696/2418/3966 1697/2420/3967 1698/2421/3968
s 251
f 1698/2421/3969 1697/2420/3970 1700/2422/3971 1699/2423/3972
s 241
f 1699/2424/3973 1700/2425/3974 1702/2426/3975 1701/2427/3976
s 240
f 1701/2427/3977 1702/2426/3978 1703/2428/3979 1704/2429/3980
f 1704/2429/3981 1703/2428/3982 1706/2430/3983 1705/2431/3984
s 253
f 1705/2432/3985 1706/2433/3986 1708/2434/3987 1707/2435/3988
s 252
f 1707/2435/3989 1708/2434/3990 1709/2436/3991 1710/2437/3992
s 254
f 1710/2437/3993 1709/2436/3994 1712/2438/3995 1711/2439/3996
s 244
f 1711/2440/3997 1712/2441/3998 1714/2442/3999 1713/2443/4000
s 243
f 1713/2443/4001 1714/2442/4002 1715/2444/4003 1716/2445/4004
f 1716/2445/4004 1715/2444/4003 1718/2446/4005 1717/2447/4006
s 256
f 1717/2448/4007 1718/2449/4008 1720/2450/4009 1719/2451/4010
s 255
f 1719/2451/4011 1720/2450/4012 1721/2452/4013 1722/2453/4014
f 1722/2453/4014 1721/2452/4013 1724/2454/4015 1723/2455/4016
s 247
f 1723/2456/4017 1724/2457/4018 1726/2458/4019 1725/2459/4020
s 246
f 1725/2459/4021 1726/2458/4022 1727/2460/4023 1728/2461/4024
s 248
f 1728/2461/4025 1727/2460/4026 1730/2462/4027 1729/2463/4028
s 258
f 1729/2464/4029 1730/2465/4030 1732/2466/4031 1731/2467/4032
f 1731/2467/4032 1732/2466/4031 1733/2468/4033 1734/2469/4034
s 260
f 1734/2469/4035 1733/2468/4036 1736/2470/4037 1735/2471/4038
s 239
f 1735/2472/4039 1736/2473/4040 1738/2474/4041 1737/2475/4042
s 238
f 1737/2475/4043 1738/2474/4044 1740/2476/4045 1739/2477/4046
f 1739/2477/4046 1740/2476/4045 1741/2478/4047 1742/2479/4048
s 236
f 1742/2479/4049 1741/2478/4050 1744/2480/4051 1743/2481/4052
s 233
f 1746/2482/4053 1745/2483/4054 1747/2413/4055 1748/2412/4056
s 250
f 1749/2484/4057 1750/2485/4058 1805/2486/4059 1806/2487/4060
s 235
f 1750/2488/4061 1749/2489/4062 1752/2490/4063 1751/2491/4064
s 234
f 1751/2491/4065 1752/2490/4066 1754/2492/4067 1753/2493/4068
s 233
f 1753/2493/4069 1754/2492/4070 1756/2494/4071 1755/2495/4072
s 236
f 1758/2496/4073 1757/2497/4074 1760/2498/4075 1759/2499/4076
s 238
f 1759/2499/4077 1760/2498/4078 1761/2500/4079 1762/2501/4080
f 1762/2501/4080 1761/2500/4079 1763/2502/4081 1764/2503/4082
s 239
f 1764/2503/4083 1763/2502/4084 1766/2504/4085 1765/2505/4086
s 260
f 1765/2506/4087 1766/2507/4088 1768/2508/4089 1767/2509/4090
s 258
f 1767/2509/4091 1768/2508/4092 1770/2510/4093 1769/2511/4094
f 1769/2511/4094 1770/2510/4095 1772/2512/4096 1771/2513/4097
s 248
f 1771/2514/4098 1772/2515/4099 1774/2516/4100 1773/2517/4101
s 246
f 1773/2517/4102 1774/2516/4103 1776/2518/4104 1775/2519/4105
s 247
f 1775/2519/4106 1776/2518/4107 1778/2520/4108 1777/2521/4109
s 255
f 1777/2522/4110 1778/2523/4111 1780/2524/4112 1779/2525/4113
f 1779/2525/4113 1780/2524/4112 1782/2526/4114 1781/2527/4115
s 256
f 1781/2527/4116 1782/2526/4117 1784/2528/4118 1783/2529/4119
s 243
f 1783/2530/4120 1784/2531/4121 1786/2532/4122 1785/2533/4123
f 1785/2533/4124 1786/2532/4125 1788/2534/4126 1787/2535/4127
s 244
f 1787/2535/4128 1788/2534/4129 1790/2536/4130 1789/2537/4131
s 254
f 1789/2538/4132 1790/2539/4133 1792/2540/4134 1791/2541/4135
s 252
f 1791/2541/4136 1792/2540/4137 1794/2542/4138 1793/2543/4139
s 253
f 1793/2543/4140 1794/2542/4141 1796/2544/4142 1795/2545/4143
s 240
f 1795/2546/4144 1796/2547/4145 1798/2548/4146 1797/2549/4147
f 1797/2549/4148 1798/2548/4149 1800/2550/4150 1799/2551/4151
s 241
f 1799/2551/4152 1800/2550/4153 1802/2552/4154 1801/2553/4155
s 251
f 1801/2554/4156 1802/2555/4157 1804/2556/4158 1803/2557/4159
s 249
f 1803/2557/4160 1804/2556/4161 1806/2487/4162 1805/2486/4163
f 1807/2558/4164 1808/2559/4165 1863/2560/4166 1864/2561/4167
s 250
f 1808/2559/4168 1807/2558/4169 1810/2562/4170 1809/2563/4171
s 235
f 1809/2564/4172 1810/2565/4173 1812/2566/4174 1811/2567/4175
s 234
f 1811/2567/4176 1812/2566/4177 1814/2568/4178 1813/2569/4179
s 233
f 1813/2569/4180 1814/2568/4181 1816/2570/4182 1815/2571/4183
s 236
f 1818/2572/4184 1817/2573/4185 1820/2574/4186 1819/2575/4187
s 238
f 1819/2575/4188 1820/2574/4189 1821/2576/4190 1822/2577/4191
f 1822/2577/4191 1821/2576/4190 1823/2578/4192 1824/2579/4193
s 239
f 1824/2579/4194 1823/2578/4195 1826/2580/4196 1825/2581/4197
s 260
f 1825/2582/4198 1826/2583/4199 1828/2584/4200 1827/2585/4201
s 258
f 1827/2585/4202 1828/2584/4203 1830/2586/4204 1829/2587/4205
f 1829/2587/4205 1830/2586/4204 1832/2588/4206 1831/2589/4207
s 248
f 1831/2590/4208 1832/2591/4209 1834/2592/4210 1833/2593/4211
s 246
f 1833/2593/4212 1834/2592/4213 1836/2594/4214 1835/2595/4215
s 247
f 1835/2595/4216 1836/2594/4217 1838/2596/4218 1837/2597/4219
s 255
f 1837/2598/4220 1838/2599/4221 1840/2600/4222 1839/2601/4223
f 1839/2601/4223 1840/2600/4222 1842/2602/4224 1841/2603/4225
s 256
f 1841/2603/4226 1842/2602/4227 1844/2604/4228 1843/2605/4229
s 243
f 1843/2606/4230 1844/2607/4231 1846/2608/4232 1845/2609/4233
f 1845/2609/4234 1846/2608/4232 1848/2610/4235 1847/2611/4236
s 244
f 1847/2611/4237 1848/2610/4238 1850/2612/4239 1849/2613/4240
s 254
f 1849/2614/4241 1850/2615/4242 1852/2616/4243 1851/2617/4244
s 252
f 1851/2617/4245 1852/2616/4246 1854/2618/4247 1853/2619/4248
s 253
f 1853/2619/4249 1854/2618/4250 1856/2620/4251 1855/2621/4252
s 240
f 1855/2622/4253 1856/2623/4254 1858/2624/4255 1857/2625/4256
f 1857/2625/4256 1858/2624/4255 1860/2626/4257 1859/2627/4258
s 241
f 1859/2627/4259 1860/2626/4260 1862/2628/4261 1861/2629/4262
s 251
f 1861/2630/4263 1862/2631/4264 1864/2561/4265 1863/2560/4266
s 236
f 1742/2479/4049 1743/2481/4052 1758/2496/4073 1759/2499/4076
s 233
f 1748/2412/4056 1753/2493/4069 1755/2495/4072 1746/2482/4053
s 238
f 1739/2477/4046 1742/2479/4048 1759/2499/4077 1762/2501/4080
s 234
f 1748/2412/3955 1692/2411/3954 1751/2491/4065 1753/2493/4068
s 249
f 1698/2421/3968 1803/2557/4160 1805/2486/4163 1695/2419/3965
s 240
f 1704/2429/3980 1797/2549/4148 1799/2551/4151 1701/2427/3977
s 252
f 1710/2437/3992 1791/2541/4136 1793/2543/4139 1707/2435/3989
s 243
f 1716/2445/4004 1785/2533/4124 1787/2535/4127 1713/2443/4001
s 255
f 1722/2453/4014 1779/2525/4113 1781/2527/4115 1719/2451/4011
s 246
f 1728/2461/4024 1773/2517/4102 1775/2519/4105 1725/2459/4021
s 258
f 1734/2469/4034 1767/2509/4091 1769/2511/4094 1731/2467/4032
s 235
f 1692/2411/3957 1693/2415/3960 1750/2488/4061 1751/2491/4064
s 250
f 1693/2416/3961 1695/2419/3964 1805/2486/4059 1750/2485/4058
s 251
f 1698/2421/3969 1699/2423/3972 1801/2554/4156 1803/2557/4159
s 241
f 1699/2424/3973 1701/2427/3976 1799/2551/4152 1801/2553/4155
s 240
f 1704/2429/3981 1705/2431/3984 1795/2546/4144 1797/2549/4147
s 253
f 1705/2432/3985 1707/2435/3988 1793/2543/4140 1795/2545/4143
s 254
f 1710/2437/3993 1711/2439/3996 1789/2538/4132 1791/2541/4135
s 244
f 1711/2440/3997 1713/2443/4000 1787/2535/4128 1789/2537/4131
s 243
f 1716/2445/4004 1717/2447/4006 1783/2530/4120 1785/2533/4123
s 256
f 1717/2448/4007 1719/2451/4010 1781/2527/4116 1783/2529/4119
s 255
f 1722/2453/4014 1723/2455/4016 1777/2522/4110 1779/2525/4113
s 247
f 1723/2456/4017 1725/2459/4020 1775/2519/4106 1777/2521/4109
s 248
f 1728/2461/4025 1729/2463/4028 1771/2514/4098 1773/2517/4101
s 258
f 1729/2464/4029 1731/2467/4032 1769/2511/4094 1771/2513/4097
s 260
f 1734/2469/4035 1735/2471/4038 1765/2506/4087 1767/2509/4090
s 239
f 1735/2472/4039 1737/2475/4042 1764/2503/4083 1765/2505/4086
s 235
f 1447/2274/3675 1448/2273/3674 1809/2564/4172 1811/2567/4175
s 250
f 1448/2347/3814 1449/2346/3813 1808/2559/4168 1809/2563/4171
s 249
f 1459/2354/3837 1863/2560/4166 1808/2559/4165 1449/2346/3838
s 251
f 1459/2354/3826 1460/2353/3825 1861/2630/4263 1863/2560/4266
s 241
f 1460/2283/3695 1461/2282/3694 1859/2627/4259 1861/2629/4262
s 240
f 1471/2290/3707 1857/2625/4256 1859/2627/4258 1461/2282/3718
f 1471/2290/3707 1472/2289/3706 1855/2622/4253 1857/2625/4256
s 253
f 1472/2363/3846 1473/2362/3845 1853/2619/4249 1855/2621/4252
s 252
f 1483/2370/3869 1851/2617/4245 1853/2619/4248 1473/2362/3870
s 254
f 1483/2370/3858 1484/2369/3857 1849/2614/4241 1851/2617/4244
s 244
f 1484/2299/3726 1485/2298/3725 1847/2611/4237 1849/2613/4240
s 243
f 1495/2306/3749 1845/2609/4234 1847/2611/4236 1485/2298/3750
f 1495/2306/3738 1496/2305/3737 1843/2606/4230 1845/2609/4233
s 256
f 1496/2379/3878 1497/2378/3877 1841/2603/4226 1843/2605/4229
s 255
f 1507/2386/3901 1839/2601/4223 1841/2603/4225 1497/2378/3902
f 1507/2386/3890 1508/2385/3889 1837/2598/4220 1839/2601/4223
s 247
f 1508/2315/3758 1509/2314/3757 1835/2595/4216 1837/2597/4219
s 246
f 1519/2322/3781 1833/2593/4212 1835/2595/4215 1509/2314/3782
s 248
f 1519/2322/3770 1520/2321/3769 1831/2590/4208 1833/2593/4211
s 258
f 1520/2395/3910 1521/2394/3909 1829/2587/4205 1831/2589/4207
f 1537/2401/3921 1827/2585/4202 1829/2587/4205 1521/2394/3922
s 260
f 1537/2401/3938 1538/2408/3937 1825/2582/4198 1827/2585/4201
s 239
f 1538/2344/3806 1539/2343/3805 1824/2579/4194 1825/2581/4197
s 238
f 1687/2334/3794 1435/2331/3793 1819/2575/4188 1822/2577/4191
s 236
f 1441/2330/3789 1818/2572/4184 1819/2575/4187 1435/2331/3790
s 233
f 1443/2266/3662 1813/2569/4180 1815/2571/4183 1437/2267/3663
s 234
f 1447/2274/3686 1811/2567/4176 1813/2569/4179 1443/2266/3687
s 235
f 1752/2490/4063 1749/2632/4062 1457/2134/3407 1456/2131/3406
s 234
f 1754/2492/4067 1752/2490/4066 1456/2131/3399 1446/2128/3398
s 233
f 1756/2494/4071 1754/2492/4070 1446/2128/3391 1438/2126/3390
s 236
f 1760/2498/4075 1757/2497/4074 1442/2139/3415 1436/2138/3414
s 238
f 1761/2500/4079 1760/2498/4078 1436/2138/3423 1686/2146/3422
s 239
f 1766/2504/4085 1763/2502/4084 1542/2153/3435 1541/2151/3434
s 260
f 1768/2508/4089 1766/2633/4088 1541/2262/3655 1540/2255/3654
s 258
f 1770/2510/4093 1768/2508/4092 1540/2255/3635 1530/2254/3634
f 1772/2512/4096 1770/2510/4095 1530/2254/3647 1529/2258/3646
s 248
f 1774/2516/4100 1772/2634/4099 1529/2198/3527 1528/2191/3526
s 246
f 1776/2518/4104 1774/2516/4103 1528/2191/3507 1518/2190/3506
s 247
f 1778/2520/4108 1776/2518/4107 1518/2190/3519 1517/2194/3518
s 255
f 1780/2524/4112 1778/2635/4111 1517/2246/3623 1516/2239/3622
f 1782/2526/4114 1780/2524/4112 1516/2239/3603 1506/2238/3602
s 256
f 1784/2528/4118 1782/2526/4117 1506/2238/3615 1505/2242/3614
s 243
f 1786/2532/4122 1784/2531/4121 1505/2182/3495 1504/2175/3494
f 1788/2534/4126 1786/2532/4125 1504/2175/3475 1494/2174/3474
s 244
f 1790/2536/4130 1788/2534/4129 1494/2174/3487 1493/2178/3486
s 254
f 1792/2540/4134 1790/2539/4133 1493/2230/3591 1492/2223/3590
s 252
f 1794/2542/4138 1792/2540/4137 1492/2223/3571 1482/2222/3570
s 253
f 1796/2636/4142 1794/2542/4141 1482/2222/3583 1481/2226/3582
s 240
f 1798/2548/4146 1796/2547/4145 1481/2166/3463 1480/2159/3462
f 1800/2550/4150 1798/2548/4149 1480/2159/3443 1470/2158/3442
s 241
f 1802/2552/4154 1800/2550/4153 1470/2158/3455 1469/2162/3454
s 251
f 1804/2556/4158 1802/2637/4157 1469/2214/3559 1468/2207/3558
s 249
f 1806/2487/4162 1804/2556/4161 1468/2207/3539 1458/2206/3538
s 250
f 1749/2484/4057 1806/2487/4060 1458/2206/3551 1457/2210/3550
f 1810/2562/4170 1807/2558/4169 1696/2418/3963 1694/2638/3962
s 235
f 1812/2566/4174 1810/2565/4173 1694/2414/3959 1691/2410/3958
s 234
f 1814/2568/4178 1812/2566/4177 1691/2410/3953 1747/2413/3956
s 233
f 1816/2570/4182 1814/2568/4181 1747/2413/4055 1745/2483/4054
s 236
f 1820/2574/4186 1817/2573/4185 1744/2480/4051 1741/2478/4050
s 238
f 1821/2576/4190 1820/2574/4189 1741/2478/4047 1740/2476/4045
s 239
f 1826/2639/4196 1823/2578/4195 1738/2474/4041 1736/2473/4040
s 260
f 1828/2584/4200 1826/2583/4199 1736/2470/4037 1733/2468/4036
s 258
f 1830/2586/4204 1828/2584/4203 1733/2468/4033 1732/2466/4031
f 1832/2640/4206 1830/2586/4204 1732/2466/4031 1730/2465/4030
s 248
f 1834/2592/4210 1832/2591/4209 1730/2462/4027 1727/2460/4026
s 246
f 1836/2594/4214 1834/2592/4213 1727/2460/4023 1726/2458/4022
s 247
f 1838/2596/4218 1836/2594/4217 1726/2458/4019 1724/2641/4018
s 255
f 1840/2600/4222 1838/2599/4221 1724/2454/4015 1721/2452/4013
f 1842/2602/4224 1840/2600/4222 1721/2452/4013 1720/2450/4012
s 256
f 1844/2604/4228 1842/2602/4227 1720/2450/4009 1718/2642/4008
s 243
f 1846/2608/4232 1844/2607/4231 1718/2446/4005 1715/2444/4003
f 1848/2610/4235 1846/2608/4232 1715/2444/4003 1714/2442/4002
s 244
f 1850/2612/4239 1848/2610/4238 1714/2442/3999 1712/2643/3998
s 254
f 1852/2616/4243 1850/2615/4242 1712/2438/3995 1709/2436/3994
s 252
f 1854/2618/4247 1852/2616/4246 1709/2436/3991 1708/2434/3990
s 253
f 1856/2644/4251 1854/2618/4250 1708/2434/3987 1706/2433/3986
s 240
f 1858/2624/4255 1856/2623/4254 1706/2645/3983 1703/2428/3982
f 1860/2626/4257 1858/2624/4255 1703/2428/3979 1702/2426/3978
s 241
f 1862/2628/4261 1860/2626/4260 1702/2426/3975 1700/2646/3974
s 251
f 1864/2561/4265 1862/2631/4264 1700/2422/3971 1697/2420/3970
s 249
f 1807/2558/4164 1864/2561/4167 1697/2420/3967 1696/2418/3966
s 238
f 1763/2502/4081 1761/2500/4079 1686/2146/3422 1542/2153/3945
f 1737/2475/4043 1739/2477/4046 1762/2501/4080 1764/2503/4082
f 1823/2578/4192 1821/2576/4190 1740/2476/4045 1738/2474/4044
f 1539/2343/3947 1687/2334/3794 1822/2577/4191 1824/2579/4193
s off
f 2044/2647/4267 2043/2648/4268 2045/2649/4269 2046/2650/4270
f 1974/2651/4271 1973/2652/4272 1975/2653/4273 1976/2654/4274
f 2081/2655/4275 2082/2656/4276 2083/2657/4277 2084/2658/4278
f 2047/2659/4279 2048/2660/4280 2049/2661/4281 2050/2662/4282
f 2051/2663/4283 2052/2664/4284 2053/2665/4285 2054/2666/4286
f 2085/2667/4287 2086/2668/4288 2087/2669/4289 2088/2670/4290
f 2089/2671/4291 2090/2672/4292 2091/2673/4293 2092/2674/4294
f 2055/2675/4295 2056/2676/4296 2057/2677/4297 2058/2678/4298
f 2059/2679/4299 2060/2680/4300 2061/2681/4301 2062/2682/4302
f 2093/2683/4303 2094/2684/4304 2095/2685/4305 2096/2686/4306
f 2097/2687/4307 2098/2688/4308 2099/2689/4309 2100/2690/4310
f 2063/2691/4311 2064/2692/4312 2065/2693/4313 2066/2694/4314
f 2067/2695/4315 2068/2696/4316 2069/2697/4317 2070/2698/4318
f 2101/2699/4319 2102/2700/4320 2103/2701/4321 2104/2702/4322
f 2105/2703/4323 2106/2704/4324 2107/2705/4325 2108/2706/4326
f 2071/2707/4327 2072/2708/4328 2073/2709/4329 2074/2710/4330
s 313
f 2118/2711/4331 2119/2712/4332 1983/2713/4333 1984/2714/4334
s 314
f 2114/2715/4335 2115/2716/4336 2077/2717/4337 2078/2718/4338
s off
f 2049/2661/4339 2048/2660/4340 2043/2648/4341 2044/2647/4342
f 1978/2719/4343 1977/2720/4344 1973/2652/4345 1974/2651/4346
f 2087/2669/4347 2086/2668/4348 2081/2655/4349 2084/2658/4350
f 2012/2721/4351 2011/2722/4352 2013/2723/4353 2014/2724/4354
f 2057/2677/4355 2056/2676/4356 2051/2663/4357 2054/2666/4358
f 1988/2725/4359 1987/2726/4360 1989/2727/4361 1990/2728/4362
f 2095/2685/4363 2094/2684/4364 2089/2671/4365 2092/2674/4366
f 2020/2729/4367 2019/2730/4368 2021/2731/4369 2022/2732/4370
f 2065/2693/4371 2064/2692/4372 2059/2679/4373 2062/2682/4374
f 1996/2733/4375 1995/2734/4376 1997/2735/4377 1998/2736/4378
f 2103/2701/4379 2102/2700/4380 2097/2687/4381 2100/2690/4382
f 2028/2737/4383 2027/2738/4384 2029/2739/4385 2030/2740/4386
f 2073/2709/4387 2072/2708/4388 2067/2695/4389 2070/2698/4390
f 2004/2741/4391 2003/2742/4392 2005/2743/4393 2006/2744/4394
f 2110/2745/4395 2109/2746/4396 2105/2703/4397 2108/2706/4398
f 2036/2747/4399 2035/2748/4400 2037/2749/4401 2038/2750/4402
f 2013/2723/4403 2015/2751/4404 2016/2752/4405 2014/2724/4406
f 1979/2753/4407 1977/2720/4408 1978/2719/4409 1980/2754/4410
f 1989/2727/4411 1991/2755/4412 1992/2756/4413 1990/2728/4414
f 2017/2757/4415 2011/2722/4416 2012/2721/4417 2018/2758/4418
f 2021/2731/4419 2023/2759/4420 2024/2760/4421 2022/2732/4422
f 1993/2761/4423 1987/2726/4424 1988/2725/4425 1994/2762/4426
f 1997/2735/4427 1999/2763/4428 2000/2764/4429 1998/2736/4430
f 2025/2765/4431 2019/2730/4432 2020/2729/4433 2026/2766/4434
f 2029/2739/4435 2031/2767/4436 2032/2768/4437 2030/2740/4438
f 2001/2769/4439 1995/2734/4440 1996/2733/4441 2002/2770/4442
f 2005/2743/4443 2007/2771/4444 2008/2772/4445 2006/2744/4446
f 2033/2773/4447 2027/2738/4448 2028/2737/4449 2034/2774/4450
f 2037/2749/4451 2039/2775/4452 2040/2776/4453 2038/2750/4454
f 2009/2777/4455 2003/2742/4456 2004/2741/4457 2010/2778/4458
f 2110/2745/4459 2111/2779/4460 2112/2780/4461 2109/2746/4462
f 2079/2781/4463 2078/2718/4464 2077/2717/4465 2080/2782/4466
f 1983/2713/4467 1985/2783/4468 1986/2784/4469 1984/2714/4470
f 2041/2785/4471 2035/2748/4472 2036/2747/4473 2042/2786/4474
f 1875/2787/4475 1870/2788/4476 1975/2789/4477 1973/2790/4478
f 1870/2788/4479 1868/2791/4480 1976/2792/4481 1975/2789/4482
s 315
f 1868/2791/4483 1876/2793/4484 1974/2651/4485 1976/2792/4486
s off
f 1885/2794/4487 1875/2787/4488 1973/2790/4489 1977/2795/4490
s 316
f 1876/2793/4491 1886/2796/4492 1978/2719/4493 1974/2651/4494
s off
f 1884/2797/4495 1885/2794/4496 1977/2795/4497 1979/2798/4498
s 317
f 1886/2796/4499 1887/2799/4500 1980/2800/4501 1978/2719/4502
s off
f 1887/2801/4503 1884/2797/4504 1979/2798/4505 1980/2802/4506
s 318
f 1866/2803/4507 1872/2804/4508 1981/2805/4509 1982/2806/4510
s 319
f 2120/2807/4511 1961/2808/4512 1983/2809/4513 2119/2810/4514
s 320
f 1972/2811/4515 2117/2812/4516 2118/2711/4517 1984/2714/4518
s off
f 1961/2808/4519 1962/2813/4520 1985/2814/4521 1983/2809/4522
f 1962/2813/4523 1971/2815/4524 1986/2816/4525 1985/2814/4526
s 321
f 1971/2815/4527 1972/2811/4528 1984/2714/4529 1986/2816/4530
s off
f 1909/2817/4531 1895/2818/4532 1989/2819/4533 1987/2820/4534
s 322
f 1900/2821/4535 1910/2822/4536 1988/2725/4537 1990/2728/4538
s off
f 1895/2818/4539 1896/2823/4540 1991/2824/4541 1989/2819/4542
f 1896/2823/4543 1899/2825/4544 1992/2826/4545 1991/2824/4546
s 323
f 1899/2825/4547 1900/2821/4548 1990/2728/4549 1992/2826/4550
s off
f 1908/2827/4551 1909/2817/4552 1987/2820/4553 1993/2828/4554
s 324
f 1910/2822/4555 1911/2829/4556 1994/2830/4557 1988/2725/4558
s off
f 1911/2831/4559 1908/2827/4560 1993/2828/4561 1994/2832/4562
f 1933/2833/4563 1919/2834/4564 1997/2835/4565 1995/2836/4566
s 325
f 1924/2837/4567 1934/2838/4568 1996/2733/4569 1998/2736/4570
s off
f 1919/2834/4571 1920/2839/4572 1999/2840/4573 1997/2835/4574
f 1920/2839/4575 1923/2841/4576 2000/2842/4577 1999/2840/4578
s 326
f 1923/2841/4579 1924/2837/4580 1998/2736/4581 2000/2842/4582
s off
f 1932/2843/4583 1933/2833/4584 1995/2836/4585 2001/2844/4586
s 325
f 1934/2838/4568 1935/2845/4587 2002/2846/4588 1996/2733/4589
s off
f 1935/2847/4590 1932/2843/4591 2001/2844/4592 2002/2848/4593
f 1957/2849/4594 1943/2850/4595 2005/2851/4596 2003/2852/4597
s 328
f 1948/2853/4598 1958/2854/4599 2004/2741/4600 2006/2744/4601
s off
f 1943/2850/4602 1944/2855/4603 2007/2856/4604 2005/2851/4605
f 1944/2855/4606 1947/2857/4607 2008/2858/4608 2007/2856/4609
s 329
f 1947/2857/4610 1948/2853/4611 2006/2744/4612 2008/2858/4613
s off
f 1956/2859/4614 1957/2849/4615 2003/2852/4616 2009/2860/4617
s 328
f 1958/2854/4618 1959/2861/4619 2010/2862/4620 2004/2741/4621
s off
f 1959/2863/4622 1956/2859/4623 2009/2860/4624 2010/2864/4625
f 1897/2865/4626 1883/2866/4627 2013/2867/4628 2011/2868/4629
s 331
f 1888/2869/4630 1898/2870/4631 2012/2721/4632 2014/2724/4633
s off
f 1883/2866/4634 1884/2871/4635 2015/2872/4636 2013/2867/4637
f 1884/2871/4638 1887/2873/4639 2016/2874/4640 2015/2872/4641
s 332
f 1887/2873/4642 1888/2869/4643 2014/2724/4644 2016/2874/4645
s off
f 1896/2875/4646 1897/2865/4647 2011/2868/4648 2017/2876/4649
s 331
f 1898/2870/4650 1899/2877/4651 2018/2878/4652 2012/2721/4653
s off
f 1899/2879/4654 1896/2875/4655 2017/2876/4656 2018/2880/4657
f 1921/2881/4658 1907/2882/4659 2021/2883/4660 2019/2884/4661
s 334
f 1912/2885/4662 1922/2886/4663 2020/2729/4664 2022/2732/4665
s off
f 1907/2882/4666 1908/2887/4667 2023/2888/4668 2021/2883/4669
f 1908/2887/4670 1911/2889/4671 2024/2890/4672 2023/2888/4673
s 335
f 1911/2889/4674 1912/2885/4675 2022/2732/4676 2024/2890/4677
s off
f 1920/2891/4678 1921/2881/4679 2019/2884/4680 2025/2892/4681
s 336
f 1922/2886/4682 1923/2893/4683 2026/2894/4684 2020/2729/4685
s off
f 1923/2895/4686 1920/2891/4687 2025/2892/4688 2026/2896/4689
f 1945/2897/4690 1931/2898/4691 2029/2899/4692 2027/2900/4693
s 337
f 1936/2901/4694 1946/2902/4695 2028/2737/4696 2030/2740/4697
s off
f 1931/2898/4698 1932/2903/4699 2031/2904/4700 2029/2899/4701
f 1932/2903/4702 1935/2905/4703 2032/2906/4704 2031/2904/4705
s 338
f 1935/2905/4706 1936/2901/4707 2030/2740/4708 2032/2906/4709
s off
f 1944/2907/4710 1945/2897/4711 2027/2900/4712 2033/2908/4713
s 339
f 1946/2902/4714 1947/2909/4715 2034/2910/4716 2028/2737/4717
s off
f 1947/2911/4718 1944/2907/4719 2033/2908/4720 2034/2912/4721
f 1963/2913/4722 1955/2914/4723 2037/2915/4724 2035/2916/4725
s 340
f 1960/2917/4726 1970/2918/4727 2036/2747/4728 2038/2750/4729
s off
f 1955/2914/4730 1956/2919/4731 2039/2920/4732 2037/2915/4733
f 1956/2919/4734 1959/2921/4735 2040/2922/4736 2039/2920/4737
s 340
f 1959/2921/4738 1960/2917/4739 2038/2750/4740 2040/2922/4741
s off
f 1962/2923/4742 1963/2913/4743 2035/2916/4744 2041/2924/4745
s 340
f 1970/2918/4746 1971/2925/4747 2042/2926/4748 2036/2747/4749
s off
f 1971/2927/4750 1962/2923/4751 2041/2924/4752 2042/2928/4753
s 315
f 1873/2929/4754 1867/2930/4755 2045/2931/4756 2043/2648/4757
s off
f 1867/2930/4758 1869/2932/4759 2046/2933/4760 2045/2931/4761
f 1869/2932/4762 1874/2934/4763 2044/2935/4764 2046/2933/4765
s 317
f 1878/2936/4766 1877/2937/4767 2048/2660/4768 2047/2938/4769
s off
f 1882/2939/4770 1881/2940/4771 2050/2941/4772 2049/2942/4773
f 1881/2940/4774 1878/2943/4775 2047/2944/4776 2050/2941/4777
s 316
f 1877/2937/4778 1873/2929/4779 2043/2648/4780 2048/2660/4781
s off
f 1874/2934/4782 1882/2939/4783 2049/2942/4784 2044/2935/4785
s 323
f 1891/2945/4786 1890/2946/4787 2052/2947/4788 2051/2663/4789
s off
f 1890/2946/4790 1893/2948/4791 2053/2949/4792 2052/2947/4793
f 1893/2948/4794 1892/2950/4795 2054/2951/4796 2053/2949/4797
s 324
f 1902/2952/4798 1901/2953/4799 2056/2676/4800 2055/2954/4801
s off
f 1906/2955/4802 1905/2956/4803 2058/2957/4804 2057/2958/4805
f 1905/2956/4806 1902/2959/4807 2055/2960/4808 2058/2957/4809
s 322
f 1901/2953/4810 1891/2945/4811 2051/2663/4812 2056/2676/4813
s off
f 1892/2950/4814 1906/2955/4815 2057/2958/4816 2054/2951/4817
s 326
f 1915/2961/4818 1914/2962/4819 2060/2963/4820 2059/2679/4821
s off
f 1914/2962/4822 1917/2964/4823 2061/2965/4824 2060/2963/4825
f 1917/2964/4826 1916/2966/4827 2062/2967/4828 2061/2965/4829
s 325
f 1926/2968/4830 1925/2969/4831 2064/2692/4832 2063/2970/4833
s off
f 1930/2971/4834 1929/2972/4835 2066/2973/4836 2065/2974/4837
f 1929/2972/4838 1926/2975/4839 2063/2976/4840 2066/2973/4841
s 325
f 1925/2969/4831 1915/2961/4842 2059/2679/4843 2064/2692/4844
s off
f 1916/2966/4845 1930/2971/4846 2065/2974/4847 2062/2967/4848
s 329
f 1939/2977/4849 1938/2978/4850 2068/2979/4851 2067/2695/4852
s off
f 1938/2978/4853 1941/2980/4854 2069/2981/4855 2068/2979/4856
f 1941/2980/4857 1940/2982/4858 2070/2983/4859 2069/2981/4860
s 328
f 1950/2984/4861 1949/2985/4862 2072/2708/4863 2071/2986/4864
s off
f 1954/2987/4865 1953/2988/4866 2074/2989/4867 2073/2990/4868
f 1953/2988/4869 1950/2991/4870 2071/2992/4871 2074/2989/4872
s 328
f 1949/2985/4873 1939/2977/4874 2067/2695/4875 2072/2708/4876
s off
f 1940/2982/4877 1954/2987/4878 2073/2990/4879 2070/2983/4880
s 318
f 1871/2993/4881 1865/2994/4882 2076/2995/4883 2075/2996/4884
s 320
f 2116/2997/4885 1969/2998/4886 2077/2717/4887 2115/2716/4888
s 357
f 1966/2999/4889 2113/3000/4890 2114/3001/4891 2078/3002/4892
s off
f 1965/3003/4893 1966/2999/4894 2078/3002/4895 2079/3004/4896
s 321
f 1969/2998/4897 1968/3005/4898 2080/3006/4899 2077/2717/4900
s off
f 1968/3005/4901 1965/3003/4902 2079/3004/4903 2080/3006/4904
s 332
f 1879/3007/4905 1878/3008/4906 2082/3009/4907 2081/2655/4908
s off
f 1878/3008/4909 1881/3010/4910 2083/3011/4911 2082/3009/4912
f 1881/3010/4913 1880/3012/4914 2084/3013/4915 2083/3011/4916
s 331
f 1890/3014/4917 1889/3015/4918 2086/2668/4919 2085/3016/4920
s off
f 1894/3017/4921 1893/3018/4922 2088/3019/4923 2087/3020/4924
f 1893/3018/4925 1890/3021/4926 2085/3022/4927 2088/3019/4928
s 331
f 1889/3015/4929 1879/3007/4930 2081/2655/4931 2086/2668/4932
s off
f 1880/3012/4933 1894/3017/4934 2087/3020/4935 2084/3013/4936
s 335
f 1903/3023/4937 1902/3024/4938 2090/3025/4939 2089/2671/4940
s off
f 1902/3024/4941 1905/3026/4942 2091/3027/4943 2090/3025/4944
f 1905/3026/4945 1904/3028/4946 2092/3029/4947 2091/3027/4948
s 336
f 1914/3030/4949 1913/3031/4950 2094/2684/4951 2093/3032/4952
s off
f 1918/3033/4953 1917/3034/4954 2096/3035/4955 2095/3036/4956
f 1917/3034/4957 1914/3037/4958 2093/3038/4959 2096/3035/4960
s 334
f 1913/3031/4961 1903/3023/4962 2089/2671/4963 2094/2684/4964
s off
f 1904/3028/4965 1918/3033/4966 2095/3036/4967 2092/3029/4968
s 338
f 1927/3039/4969 1926/3040/4970 2098/3041/4971 2097/2687/4972
s off
f 1926/3040/4973 1929/3042/4974 2099/3043/4975 2098/3041/4976
f 1929/3042/4977 1928/3044/4978 2100/3045/4979 2099/3043/4980
s 339
f 1938/3046/4981 1937/3047/4982 2102/2700/4983 2101/3048/4984
s off
f 1942/3049/4985 1941/3050/4986 2104/3051/4987 2103/3052/4988
f 1941/3050/4989 1938/3053/4990 2101/3054/4991 2104/3051/4992
s 337
f 1937/3047/4993 1927/3039/4994 2097/2687/4995 2102/2700/4996
s off
f 1928/3044/4997 1942/3049/4998 2103/3052/4999 2100/3045/5000
s 340
f 1951/3055/5001 1950/3056/5002 2106/3057/5003 2105/2703/5004
s off
f 1950/3056/5005 1953/3058/5006 2107/3059/5007 2106/3057/5008
f 1953/3058/5009 1952/3060/5010 2108/3061/5011 2107/3059/5012
s 340
f 1967/3062/5013 1951/3055/5014 2105/2703/5015 2109/2746/5016
s off
f 1952/3060/5017 1964/3063/5018 2110/3064/5019 2108/3061/5020
f 1964/3063/5021 1965/3065/5022 2111/3066/5023 2110/3064/5024
f 1965/3065/5025 1968/3067/5026 2112/3068/5027 2111/3066/5028
s 340
f 1968/3069/5029 1967/3062/5030 2109/2746/5031 2112/3070/5032
s 357
f 2114/3001/4891 2113/3000/4890 1871/3071/5033 2075/3072/5034
s 314
f 2075/3073/5035 2076/3074/5036 2115/2716/4336 2114/2715/4335
s 320
f 1865/2994/5037 2116/2997/4885 2115/2716/4888 2076/2995/5038
f 2118/2711/4517 2117/2812/4516 1866/2803/5039 1982/2806/5040
s 313
f 1982/3075/5041 1981/3076/5042 2119/2712/4332 2118/2711/4331
s 319
f 1872/3077/5043 2120/2807/4511 2119/2810/4514 1981/3078/5044
s 316
f 2121/3079/5045 2122/3080/5046 2178/3081/5047 2177/3082/5048
s 317
f 2122/3080/5049 2121/3079/5050 2124/3083/5051 2123/3084/5052
s 332
f 2123/3085/5053 2124/3086/5054 2126/3087/5055 2125/3088/5056
s 331
f 2125/3088/5057 2126/3087/5058 2127/3089/5059 2128/3090/5060
f 2128/3090/5061 2127/3089/5062 2130/3091/5063 2129/3092/5064
s 323
f 2129/3093/5065 2130/3094/5066 2132/3095/5067 2131/3096/5068
s 322
f 2131/3096/5069 2132/3095/5070 2133/3097/5071 2134/3098/5072
s 324
f 2134/3098/5073 2133/3097/5074 2136/3099/5075 2135/3100/5076
s 335
f 2135/3101/5077 2136/3102/5078 2138/3103/5079 2137/3104/5080
s 334
f 2137/3104/5081 2138/3103/5082 2139/3105/5083 2140/3106/5084
s 336
f 2140/3106/5085 2139/3105/5086 2142/3107/5087 2141/3108/5088
s 326
f 2141/3109/5089 2142/3110/5090 2144/3111/5091 2143/3112/5092
s 325
f 2143/3112/5093 2144/3111/5094 2145/3113/5095 2146/3114/5096
f 2146/3114/5096 2145/3113/5095 2148/3115/5097 2147/3116/5098
s 338
f 2147/3117/5099 2148/3118/5100 2150/3119/5101 2149/3120/5102
s 337
f 2149/3120/5103 2150/3119/5104 2151/3121/5105 2152/3122/5106
s 339
f 2152/3122/5107 2151/3121/5108 2154/3123/5109 2153/3124/5110
s 329
f 2153/3125/5111 2154/3126/5112 2156/3127/5113 2155/3128/5114
s 328
f 2155/3128/5115 2156/3127/5116 2157/3129/5117 2158/3130/5118
f 2158/3130/5118 2157/3129/5117 2160/3131/5119 2159/3132/5120
s 340
f 2159/3133/5121 2160/3134/5122 2162/3135/5123 2161/3136/5124
f 2161/3136/5125 2162/3135/5126 2163/3137/5127 2164/3138/5128
f 2164/3138/5129 2163/3137/5130 2166/3139/5131 2165/3140/5132
s 321
f 2165/3141/5133 2166/3142/5134 2168/3143/5135 2167/3144/5136
s 320
f 2167/3144/5137 2168/3143/5138 2169/3145/5139 2170/3146/5140
f 2170/3146/5140 2169/3145/5139 2171/3147/5141 2172/3148/5142
s 318
f 2172/3148/5143 2171/3147/5144 2174/3149/5145 2173/3150/5146
s 315
f 2176/3151/5147 2175/3152/5148 2177/3082/5149 2178/3081/5150
s 332
f 2179/3153/5151 2180/3154/5152 2235/3155/5153 2236/3156/5154
s 317
f 2180/3157/5155 2179/3158/5156 2182/3159/5157 2181/3160/5158
s 316
f 2181/3160/5159 2182/3159/5160 2184/3161/5161 2183/3162/5162
s 315
f 2183/3162/5163 2184/3161/5164 2186/3163/5165 2185/3164/5166
s 318
f 2188/3165/5167 2187/3166/5168 2190/3167/5169 2189/3168/5170
s 320
f 2189/3168/5171 2190/3167/5172 2192/3169/5173 2191/3170/5174
f 2191/3170/5174 2192/3169/5173 2193/3171/5175 2194/3172/5176
s 321
f 2194/3172/5177 2193/3171/5178 2196/3173/5179 2195/3174/5180
s 340
f 2195/3175/5181 2196/3176/5182 2198/3177/5183 2197/3178/5184
f 2197/3178/5185 2198/3177/5186 2200/3179/5187 2199/3180/5188
f 2199/3180/5188 2200/3179/5187 2202/3181/5189 2201/3182/5190
s 328
f 2201/3183/5191 2202/3184/5192 2204/3185/5193 2203/3186/5194
f 2203/3186/5194 2204/3185/5195 2206/3187/5196 2205/3188/5197
s 329
f 2205/3188/5198 2206/3187/5199 2208/3189/5200 2207/3190/5201
s 339
f 2207/3191/5202 2208/3192/5203 2210/3193/5204 2209/3194/5205
s 337
f 2209/3194/5206 2210/3193/5207 2212/3195/5208 2211/3196/5209
s 338
f 2211/3196/5210 2212/3195/5211 2214/3197/5212 2213/3198/5213
s 325
f 2213/3199/5214 2214/3200/5215 2216/3201/5216 2215/3202/5217
f 2215/3202/5217 2216/3201/5216 2218/3203/5218 2217/3204/5219
s 326
f 2217/3204/5220 2218/3203/5221 2220/3205/5222 2219/3206/5223
s 336
f 2219/3207/5224 2220/3208/5225 2222/3209/5226 2221/3210/5227
s 334
f 2221/3210/5228 2222/3209/5229 2224/3211/5230 2223/3212/5231
s 335
f 2223/3212/5232 2224/3211/5233 2226/3213/5234 2225/3214/5235
s 324
f 2225/3215/5236 2226/3216/5237 2228/3217/5238 2227/3218/5239
s 322
f 2227/3218/5240 2228/3217/5241 2230/3219/5242 2229/3220/5243
s 323
f 2229/3220/5244 2230/3219/5245 2232/3221/5246 2231/3222/5247
s 331
f 2231/3223/5248 2232/3224/5249 2234/3225/5250 2233/3226/5251
f 2233/3226/5251 2234/3225/5250 2236/3156/5252 2235/3155/5253
f 2237/3227/5254 2238/3228/5255 2293/3229/5256 2294/3230/5257
s 332
f 2238/3228/5258 2237/3227/5259 2240/3231/5260 2239/3232/5261
s 317
f 2239/3233/5262 2240/3234/5263 2242/3235/5264 2241/3236/5265
s 316
f 2241/3236/5266 2242/3235/5267 2244/3237/5268 2243/3238/5269
s 315
f 2243/3238/5270 2244/3237/5271 2246/3239/5272 2245/3240/5273
s 318
f 2248/3241/5274 2247/3242/5275 2250/3243/5276 2249/3244/5277
s 320
f 2249/3244/5278 2250/3243/5279 2252/3245/5280 2251/3246/5281
f 2251/3246/5281 2252/3245/5280 2253/3247/5282 2254/3248/5283
s 321
f 2254/3248/5284 2253/3247/5285 2256/3249/5286 2255/3250/5287
s 340
f 2255/3251/5288 2256/3252/5289 2258/3253/5290 2257/3254/5291
f 2257/3254/5291 2258/3253/5290 2260/3255/5292 2259/3256/5293
f 2259/3256/5294 2260/3255/5295 2262/3257/5296 2261/3258/5297
s 328
f 2261/3259/5298 2262/3260/5299 2264/3261/5300 2263/3262/5301
f 2263/3262/5302 2264/3261/5300 2266/3263/5303 2265/3264/5304
s 329
f 2265/3264/5305 2266/3263/5306 2268/3265/5307 2267/3266/5308
s 339
f 2267/3267/5309 2268/3268/5310 2270/3269/5311 2269/3270/5312
s 337
f 2269/3270/5313 2270/3269/5314 2272/3271/5315 2271/3272/5316
s 338
f 2271/3272/5317 2272/3271/5318 2274/3273/5319 2273/3274/5320
s 325
f 2273/3275/5321 2274/3276/5322 2276/3277/5323 2275/3278/5324
f 2275/3278/5324 2276/3277/5323 2278/3279/5325 2277/3280/5326
s 326
f 2277/3280/5327 2278/3279/5328 2280/3281/5329 2279/3282/5330
s 336
f 2279/3283/5331 2280/3284/5332 2282/3285/5333 2281/3286/5334
s 334
f 2281/3286/5335 2282/3285/5336 2284/3287/5337 2283/3288/5338
s 335
f 2283/3288/5339 2284/3287/5340 2286/3289/5341 2285/3290/5342
s 324
f 2285/3291/5343 2286/3292/5344 2288/3293/5345 2287/3294/5346
s 322
f 2287/3294/5347 2288/3293/5348 2290/3295/5349 2289/3296/5350
s 323
f 2289/3296/5351 2290/3295/5352 2292/3297/5353 2291/3298/5354
s 331
f 2291/3299/5355 2292/3300/5356 2294/3230/5357 2293/3229/5358
s 318
f 2172/3148/5143 2173/3150/5146 2188/3165/5167 2189/3168/5170
s 315
f 2178/3081/5150 2183/3162/5163 2185/3164/5166 2176/3151/5147
s 320
f 2167/3144/5137 2170/3146/5140 2191/3170/5174 2194/3172/5176
s 316
f 2178/3081/5047 2122/3080/5046 2181/3160/5159 2183/3162/5162
s 331
f 2128/3090/5060 2233/3226/5251 2235/3155/5253 2125/3088/5057
s 322
f 2134/3098/5072 2227/3218/5240 2229/3220/5243 2131/3096/5069
s 334
f 2140/3106/5084 2221/3210/5228 2223/3212/5231 2137/3104/5081
s 325
f 2146/3114/5096 2215/3202/5217 2217/3204/5219 2143/3112/5093
s 337
f 2152/3122/5106 2209/3194/5206 2211/3196/5209 2149/3120/5103
s 328
f 2158/3130/5118 2203/3186/5194 2205/3188/5197 2155/3128/5115
s 340
f 2164/3138/5128 2197/3178/5185 2199/3180/5188 2161/3136/5125
s 317
f 2122/3080/5049 2123/3084/5052 2180/3157/5155 2181/3160/5158
s 332
f 2123/3085/5053 2125/3088/5056 2235/3155/5153 2180/3154/5152
s 331
f 2128/3090/5061 2129/3092/5064 2231/3223/5248 2233/3226/5251
s 323
f 2129/3093/5065 2131/3096/5068 2229/3220/5244 2231/3222/5247
s 324
f 2134/3098/5073 2135/3100/5076 2225/3215/5236 2227/3218/5239
s 335
f 2135/3101/5077 2137/3104/5080 2223/3212/5232 2225/3214/5235
s 336
f 2140/3106/5085 2141/3108/5088 2219/3207/5224 2221/3210/5227
s 326
f 2141/3109/5089 2143/3112/5092 2217/3204/5220 2219/3206/5223
s 325
f 2146/3114/5096 2147/3116/5098 2213/3199/5214 2215/3202/5217
s 338
f 2147/3117/5099 2149/3120/5102 2211/3196/5210 2213/3198/5213
s 339
f 2152/3122/5107 2153/3124/5110 2207/3191/5202 2209/3194/5205
s 329
f 2153/3125/5111 2155/3128/5114 2205/3188/5198 2207/3190/5201
s 328
f 2158/3130/5118 2159/3132/5120 2201/3183/5191 2203/3186/5194
s 340
f 2159/3133/5121 2161/3136/5124 2199/3180/5188 2201/3182/5190
f 2164/3138/5129 2165/3140/5132 2195/3175/5181 2197/3178/5184
s 321
f 2165/3141/5133 2167/3144/5136 2194/3172/5177 2195/3174/5180
s 317
f 1877/2937/4767 1878/2936/4766 2239/3233/5262 2241/3236/5265
s 332
f 1878/3008/4906 1879/3007/4905 2238/3228/5258 2239/3232/5261
s 331
f 1889/3015/4929 2293/3229/5256 2238/3228/5255 1879/3007/4930
f 1889/3015/4918 1890/3014/4917 2291/3299/5355 2293/3229/5358
s 323
f 1890/2946/4787 1891/2945/4786 2289/3296/5351 2291/3298/5354
s 322
f 1901/2953/4810 2287/3294/5347 2289/3296/5350 1891/2945/4811
s 324
f 1901/2953/4799 1902/2952/4798 2285/3291/5343 2287/3294/5346
s 335
f 1902/3024/4938 1903/3023/4937 2283/3288/5339 2285/3290/5342
s 334
f 1913/3031/4961 2281/3286/5335 2283/3288/5338 1903/3023/4962
s 336
f 1913/3031/4950 1914/3030/4949 2279/3283/5331 2281/3286/5334
s 326
f 1914/2962/4819 1915/2961/4818 2277/3280/5327 2279/3282/5330
s 325
f 1925/2969/4831 2275/3278/5324 2277/3280/5326 1915/2961/4842
f 1925/2969/4831 1926/2968/4830 2273/3275/5321 2275/3278/5324
s 338
f 1926/3040/4970 1927/3039/4969 2271/3272/5317 2273/3274/5320
s 337
f 1937/3047/4993 2269/3270/5313 2271/3272/5316 1927/3039/4994
s 339
f 1937/3047/4982 1938/3046/4981 2267/3267/5309 2269/3270/5312
s 329
f 1938/2978/4850 1939/2977/4849 2265/3264/5305 2267/3266/5308
s 328
f 1949/2985/4873 2263/3262/5302 2265/3264/5304 1939/2977/4874
f 1949/2985/4862 1950/2984/4861 2261/3259/5298 2263/3262/5301
s 340
f 1950/3056/5002 1951/3055/5001 2259/3256/5294 2261/3258/5297
f 1967/3062/5013 2257/3254/5291 2259/3256/5293 1951/3055/5014
f 1967/3062/5030 1968/3069/5029 2255/3251/5288 2257/3254/5291
s 321
f 1968/3005/4898 1969/2998/4897 2254/3248/5284 2255/3250/5287
s 320
f 1969/2998/4886 2116/2997/4885 2251/3246/5281 2254/3248/5283
s 318
f 1871/2993/4881 2248/3241/5274 2249/3244/5277 1865/2994/4882
s 315
f 1873/2929/4754 2243/3238/5270 2245/3240/5273 1867/2930/4755
s 316
f 1877/2937/4778 2241/3236/5266 2243/3238/5269 1873/2929/4779
s 317
f 2182/3159/5157 2179/3301/5156 1887/2799/4500 1886/2796/4499
s 316
f 2184/3161/5161 2182/3159/5160 1886/2796/4492 1876/2793/4491
s 315
f 2186/3163/5165 2184/3161/5164 1876/2793/4484 1868/2791/4483
s 318
f 2190/3167/5169 2187/3166/5168 1872/2804/4508 1866/2803/4507
s 320
f 2193/3171/5175 2192/3169/5173 2117/2812/4516 1972/2811/4515
s 321
f 2196/3173/5179 2193/3171/5178 1972/2811/4528 1971/2815/4527
s 340
f 2198/3177/5183 2196/3176/5182 1971/2925/4747 1970/2918/4746
f 2200/3179/5187 2198/3177/5186 1970/2918/4727 1960/2917/4726
f 2202/3181/5189 2200/3179/5187 1960/2917/4739 1959/2921/4738
s 328
f 2204/3185/5193 2202/3184/5192 1959/2861/4619 1958/2854/4618
f 2206/3187/5196 2204/3185/5195 1958/2854/4599 1948/2853/4598
s 329
f 2208/3189/5200 2206/3187/5199 1948/2853/4611 1947/2857/4610
s 339
f 2210/3193/5204 2208/3192/5203 1947/2909/4715 1946/2902/4714
s 337
f 2212/3195/5208 2210/3193/5207 1946/2902/4695 1936/2901/4694
s 338
f 2214/3197/5212 2212/3195/5211 1936/2901/4707 1935/2905/4706
s 325
f 2216/3201/5216 2214/3200/5215 1935/2845/4587 1934/2838/4568
f 2218/3203/5218 2216/3201/5216 1934/2838/4568 1924/2837/4567
s 326
f 2220/3205/5222 2218/3203/5221 1924/2837/4580 1923/2841/4579
s 336
f 2222/3209/5226 2220/3208/5225 1923/2893/4683 1922/2886/4682
s 334
f 2224/3211/5230 2222/3209/5229 1922/2886/4663 1912/2885/4662
s 335
f 2226/3302/5234 2224/3211/5233 1912/2885/4675 1911/2889/4674
s 324
f 2228/3217/5238 2226/3216/5237 1911/2829/4556 1910/2822/4555
s 322
f 2230/3219/5242 2228/3217/5241 1910/2822/4536 1900/2821/4535
s 323
f 2232/3221/5246 2230/3219/5245 1900/2821/4548 1899/2825/4547
s 331
f 2234/3225/5250 2232/3303/5249 1899/2877/4651 1898/2870/4650
f 2236/3156/5252 2234/3225/5250 1898/2870/4631 1888/2869/4630
s 332
f 2179/3153/5151 2236/3156/5154 1888/2869/4643 1887/2873/4642
f 2240/3304/5260 2237/3227/5259 2126/3087/5055 2124/3086/5054
s 317
f 2242/3235/5264 2240/3234/5263 2124/3083/5051 2121/3079/5050
s 316
f 2244/3237/5268 2242/3235/5267 2121/3079/5045 2177/3082/5048
s 315
f 2246/3239/5272 2244/3237/5271 2177/3082/5149 2175/3152/5148
s 318
f 2250/3243/5276 2247/3242/5275 2174/3149/5145 2171/3147/5144
s 320
f 2253/3247/5282 2252/3245/5280 2169/3145/5139 2168/3143/5138
s 321
f 2256/3249/5286 2253/3247/5285 2168/3143/5135 2166/3305/5134
s 340
f 2258/3253/5290 2256/3252/5289 2166/3139/5131 2163/3137/5130
f 2260/3255/5292 2258/3253/5290 2163/3137/5127 2162/3135/5126
f 2262/3257/5296 2260/3255/5295 2162/3135/5123 2160/3306/5122
s 328
f 2264/3261/5300 2262/3260/5299 2160/3131/5119 2157/3129/5117
f 2266/3263/5303 2264/3261/5300 2157/3129/5117 2156/3127/5116
s 329
f 2268/3265/5307 2266/3263/5306 2156/3127/5113 2154/3307/5112
s 339
f 2270/3269/5311 2268/3268/5310 2154/3123/5109 2151/3121/5108
s 337
f 2272/3271/5315 2270/3269/5314 2151/3121/5105 2150/3119/5104
s 338
f 2274/3273/5319 2272/3271/5318 2150/3119/5101 2148/3308/5100
s 325
f 2276/3277/5323 2274/3276/5322 2148/3115/5097 2145/3113/5095
f 2278/3279/5325 2276/3277/5323 2145/3113/5095 2144/3111/5094
s 326
f 2280/3281/5329 2278/3279/5328 2144/3111/5091 2142/3309/5090
s 336
f 2282/3285/5333 2280/3284/5332 2142/3107/5087 2139/3105/5086
s 334
f 2284/3287/5337 2282/3285/5336 2139/3105/5083 2138/3103/5082
s 335
f 2286/3310/5341 2284/3287/5340 2138/3103/5079 2136/3102/5078
s 324
f 2288/3293/5345 2286/3292/5344 2136/3311/5075 2133/3097/5074
s 322
f 2290/3295/5349 2288/3293/5348 2133/3097/5071 2132/3095/5070
s 323
f 2292/3312/5353 2290/3295/5352 2132/3095/5067 2130/3094/5066
s 331
f 2294/3230/5357 2292/3300/5356 2130/3091/5063 2127/3089/5062
f 2237/3227/5254 2294/3230/5257 2127/3089/5059 2126/3087/5058
s 320
f 2251/3246/5281 2116/2997/4885 1865/2994/5037 2249/3244/5278
f 2169/3145/5139 2252/3245/5280 2250/3243/5279 2171/3147/5141
f 2191/3170/5174 2170/3146/5140 2172/3148/5142 2189/3168/5171
f 2117/2812/4516 2192/3169/5173 2190/3167/5172 1866/2803/5039
s 396
f 2317/3313/5359 2316/3314/5360 2319/3315/5361 2318/3316/5362
s 397
f 2316/3314/5363 2315/3317/5364 2320/3318/5365 2319/3315/5366
s 398
f 2323/3319/5367 2322/3320/5368 2325/3321/5369 2324/3322/5370
s 396
f 2322/3320/5371 2321/3323/5372 2326/3324/5373 2325/3321/5374
s 400
f 2329/3325/5375 2328/3326/5376 2331/3327/5377 2330/3328/5378
s 397
f 2328/3326/5379 2327/3329/5380 2332/3330/5381 2331/3327/5382
s 396
f 2335/3331/5383 2334/3332/5384 2337/3333/5385 2336/3334/5386
s 397
f 2334/3332/5387 2333/3335/5388 2338/3336/5389 2337/3333/5390
s 398
f 2341/3337/5391 2340/3338/5392 2343/3339/5393 2342/3340/5394
s 396
f 2340/3338/5395 2339/3341/5396 2344/3342/5397 2343/3339/5398
s 400
f 2347/3343/5399 2346/3344/5400 2349/3345/5401 2348/3346/5402
s 397
f 2346/3344/5403 2345/3347/5404 2350/3348/5405 2349/3345/5406
s 396
f 2353/3349/5407 2352/3350/5408 2355/3351/5409 2354/3352/5410
s 397
f 2352/3350/5411 2351/3353/5412 2356/3354/5413 2355/3351/5414
s 398
f 2359/3355/5415 2358/3356/5416 2361/3357/5417 2360/3358/5418
s 396
f 2358/3356/5419 2357/3359/5420 2362/3360/5421 2361/3357/5422
s 400
f 2365/3361/5423 2364/3362/5424 2367/3363/5425 2366/3364/5426
s 397
f 2364/3362/5427 2363/3365/5428 2368/3366/5429 2367/3363/5430
f 2380/3367/5431 2379/3368/5432 2403/3369/5433 2402/3370/5434
s 396
f 2379/3368/5435 2378/3371/5436 2404/3372/5437 2403/3369/5438
s 397
f 2383/3373/5439 2382/3374/5440 2385/3375/5441 2384/3376/5442
s 400
f 2382/3374/5443 2381/3377/5444 2386/3378/5445 2385/3375/5446
s 396
f 2389/3379/5447 2388/3380/5448 2400/3381/5449 2399/3382/5450
s 398
f 2388/3380/5451 2387/3383/5452 2401/3384/5453 2400/3381/5454
s 396
f 2317/3313/5359 2318/3316/5362 2326/3324/5373 2321/3323/5372
s 397
f 2320/3318/5365 2315/3317/5364 2332/3330/5381 2327/3329/5380
s 400
f 2329/3325/5375 2330/3328/5378 2304/3385/5455 2303/3386/5456
s 398
f 2323/3319/5367 2324/3322/5370 2308/3387/5457 2307/3388/5458
s 396
f 2335/3331/5383 2336/3334/5386 2344/3342/5397 2339/3341/5396
s 397
f 2338/3336/5389 2333/3335/5388 2350/3348/5405 2345/3347/5404
s 400
f 2347/3343/5399 2348/3346/5402 2306/3389/5459 2305/3390/5460
s 398
f 2341/3337/5391 2342/3340/5394 2310/3391/5461 2309/3392/5462
s 396
f 2353/3349/5407 2354/3352/5410 2362/3360/5421 2357/3359/5420
s 397
f 2356/3354/5413 2351/3353/5412 2368/3366/5429 2363/3365/5428
s 400
f 2365/3361/5423 2366/3364/5426 2300/3393/5463 2299/3394/5464
s 398
f 2359/3355/5415 2360/3358/5418 2302/3395/5465 2301/3396/5466
s 396
f 2371/3397/5467 2362/3360/5421 2354/3352/5410 2372/3398/5468
s 397
f 2374/3399/5469 2356/3354/5413 2363/3365/5428 2375/3400/5470
f 2315/3317/5364 2338/3336/5389 2345/3347/5404 2332/3330/5381
s 396
f 2317/3313/5359 2321/3323/5372 2344/3342/5397 2336/3334/5386
s 397
f 2333/3335/5388 2380/3367/5431 2384/3376/5442 2350/3348/5405
s 396
f 2335/3331/5383 2339/3341/5396 2389/3379/5447 2378/3371/5436
s 397
f 2351/3353/5412 2392/3401/5471 2393/3402/5472 2368/3366/5429
s 396
f 2353/3349/5407 2357/3359/5420 2398/3403/5473 2390/3404/5474
s 400
f 2377/3405/5475 2365/3361/5423 2299/3394/5464 2296/3406/5476
s 398
f 2295/3407/5477 2302/3395/5465 2360/3358/5418 2369/3408/5478
s 400
f 2304/3385/5455 2330/3328/5378 2347/3343/5399 2305/3390/5460
s 398
f 2323/3319/5367 2307/3388/5458 2310/3391/5461 2342/3340/5394
s 400
f 2306/3389/5459 2348/3346/5402 2386/3378/5445 2314/3409/5479
s 398
f 2341/3337/5391 2309/3392/5462 2313/3410/5480 2387/3383/5452
s 400
f 2300/3393/5463 2366/3364/5426 2395/3411/5481 2312/3412/5482
s 398
f 2359/3355/5415 2301/3396/5466 2311/3413/5483 2396/3414/5484
f 2396/3414/5484 2311/3413/5483 2308/3387/5457 2324/3322/5370
s 396
f 2390/3404/5474 2398/3403/5473 2326/3324/5373 2318/3316/5362
s 397
f 2393/3402/5472 2392/3401/5471 2320/3318/5365 2327/3329/5380
s 400
f 2312/3412/5482 2395/3411/5481 2329/3325/5375 2303/3386/5456
s 398
f 2387/3383/5452 2313/3410/5480 2298/3415/5485 2401/3384/5453
s 396
f 2378/3371/5436 2389/3379/5447 2399/3382/5450 2404/3372/5437
s 397
f 2384/3376/5442 2380/3367/5431 2402/3370/5434 2383/3373/5439
s 400
f 2314/3409/5479 2386/3378/5445 2381/3377/5444 2297/3416/5486
s 396
f 2318/3316/5362 2319/3315/5361 2391/3417/5487 2390/3404/5474
s 397
f 2319/3315/5366 2320/3318/5365 2392/3401/5471 2391/3417/5488
s 398
f 2324/3322/5370 2325/3321/5369 2397/3418/5489 2396/3414/5484
s 396
f 2325/3321/5374 2326/3324/5373 2398/3403/5473 2397/3418/5490
s 397
f 2327/3329/5380 2328/3326/5379 2394/3419/5491 2393/3402/5472
s 400
f 2328/3326/5376 2329/3325/5375 2395/3411/5481 2394/3419/5492
s 397
f 2315/3317/5364 2316/3314/5363 2337/3333/5390 2338/3336/5389
s 396
f 2316/3314/5360 2317/3313/5359 2336/3334/5386 2337/3333/5385
f 2321/3323/5372 2322/3320/5371 2343/3339/5398 2344/3342/5397
s 398
f 2322/3320/5368 2323/3319/5367 2342/3340/5394 2343/3339/5393
s 400
f 2330/3328/5378 2331/3327/5377 2346/3344/5400 2347/3343/5399
s 397
f 2331/3327/5382 2332/3330/5381 2345/3347/5404 2346/3344/5403
s 396
f 2354/3352/5410 2355/3351/5409 2373/3420/5493 2372/3398/5468
s 397
f 2355/3351/5414 2356/3354/5413 2374/3399/5469 2373/3420/5494
s 398
f 2360/3358/5418 2361/3357/5417 2370/3421/5495 2369/3408/5478
s 396
f 2361/3357/5422 2362/3360/5421 2371/3397/5467 2370/3421/5496
s 397
f 2363/3365/5428 2364/3362/5427 2376/3422/5497 2375/3400/5470
s 400
f 2364/3362/5424 2365/3361/5423 2377/3405/5475 2376/3422/5498
s 397
f 2333/3335/5388 2334/3332/5387 2379/3368/5432 2380/3367/5431
s 396
f 2334/3332/5384 2335/3331/5383 2378/3371/5436 2379/3368/5435
s 400
f 2348/3346/5402 2349/3345/5401 2385/3375/5446 2386/3378/5445
s 397
f 2349/3345/5406 2350/3348/5405 2384/3376/5442 2385/3375/5441
s 396
f 2339/3341/5396 2340/3338/5395 2388/3380/5448 2389/3379/5447
s 398
f 2340/3338/5392 2341/3337/5391 2387/3383/5452 2388/3380/5451
s 397
f 2351/3353/5412 2352/3350/5411 2391/3417/5488 2392/3401/5471
s 396
f 2352/3350/5408 2353/3349/5407 2390/3404/5474 2391/3417/5487
s 400
f 2366/3364/5426 2367/3363/5425 2394/3419/5492 2395/3411/5481
s 397
f 2367/3363/5430 2368/3366/5429 2393/3402/5472 2394/3419/5491
s 396
f 2357/3359/5420 2358/3356/5419 2397/3418/5490 2398/3403/5473
s 398
f 2358/3356/5416 2359/3355/5415 2396/3414/5484 2397/3418/5489
s 413
f 2407/3423/5499 2406/3424/5500 2409/3425/5501 2408/3426/5502
s 414
f 2406/3427/5503 2405/3428/5504 2410/3429/5505 2409/3430/5506
s 413
f 2413/3431/5507 2412/3432/5508 2415/3433/5509 2414/3434/5510
s 416
f 2412/3432/5511 2411/3435/5512 2416/3436/5513 2415/3433/5514
s 417
f 2419/3437/5515 2418/3438/5516 2421/3439/5517 2420/3440/5518
s 414
f 2418/3438/5519 2417/3441/5520 2422/3442/5521 2421/3439/5522
s 419
f 2425/3443/5523 2424/3444/5524 2427/3445/5525 2426/3446/5526
s 417
f 2424/3444/5527 2423/3447/5528 2428/3448/5529 2427/3445/5530
s 421
f 2431/3449/5531 2430/3450/5532 2433/3451/5533 2432/3452/5534
s 419
f 2430/3453/5535 2429/3454/5536 2434/3455/5537 2433/3456/5538
s 416
f 2437/3457/5539 2436/3458/5540 2439/3459/5541 2438/3460/5542
s 421
f 2436/3458/5543 2435/3461/5544 2440/3462/5545 2439/3459/5546
s 413
f 2443/3463/5547 2442/3464/5548 2445/3465/5549 2444/3466/5550
s 414
f 2442/3467/5551 2441/3468/5552 2446/3469/5553 2445/3470/5554
s 413
f 2449/3471/5555 2448/3472/5556 2451/3473/5557 2450/3474/5558
s 416
f 2448/3472/5559 2447/3475/5560 2452/3476/5561 2451/3473/5562
s 417
f 2455/3477/5563 2454/3478/5564 2457/3479/5565 2456/3480/5566
s 414
f 2454/3478/5567 2453/3481/5568 2458/3482/5569 2457/3479/5570
s 419
f 2461/3483/5571 2460/3484/5572 2463/3485/5573 2462/3486/5574
s 417
f 2460/3484/5575 2459/3487/5576 2464/3488/5577 2463/3485/5578
s 421
f 2467/3489/5579 2466/3490/5580 2469/3491/5581 2468/3492/5582
s 419
f 2466/3493/5583 2465/3494/5584 2470/3495/5585 2469/3496/5586
s 416
f 2473/3497/5587 2472/3498/5588 2475/3499/5589 2474/3500/5590
s 421
f 2472/3498/5591 2471/3501/5592 2476/3502/5593 2475/3499/5594
s 413
f 2479/3503/5595 2478/3504/5596 2481/3505/5597 2480/3506/5598
s 414
f 2478/3507/5599 2477/3508/5600 2482/3509/5601 2481/3510/5602
s 413
f 2485/3511/5603 2484/3512/5604 2487/3513/5605 2486/3514/5606
s 416
f 2484/3512/5607 2483/3515/5608 2488/3516/5609 2487/3513/5610
s 417
f 2491/3517/5611 2490/3518/5612 2493/3519/5613 2492/3520/5614
s 414
f 2490/3518/5615 2489/3521/5616 2494/3522/5617 2493/3519/5618
s 419
f 2497/3523/5619 2496/3524/5620 2499/3525/5621 2498/3526/5622
s 417
f 2496/3524/5623 2495/3527/5624 2500/3528/5625 2499/3525/5626
s 421
f 2503/3529/5627 2502/3530/5628 2505/3531/5629 2504/3532/5630
s 419
f 2502/3533/5631 2501/3534/5632 2506/3535/5633 2505/3536/5634
s 416
f 2509/3537/5635 2508/3538/5636 2511/3539/5637 2510/3540/5638
s 421
f 2508/3538/5639 2507/3541/5640 2512/3542/5641 2511/3539/5642
s 413
f 2515/3543/5643 2514/3544/5644 2517/3545/5645 2516/3546/5646
s 414
f 2514/3547/5647 2513/3548/5648 2518/3549/5649 2517/3550/5650
s 413
f 2521/3551/5651 2520/3552/5652 2523/3553/5653 2522/3554/5654
s 416
f 2520/3552/5655 2519/3555/5656 2524/3556/5657 2523/3553/5658
s 417
f 2527/3557/5659 2526/3558/5660 2529/3559/5661 2528/3560/5662
s 414
f 2526/3558/5663 2525/3561/5664 2530/3562/5665 2529/3559/5666
s 419
f 2533/3563/5667 2532/3564/5668 2535/3565/5669 2534/3566/5670
s 417
f 2532/3564/5671 2531/3567/5672 2536/3568/5673 2535/3565/5674
s 421
f 2539/3569/5675 2538/3570/5676 2541/3571/5677 2540/3572/5678
s 419
f 2538/3573/5679 2537/3574/5680 2542/3575/5681 2541/3576/5682
s 416
f 2545/3577/5683 2544/3578/5684 2547/3579/5685 2546/3580/5686
s 421
f 2544/3578/5687 2543/3581/5688 2548/3582/5689 2547/3579/5690
s 413
f 2551/3583/5691 2550/3584/5692 2553/3585/5693 2552/3586/5694
s 414
f 2550/3587/5695 2549/3588/5696 2554/3589/5697 2553/3590/5698
s 413
f 2557/3591/5699 2556/3592/5700 2559/3593/5701 2558/3594/5702
s 416
f 2556/3592/5703 2555/3595/5704 2560/3596/5705 2559/3593/5706
s 417
f 2563/3597/5707 2562/3598/5708 2565/3599/5709 2564/3600/5710
s 414
f 2562/3598/5711 2561/3601/5712 2566/3602/5713 2565/3599/5714
s 419
f 2569/3603/5715 2568/3604/5716 2571/3605/5717 2570/3606/5718
s 417
f 2568/3604/5719 2567/3607/5720 2572/3608/5721 2571/3605/5722
s 421
f 2575/3609/5723 2574/3610/5724 2577/3611/5725 2576/3612/5726
s 419
f 2574/3613/5727 2573/3614/5728 2578/3615/5729 2577/3616/5730
s 416
f 2581/3617/5731 2580/3618/5732 2583/3619/5733 2582/3620/5734
s 421
f 2580/3618/5735 2579/3621/5736 2584/3622/5737 2583/3619/5738
s 413
f 2674/3623/5739 2675/3624/5740 2413/3431/5507 2414/3434/5510
s 414
f 2410/3429/5505 2405/3428/5504 2830/3625/5741 2831/3626/5742
s 417
f 2419/3437/5515 2420/3440/5518 2428/3448/5529 2423/3447/5528
s 419
f 2794/3627/5743 2795/3628/5744 2434/3455/5537 2429/3454/5536
s 421
f 2431/3449/5531 2432/3452/5534 2710/3629/5745 2711/3630/5746
s 416
f 2437/3457/5539 2438/3460/5542 2416/3436/5513 2411/3435/5512
s 413
f 2676/3631/5747 2677/3632/5748 2449/3471/5555 2450/3474/5558
s 414
f 2446/3469/5553 2441/3468/5552 2832/3633/5749 2833/3634/5750
s 417
f 2455/3477/5563 2456/3480/5566 2464/3488/5577 2459/3487/5576
s 419
f 2792/3635/5751 2793/3636/5752 2470/3495/5585 2465/3494/5584
s 421
f 2467/3489/5579 2468/3492/5582 2712/3637/5753 2713/3638/5754
s 416
f 2473/3497/5587 2474/3500/5590 2452/3476/5561 2447/3475/5560
s 413
f 2678/3639/5755 2679/3640/5756 2485/3511/5603 2486/3514/5606
s 414
f 2482/3509/5601 2477/3508/5600 2834/3641/5757 2835/3642/5758
s 417
f 2491/3517/5611 2492/3520/5614 2500/3528/5625 2495/3527/5624
s 419
f 2790/3643/5759 2791/3644/5760 2506/3535/5633 2501/3534/5632
s 421
f 2503/3529/5627 2504/3532/5630 2714/3645/5761 2715/3646/5762
s 416
f 2509/3537/5635 2510/3540/5638 2488/3516/5609 2483/3515/5608
s 413
f 2672/3647/5763 2673/3648/5764 2521/3551/5651 2522/3554/5654
s 414
f 2518/3549/5649 2513/3548/5648 2828/3649/5765 2829/3650/5766
s 417
f 2527/3557/5659 2528/3560/5662 2536/3568/5673 2531/3567/5672
s 419
f 2796/3651/5767 2797/3652/5768 2542/3575/5681 2537/3574/5680
s 421
f 2539/3569/5675 2540/3572/5678 2708/3653/5769 2709/3654/5770
s 416
f 2545/3577/5683 2546/3580/5686 2524/3556/5657 2519/3555/5656
s 413
f 2670/3655/5771 2671/3656/5772 2557/3591/5699 2558/3594/5702
s 414
f 2554/3589/5697 2549/3588/5696 2826/3657/5773 2827/3658/5774
s 417
f 2563/3597/5707 2564/3600/5710 2572/3608/5721 2567/3607/5720
s 419
f 2798/3659/5775 2799/3660/5776 2578/3615/5729 2573/3614/5728
s 421
f 2575/3609/5723 2576/3612/5726 2706/3661/5777 2707/3662/5778
s 416
f 2581/3617/5731 2582/3620/5734 2560/3596/5705 2555/3595/5704
s 417
f 2495/3527/5624 2585/3663/5779 2590/3664/5780 2491/3517/5611
s 414
f 2835/3642/5758 2836/3665/5781 2593/3666/5782 2482/3509/5601
s 416
f 2483/3515/5608 2594/3667/5783 2599/3668/5784 2509/3537/5635
s 419
f 2501/3534/5632 2600/3669/5785 2789/3670/5786 2790/3643/5759
s 413
f 2485/3511/5603 2679/3640/5756 2680/3671/5787 2596/3672/5788
s 421
f 2715/3646/5762 2716/3673/5789 2602/3674/5790 2503/3529/5627
s 414
f 2829/3650/5766 2830/3625/5741 2405/3428/5504 2518/3549/5649
s 417
f 2531/3567/5672 2428/3448/5529 2420/3440/5518 2527/3557/5659
s 419
f 2537/3574/5680 2434/3455/5537 2795/3628/5744 2796/3651/5767
s 421
f 2709/3654/5770 2710/3629/5745 2432/3452/5534 2539/3569/5675
s 416
f 2519/3555/5656 2416/3436/5513 2438/3460/5542 2545/3577/5683
s 413
f 2521/3551/5651 2673/3648/5764 2674/3623/5739 2414/3434/5510
s 414
f 2831/3626/5742 2832/3633/5749 2441/3468/5552 2410/3429/5505
s 417
f 2423/3447/5528 2464/3488/5577 2456/3480/5566 2419/3437/5515
s 419
f 2429/3454/5536 2470/3495/5585 2793/3636/5752 2794/3627/5743
s 421
f 2711/3630/5746 2712/3637/5753 2468/3492/5582 2431/3449/5531
s 416
f 2411/3435/5512 2452/3476/5561 2474/3500/5590 2437/3457/5539
s 413
f 2413/3431/5507 2675/3624/5740 2676/3631/5747 2450/3474/5558
s 414
f 2833/3634/5750 2834/3641/5757 2477/3508/5600 2446/3469/5553
s 417
f 2459/3487/5576 2500/3528/5625 2492/3520/5614 2455/3477/5563
s 419
f 2465/3494/5584 2506/3535/5633 2791/3644/5760 2792/3635/5751
s 421
f 2713/3638/5754 2714/3645/5761 2504/3532/5630 2467/3489/5579
s 416
f 2447/3475/5560 2488/3516/5609 2510/3540/5638 2473/3497/5587
s 413
f 2449/3471/5555 2677/3632/5748 2678/3639/5755 2486/3514/5606
s 414
f 2827/3658/5774 2828/3649/5765 2513/3548/5648 2554/3589/5697
s 417
f 2567/3607/5720 2536/3568/5673 2528/3560/5662 2563/3597/5707
s 419
f 2573/3614/5728 2542/3575/5681 2797/3652/5768 2798/3659/5775
s 421
f 2707/3662/5778 2708/3653/5769 2540/3572/5678 2575/3609/5723
s 416
f 2555/3595/5704 2524/3556/5657 2546/3580/5686 2581/3617/5731
s 413
f 2557/3591/5699 2671/3656/5772 2672/3647/5763 2522/3554/5654
s 414
f 2825/3675/5791 2826/3657/5773 2549/3588/5696 2606/3676/5792
s 417
f 2611/3677/5793 2572/3608/5721 2564/3600/5710 2603/3678/5794
s 419
f 2614/3679/5795 2578/3615/5729 2799/3660/5776 2800/3680/5796
s 421
f 2705/3681/5797 2706/3661/5777 2576/3612/5726 2612/3682/5798
s 416
f 2620/3683/5799 2560/3596/5705 2582/3620/5734 2615/3684/5800
s 413
f 2669/3685/5801 2670/3655/5771 2558/3594/5702 2618/3686/5802
f 2408/3426/5502 2409/3425/5501 2442/3464/5548 2443/3463/5547
s 414
f 2409/3430/5506 2410/3429/5505 2441/3468/5552 2442/3467/5551
s 416
f 2411/3435/5512 2412/3432/5511 2451/3473/5562 2452/3476/5561
s 413
f 2412/3432/5508 2413/3431/5507 2450/3474/5558 2451/3473/5557
s 414
f 2417/3441/5520 2418/3438/5519 2457/3479/5570 2458/3482/5569
s 417
f 2418/3438/5516 2419/3437/5515 2456/3480/5566 2457/3479/5565
f 2423/3447/5528 2424/3444/5527 2463/3485/5578 2464/3488/5577
s 419
f 2424/3444/5524 2425/3443/5523 2462/3486/5574 2463/3485/5573
f 2429/3454/5536 2430/3453/5535 2469/3496/5586 2470/3495/5585
s 421
f 2430/3450/5532 2431/3449/5531 2468/3492/5582 2469/3491/5581
f 2435/3461/5544 2436/3458/5543 2475/3499/5594 2476/3502/5593
s 416
f 2436/3458/5540 2437/3457/5539 2474/3500/5590 2475/3499/5589
s 413
f 2444/3466/5550 2445/3465/5549 2478/3504/5596 2479/3503/5595
s 414
f 2445/3470/5554 2446/3469/5553 2477/3508/5600 2478/3507/5599
s 413
f 2480/3506/5598 2481/3505/5597 2592/3687/5803 2591/3688/5804
s 414
f 2481/3510/5602 2482/3509/5601 2593/3666/5782 2592/3689/5805
s 416
f 2483/3515/5608 2484/3512/5607 2595/3690/5806 2594/3667/5783
s 413
f 2484/3512/5604 2485/3511/5603 2596/3672/5788 2595/3690/5807
s 416
f 2447/3475/5560 2448/3472/5559 2487/3513/5610 2488/3516/5609
s 413
f 2448/3472/5556 2449/3471/5555 2486/3514/5606 2487/3513/5605
s 414
f 2489/3521/5616 2490/3518/5615 2589/3691/5808 2588/3692/5809
s 417
f 2490/3518/5612 2491/3517/5611 2590/3664/5780 2589/3691/5810
s 414
f 2453/3481/5568 2454/3478/5567 2493/3519/5618 2494/3522/5617
s 417
f 2454/3478/5564 2455/3477/5563 2492/3520/5614 2493/3519/5613
f 2495/3527/5624 2496/3524/5623 2586/3693/5811 2585/3663/5779
s 419
f 2496/3524/5620 2497/3523/5619 2587/3694/5812 2586/3693/5813
s 417
f 2459/3487/5576 2460/3484/5575 2499/3525/5626 2500/3528/5625
s 419
f 2460/3484/5572 2461/3483/5571 2498/3526/5622 2499/3525/5621
f 2501/3534/5632 2502/3533/5631 2601/3695/5814 2600/3669/5785
s 421
f 2502/3530/5628 2503/3529/5627 2602/3674/5790 2601/3696/5815
s 419
f 2465/3494/5584 2466/3493/5583 2505/3536/5634 2506/3535/5633
s 421
f 2466/3490/5580 2467/3489/5579 2504/3532/5630 2505/3531/5629
f 2507/3541/5640 2508/3538/5639 2598/3697/5816 2597/3698/5817
s 416
f 2508/3538/5636 2509/3537/5635 2599/3668/5784 2598/3697/5818
s 421
f 2471/3501/5592 2472/3498/5591 2511/3539/5642 2512/3542/5641
s 416
f 2472/3498/5588 2473/3497/5587 2510/3540/5638 2511/3539/5637
s 414
f 2405/3428/5504 2406/3427/5503 2517/3550/5650 2518/3549/5649
s 413
f 2406/3424/5500 2407/3423/5499 2516/3546/5646 2517/3545/5645
f 2414/3434/5510 2415/3433/5509 2520/3552/5652 2521/3551/5651
s 416
f 2415/3433/5514 2416/3436/5513 2519/3555/5656 2520/3552/5655
s 417
f 2420/3440/5518 2421/3439/5517 2526/3558/5660 2527/3557/5659
s 414
f 2421/3439/5522 2422/3442/5521 2525/3561/5664 2526/3558/5663
s 419
f 2426/3446/5526 2427/3445/5525 2532/3564/5668 2533/3563/5667
s 417
f 2427/3445/5530 2428/3448/5529 2531/3567/5672 2532/3564/5671
s 421
f 2432/3452/5534 2433/3451/5533 2538/3570/5676 2539/3569/5675
s 419
f 2433/3456/5538 2434/3455/5537 2537/3574/5680 2538/3573/5679
s 416
f 2438/3460/5542 2439/3459/5541 2544/3578/5684 2545/3577/5683
s 421
f 2439/3459/5546 2440/3462/5545 2543/3581/5688 2544/3578/5687
s 414
f 2549/3588/5696 2550/3587/5695 2607/3699/5819 2606/3676/5792
s 413
f 2550/3584/5692 2551/3583/5691 2608/3700/5820 2607/3701/5821
s 414
f 2513/3548/5648 2514/3547/5647 2553/3590/5698 2554/3589/5697
s 413
f 2514/3544/5644 2515/3543/5643 2552/3586/5694 2553/3585/5693
f 2522/3554/5654 2523/3553/5653 2556/3592/5700 2557/3591/5699
s 416
f 2523/3553/5658 2524/3556/5657 2555/3595/5704 2556/3592/5703
s 413
f 2558/3594/5702 2559/3593/5701 2619/3702/5822 2618/3686/5802
s 416
f 2559/3593/5706 2560/3596/5705 2620/3683/5799 2619/3702/5823
s 417
f 2528/3560/5662 2529/3559/5661 2562/3598/5708 2563/3597/5707
s 414
f 2529/3559/5666 2530/3562/5665 2561/3601/5712 2562/3598/5711
s 417
f 2564/3600/5710 2565/3599/5709 2604/3703/5824 2603/3678/5794
s 414
f 2565/3599/5714 2566/3602/5713 2605/3704/5825 2604/3703/5826
s 419
f 2534/3566/5670 2535/3565/5669 2568/3604/5716 2569/3603/5715
s 417
f 2535/3565/5674 2536/3568/5673 2567/3607/5720 2568/3604/5719
s 419
f 2570/3606/5718 2571/3605/5717 2610/3705/5827 2609/3706/5828
s 417
f 2571/3605/5722 2572/3608/5721 2611/3677/5793 2610/3705/5829
s 421
f 2540/3572/5678 2541/3571/5677 2574/3610/5724 2575/3609/5723
s 419
f 2541/3576/5682 2542/3575/5681 2573/3614/5728 2574/3613/5727
s 421
f 2576/3612/5726 2577/3611/5725 2613/3707/5830 2612/3682/5798
s 419
f 2577/3616/5730 2578/3615/5729 2614/3679/5795 2613/3708/5831
s 416
f 2546/3580/5686 2547/3579/5685 2580/3618/5732 2581/3617/5731
s 421
f 2547/3579/5690 2548/3582/5689 2579/3621/5736 2580/3618/5735
s 416
f 2582/3620/5734 2583/3619/5733 2616/3709/5832 2615/3684/5800
s 421
f 2583/3619/5738 2584/3622/5737 2617/3710/5833 2616/3709/5834
s 413
f 2633/3711/5835 2634/3712/5836 2622/3713/5837 2621/3714/5838
f 2634/3712/5836 2635/3715/5839 2623/3716/5840 2622/3713/5837
f 2624/3717/5841 2623/3716/5840 2635/3715/5839 2636/3718/5842
f 2636/3718/5842 2637/3719/5843 2625/3720/5844 2624/3717/5841
f 2626/3721/5845 2625/3720/5844 2637/3719/5843 2638/3722/5846
f 2638/3722/5846 2639/3723/5847 2627/3724/5848 2626/3721/5845
f 2628/3725/5849 2627/3724/5848 2639/3723/5847 2640/3726/5850
f 2640/3726/5850 2641/3727/5851 2629/3728/5852 2628/3725/5849
f 2630/3729/5853 2629/3728/5852 2641/3727/5851 2642/3730/5854
f 2642/3730/5854 2643/3731/5855 2631/3732/5856 2630/3729/5853
f 2632/3733/5857 2631/3732/5856 2643/3731/5855 2644/3734/5858
f 2645/3735/5859 2646/3736/5860 2634/3712/5836 2633/3711/5835
f 2646/3736/5860 2647/3737/5861 2635/3715/5839 2634/3712/5836
f 2636/3718/5842 2635/3715/5839 2647/3737/5861 2648/3738/5862
f 2648/3738/5862 2649/3739/5863 2637/3719/5843 2636/3718/5842
f 2638/3722/5846 2637/3719/5843 2649/3739/5863 2650/3740/5864
f 2650/3740/5864 2651/3741/5865 2639/3723/5847 2638/3722/5846
f 2640/3726/5850 2639/3723/5847 2651/3741/5865 2652/3742/5866
f 2652/3742/5866 2653/3743/5867 2641/3727/5851 2640/3726/5850
f 2642/3730/5854 2641/3727/5851 2653/3743/5867 2654/3744/5868
f 2654/3744/5868 2655/3745/5869 2643/3731/5855 2642/3730/5854
f 2644/3734/5858 2643/3731/5855 2655/3745/5869 2656/3746/5870
f 2608/3700/5820 2551/3583/5691 2646/3736/5860 2645/3735/5859
f 2551/3583/5691 2552/3586/5694 2647/3737/5861 2646/3736/5860
f 2648/3738/5862 2647/3737/5861 2552/3586/5694 2515/3543/5643
f 2515/3543/5643 2516/3546/5646 2649/3739/5863 2648/3738/5862
f 2650/3740/5864 2649/3739/5863 2516/3546/5646 2407/3423/5499
f 2407/3423/5499 2408/3426/5502 2651/3741/5865 2650/3740/5864
f 2652/3742/5866 2651/3741/5865 2408/3426/5502 2443/3463/5547
f 2443/3463/5547 2444/3466/5550 2653/3743/5867 2652/3742/5866
f 2654/3744/5868 2653/3743/5867 2444/3466/5550 2479/3503/5595
f 2479/3503/5595 2480/3506/5598 2655/3745/5869 2654/3744/5868
f 2656/3746/5870 2655/3745/5869 2480/3506/5598 2591/3688/5804
f 2621/3714/5838 2622/3713/5837 2658/3747/5871 2657/3748/5872
f 2622/3713/5837 2623/3716/5840 2659/3749/5873 2658/3747/5871
f 2660/3750/5874 2659/3749/5873 2623/3716/5840 2624/3717/5841
f 2624/3717/5841 2625/3720/5844 2661/3751/5875 2660/3750/5874
f 2662/3752/5876 2661/3751/5875 2625/3720/5844 2626/3721/5845
f 2626/3721/5845 2627/3724/5848 2663/3753/5877 2662/3752/5876
f 2664/3754/5878 2663/3753/5877 2627/3724/5848 2628/3725/5849
f 2628/3725/5849 2629/3728/5852 2665/3755/5879 2664/3754/5878
f 2666/3756/5880 2665/3755/5879 2629/3728/5852 2630/3729/5853
f 2630/3729/5853 2631/3732/5856 2667/3757/5881 2666/3756/5880
f 2668/3758/5882 2667/3757/5881 2631/3732/5856 2632/3733/5857
f 2657/3748/5872 2658/3747/5871 2670/3655/5771 2669/3685/5801
f 2658/3747/5871 2659/3749/5873 2671/3656/5772 2670/3655/5771
f 2672/3647/5763 2671/3656/5772 2659/3749/5873 2660/3750/5874
f 2660/3750/5874 2661/3751/5875 2673/3648/5764 2672/3647/5763
f 2674/3623/5739 2673/3648/5764 2661/3751/5875 2662/3752/5876
f 2662/3752/5876 2663/3753/5877 2675/3624/5740 2674/3623/5739
f 2676/3631/5747 2675/3624/5740 2663/3753/5877 2664/3754/5878
f 2664/3754/5878 2665/3755/5879 2677/3632/5748 2676/3631/5747
f 2678/3639/5755 2677/3632/5748 2665/3755/5879 2666/3756/5880
f 2666/3756/5880 2667/3757/5881 2679/3640/5756 2678/3639/5755
f 2680/3671/5787 2679/3640/5756 2667/3757/5881 2668/3758/5882
s 421
f 2717/3759/5883 2718/3760/5884 2682/3761/5885 2681/3762/5886
f 2683/3763/5887 2682/3761/5885 2718/3760/5884 2719/3764/5888
f 2719/3764/5888 2720/3765/5889 2684/3766/5890 2683/3763/5887
f 2685/3767/5891 2684/3766/5890 2720/3765/5889 2721/3768/5892
f 2721/3768/5892 2722/3769/5893 2686/3770/5894 2685/3767/5891
f 2687/3771/5895 2686/3770/5894 2722/3769/5893 2723/3772/5896
f 2723/3772/5896 2724/3773/5897 2688/3774/5898 2687/3771/5895
f 2689/3775/5899 2688/3774/5898 2724/3773/5897 2725/3776/5900
f 2725/3776/5900 2726/3777/5901 2690/3778/5902 2689/3775/5899
f 2691/3779/5903 2690/3778/5902 2726/3777/5901 2727/3780/5904
f 2727/3780/5904 2728/3781/5905 2692/3782/5906 2691/3779/5903
f 2681/3762/5886 2682/3761/5885 2694/3783/5907 2693/3784/5908
f 2695/3785/5909 2694/3783/5907 2682/3761/5885 2683/3763/5887
f 2683/3763/5887 2684/3766/5890 2696/3786/5910 2695/3785/5909
f 2697/3787/5911 2696/3786/5910 2684/3766/5890 2685/3767/5891
f 2685/3767/5891 2686/3770/5894 2698/3788/5912 2697/3787/5911
f 2699/3789/5913 2698/3788/5912 2686/3770/5894 2687/3771/5895
f 2687/3771/5895 2688/3774/5898 2700/3790/5914 2699/3789/5913
f 2701/3791/5915 2700/3790/5914 2688/3774/5898 2689/3775/5899
f 2689/3775/5899 2690/3778/5902 2702/3792/5916 2701/3791/5915
f 2703/3793/5917 2702/3792/5916 2690/3778/5902 2691/3779/5903
f 2691/3779/5903 2692/3782/5906 2704/3794/5918 2703/3793/5917
f 2693/3784/5908 2694/3783/5907 2706/3661/5777 2705/3681/5797
f 2707/3662/5778 2706/3661/5777 2694/3783/5907 2695/3785/5909
f 2695/3785/5909 2696/3786/5910 2708/3653/5769 2707/3662/5778
f 2709/3654/5770 2708/3653/5769 2696/3786/5910 2697/3787/5911
f 2697/3787/5911 2698/3788/5912 2710/3629/5745 2709/3654/5770
f 2711/3630/5746 2710/3629/5745 2698/3788/5912 2699/3789/5913
f 2699/3789/5913 2700/3790/5914 2712/3637/5753 2711/3630/5746
f 2713/3638/5754 2712/3637/5753 2700/3790/5914 2701/3791/5915
f 2701/3791/5915 2702/3792/5916 2714/3645/5761 2713/3638/5754
f 2715/3646/5762 2714/3645/5761 2702/3792/5916 2703/3793/5917
f 2703/3793/5917 2704/3794/5918 2716/3673/5789 2715/3646/5762
f 2729/3795/5919 2730/3796/5920 2718/3760/5884 2717/3759/5883
f 2719/3764/5888 2718/3760/5884 2730/3796/5920 2731/3797/5921
f 2731/3797/5921 2732/3798/5922 2720/3765/5889 2719/3764/5888
f 2721/3768/5892 2720/3765/5889 2732/3798/5922 2733/3799/5923
f 2733/3799/5923 2734/3800/5924 2722/3769/5893 2721/3768/5892
f 2723/3772/5896 2722/3769/5893 2734/3800/5924 2735/3801/5925
f 2735/3801/5925 2736/3802/5926 2724/3773/5897 2723/3772/5896
f 2725/3776/5900 2724/3773/5897 2736/3802/5926 2737/3803/5927
f 2737/3803/5927 2738/3804/5928 2726/3777/5901 2725/3776/5900
f 2727/3780/5904 2726/3777/5901 2738/3804/5928 2739/3805/5929
f 2739/3805/5929 2740/3806/5930 2728/3781/5905 2727/3780/5904
f 2617/3710/5833 2584/3622/5737 2730/3796/5920 2729/3795/5919
f 2731/3797/5921 2730/3796/5920 2584/3622/5737 2579/3621/5736
f 2579/3621/5736 2548/3582/5689 2732/3798/5922 2731/3797/5921
f 2733/3799/5923 2732/3798/5922 2548/3582/5689 2543/3581/5688
f 2543/3581/5688 2440/3462/5545 2734/3800/5924 2733/3799/5923
f 2735/3801/5925 2734/3800/5924 2440/3462/5545 2435/3461/5544
f 2435/3461/5544 2476/3502/5593 2736/3802/5926 2735/3801/5925
f 2737/3803/5927 2736/3802/5926 2476/3502/5593 2471/3501/5592
f 2471/3501/5592 2512/3542/5641 2738/3804/5928 2737/3803/5927
f 2739/3805/5929 2738/3804/5928 2512/3542/5641 2507/3541/5640
f 2507/3541/5640 2597/3698/5817 2740/3806/5930 2739/3805/5929
s 419
f 2742/3807/5931 2741/3808/5932 2753/3809/5933 2754/3810/5934
f 2754/3810/5934 2755/3811/5935 2743/3812/5936 2742/3807/5931
f 2744/3813/5937 2743/3812/5936 2755/3811/5935 2756/3814/5938
f 2756/3814/5938 2757/3815/5939 2745/3816/5940 2744/3813/5937
f 2746/3817/5941 2745/3816/5940 2757/3815/5939 2758/3818/5942
f 2758/3818/5942 2759/3819/5943 2747/3820/5944 2746/3817/5941
f 2748/3821/5945 2747/3820/5944 2759/3819/5943 2760/3822/5946
f 2760/3822/5946 2761/3823/5947 2749/3824/5948 2748/3821/5945
f 2750/3825/5949 2749/3824/5948 2761/3823/5947 2762/3826/5950
f 2762/3826/5950 2763/3827/5951 2751/3828/5952 2750/3825/5949
f 2752/3829/5953 2751/3828/5952 2763/3827/5951 2764/3830/5954
f 2754/3810/5934 2753/3809/5933 2765/3831/5955 2766/3832/5956
f 2766/3832/5956 2767/3833/5957 2755/3811/5935 2754/3810/5934
f 2756/3814/5938 2755/3811/5935 2767/3833/5957 2768/3834/5958
f 2768/3834/5958 2769/3835/5959 2757/3815/5939 2756/3814/5938
f 2758/3818/5942 2757/3815/5939 2769/3835/5959 2770/3836/5960
f 2770/3836/5960 2771/3837/5961 2759/3819/5943 2758/3818/5942
f 2760/3822/5946 2759/3819/5943 2771/3837/5961 2772/3838/5962
f 2772/3838/5962 2773/3839/5963 2761/3823/5947 2760/3822/5946
f 2762/3826/5950 2761/3823/5947 2773/3839/5963 2774/3840/5964
f 2774/3840/5964 2775/3841/5965 2763/3827/5951 2762/3826/5950
f 2764/3830/5954 2763/3827/5951 2775/3841/5965 2776/3842/5966
f 2766/3832/5956 2765/3831/5955 2587/3694/5812 2497/3523/5619
f 2497/3523/5619 2498/3526/5622 2767/3833/5957 2766/3832/5956
f 2768/3834/5958 2767/3833/5957 2498/3526/5622 2461/3483/5571
f 2461/3483/5571 2462/3486/5574 2769/3835/5959 2768/3834/5958
f 2770/3836/5960 2769/3835/5959 2462/3486/5574 2425/3443/5523
f 2425/3443/5523 2426/3446/5526 2771/3837/5961 2770/3836/5960
f 2772/3838/5962 2771/3837/5961 2426/3446/5526 2533/3563/5667
f 2533/3563/5667 2534/3566/5670 2773/3839/5963 2772/3838/5962
f 2774/3840/5964 2773/3839/5963 2534/3566/5670 2569/3603/5715
f 2569/3603/5715 2570/3606/5718 2775/3841/5965 2774/3840/5964
f 2776/3842/5966 2775/3841/5965 2570/3606/5718 2609/3706/5828
f 2778/3843/5967 2777/3844/5968 2741/3808/5932 2742/3807/5931
f 2742/3807/5931 2743/3812/5936 2779/3845/5969 2778/3843/5967
f 2780/3846/5970 2779/3845/5969 2743/3812/5936 2744/3813/5937
f 2744/3813/5937 2745/3816/5940 2781/3847/5971 2780/3846/5970
f 2782/3848/5972 2781/3847/5971 2745/3816/5940 2746/3817/5941
f 2746/3817/5941 2747/3820/5944 2783/3849/5973 2782/3848/5972
f 2784/3850/5974 2783/3849/5973 2747/3820/5944 2748/3821/5945
f 2748/3821/5945 2749/3824/5948 2785/3851/5975 2784/3850/5974
f 2786/3852/5976 2785/3851/5975 2749/3824/5948 2750/3825/5949
f 2750/3825/5949 2751/3828/5952 2787/3853/5977 2786/3852/5976
f 2788/3854/5978 2787/3853/5977 2751/3828/5952 2752/3829/5953
f 2790/3643/5759 2789/3670/5786 2777/3844/5968 2778/3843/5967
f 2778/3843/5967 2779/3845/5969 2791/3644/5760 2790/3643/5759
f 2792/3635/5751 2791/3644/5760 2779/3845/5969 2780/3846/5970
f 2780/3846/5970 2781/3847/5971 2793/3636/5752 2792/3635/5751
f 2794/3627/5743 2793/3636/5752 2781/3847/5971 2782/3848/5972
f 2782/3848/5972 2783/3849/5973 2795/3628/5744 2794/3627/5743
f 2796/3651/5767 2795/3628/5744 2783/3849/5973 2784/3850/5974
f 2784/3850/5974 2785/3851/5975 2797/3652/5768 2796/3651/5767
f 2798/3659/5775 2797/3652/5768 2785/3851/5975 2786/3852/5976
f 2786/3852/5976 2787/3853/5977 2799/3660/5776 2798/3659/5775
f 2800/3680/5796 2799/3660/5776 2787/3853/5977 2788/3854/5978
s 414
f 2837/3855/5979 2838/3856/5980 2802/3857/5981 2801/3858/5982
f 2803/3859/5983 2802/3857/5981 2838/3856/5980 2839/3860/5984
f 2839/3860/5984 2840/3861/5985 2804/3862/5986 2803/3859/5983
f 2805/3863/5987 2804/3862/5986 2840/3861/5985 2841/3864/5988
f 2841/3864/5988 2842/3865/5989 2806/3866/5990 2805/3863/5987
f 2807/3867/5991 2806/3866/5990 2842/3865/5989 2843/3868/5992
f 2843/3868/5992 2844/3869/5993 2808/3870/5994 2807/3867/5991
f 2809/3871/5995 2808/3870/5994 2844/3869/5993 2845/3872/5996
f 2845/3872/5996 2846/3873/5997 2810/3874/5998 2809/3871/5995
f 2811/3875/5999 2810/3874/5998 2846/3873/5997 2847/3876/6000
f 2847/3876/6000 2848/3877/6001 2812/3878/6002 2811/3875/5999
f 2801/3858/5982 2802/3857/5981 2814/3879/6003 2813/3880/6004
f 2815/3881/6005 2814/3879/6003 2802/3857/5981 2803/3859/5983
f 2803/3859/5983 2804/3862/5986 2816/3882/6006 2815/3881/6005
f 2817/3883/6007 2816/3882/6006 2804/3862/5986 2805/3863/5987
f 2805/3863/5987 2806/3866/5990 2818/3884/6008 2817/3883/6007
f 2819/3885/6009 2818/3884/6008 2806/3866/5990 2807/3867/5991
f 2807/3867/5991 2808/3870/5994 2820/3886/6010 2819/3885/6009
f 2821/3887/6011 2820/3886/6010 2808/3870/5994 2809/3871/5995
f 2809/3871/5995 2810/3874/5998 2822/3888/6012 2821/3887/6011
f 2823/3889/6013 2822/3888/6012 2810/3874/5998 2811/3875/5999
f 2811/3875/5999 2812/3878/6002 2824/3890/6014 2823/3889/6013
f 2813/3880/6004 2814/3879/6003 2826/3657/5773 2825/3675/5791
f 2827/3658/5774 2826/3657/5773 2814/3879/6003 2815/3881/6005
f 2815/3881/6005 2816/3882/6006 2828/3649/5765 2827/3658/5774
f 2829/3650/5766 2828/3649/5765 2816/3882/6006 2817/3883/6007
f 2817/3883/6007 2818/3884/6008 2830/3625/5741 2829/3650/5766
f 2831/3626/5742 2830/3625/5741 2818/3884/6008 2819/3885/6009
f 2819/3885/6009 2820/3886/6010 2832/3633/5749 2831/3626/5742
f 2833/3634/5750 2832/3633/5749 2820/3886/6010 2821/3887/6011
f 2821/3887/6011 2822/3888/6012 2834/3641/5757 2833/3634/5750
f 2835/3642/5758 2834/3641/5757 2822/3888/6012 2823/3889/6013
f 2823/3889/6013 2824/3890/6014 2836/3665/5781 2835/3642/5758
f 2849/3891/6015 2850/3892/6016 2838/3856/5980 2837/3855/5979
f 2839/3860/5984 2838/3856/5980 2850/3892/6016 2851/3893/6017
f 2851/3893/6017 2852/3894/6018 2840/3861/5985 2839/3860/5984
f 2841/3864/5988 2840/3861/5985 2852/3894/6018 2853/3895/6019
f 2853/3895/6019 2854/3896/6020 2842/3865/5989 2841/3864/5988
f 2843/3868/5992 2842/3865/5989 2854/3896/6020 2855/3897/6021
f 2855/3897/6021 2856/3898/6022 2844/3869/5993 2843/3868/5992
f 2845/3872/5996 2844/3869/5993 2856/3898/6022 2857/3899/6023
f 2857/3899/6023 2858/3900/6024 2846/3873/5997 2845/3872/5996
f 2847/3876/6000 2846/3873/5997 2858/3900/6024 2859/3901/6025
f 2859/3901/6025 2860/3902/6026 2848/3877/6001 2847/3876/6000
f 2605/3704/5825 2566/3602/5713 2850/3892/6016 2849/3891/6015
f 2851/3893/6017 2850/3892/6016 2566/3602/5713 2561/3601/5712
f 2561/3601/5712 2530/3562/5665 2852/3894/6018 2851/3893/6017
f 2853/3895/6019 2852/3894/6018 2530/3562/5665 2525/3561/5664
f 2525/3561/5664 2422/3442/5521 2854/3896/6020 2853/3895/6019
f 2855/3897/6021 2854/3896/6020 2422/3442/5521 2417/3441/5520
f 2417/3441/5520 2458/3482/5569 2856/3898/6022 2855/3897/6021
f 2857/3899/6023 2856/3898/6022 2458/3482/5569 2453/3481/5568
f 2453/3481/5568 2494/3522/5617 2858/3900/6024 2857/3899/6023
f 2859/3901/6025 2858/3900/6024 2494/3522/5617 2489/3521/5616
f 2489/3521/5616 2588/3692/5809 2860/3902/6026 2859/3901/6025
s 453
f 2864/3903/6027 2863/3904/6028 2871/3905/6029 2870/3906/6030
s 454
f 2863/3907/6031 2862/3908/6032 2872/3909/6033 2871/3910/6034
s 455
f 2866/3911/6035 2865/3912/6036 2875/3913/6037 2874/3914/6038
s 453
f 2865/3912/6039 2864/3903/6027 2876/3915/6040 2875/3913/6041
f 2870/3906/6030 2869/3916/6042 2883/3917/6043 2882/3918/6044
s 456
f 2869/3919/6045 2868/3920/6046 2884/3921/6047 2883/3922/6048
s 457
f 2878/3923/6049 2877/3924/6050 2881/3925/6051 2880/3926/6052
s 453
f 2877/3927/6053 2876/3915/6040 2882/3918/6044 2881/3928/6054
s 458
f 2888/3929/6055 2887/3930/6056 2895/3931/6057 2894/3932/6058
s 459
f 2887/3933/6059 2886/3934/6060 2896/3935/6061 2895/3936/6062
s 455
f 2890/3937/6063 2889/3938/6064 2899/3939/6065 2898/3940/6066
s 458
f 2889/3938/6067 2888/3929/6055 2900/3941/6068 2899/3939/6069
f 2894/3932/6058 2893/3942/6070 2907/3943/6071 2906/3944/6072
s 456
f 2893/3945/6073 2892/3946/6074 2908/3947/6075 2907/3948/6076
s 454
f 2902/3949/6077 2901/3950/6078 2905/3951/6079 2904/3952/6080
s 458
f 2901/3953/6081 2900/3941/6068 2906/3944/6072 2905/3954/6082
s 456
f 2911/3955/6083 2910/3956/6084 2913/3957/6085 2912/3958/6086
s 457
f 2910/3956/6087 2909/3959/6088 2914/3960/6089 2913/3957/6090
f 2920/3961/6091 2919/3962/6092 2922/3963/6093 2921/3964/6094
s 455
f 2919/3962/6095 2918/3965/6096 2923/3966/6097 2922/3963/6098
s 454
f 2929/3967/6099 2928/3968/6100 2934/3969/6101 2933/3970/6102
s 455
f 2928/3968/6103 2927/3971/6104 2935/3972/6105 2934/3969/6106
s 456
f 2941/3973/6107 2940/3974/6108 2943/3975/6109 2942/3976/6110
s 454
f 2940/3977/6111 2939/3978/6112 2944/3979/6113 2943/3980/6114
s 457
f 2947/3981/6115 2946/3982/6116 2949/3983/6117 2948/3984/6118
s 456
f 2946/3982/6119 2945/3985/6120 2950/3986/6121 2949/3983/6122
s 455
f 2953/3987/6123 2952/3988/6124 2955/3989/6125 2954/3990/6126
s 457
f 2952/3988/6127 2951/3991/6128 2956/3992/6129 2955/3989/6130
s 456
f 2959/3993/6131 2958/3994/6132 2961/3995/6133 2960/3996/6134
s 454
f 2958/3997/6135 2957/3998/6136 2962/3999/6137 2961/4000/6138
f 2965/4001/6139 2964/4002/6140 2967/4003/6141 2966/4004/6142
s 455
f 2964/4002/6143 2963/4005/6144 2968/4006/6145 2967/4003/6146
s 456
f 2971/4007/6147 2970/4008/6148 2973/4009/6149 2972/4010/6150
s 457
f 2970/4008/6151 2969/4011/6152 2974/4012/6153 2973/4009/6154
s 456
f 2977/4013/6155 2976/4014/6156 2979/4015/6157 2978/4016/6158
s 454
f 2976/4017/6159 2975/4018/6160 2980/4019/6161 2979/4020/6162
s 455
f 2983/4021/6163 2982/4022/6164 2985/4023/6165 2984/4024/6166
s 457
f 2982/4022/6167 2981/4025/6168 2986/4026/6169 2985/4023/6170
s 454
f 2989/4027/6171 2988/4028/6172 2991/4029/6173 2990/4030/6174
s 455
f 2988/4028/6175 2987/4031/6176 2992/4032/6177 2991/4029/6178
s 456
f 2995/4033/6179 2994/4034/6180 2997/4035/6181 2996/4036/6182
s 459
f 2994/4034/6183 2993/4037/6184 2998/4038/6185 2997/4035/6186
s 456
f 3001/4039/6187 3000/4040/6188 3003/4041/6189 3002/4042/6190
s 454
f 3000/4043/6191 2999/4044/6192 3004/4045/6193 3003/4046/6194
s 459
f 3007/4047/6195 3006/4048/6196 3009/4049/6197 3008/4050/6198
s 455
f 3006/4048/6199 3005/4051/6200 3010/4052/6201 3009/4049/6202
s 454
f 3013/4053/6203 3012/4054/6204 3015/4055/6205 3014/4056/6206
s 455
f 3012/4054/6207 3011/4057/6208 3016/4058/6209 3015/4055/6210
s 456
f 3019/4059/6211 3018/4060/6212 3021/4061/6213 3020/4062/6214
s 459
f 3018/4060/6215 3017/4063/6216 3022/4064/6217 3021/4061/6218
s 454
f 3025/4065/6219 3024/4066/6220 3027/4067/6221 3026/4068/6222
s 456
f 3024/4069/6223 3023/4070/6224 3028/4071/6225 3027/4072/6226
s 459
f 3031/4073/6227 3030/4074/6228 3033/4075/6229 3032/4076/6230
s 455
f 3030/4074/6231 3029/4077/6232 3034/4078/6233 3033/4075/6234
f 3037/4079/6235 3036/4080/6236 3039/4081/6237 3038/4082/6238
s 454
f 3036/4080/6239 3035/4083/6240 3040/4084/6241 3039/4081/6242
s 453
f 2864/3903/6027 2870/3906/6030 2882/3918/6044 2876/3915/6040
s 458
f 2888/3929/6055 2894/3932/6058 2906/3944/6072 2900/3941/6068
s 455
f 2923/3966/6097 2918/3965/6096 2927/4085/6104 2924/4086/6243
f 2918/4087/6096 2930/4088/6244 2935/3972/6105 2927/3971/6104
s 457
f 2914/3960/6089 2909/3959/6088 2920/3961/6091 2921/3964/6094
s 459
f 2909/4089/6245 2915/4090/6246 2932/4091/6247 2920/4092/6248
s 454
f 2926/4093/6249 2929/4094/6099 2939/4095/6250 2936/4096/6251
f 2929/3967/6099 2933/3970/6102 2944/3979/6113 2939/3978/6112
s 456
f 2917/4097/6252 2911/4098/6083 2941/3973/6107 2942/3976/6110
f 2911/3955/6083 2912/3958/6086 2938/4099/6253 2941/4100/6107
s 457
f 2947/3981/6115 2948/3984/6118 2956/3992/6129 2951/3991/6128
s 456
f 2950/3986/6121 2945/3985/6120 2959/3993/6131 2960/3996/6134
s 455
f 2953/3987/6123 2954/3990/6126 2968/4006/6145 2963/4005/6144
s 454
f 2965/4001/6139 2966/4004/6142 2962/3999/6137 2957/3998/6136
s 456
f 2971/4007/6147 2972/4010/6150 2977/4013/6155 2978/4016/6158
s 457
f 2974/4012/6153 2969/4011/6152 2986/4026/6169 2981/4025/6168
s 455
f 2983/4021/6163 2984/4024/6166 2992/4032/6177 2987/4031/6176
s 454
f 2989/4027/6171 2990/4030/6174 2980/4019/6161 2975/4018/6160
s 456
f 2995/4033/6179 2996/4036/6182 3001/4039/6187 3002/4042/6190
s 459
f 2998/4038/6185 2993/4037/6184 3007/4047/6195 3008/4050/6198
s 455
f 3010/4052/6201 3005/4051/6200 3016/4058/6209 3011/4057/6208
s 454
f 3013/4053/6203 3014/4056/6206 3004/4045/6193 2999/4044/6192
s 456
f 3019/4059/6211 3020/4062/6214 3028/4071/6225 3023/4070/6224
s 459
f 3022/4064/6217 3017/4063/6216 3031/4073/6227 3032/4076/6230
s 455
f 3034/4078/6233 3029/4077/6232 3037/4079/6235 3038/4082/6238
s 454
f 3040/4084/6241 3035/4083/6240 3025/4065/6219 3026/4068/6222
s 457
f 2878/3923/6049 2880/3926/6052 2974/4012/6153 2981/4025/6168
s 454
f 2989/4027/6171 2975/4018/6160 2872/3909/6033 2862/3908/6032
s 456
f 2868/3920/6046 2977/4013/6155 2972/4010/6150 2884/3921/6047
s 455
f 2987/4031/6176 2866/3911/6035 2874/3914/6038 2983/4021/6163
s 457
f 2986/4026/6169 2969/4011/6152 2947/3981/6115 2951/3991/6128
s 455
f 2963/4005/6144 2992/4032/6177 2984/4024/6166 2953/3987/6123
s 454
f 2965/4001/6139 2957/3998/6136 2980/4019/6161 2990/4030/6174
s 456
f 2971/4007/6147 2978/4016/6158 2959/3993/6131 2945/3985/6120
s 459
f 3007/4047/6195 2993/4037/6184 2896/3935/6061 2886/3934/6060
s 455
f 2898/3940/6066 3016/4058/6209 3005/4051/6200 2890/3937/6063
s 454
f 2902/3949/6077 2904/3952/6080 3004/4045/6193 3014/4056/6206
s 456
f 2995/4033/6179 3002/4042/6190 2908/3947/6075 2892/3946/6074
s 459
f 3031/4073/6227 3017/4063/6216 2998/4038/6185 3008/4050/6198
s 455
f 3011/4057/6208 3037/4079/6235 3029/4077/6232 3010/4052/6201
s 454
f 3013/4053/6203 2999/4044/6192 3025/4065/6219 3035/4083/6240
s 456
f 3019/4059/6211 3023/4070/6224 3001/4039/6187 2996/4036/6182
s 459
f 2932/4091/6247 2915/4090/6246 3022/4064/6217 3032/4076/6230
s 455
f 3038/4082/6238 2935/3972/6105 2930/4088/6244 3034/4078/6233
s 454
f 3040/4084/6241 3026/4068/6222 2944/3979/6113 2933/3970/6102
s 456
f 2917/4097/6252 2942/3976/6110 3028/4071/6225 3020/4062/6214
s 457
f 2956/3992/6129 2948/3984/6118 2914/3960/6089 2921/3964/6094
s 455
f 2924/4086/6243 2968/4006/6145 2954/3990/6126 2923/3966/6097
s 454
f 2926/4093/6249 2936/4096/6251 2962/3999/6137 2966/4004/6142
s 456
f 2950/3986/6121 2960/3996/6134 2938/4099/6253 2912/3958/6086
s 459
f 2909/4089/6245 2910/4101/6254 2916/4102/6255 2915/4090/6246
s 456
f 2910/4101/6084 2911/4098/6083 2917/4097/6252 2916/4102/6256
s 455
f 2918/4087/6096 2919/4103/6095 2931/4104/6257 2930/4088/6244
s 459
f 2919/4103/6258 2920/4092/6248 2932/4091/6247 2931/4104/6259
s 454
f 2926/4093/6249 2925/4105/6260 2928/4106/6100 2929/4094/6099
s 455
f 2925/4105/6261 2924/4086/6243 2927/4085/6104 2928/4106/6103
s 456
f 2938/4099/6253 2937/4107/6262 2940/4108/6108 2941/4100/6107
s 454
f 2937/4109/6263 2936/4096/6251 2939/4095/6250 2940/4110/6264
s 456
f 2912/3958/6086 2913/3957/6085 2949/3983/6122 2950/3986/6121
s 457
f 2913/3957/6090 2914/3960/6089 2948/3984/6118 2949/3983/6117
f 2921/3964/6094 2922/3963/6093 2955/3989/6130 2956/3992/6129
s 455
f 2922/3963/6098 2923/3966/6097 2954/3990/6126 2955/3989/6125
s 454
f 2936/4096/6251 2937/4109/6263 2961/4000/6138 2962/3999/6137
s 456
f 2937/4107/6262 2938/4099/6253 2960/3996/6134 2961/3995/6133
s 455
f 2924/4086/6243 2925/4105/6261 2967/4003/6146 2968/4006/6145
s 454
f 2925/4105/6260 2926/4093/6249 2966/4004/6142 2967/4003/6141
s 456
f 2945/3985/6120 2946/3982/6119 2970/4008/6148 2971/4007/6147
s 457
f 2946/3982/6116 2947/3981/6115 2969/4011/6152 2970/4008/6151
f 2880/3926/6052 2879/4111/6265 2973/4009/6154 2974/4012/6153
s 456
f 2879/4111/6266 2884/3921/6047 2972/4010/6150 2973/4009/6149
f 2868/3920/6046 2867/4112/6267 2976/4014/6156 2977/4013/6155
s 454
f 2867/4113/6268 2872/3909/6033 2975/4018/6160 2976/4017/6159
f 2957/3998/6136 2958/3997/6135 2979/4020/6162 2980/4019/6161
s 456
f 2958/3994/6132 2959/3993/6131 2978/4016/6158 2979/4015/6157
s 455
f 2874/3914/6038 2873/4114/6269 2982/4022/6164 2983/4021/6163
s 457
f 2873/4114/6270 2878/3923/6049 2981/4025/6168 2982/4022/6167
f 2951/3991/6128 2952/3988/6127 2985/4023/6170 2986/4026/6169
s 455
f 2952/3988/6124 2953/3987/6123 2984/4024/6166 2985/4023/6165
s 454
f 2862/3908/6032 2861/4115/6271 2988/4028/6172 2989/4027/6171
s 455
f 2861/4115/6272 2866/3911/6035 2987/4031/6176 2988/4028/6175
f 2963/4005/6144 2964/4002/6143 2991/4029/6178 2992/4032/6177
s 454
f 2964/4002/6140 2965/4001/6139 2990/4030/6174 2991/4029/6173
s 456
f 2892/3946/6074 2891/4116/6273 2994/4034/6180 2995/4033/6179
s 459
f 2891/4116/6274 2896/3935/6061 2993/4037/6184 2994/4034/6183
s 454
f 2904/3952/6080 2903/4117/6275 3003/4046/6194 3004/4045/6193
s 456
f 2903/4118/6276 2908/3947/6075 3002/4042/6190 3003/4041/6189
s 459
f 2886/3934/6060 2885/4119/6277 3006/4048/6196 3007/4047/6195
s 455
f 2885/4119/6278 2890/3937/6063 3005/4051/6200 3006/4048/6199
f 2898/3940/6066 2897/4120/6279 3015/4055/6210 3016/4058/6209
s 454
f 2897/4120/6280 2902/3949/6077 3014/4056/6206 3015/4055/6205
s 456
f 2996/4036/6182 2997/4035/6181 3018/4060/6212 3019/4059/6211
s 459
f 2997/4035/6186 2998/4038/6185 3017/4063/6216 3018/4060/6215
f 2915/4090/6246 2916/4102/6255 3021/4061/6218 3022/4064/6217
s 456
f 2916/4102/6256 2917/4097/6252 3020/4062/6214 3021/4061/6213
s 454
f 2999/4044/6192 3000/4043/6191 3024/4066/6220 3025/4065/6219
s 456
f 3000/4040/6188 3001/4039/6187 3023/4070/6224 3024/4069/6223
f 2942/3976/6110 2943/3975/6109 3027/4072/6226 3028/4071/6225
s 454
f 2943/3980/6114 2944/3979/6113 3026/4068/6222 3027/4067/6221
s 459
f 3008/4050/6198 3009/4049/6197 3030/4074/6228 3031/4073/6227
s 455
f 3009/4049/6202 3010/4052/6201 3029/4077/6232 3030/4074/6231
f 2930/4088/6244 2931/4104/6257 3033/4075/6234 3034/4078/6233
s 459
f 2931/4104/6259 2932/4091/6247 3032/4076/6230 3033/4075/6229
s 455
f 3011/4057/6208 3012/4054/6207 3036/4080/6236 3037/4079/6235
s 454
f 3012/4054/6204 3013/4053/6203 3035/4083/6240 3036/4080/6239
f 2933/3970/6102 2934/3969/6101 3039/4081/6242 3040/4084/6241
s 455
f 2934/3969/6106 2935/3972/6105 3038/4082/6238 3039/4081/6237
f 2865/3912/6036 2866/3911/6035 2861/4115/6272 3041/4121/6281
s 454
f 2861/4115/6271 2862/3908/6032 2863/3907/6031 3041/4121/6282
s 453
f 2863/3904/6028 2864/3903/6027 2865/3912/6039 3041/4121/6283
s 454
f 2871/3910/6034 2872/3909/6033 2867/4113/6268 3042/4122/6284
s 456
f 2867/4112/6267 2868/3920/6046 2869/3919/6045 3042/4123/6285
s 453
f 2869/3916/6042 2870/3906/6030 2871/3905/6029 3042/4124/6286
s 457
f 2877/3924/6050 2878/3923/6049 2873/4114/6270 3043/4125/6287
s 455
f 2873/4114/6269 2874/3914/6038 2875/3913/6037 3043/4125/6288
s 453
f 2875/3913/6041 2876/3915/6040 2877/3927/6053 3043/4125/6289
s 456
f 2883/3922/6048 2884/3921/6047 2879/4111/6266 3044/4126/6290
s 457
f 2879/4111/6265 2880/3926/6052 2881/3925/6051 3044/4126/6291
s 453
f 2881/3928/6054 2882/3918/6044 2883/3917/6043 3044/4127/6292
s 455
f 2889/3938/6064 2890/3937/6063 2885/4119/6278 3045/4128/6293
s 459
f 2885/4119/6277 2886/3934/6060 2887/3933/6059 3045/4128/6294
s 458
f 2887/3930/6056 2888/3929/6055 2889/3938/6067 3045/4128/6295
s 459
f 2895/3936/6062 2896/3935/6061 2891/4116/6274 3046/4129/6296
s 456
f 2891/4116/6273 2892/3946/6074 2893/3945/6073 3046/4129/6297
s 458
f 2893/3942/6070 2894/3932/6058 2895/3931/6057 3046/4130/6298
s 454
f 2901/3950/6078 2902/3949/6077 2897/4120/6280 3047/4131/6299
s 455
f 2897/4120/6279 2898/3940/6066 2899/3939/6065 3047/4131/6300
s 458
f 2899/3939/6069 2900/3941/6068 2901/3953/6081 3047/4131/6301
s 456
f 2907/3948/6076 2908/3947/6075 2903/4118/6276 3048/4132/6302
s 454
f 2903/4117/6275 2904/3952/6080 2905/3951/6079 3048/4133/6303
s 458
f 2905/3954/6082 2906/3944/6072 2907/3943/6071 3048/4134/6304
s 493
f 3052/4135/6305 3051/4136/6306 3059/4137/6307 3058/4138/6308
s 494
f 3051/4139/6309 3050/4140/6310 3060/4141/6311 3059/4142/6312
s 495
f 3054/4143/6313 3053/4144/6314 3063/4145/6315 3062/4146/6316
s 493
f 3053/4144/6317 3052/4135/6305 3064/4147/6318 3063/4145/6319
f 3058/4138/6308 3057/4148/6320 3071/4149/6321 3070/4150/6322
s 496
f 3057/4151/6323 3056/4152/6324 3072/4153/6325 3071/4154/6326
s 497
f 3066/4155/6327 3065/4156/6328 3069/4157/6329 3068/4158/6330
s 493
f 3065/4159/6331 3064/4147/6318 3070/4150/6322 3069/4160/6332
s 498
f 3076/4161/6333 3075/4162/6334 3083/4163/6335 3082/4164/6336
s 499
f 3075/4165/6337 3074/4166/6338 3084/4167/6339 3083/4168/6340
s 495
f 3078/4169/6341 3077/4170/6342 3087/4171/6343 3086/4172/6344
s 498
f 3077/4170/6345 3076/4161/6333 3088/4173/6346 3087/4171/6347
f 3082/4164/6336 3081/4174/6348 3095/4175/6349 3094/4176/6350
s 496
f 3081/4177/6351 3080/4178/6352 3096/4179/6353 3095/4180/6354
s 494
f 3090/4181/6355 3089/4182/6356 3093/4183/6357 3092/4184/6358
s 498
f 3089/4185/6359 3088/4173/6346 3094/4176/6350 3093/4186/6360
s 497
f 3099/4187/6361 3098/4188/6362 3101/4189/6363 3100/4190/6364
s 495
f 3098/4188/6365 3097/4191/6366 3102/4192/6367 3101/4189/6368
s 496
f 3105/4193/6369 3104/4194/6370 3107/4195/6371 3106/4196/6372
s 497
f 3104/4194/6373 3103/4197/6374 3108/4198/6375 3107/4195/6376
s 494
f 3111/4199/6377 3110/4200/6378 3113/4201/6379 3112/4202/6380
s 495
f 3110/4200/6381 3109/4203/6382 3114/4204/6383 3113/4201/6384
s 496
f 3117/4205/6385 3116/4206/6386 3119/4207/6387 3118/4208/6388
s 494
f 3116/4209/6389 3115/4210/6390 3120/4211/6391 3119/4212/6392
s 497
f 3123/4213/6393 3122/4214/6394 3125/4215/6395 3124/4216/6396
s 495
f 3122/4214/6397 3121/4217/6398 3126/4218/6399 3125/4215/6400
s 497
f 3129/4219/6401 3128/4220/6402 3131/4221/6403 3130/4222/6404
s 496
f 3128/4220/6405 3127/4223/6406 3132/4224/6407 3131/4221/6408
s 494
f 3135/4225/6409 3134/4226/6410 3137/4227/6411 3136/4228/6412
s 495
f 3134/4226/6413 3133/4229/6414 3138/4230/6415 3137/4227/6416
s 496
f 3141/4231/6417 3140/4232/6418 3143/4233/6419 3142/4234/6420
s 494
f 3140/4235/6421 3139/4236/6422 3144/4237/6423 3143/4238/6424
s 499
f 3147/4239/6425 3146/4240/6426 3149/4241/6427 3148/4242/6428
s 495
f 3146/4240/6429 3145/4243/6430 3150/4244/6431 3149/4241/6432
s 499
f 3153/4245/6433 3152/4246/6434 3155/4247/6435 3154/4248/6436
s 496
f 3152/4246/6437 3151/4249/6438 3156/4250/6439 3155/4247/6440
s 494
f 3159/4251/6441 3158/4252/6442 3161/4253/6443 3160/4254/6444
s 495
f 3158/4252/6445 3157/4255/6446 3162/4256/6447 3161/4253/6448
s 496
f 3165/4257/6449 3164/4258/6450 3167/4259/6451 3166/4260/6452
s 494
f 3164/4261/6453 3163/4262/6454 3168/4263/6455 3167/4264/6456
s 499
f 3171/4265/6457 3170/4266/6458 3173/4267/6459 3172/4268/6460
s 495
f 3170/4266/6461 3169/4269/6462 3174/4270/6463 3173/4267/6464
s 499
f 3177/4271/6465 3176/4272/6466 3179/4273/6467 3178/4274/6468
s 496
f 3176/4272/6469 3175/4275/6470 3180/4276/6471 3179/4273/6472
s 494
f 3183/4277/6473 3182/4278/6474 3185/4279/6475 3184/4280/6476
s 495
f 3182/4278/6477 3181/4281/6478 3186/4282/6479 3185/4279/6480
s 496
f 3189/4283/6481 3188/4284/6482 3191/4285/6483 3190/4286/6484
s 494
f 3188/4287/6485 3187/4288/6486 3192/4289/6487 3191/4290/6488
f 3198/4291/6489 3197/4292/6490 3200/4293/6491 3199/4294/6492
s 496
f 3197/4295/6493 3196/4296/6494 3201/4297/6495 3200/4298/6496
s 499
f 3204/4299/6497 3203/4300/6498 3209/4301/6499 3208/4302/6500
s 496
f 3203/4300/6501 3202/4303/6502 3210/4304/6503 3209/4301/6504
s 495
f 3213/4305/6505 3212/4306/6506 3218/4307/6507 3217/4308/6508
s 499
f 3212/4306/6509 3211/4309/6510 3219/4310/6511 3218/4307/6512
s 494
f 3222/4311/6513 3221/4312/6514 3227/4313/6515 3226/4314/6516
s 495
f 3221/4312/6517 3220/4315/6518 3228/4316/6519 3227/4313/6520
s 493
f 3052/4135/6305 3058/4138/6308 3070/4150/6322 3064/4147/6318
s 498
f 3076/4161/6333 3082/4164/6336 3094/4176/6350 3088/4173/6346
s 497
f 3099/4187/6361 3100/4190/6364 3108/4198/6375 3103/4197/6374
s 495
f 3102/4192/6367 3097/4191/6366 3114/4204/6383 3109/4203/6382
s 494
f 3111/4199/6377 3112/4202/6380 3120/4211/6391 3115/4210/6390
s 496
f 3117/4205/6385 3118/4208/6388 3105/4193/6369 3106/4196/6372
s 497
f 3123/4213/6393 3124/4216/6396 3129/4219/6401 3130/4222/6404
s 495
f 3126/4218/6399 3121/4217/6398 3138/4230/6415 3133/4229/6414
s 494
f 3135/4225/6409 3136/4228/6412 3144/4237/6423 3139/4236/6422
s 496
f 3141/4231/6417 3142/4234/6420 3132/4224/6407 3127/4223/6406
s 499
f 3147/4239/6425 3148/4242/6428 3153/4245/6433 3154/4248/6436
s 495
f 3150/4244/6431 3145/4243/6430 3162/4256/6447 3157/4255/6446
s 494
f 3159/4251/6441 3160/4254/6444 3168/4263/6455 3163/4262/6454
s 496
f 3165/4257/6449 3166/4260/6452 3156/4250/6439 3151/4249/6438
s 499
f 3171/4265/6457 3172/4268/6460 3177/4271/6465 3178/4274/6468
s 495
f 3174/4270/6463 3169/4269/6462 3186/4282/6479 3181/4281/6478
s 494
f 3183/4277/6473 3184/4280/6476 3192/4289/6487 3187/4288/6486
s 496
f 3189/4283/6481 3190/4286/6484 3180/4276/6471 3175/4275/6470
s 497
f 3066/4155/6327 3068/4158/6330 3129/4219/6401 3124/4216/6396
s 494
f 3135/4225/6409 3139/4236/6422 3060/4141/6311 3050/4140/6310
s 496
f 3056/4152/6324 3141/4231/6417 3127/4223/6406 3072/4153/6325
s 495
f 3133/4229/6414 3054/4143/6313 3062/4146/6316 3126/4218/6399
f 3109/4203/6382 3138/4230/6415 3121/4217/6398 3102/4192/6367
s 494
f 3111/4199/6377 3115/4210/6390 3144/4237/6423 3136/4228/6412
s 496
f 3132/4224/6407 3142/4234/6420 3117/4205/6385 3106/4196/6372
s 497
f 3123/4213/6393 3130/4222/6404 3108/4198/6375 3100/4190/6364
s 495
f 3181/4281/6478 3162/4256/6447 3145/4243/6430 3174/4270/6463
s 494
f 3183/4277/6473 3187/4288/6486 3168/4263/6455 3160/4254/6444
s 496
f 3156/4250/6439 3166/4260/6452 3189/4283/6481 3175/4275/6470
s 499
f 3147/4239/6425 3154/4248/6436 3177/4271/6465 3172/4268/6460
s 495
f 3086/4172/6344 3186/4282/6479 3169/4269/6462 3078/4169/6341
s 494
f 3090/4181/6355 3092/4184/6358 3192/4289/6487 3184/4280/6476
s 496
f 3180/4276/6471 3190/4286/6484 3096/4179/6353 3080/4178/6352
s 499
f 3171/4265/6457 3178/4274/6468 3084/4167/6339 3074/4166/6338
f 3219/4310/6511 3208/4302/6500 3153/4245/6433 3148/4242/6428
s 495
f 3157/4255/6446 3228/4316/6519 3217/4308/6508 3150/4244/6431
s 494
f 3159/4251/6441 3163/4262/6454 3195/4317/6521 3226/4314/6516
s 496
f 3210/4304/6503 3193/4318/6522 3165/4257/6449 3151/4249/6438
s 495
f 3223/4319/6523 3114/4204/6383 3097/4191/6366 3216/4320/6524
s 494
f 3225/4321/6525 3199/4294/6492 3120/4211/6391 3112/4202/6380
s 496
f 3105/4193/6369 3118/4208/6388 3201/4297/6495 3205/4322/6526
s 497
f 3099/4187/6361 3103/4197/6374 3207/4323/6527 3214/4324/6528
s 496
f 3210/4304/6503 3202/4303/6502 3196/4325/6494 3193/4318/6522
f 3202/4326/6502 3205/4322/6526 3201/4297/6495 3196/4296/6494
s 497
f 3207/4323/6527 3204/4327/6529 3211/4328/6530 3214/4324/6528
s 499
f 3204/4299/6497 3208/4302/6500 3219/4310/6511 3211/4309/6510
s 495
f 3216/4320/6524 3213/4329/6505 3220/4330/6518 3223/4319/6523
f 3213/4305/6505 3217/4308/6508 3228/4316/6519 3220/4315/6518
s 494
f 3225/4321/6525 3222/4331/6513 3198/4291/6489 3199/4294/6492
f 3222/4311/6513 3226/4314/6516 3195/4317/6521 3198/4332/6531
s 497
f 3100/4190/6364 3101/4189/6363 3122/4214/6394 3123/4213/6393
s 495
f 3101/4189/6368 3102/4192/6367 3121/4217/6398 3122/4214/6397
f 3062/4146/6316 3061/4333/6532 3125/4215/6400 3126/4218/6399
s 497
f 3061/4333/6533 3066/4155/6327 3124/4216/6396 3125/4215/6395
f 3068/4158/6330 3067/4334/6534 3128/4220/6402 3129/4219/6401
s 496
f 3067/4334/6535 3072/4153/6325 3127/4223/6406 3128/4220/6405
f 3106/4196/6372 3107/4195/6371 3131/4221/6408 3132/4224/6407
s 497
f 3107/4195/6376 3108/4198/6375 3130/4222/6404 3131/4221/6403
s 494
f 3050/4140/6310 3049/4335/6536 3134/4226/6410 3135/4225/6409
s 495
f 3049/4335/6537 3054/4143/6313 3133/4229/6414 3134/4226/6413
f 3109/4203/6382 3110/4200/6381 3137/4227/6416 3138/4230/6415
s 494
f 3110/4200/6378 3111/4199/6377 3136/4228/6412 3137/4227/6411
s 496
f 3056/4152/6324 3055/4336/6538 3140/4232/6418 3141/4231/6417
s 494
f 3055/4337/6539 3060/4141/6311 3139/4236/6422 3140/4235/6421
f 3115/4210/6390 3116/4209/6389 3143/4238/6424 3144/4237/6423
s 496
f 3116/4206/6386 3117/4205/6385 3142/4234/6420 3143/4233/6419
s 499
f 3074/4166/6338 3073/4338/6540 3170/4266/6458 3171/4265/6457
s 495
f 3073/4338/6541 3078/4169/6341 3169/4269/6462 3170/4266/6461
f 3145/4243/6430 3146/4240/6429 3173/4267/6464 3174/4270/6463
s 499
f 3146/4240/6426 3147/4239/6425 3172/4268/6460 3173/4267/6459
f 3154/4248/6436 3155/4247/6435 3176/4272/6466 3177/4271/6465
s 496
f 3155/4247/6440 3156/4250/6439 3175/4275/6470 3176/4272/6469
f 3080/4178/6352 3079/4339/6542 3179/4273/6472 3180/4276/6471
s 499
f 3079/4339/6543 3084/4167/6339 3178/4274/6468 3179/4273/6467
s 494
f 3160/4254/6444 3161/4253/6443 3182/4278/6474 3183/4277/6473
s 495
f 3161/4253/6448 3162/4256/6447 3181/4281/6478 3182/4278/6477
f 3086/4172/6344 3085/4340/6544 3185/4279/6480 3186/4282/6479
s 494
f 3085/4340/6545 3090/4181/6355 3184/4280/6476 3185/4279/6475
s 496
f 3166/4260/6452 3167/4259/6451 3188/4284/6482 3189/4283/6481
s 494
f 3167/4264/6456 3168/4263/6455 3187/4288/6486 3188/4287/6485
f 3092/4184/6358 3091/4341/6546 3191/4290/6488 3192/4289/6487
s 496
f 3091/4342/6547 3096/4179/6353 3190/4286/6484 3191/4285/6483
s 494
f 3163/4262/6454 3164/4261/6453 3194/4343/6548 3195/4317/6521
s 496
f 3164/4258/6450 3165/4257/6449 3193/4318/6522 3194/4344/6549
s 494
f 3195/4317/6521 3194/4343/6548 3197/4345/6550 3198/4332/6531
s 496
f 3194/4344/6549 3193/4318/6522 3196/4325/6494 3197/4346/6493
f 3118/4208/6388 3119/4207/6387 3200/4298/6496 3201/4297/6495
s 494
f 3119/4212/6392 3120/4211/6391 3199/4294/6492 3200/4293/6491
s 496
f 3202/4326/6502 3203/4347/6501 3206/4348/6551 3205/4322/6526
s 497
f 3203/4347/6552 3204/4327/6529 3207/4323/6527 3206/4348/6553
f 3103/4197/6374 3104/4194/6373 3206/4348/6553 3207/4323/6527
s 496
f 3104/4194/6370 3105/4193/6369 3205/4322/6526 3206/4348/6551
f 3151/4249/6438 3152/4246/6437 3209/4301/6504 3210/4304/6503
s 499
f 3152/4246/6434 3153/4245/6433 3208/4302/6500 3209/4301/6499
s 497
f 3211/4328/6530 3212/4349/6554 3215/4350/6555 3214/4324/6528
s 495
f 3212/4349/6506 3213/4329/6505 3216/4320/6524 3215/4350/6556
f 3097/4191/6366 3098/4188/6365 3215/4350/6556 3216/4320/6524
s 497
f 3098/4188/6362 3099/4187/6361 3214/4324/6528 3215/4350/6555
s 499
f 3148/4242/6428 3149/4241/6427 3218/4307/6512 3219/4310/6511
s 495
f 3149/4241/6432 3150/4244/6431 3217/4308/6508 3218/4307/6507
f 3220/4330/6518 3221/4351/6517 3224/4352/6557 3223/4319/6523
s 494
f 3221/4351/6514 3222/4331/6513 3225/4321/6525 3224/4352/6558
f 3112/4202/6380 3113/4201/6379 3224/4352/6558 3225/4321/6525
s 495
f 3113/4201/6384 3114/4204/6383 3223/4319/6523 3224/4352/6557
f 3157/4255/6446 3158/4252/6445 3227/4313/6520 3228/4316/6519
s 494
f 3158/4252/6442 3159/4251/6441 3226/4314/6516 3227/4313/6515
s 495
f 3053/4144/6314 3054/4143/6313 3049/4335/6537 3229/4353/6559
s 494
f 3049/4335/6536 3050/4140/6310 3051/4139/6309 3229/4353/6560
s 493
f 3051/4136/6306 3052/4135/6305 3053/4144/6317 3229/4353/6561
s 494
f 3059/4142/6312 3060/4141/6311 3055/4337/6539 3230/4354/6562
s 496
f 3055/4336/6538 3056/4152/6324 3057/4151/6323 3230/4355/6563
s 493
f 3057/4148/6320 3058/4138/6308 3059/4137/6307 3230/4356/6564
s 497
f 3065/4156/6328 3066/4155/6327 3061/4333/6533 3231/4357/6565
s 495
f 3061/4333/6532 3062/4146/6316 3063/4145/6315 3231/4357/6566
s 493
f 3063/4145/6319 3064/4147/6318 3065/4159/6331 3231/4357/6567
s 496
f 3071/4154/6326 3072/4153/6325 3067/4334/6535 3232/4358/6568
s 497
f 3067/4334/6534 3068/4158/6330 3069/4157/6329 3232/4358/6569
s 493
f 3069/4160/6332 3070/4150/6322 3071/4149/6321 3232/4359/6570
s 495
f 3077/4170/6342 3078/4169/6341 3073/4338/6541 3233/4360/6571
s 499
f 3073/4338/6540 3074/4166/6338 3075/4165/6337 3233/4360/6572
s 498
f 3075/4162/6334 3076/4161/6333 3077/4170/6345 3233/4360/6573
s 499
f 3083/4168/6340 3084/4167/6339 3079/4339/6543 3234/4361/6574
s 496
f 3079/4339/6542 3080/4178/6352 3081/4177/6351 3234/4361/6575
s 498
f 3081/4174/6348 3082/4164/6336 3083/4163/6335 3234/4362/6576
s 494
f 3089/4182/6356 3090/4181/6355 3085/4340/6545 3235/4363/6577
s 495
f 3085/4340/6544 3086/4172/6344 3087/4171/6343 3235/4363/6578
s 498
f 3087/4171/6347 3088/4173/6346 3089/4185/6359 3235/4363/6579
s 496
f 3095/4180/6354 3096/4179/6353 3091/4342/6547 3236/4364/6580
s 494
f 3091/4341/6546 3092/4184/6358 3093/4183/6357 3236/4365/6581
s 498
f 3093/4186/6360 3094/4176/6350 3095/4175/6349 3236/4366/6582
