# This file uses centimeters as units for non-parametric coordinates.

mtllib IceBridge_LOW.mtl
g default
v 1.060006 -4.746597 -65.639717
v 1.077665 -6.019043 -65.168457
v -1.066367 -5.826889 -64.999344
v -1.072511 -4.553574 -65.444847
v 3.219398 -4.661926 -65.752403
v 3.235866 -5.911575 -65.052574
v 1.010257 -2.746078 -66.273857
v -1.105060 -2.754471 -65.937782
v 3.166299 -2.823807 -66.441948
v 1.057213 -7.268051 -64.586220
v -1.063912 -7.174561 -64.510277
v 3.210182 -7.111237 -64.316093
v -3.158396 -5.459457 -64.816216
v -3.027188 -4.290421 -65.217056
v -3.153489 -7.011871 -64.273338
v -3.051500 -2.637756 -65.577576
v -1.027233 -0.769485 -65.559883
v -2.677620 -0.844482 -65.280464
v 1.033385 -0.657364 -65.863571
v 3.093469 -0.558762 -66.157875
v 5.304518 -2.762192 -66.261360
v 5.334830 -4.363113 -65.444588
v 5.240736 -0.605286 -66.419090
v 5.313935 -5.536057 -64.753174
v 5.241678 -6.902832 -63.940475
v 3.158564 -8.535828 -63.425495
v 1.011753 -8.844360 -63.664619
v 5.209346 -8.218216 -63.122059
v -1.071902 -8.901749 -63.792274
v -3.119771 -8.854233 -63.577805
v -5.160995 -8.659714 -63.332298
v -5.215105 -6.908737 -63.948784
v -5.235926 -4.770447 -64.683609
v -4.441289 -3.952255 -65.077087
v -4.493482 -2.563721 -65.285812
v -3.993386 -0.692398 -64.929871
v -0.850475 0.718048 -65.125443
v -2.276091 0.450089 -64.942589
v -3.122611 1.354019 -64.441803
v 1.002372 1.068375 -65.330330
v 3.034356 1.301376 -65.567093
v 5.193803 1.455017 -65.808296
v 7.406624 -0.678085 -66.448647
v 7.456575 -2.550903 -65.835236
v 7.339559 1.533920 -66.041077
v 7.463915 -3.903183 -65.096535
v 7.407996 -5.216614 -64.381058
v 7.312613 -6.581360 -63.593193
v 7.280920 -7.910156 -62.747890
v 5.269138 -9.419128 -62.302059
v 3.138594 -9.738144 -62.602501
v 7.358545 -9.077469 -61.928242
v 0.997498 -10.003891 -62.822578
v -1.072094 -10.229370 -63.014954
v -3.095467 -10.226547 -62.927525
v -5.131264 -9.919785 -62.832390
v -7.250936 -8.291916 -63.044930
v -7.306904 -6.772369 -63.606884
v -7.255403 -9.517792 -62.563938
v -7.364902 -4.815323 -64.300476
v -5.724741 -2.699417 -65.039131
v -7.502752 -2.700348 -64.666847
v -5.536235 -0.639038 -64.558884
v -5.224616 1.391068 -63.943249
v -1.015789 1.931961 -64.630043
v -3.173518 3.309250 -63.595078
v -5.289427 3.048492 -63.223240
v -1.075041 3.602127 -63.915359
v -7.362119 -0.590515 -64.119164
v -7.377936 1.208099 -63.492760
v -7.386703 2.577972 -62.918816
v -9.449997 -4.861252 -63.885944
v -9.495008 -2.693939 -64.247398
v -9.423189 -0.714981 -63.671890
v -9.381906 -6.478256 -63.278961
v -9.332826 -7.743912 -62.774101
v -9.392212 -9.277878 -62.114113
v -7.334331 -11.115265 -61.910709
v -9.487085 -10.737198 -61.449020
v -5.160380 -11.307953 -62.162575
v -3.116897 -11.235306 -61.993927
v -1.050827 -11.230377 -61.923359
v 1.020252 -10.993668 -61.771175
v -1.052310 -11.999893 -60.597137
v -3.167203 -12.127701 -60.739483
v 1.062919 -11.841476 -60.369644
v -5.167565 -12.493500 -61.110420
v -7.377941 -12.617477 -61.297264
v -9.542146 -12.178680 -60.869999
v -11.721276 -10.245422 -60.865795
v -11.651373 -8.687210 -61.625496
v -11.610125 -11.681671 -60.270031
v -11.592660 -7.384308 -62.275856
v -11.573630 -6.012695 -62.922619
v -11.617586 -4.582886 -63.522400
v -11.624334 -2.705521 -63.795212
v -11.138890 -0.789017 -63.291519
v -9.276472 0.895538 -63.136269
v -10.740813 0.555435 -62.896362
v -9.440935 2.093246 -62.608501
v -11.556172 1.421890 -62.352119
v -12.602023 -0.618301 -62.878464
v -13.294327 -2.556198 -63.388241
v -13.533183 -4.266403 -63.191933
v -13.747222 -5.571121 -62.557804
v -13.868739 -6.831802 -61.861717
v -13.933789 -8.278534 -60.966156
v -13.596194 -9.412415 -59.892704
v -13.029340 -10.969772 -59.200890
v -11.478812 -12.860397 -59.616768
v -12.528715 -12.348694 -58.686962
v -9.577942 -13.677872 -60.366615
v -7.275453 -14.068924 -60.717537
v -5.140465 -13.502258 -60.092285
v -3.147355 -12.959061 -59.561886
v -7.214985 -15.317719 -59.712627
v -9.619295 -15.178574 -59.727539
v -11.458509 -14.225235 -58.550926
v -13.999537 -10.903702 -57.856865
v -15.345070 -8.474319 -58.469360
v -15.917565 -7.200668 -59.899849
v -16.063175 -6.206314 -61.120193
v -15.846805 -4.639740 -62.328167
v -14.813373 -3.976028 -62.929844
v -14.595812 -2.461060 -63.063217
v -14.091736 -0.577988 -62.495682
v -13.618152 1.353607 -61.821213
v -16.155251 -2.730331 -62.648102
v -15.760779 -0.551056 -62.068451
v -15.309386 1.310028 -61.348694
v -18.100800 -4.044647 -61.082977
v -17.979450 -2.464493 -61.876801
v -17.867338 -5.065643 -60.007736
v -17.769470 -5.889267 -58.752285
v -17.556034 -6.960220 -57.618759
v -11.401917 -15.346954 -57.680466
v -9.673347 -16.474350 -58.812920
v -18.174206 -8.950500 -55.090477
v -19.697395 -6.579544 -55.680328
v -19.003967 -6.098343 -56.813492
v -19.883816 -7.968430 -54.542694
v -19.395290 -4.713272 -57.678730
v -19.032646 -4.148697 -59.126953
v -19.591324 -2.820618 -59.891586
v -20.391565 -2.867630 -58.172276
v -20.454365 -4.817764 -56.193233
v -21.203552 -2.837509 -56.835445
v -20.993540 -6.123306 -54.659912
v -21.525555 -4.675095 -54.968719
v -21.603401 -6.884949 -53.508373
v -18.899607 -10.099014 -53.546562
v -20.318108 -9.217804 -53.266232
v -21.326534 -8.388367 -52.846462
v -21.109699 -10.195450 -51.502392
v -22.265284 -8.730026 -51.245201
v -22.623602 -6.945786 -52.025303
v -22.366364 -4.835617 -53.802441
v -23.142015 -4.881073 -52.560867
v -22.072165 -2.748611 -55.599617
v -22.894169 -2.693771 -54.376747
v -23.714254 -2.688705 -53.018074
v -23.420788 -6.760269 -50.779037
v -24.012037 -4.874664 -51.090885
v -24.431873 -2.683762 -51.640697
v -23.011116 -8.113693 -50.466835
v -22.784477 -9.654602 -49.325905
v -23.456861 -8.374634 -49.092876
v -24.104210 -6.837234 -49.173683
v -24.417585 -7.047440 -47.169983
v -24.728939 -4.789932 -49.311119
v -25.087648 -2.642548 -50.106663
v -25.029453 -0.631317 -51.814533
v -24.249804 -0.629730 -53.526836
v -25.534485 -0.608292 -50.518875
v -25.241184 -3.942993 -48.501808
v -25.549171 -2.518997 -48.854187
v -25.974083 -0.613937 -49.182003
v -25.029104 -5.452652 -47.156555
v -25.463724 -4.234299 -47.001663
v -25.941210 -2.629959 -47.164753
v -26.218021 -2.722702 -45.065010
v -26.439238 -0.627350 -47.232422
v -25.595976 1.303909 -48.856308
v -25.213217 1.482742 -50.162430
v -25.954813 1.365738 -47.160538
v -26.688892 -0.630478 -45.085815
v -26.259733 1.453110 -45.079208
v -26.097691 -2.659409 -42.957123
v -26.576481 -0.635330 -42.945488
v -25.723921 -2.336990 -40.862347
v -26.166916 -0.654724 -40.846699
v -25.812119 -0.342896 -38.688354
v -26.449877 1.558411 -42.948231
v -26.415747 1.511032 -40.845776
v -25.563234 3.133316 -45.055397
v -25.373024 2.829773 -46.984985
v -25.739426 3.350494 -42.936352
v -25.904848 3.474045 -40.855125
v -26.031878 1.462936 -38.735168
v -26.019184 3.489532 -38.756516
v -25.686663 1.602203 -36.764576
v -25.360315 1.643326 -35.157394
v -25.776005 3.473312 -36.622322
v -25.435343 3.414368 -34.854324
v -25.389593 4.921066 -38.774647
v -25.278059 4.784470 -40.851044
v -25.483841 4.985962 -36.664875
v -25.433378 4.914200 -34.717617
v -25.162090 3.343704 -33.591564
v -24.882738 1.357513 -33.880474
v -25.222824 4.688217 -33.517044
v -24.877125 3.457428 -32.235229
v -24.465811 3.549210 -30.327488
v -25.076506 5.604248 -32.648182
v -24.963793 6.148087 -34.598728
v -24.751451 6.266327 -36.643635
v -24.662109 6.125687 -38.775936
v -23.823353 7.641464 -36.580544
v -23.699951 7.502808 -38.737343
v -23.974457 7.706863 -34.547661
v -24.197346 7.648834 -32.511795
v -24.603046 5.656448 -30.383892
v -24.305387 7.740067 -30.375237
v -23.938137 3.761642 -28.199821
v -24.142794 5.622971 -28.256386
v -23.494871 3.989929 -26.244492
v -23.705288 5.775085 -26.264771
v -24.221188 7.748184 -28.259529
v -23.777708 7.733276 -26.147587
v -23.371613 9.171402 -30.392586
v -23.248119 9.021744 -32.485672
v -23.525812 9.320572 -28.289940
v -23.125509 8.898285 -34.520187
v -22.423832 10.172455 -32.489311
v -22.323862 9.990433 -34.547920
v -22.564001 10.340958 -30.394966
v -22.707546 10.498611 -28.301344
v -23.612961 9.355072 -26.171915
v -22.822235 10.543503 -26.197927
v -23.355247 7.691193 -24.371977
v -23.303677 5.869034 -24.594883
v -23.404228 9.180954 -24.242035
v -22.917065 5.596771 -23.278168
v -22.414431 5.661423 -21.730024
v -23.027431 7.660156 -23.147579
v -23.092966 8.910568 -23.080359
v -22.932329 10.377609 -24.102030
v -22.853559 9.790314 -22.172768
v -21.703793 11.653763 -26.202686
v -21.623245 11.612152 -28.303627
v -21.774632 11.646881 -24.100025
v -21.487484 11.552155 -30.378954
v -21.408039 11.372482 -32.498608
v -20.047432 12.421249 -30.328606
v -20.172863 12.521042 -28.274078
v -20.347576 12.561996 -26.201244
v -20.479218 12.629242 -24.105316
v -21.851770 11.612640 -22.022501
v -20.580177 12.689087 -22.007565
v -22.643513 7.662415 -21.815828
v -22.210840 9.799667 -19.896208
v -22.086954 7.828674 -19.878700
v -21.722397 11.632233 -19.871494
v -21.596441 5.904602 -19.712839
v -21.452770 8.114792 -17.894230
v -21.603542 9.788132 -17.858912
v -21.526609 11.483887 -17.872536
v -20.638182 12.698975 -19.906256
v -20.723831 12.567368 -17.771149
v -19.446325 13.653320 -17.798340
v -17.973341 14.529160 -17.777555
v -20.910486 12.019241 -15.628590
v -21.226305 11.180084 -16.440287
v -19.585299 13.593674 -15.688528
v -21.175644 9.849854 -16.370628
v -21.039518 8.466339 -16.532288
v -20.618389 7.734741 -15.709431
v -20.167389 7.768158 -13.615492
v -20.883307 9.875015 -15.237465
v -20.434721 9.863251 -13.486850
v -20.470537 11.954102 -13.551005
v -19.534128 13.619034 -13.603496
v -18.050018 14.600189 -15.705965
v -18.165375 14.618164 -13.624701
v -16.718012 15.097137 -17.761318
v -16.874697 15.184601 -15.695865
v -19.432547 13.599838 -11.508669
v -20.039463 11.901703 -11.493218
v -19.982553 9.865280 -11.520376
v -19.736328 7.715012 -11.554143
v -19.381371 7.776093 -9.463456
v -19.148235 6.014816 -9.528762
v -19.657660 9.864014 -9.429751
v -19.712725 11.870758 -9.418374
v -19.312099 13.539917 -9.419778
v -18.240168 14.600143 -9.430905
v -18.282619 14.607986 -7.336639
v -19.258934 13.506241 -7.333004
v -19.577595 11.859985 -7.331797
v -19.303303 13.526794 -5.242961
v -19.603748 11.861267 -5.242027
v -18.335014 14.626175 -5.242083
v 16.436203 12.711685 7.334153
v 17.586502 11.672623 3.142483
v 17.662294 11.605881 1.039867
v 17.589251 11.713806 5.237181
v 17.612181 11.745117 7.332312
v 17.665199 11.790680 9.426859
v 16.466087 12.726715 9.429324
v 16.732071 12.837433 13.541049
v 16.860069 13.053497 15.590870
v 17.077051 13.261566 17.747768
v 16.333769 14.866714 24.107929
v 16.703568 15.091782 26.238758
v 17.791052 14.133148 24.112566
v 17.564705 13.826782 22.023518
v 17.966898 14.451859 26.216679
v 18.186792 12.461349 17.763674
v 18.003902 12.186905 15.595803
v 18.504459 12.666962 19.919302
v 17.853979 12.009338 13.522306
v 17.779631 11.826447 11.499258
v 18.671953 10.721375 9.426003
v 18.613644 10.616486 7.329938
v 18.763626 10.835953 11.484482
v 18.579746 10.499344 5.234057
v 19.348984 9.410751 7.313579
v 19.248209 9.271667 5.224624
v 19.454576 9.526001 9.413198
v 19.574999 9.677216 11.486307
v 19.705536 9.761932 13.545061
v 18.860056 10.957840 13.539073
v 18.969246 11.160049 15.639833
v 19.237772 11.296356 17.802034
v 19.500177 11.545502 19.870914
v 19.798950 11.832397 22.031513
v 18.817570 12.950943 22.046898
v 19.152573 13.204636 24.096966
v 19.308346 13.555984 26.183525
v 19.552862 13.746521 28.270041
v 18.143063 14.653946 28.294376
v 16.959057 15.264099 28.307741
v 17.087986 15.365402 30.384661
v 18.330917 14.763657 30.381882
v 19.705633 13.885742 30.376534
v 20.564049 12.552551 28.282055
v 20.400623 12.299515 26.179665
v 20.691216 12.707687 30.381815
v 20.095404 12.098969 24.093803
v 20.694996 10.608536 21.957941
v 20.623091 9.827271 19.769127
v 20.976536 10.928772 24.074257
v 20.228312 9.782745 17.741602
v 19.876482 9.787354 15.672572
v 20.181736 7.798141 13.563540
v 19.992029 7.738892 11.496548
v 20.389467 7.749481 15.671282
v 19.847372 7.687027 9.413630
v 19.421186 5.796631 11.543532
v 19.282190 5.990021 9.478352
v 19.562815 5.772324 13.619610
v 19.745104 5.742264 15.717295
v 20.738293 7.738083 17.583832
v 20.058870 5.651398 17.801529
v 21.145912 7.716232 19.234837
v 21.190741 9.052246 20.497242
v 21.439558 7.586273 20.419939
v 21.374083 9.392426 22.050383
v 21.756950 9.627518 24.053307
v 21.228172 11.172241 26.180874
v 22.144083 9.807358 26.143232
v 21.433372 11.316208 28.272528
v 21.527338 11.518021 30.385063
v 21.567623 11.573425 32.483952
v 20.735527 12.761200 32.486824
v 19.717571 13.898972 32.495132
v 22.477509 10.158966 30.368780
v 22.534510 9.730942 28.166901
v 22.490368 10.256317 32.483994
v 23.086559 7.914276 25.832191
v 22.598267 7.868698 23.943111
v 23.396347 7.933273 27.275164
v 21.918459 7.662659 21.951921
v 20.958260 5.666595 20.990107
v 20.494186 5.670868 19.528908
v 21.466486 5.664963 22.404348
v 19.359339 3.846649 17.809546
v 19.134377 4.020020 15.715710
v 19.852629 3.580658 19.914597
v 19.074121 4.215744 13.621665
v 18.994745 4.410187 11.559113
v 18.669666 2.950607 13.620750
v 18.600357 3.154541 11.539034
v 18.687082 2.772217 15.708836
v 18.825626 2.398300 17.807770
v 19.289869 1.907715 19.916368
v 20.425169 3.590668 21.593302
v 19.860065 1.495193 22.013405
v 20.949089 3.591721 23.066647
v 22.064178 5.633911 24.064236
v 21.486828 3.589676 24.534824
v 22.730692 5.650757 25.906296
v 23.200590 5.610840 27.313540
v 23.703041 7.733261 28.487623
v 23.572941 5.596634 28.556499
v 23.154043 8.955948 28.900078
v 23.256804 9.041855 30.493843
v 23.974787 7.731354 30.328182
v 24.006172 5.622955 30.292500
v 23.215229 3.396179 29.156113
v 22.712708 3.442001 27.759361
v 23.637609 3.433441 30.669970
v 22.109453 3.522400 26.166790
v 20.922007 1.519287 25.185066
v 20.415823 1.502930 23.702662
v 21.484859 1.514297 26.650663
v 19.335478 -0.204117 21.992931
v 18.836454 0.445969 19.914860
v 18.147081 1.429642 13.617754
v 18.373228 -1.101349 19.839293
v 18.917711 -1.605743 21.969131
v 22.103931 1.437317 28.250156
v 21.489090 -0.570953 28.764652
v 22.694429 1.357513 29.841137
v 23.157286 1.362732 31.303684
v 24.012756 3.497391 32.422546
v 23.558075 1.553909 32.758533
v 24.445871 5.680145 32.463959
v 24.135864 7.719772 32.471748
v 24.650076 5.711807 34.634674
v 24.322649 3.550919 34.599060
v 24.066236 7.675552 34.609573
v 23.804317 1.504532 34.560768
v 23.191612 0.150925 33.126518
v 22.732117 -0.660339 32.352028
v 23.367235 -0.108871 34.694866
v 22.095707 -0.626129 30.366814
v 22.952404 -1.314972 34.557701
v 23.481474 -0.251099 36.551060
v 23.068787 -1.507645 36.732037
v 23.920233 1.458282 36.615421
v 14.621258 -5.932297 39.832027
v 13.386887 -6.655090 40.305779
v 15.170835 -4.744461 40.348419
v 11.368495 -8.812225 40.328735
v 10.628955 -10.302246 39.841000
v 9.383378 -11.027618 40.348011
v 7.502603 -11.484634 41.247948
v 3.174791 -11.085968 42.925575
v 1.008775 -11.270828 43.061264
v 5.376059 -10.841843 42.803589
v 7.553957 -10.189606 42.258961
v 5.368453 -9.809509 43.795761
v 3.215619 -10.064865 44.043865
v 7.515926 -9.097794 43.090622
v 1.059517 -10.292175 44.184395
v -1.041742 -11.497238 43.076374
v -1.006473 -10.370132 44.443279
v -3.117897 -10.544952 44.463955
v -0.938467 -9.281128 45.562027
v -3.091184 -9.496811 45.680191
v 1.178031 -9.072006 45.408829
v 3.253572 -8.974533 45.113640
v 1.215414 -7.465897 45.970940
v -0.886645 -7.926285 46.199947
v 3.242069 -7.074249 45.738060
v -3.069865 -8.330292 46.419888
v -5.219697 -9.701965 45.727425
v -5.190766 -8.654205 46.685501
v -7.336429 -10.633240 44.729641
v -9.398365 -11.259048 45.090755
v -7.301879 -10.051697 46.062260
v -7.277678 -8.873428 47.050880
v -5.223855 -6.847488 47.118195
v -7.308099 -6.965027 47.468887
v -3.104533 -6.818359 46.769783
v -0.904162 -6.580322 46.442261
v -3.136254 -4.811874 47.016777
v -5.229207 -4.812485 47.379955
v -0.975777 -4.875488 46.655106
v -7.354980 -4.783508 47.740322
v -9.457693 -6.913696 47.725109
v -9.410266 -9.065445 47.298527
v -9.563622 -4.702179 48.045963
v -9.409755 -10.395035 46.439678
v -11.506357 -11.002396 44.945503
v -11.518086 -11.830078 43.531002
v -11.493977 -9.949600 46.033684
v -15.768614 -14.192764 41.821995
v -15.818764 -12.912979 42.699924
v -13.616934 -11.797714 43.632381
v -15.785982 -11.664825 43.555298
v -13.608028 -10.594330 44.649883
v -13.587022 -9.473099 45.631962
v -11.511350 -8.748703 46.944351
v -13.597814 -8.358566 46.454124
v -11.541771 -7.117935 47.795784
v -11.559916 -5.292068 48.150558
v -7.274008 -2.712509 47.811607
v -9.085681 -2.682861 48.115288
v -10.424426 -3.854416 48.221786
v -11.714486 -4.063843 48.337658
v -10.298532 -2.522034 48.278519
v -13.636050 -5.365280 48.072674
v -13.634125 -6.950104 47.326385
v -13.460298 -4.130112 48.462303
v -15.743971 -7.868698 46.016544
v -15.593001 -9.137680 45.202251
v -15.565410 -6.627304 46.939240
v -15.532951 -10.360931 44.429981
v -17.886993 -10.960098 43.356613
v -18.140535 -12.435654 42.435722
v -17.029781 -10.260834 44.082359
v -18.082190 -13.906113 41.723724
v -18.432266 -9.056931 43.606369
v -19.323847 -8.913193 42.458183
v -17.393988 -8.925323 44.747204
v -17.713285 -7.072922 45.454990
v -17.176794 -6.363098 46.389709
v -15.685392 -4.857254 47.828365
v -17.493240 -4.724121 46.854153
v -14.837298 -3.965225 48.349251
v -13.497392 -2.612152 48.644135
v -14.991803 -2.551865 48.562351
v -11.674083 -2.591080 48.454964
v -16.215229 -2.679047 47.841255
v -17.734732 -2.652893 46.873871
v -18.482521 -4.796432 45.693535
v -18.951006 -2.648209 46.085911
v -18.801926 -6.918396 44.073174
v -19.324373 -4.763275 44.418682
v -19.740587 -6.938599 42.682682
v -20.654984 -7.458969 41.036385
v -21.097696 -6.008713 40.974892
v -20.162632 -5.240204 42.851860
v -20.035809 -2.685898 44.819126
v -20.799009 -3.687119 42.928989
v -18.853899 -0.634903 46.109909
v -20.022106 -0.644394 45.398121
v -17.708763 -0.634598 46.782631
v -16.142466 -0.659012 47.723358
v -14.917418 -0.797211 48.457470
v -15.627915 1.408661 47.625462
v -17.451193 1.513077 46.754101
v -14.732000 0.499481 48.217167
v -18.659168 1.500092 46.077339
v -20.046188 1.488937 45.347046
v -21.372274 -0.517349 44.464928
v -20.956938 -1.888580 44.136875
v -21.498549 1.374817 44.591221
v -21.681215 -2.325638 42.761246
v -22.427006 -3.226593 41.003590
v -23.305374 -3.849060 38.959545
v -23.374640 -1.940643 41.131233
v -24.454451 -2.652634 39.124699
v -22.498575 -0.788010 42.929123
v -22.613571 1.492767 43.441093
v -21.237738 2.902725 44.179207
v -22.215496 3.331818 42.779861
v -20.048653 3.705414 44.840656
v -18.466755 3.822372 45.851334
v -21.140841 4.761765 43.055130
v -19.399334 5.161026 44.359711
v -20.204706 6.014252 43.058285
v -18.015778 5.866867 44.936516
v -22.890772 4.511780 40.907139
v -23.654819 3.189972 40.710106
v -23.027700 2.800903 42.039230
v -23.482258 1.436508 42.306835
v -22.145708 5.702850 41.029465
v -23.515934 -0.105774 42.345512
v -24.234180 -0.470215 41.024433
v -24.718840 -0.750519 39.123512
v -25.022299 -2.925461 36.886677
v -25.189226 -0.650803 37.343990
v -25.784756 -2.246353 34.576569
v -25.525385 -2.102982 32.985107
v -25.419683 -1.980545 36.048500
v -25.491858 -0.638199 36.240742
v -24.941624 1.516373 36.798466
v -25.344290 0.728333 36.070820
v -24.675133 1.532501 38.871578
v -24.237701 1.484863 40.911583
v -23.890818 3.441467 38.763710
v -23.289696 4.927872 38.755898
v -22.615561 6.305496 38.839760
v -21.197588 7.055939 41.175854
v -21.872599 7.636673 38.942341
v -19.147837 7.007248 43.169567
v -20.273264 8.132385 41.267826
v -21.026621 8.882492 38.998913
v -22.206251 7.857452 36.747818
v -22.887438 6.514755 36.725105
v -21.231178 9.064926 36.731674
v -23.457867 5.259583 36.703026
v -24.166481 3.516312 36.710476
v -25.005964 2.222900 34.666950
v -25.493275 1.078873 34.547001
v -24.387409 3.727554 34.630398
v -25.983810 -0.583328 34.559227
v -25.617172 -0.564758 32.367088
v -25.346096 -0.002319 31.130825
v -25.504076 1.299194 32.664471
v -25.316023 1.492111 31.172178
v -25.309090 2.604797 32.763832
v -24.957634 3.837936 32.607723
v -23.710632 5.439743 34.644737
v -24.249996 5.630356 32.563396
v -23.111353 6.803146 34.679077
v -22.496523 8.040436 34.678997
v -21.383789 9.209366 34.606834
v -19.951801 9.984833 36.689400
v -20.015068 10.194061 34.540577
v -19.820530 9.758743 38.961254
v -21.512394 9.351288 32.494461
v -22.725863 8.329361 32.542725
v -20.123117 10.309616 32.470844
v -23.510096 7.175537 32.555817
v -24.660654 5.708344 30.408365
v -25.068823 3.437424 30.466843
v -23.879105 7.458893 30.408808
v -25.227345 2.606186 31.334799
v -25.113583 1.376846 29.891821
v -24.418629 1.520462 28.153786
v -24.223711 3.578720 26.138329
v -23.567490 3.613861 24.494646
v -24.834949 3.552643 28.233072
v -24.527964 5.678787 28.264057
v -23.831345 7.442627 28.270279
v -22.807226 8.544907 30.400150
v -22.823017 8.590103 28.279051
v -21.630535 9.473068 30.393795
v -20.299429 10.370499 30.390827
v -18.970072 11.002167 32.456696
v -19.090755 11.110291 30.389589
v -18.839329 10.893600 34.519367
v -20.433788 10.460648 28.291348
v -21.734695 9.595169 28.287243
v -19.200935 11.220139 28.294319
v -22.555107 8.315826 26.189707
v -23.545048 7.205093 26.172382
v -21.540092 9.389832 26.191269
v -24.369198 5.624985 26.099329
v -23.866390 5.549866 24.146177
v -23.002785 3.620422 23.187714
v -23.300768 5.508606 22.834414
v -22.741394 5.650009 21.616255
v -21.917854 5.781693 19.897711
v -22.449760 7.612091 22.068333
v -23.175476 6.846451 22.855614
v -23.284071 6.990005 24.216356
v -22.336542 8.003235 24.113777
v -21.266457 9.113495 24.107563
v -20.490610 10.486069 26.183201
v -20.266424 10.202179 24.100262
v -19.272285 11.297623 26.191845
v -17.790743 12.014557 28.296051
v -17.794991 12.044022 26.198345
v -19.265083 11.318390 24.099751
v -17.813316 12.112640 24.103371
v -20.160864 10.068542 22.005205
v -21.173306 8.941452 22.017162
v -19.198200 11.267639 22.007975
v -22.361143 7.769775 19.837086
v -21.189451 9.099075 19.918194
v -21.234108 6.216797 17.962158
v -21.729593 7.725601 17.841145
v -20.698177 6.674896 15.890186
v -21.254169 7.851608 15.774378
v -21.426163 9.271454 17.805992
v -21.450474 9.265366 15.718227
v -20.258821 10.162659 19.904865
v -20.452539 10.349945 17.812634
v -19.241356 11.410416 19.898182
v -17.826954 12.255341 21.990467
v -17.950705 12.397675 19.862434
v -19.441988 11.549515 17.827602
v -20.700354 10.506149 15.700355
v -19.637005 11.698212 15.724097
v -21.078127 9.034241 13.772845
v -21.189041 7.786636 13.635418
v -20.612974 10.246277 13.629519
v -20.959667 6.724152 13.628885
v -20.118582 5.579590 11.518504
v -21.050663 6.558945 11.628408
v -21.057119 7.740448 11.919815
v -20.963728 8.831528 12.339828
v -20.774340 9.740402 11.502716
v -19.509516 11.526382 13.618493
v -19.402920 11.339432 11.547825
v -18.396090 12.641266 15.727962
v -18.544853 12.720978 13.630076
v -17.149487 13.327362 15.726284
v -17.344221 13.575897 13.637551
v -18.442249 12.583191 11.524555
v -19.512470 11.585587 9.438023
v -20.656906 9.849548 9.419906
v -18.631802 12.774261 9.447930
v -20.917883 7.714355 9.145578
v -20.970005 7.932220 10.570299
v -21.023447 6.549576 10.281853
v -20.646458 5.539368 9.380896
v -20.813946 7.668930 7.139616
v -19.956011 5.877502 7.141615
v -20.550838 9.945740 7.332748
v -19.787210 11.830368 7.380516
v -18.833385 13.099182 7.343646
v -17.932756 14.243347 7.297714
v -16.721380 15.015106 7.230990
v -18.102678 14.448090 5.241795
v -19.094580 13.302734 5.269586
v -16.898506 15.182693 5.187216
v -20.107246 11.986633 5.261499
v -20.479095 9.841843 5.160731
v -20.096951 7.904205 5.064033
v -20.229074 9.925232 3.093879
v -20.148695 11.929153 3.121710
v -19.275949 13.448410 3.147871
v -18.229057 14.579620 3.158359
v -17.040949 15.327026 3.152042
v -17.128683 15.407791 1.053031
v -18.309414 14.637543 1.054389
v -19.320133 13.517624 1.048876
v -19.883900 11.869568 1.035680
v -19.943544 9.926895 1.014788
v -19.749893 11.863495 -1.059471
v -19.800621 9.914032 -1.059524
v -19.337784 13.551086 -1.050725
v -19.323717 13.536880 -3.148435
v -19.677593 11.863190 -3.145345
v -19.686804 9.912949 -3.150442
v -19.075489 8.264465 -3.174551
v -19.092606 8.431610 -1.054056
v -18.600882 6.956497 -3.149647
v -19.226339 8.052536 -5.322952
v -18.798512 6.798492 -5.357882
v -19.606339 9.823227 -5.270257
v -19.513884 9.861816 -7.336799
v -19.295416 7.897720 -7.364295
v -18.940338 6.425446 -7.416200
v -18.520369 5.151062 -7.386384
v -18.788599 4.811279 -9.575511
v 17.912163 3.613617 7.210516
v 18.326721 3.236176 9.416431
v 18.041483 1.436798 11.496205
v 18.832129 4.707962 9.503803
v 18.532228 5.058105 7.328494
v 18.269257 5.436646 5.252186
v 17.947681 5.678497 3.126184
v 17.670378 5.878876 0.987642
v 18.632809 7.201767 3.145580
v 18.566250 7.784882 1.114766
v 18.849640 6.767944 5.260416
v 19.057119 6.317444 7.361308
v 19.595697 7.774963 7.304432
v 19.303204 7.958466 5.228435
v 19.039347 8.233948 3.269335
v 18.891388 8.470001 1.889047
v 17.468836 5.964188 -1.074099
v 18.348221 7.809540 -1.060609
v 18.836079 9.844086 1.125547
v 18.756645 9.883636 -1.067044
v 18.977169 9.137436 1.887061
v 17.442816 6.056244 -3.142694
v 18.318228 7.792786 -3.142938
v 18.720360 9.907761 -3.143791
v 17.679005 11.665848 -1.047920
v 17.686142 11.680466 -3.144724
v 18.434526 7.790512 -5.207925
v 18.729076 9.890381 -5.210659
v 17.667522 11.675598 -5.239367
v 17.491447 5.955963 -5.268373
v 17.697836 5.853180 -7.405202
v 18.650236 7.768723 -7.404108
v 18.787479 9.821564 -7.379590
v 17.653088 11.635208 -7.314301
v 16.513340 12.759338 -7.334239
v 18.692028 10.220612 -9.408513
v 17.639835 11.707489 -9.429319
v 16.540266 12.788055 -9.430335
v 18.952044 9.119202 -8.107451
v 19.002348 9.123886 -9.541065
v 18.924313 8.481110 -8.104183
v 17.939157 5.706451 -9.469728
v 18.720686 7.209839 -9.433315
v 18.979494 8.264175 -9.561584
v 17.182037 4.286972 -11.521651
v 18.215845 5.567642 -11.567751
v 18.881639 6.872391 -11.599319
v 18.951679 7.971085 -11.555440
v 18.914852 8.884369 -11.491610
v 18.728310 10.192886 -11.497431
v 17.678358 11.694473 -11.529095
v 16.533211 12.783051 -11.528402
v 15.300902 13.696228 -9.434681
v 15.322116 13.646271 -11.528202
v 15.325606 13.649078 -7.334702
v 17.679415 11.613098 -13.594467
v 16.483341 12.740311 -13.625341
v 18.722469 10.068985 -13.538310
v 18.848969 8.652863 -13.493124
v 18.903572 7.618591 -13.551934
v 18.910591 6.672333 -13.619688
v 18.433493 5.446091 -13.623929
v 17.279768 3.961884 -13.595608
v 18.566837 5.262909 -15.719300
v 18.913342 6.503677 -15.711707
v 18.882673 7.388306 -15.682452
v 18.826401 8.422134 -15.658758
v 18.698750 9.977646 -15.690540
v 17.587589 11.588715 -15.723621
v 16.427656 12.697952 -15.721898
v 16.331753 12.617310 -17.817879
v 17.509521 11.545883 -17.818529
v 18.587118 9.981171 -17.823923
v 18.815887 8.278030 -17.812473
v 18.894138 7.182861 -17.814102
v 18.910732 6.463745 -17.810974
v 18.772532 5.264847 -17.792654
v 17.889694 3.625305 -17.822868
v 18.132845 3.573914 -19.900227
v 18.899675 5.335922 -19.871006
v 18.915638 6.443848 -19.718647
v 18.897699 7.068176 -19.719648
v 18.791771 8.125137 -19.884672
v 18.543596 9.971298 -19.926668
v 17.414919 11.481461 -19.921379
v 16.120218 12.470276 -22.013155
v 17.306442 11.408218 -22.016552
v 18.417971 9.871429 -21.997831
v 18.756662 7.662079 -21.801352
v 18.863741 6.987335 -20.967930
v 18.892828 6.459976 -20.968601
v 18.878086 5.770996 -21.802168
v 18.214821 3.616455 -21.979881
v 18.154396 3.612671 -24.106085
v 18.746868 5.671051 -24.079287
v 18.598518 7.762466 -24.076365
v 18.274107 9.884491 -24.123787
v 17.186722 11.323761 -24.113346
v 15.944658 12.395477 -24.106945
v 17.012218 11.253494 -26.205135
v 18.119190 9.864319 -26.217281
v 18.485844 7.795837 -26.201490
v 18.660797 5.638702 -26.196312
v 18.179039 3.602661 -26.190079
v 17.131306 2.074936 -28.316914
v 18.299171 3.600693 -28.249332
v 18.686737 5.685349 -28.267776
v 18.478559 7.806335 -28.295452
v 18.030909 9.855103 -28.304863
v 17.951283 9.816895 -30.391367
v 18.575600 7.855682 -30.327442
v 18.804426 5.855179 -30.391079
v 18.629061 3.520859 -30.453228
v 17.550917 1.879837 -30.467155
v 16.486254 0.531937 -30.519417
v 15.534330 -0.410782 -30.546227
v 14.610675 -3.851517 -32.383514
v 15.493516 -2.415756 -32.450958
v 16.249876 -1.236557 -32.466835
v 17.145605 0.035446 -32.517651
v 17.989223 1.321640 -32.553162
v 18.815485 2.687149 -32.502800
v 18.994274 4.233017 -31.167908
v 19.261799 4.023407 -32.559158
v 18.940521 5.366348 -31.126686
v 19.129730 5.481491 -32.496284
v 18.945536 6.801117 -32.316734
v 18.751451 8.239822 -32.352154
v 17.946674 9.795944 -32.436302
v 17.952135 9.859940 -34.582668
v 18.836292 8.594803 -34.534561
v 19.231367 7.365067 -34.506111
v 19.493404 5.669022 -34.522472
v 19.696407 3.662460 -34.539497
v 19.204031 2.057419 -34.541267
v 18.472424 0.785583 -34.518021
v 17.686384 -0.487320 -34.487587
v 16.905010 -1.868469 -34.470375
v 16.209665 -3.233917 -34.444599
v 15.551740 -4.479050 -34.462040
v 16.092875 -5.129578 -36.606743
v 16.846983 -3.703873 -36.611401
v 17.545958 -2.361801 -36.581169
v 18.227850 -1.156250 -36.544807
v 18.989798 0.201645 -36.544930
v 19.676445 1.665375 -36.548592
v 19.937935 3.529160 -36.610718
v 19.807203 5.741531 -36.669750
v 19.428503 7.597244 -36.687355
v 18.851007 8.819275 -36.701805
v 18.031141 9.931656 -36.692093
v 18.145124 10.005814 -38.771984
v 18.898697 8.916840 -38.781773
v 19.396976 7.640717 -38.777168
v 19.783287 5.677902 -38.771107
v 20.058285 3.573441 -38.764454
v 20.182440 1.388901 -38.652473
v 19.684710 -0.330063 -38.622498
v 18.997721 -1.782516 -38.636246
v 18.194448 -3.134079 -38.678043
v 18.962555 -3.916367 -40.704281
v 19.749155 -2.417007 -40.744339
v 20.396086 -0.706207 -40.599930
v 20.573549 1.472229 -40.743675
v 20.323545 3.541901 -40.899647
v 19.896873 5.675323 -40.865772
v 19.386484 7.583740 -40.867100
v 18.899607 8.942871 -40.864700
v 18.961996 8.998856 -42.958755
v 19.519930 7.604141 -42.960270
v 20.136698 5.644974 -42.995094
v 20.666924 3.454803 -43.081783
v 20.871788 1.444870 -42.454964
v 20.989113 -0.665665 -42.299286
v 20.544973 -2.908371 -42.839012
v 21.251997 -0.510788 -43.525784
v 21.176025 -2.120255 -43.650089
v 21.105028 1.280396 -43.677261
v 20.952888 2.598206 -43.934227
v 21.113462 2.944199 -45.242653
v 20.823635 4.141312 -45.070934
v 20.370235 5.753326 -45.041428
v 19.705114 7.633682 -45.054085
v 19.061647 9.091949 -45.054092
v 19.931887 7.650146 -47.136379
v 20.570225 5.981827 -47.119560
v 20.995531 4.614822 -47.109863
v 21.337488 3.275925 -47.118999
v 21.357763 1.360306 -45.174156
v 21.681696 1.509903 -47.135002
v 21.577213 -0.634842 -45.072983
v 21.962044 -0.610458 -47.141445
v 22.361031 -0.609085 -49.246655
v 22.049774 1.495010 -49.246101
v 21.619270 3.507431 -49.230190
v 21.166956 5.063156 -49.264046
v 20.751614 6.265854 -49.296257
v 20.117599 7.744431 -49.281582
v 19.299980 9.281433 -49.243332
v 19.456606 9.322891 -51.380630
v 20.325317 7.827164 -51.402374
v 20.890156 6.578201 -51.274162
v 21.350065 5.379532 -51.334332
v 21.893801 3.664078 -51.437447
v 22.254776 1.511902 -51.390625
v 22.196878 -0.618149 -51.388088
v 22.418276 -2.743820 -49.254559
v 21.941227 -2.739395 -51.441238
v 22.105951 -2.797073 -47.033875
v 21.388275 -2.705887 -53.101799
v 21.501884 -0.587311 -53.290810
v 21.580578 1.501556 -53.335098
v 21.570520 3.654510 -53.223255
v 21.342327 5.553665 -52.935886
v 20.987844 6.693039 -52.563316
v 20.563240 7.609177 -53.444386
v 19.860819 7.748657 -55.347630
v 20.911650 5.717545 -54.086147
v 20.181602 5.741241 -55.639053
v 21.021519 3.649460 -54.461807
v 21.073141 1.509674 -54.611774
v 21.035109 -0.564636 -54.569145
v 20.968569 -2.643600 -54.307259
v 21.129179 -4.967422 -52.588493
v 20.759739 -4.882431 -53.941711
v 21.545185 -4.833298 -51.172230
v 20.453081 -2.632019 -55.732807
v 20.564543 -0.585846 -55.810589
v 20.244759 -4.832428 -55.546871
v 20.569515 1.499649 -55.840542
v 20.396976 3.664703 -55.823227
v 19.633142 3.696365 -57.428276
v 19.363958 5.769196 -57.211796
v 17.556005 7.623535 -59.420315
v 18.710667 5.775925 -58.425087
v 17.943085 5.705338 -59.778809
v 18.947140 3.714371 -58.769257
v 19.797421 1.520309 -57.613106
v 19.138144 1.545624 -58.986412
v 19.854845 -0.617294 -57.573040
v 19.779966 -2.685593 -57.492996
v 19.556105 -4.782043 -57.478443
v 19.794685 -6.878021 -55.534534
v 19.127785 -6.785446 -57.547791
v 20.343901 -6.985764 -53.518936
v 18.796799 -6.053970 -58.788834
v 18.991344 -4.618927 -58.889236
v 19.149860 -2.719162 -59.022675
v 19.188015 -0.616409 -59.068325
v 18.520248 -0.598846 -60.388016
v 18.461018 1.534119 -60.254875
v 18.286287 3.685989 -60.009697
v 17.414881 3.637192 -61.456741
v 17.098463 5.655518 -61.113358
v 16.609272 7.787659 -60.698017
v 15.770021 7.649628 -61.841412
v 16.241285 5.686813 -62.304531
v 16.599642 3.618881 -62.697739
v 17.565123 1.534561 -61.781673
v 16.798788 1.693970 -62.913414
v 17.446890 -0.661469 -62.102848
v 18.505199 -2.735779 -60.278748
v 17.460239 -2.783890 -61.664268
v 18.316452 -4.821152 -60.112637
v 17.834457 -6.581680 -59.976391
v 18.121059 -8.137192 -58.942230
v 18.922337 -8.316910 -56.967503
v 18.133320 -9.329117 -57.967831
v 19.183231 -8.943558 -55.479073
v 19.765772 -8.891556 -53.441971
v 18.112410 -10.330566 -56.847752
v 18.864452 -10.231583 -54.794273
v 17.931301 -11.509491 -55.384132
v 19.167919 -10.460251 -53.299980
v 16.041649 -10.196732 -58.789623
v 15.976112 -8.817184 -59.660271
v 16.032278 -11.389099 -57.663551
v 15.842875 -7.584106 -60.412956
v 15.555890 -6.335587 -61.159588
v 16.938120 -5.990448 -60.767075
v 17.212847 -4.682053 -61.195717
v 15.657294 -4.764511 -61.866692
v 15.829650 -3.248703 -62.482845
v 15.890857 -1.774506 -63.102592
v 15.772773 -0.285950 -63.723000
v 16.823256 0.162674 -62.915222
v 15.876816 1.511887 -63.935589
v 15.687574 3.628403 -63.847019
v 13.750286 -2.371094 -63.733959
v 13.723042 -0.718536 -64.513718
v 14.452706 1.461700 -64.883995
v 13.746787 -3.889038 -63.024197
v 13.696473 -5.298447 -62.338860
v 13.685225 -6.626999 -61.648449
v 13.679937 -7.978546 -60.846092
v 13.710006 -9.258453 -60.035870
v 13.712497 -10.564987 -59.142380
v 13.621750 -11.656723 -57.823929
v 15.855133 -12.014847 -56.408218
v 13.517349 -12.129593 -56.513306
v 11.490813 -11.795105 -57.781456
v 11.541313 -10.784790 -59.282860
v 11.457802 -12.181992 -56.565941
v 11.557882 -9.533264 -60.407066
v 11.547542 -8.331894 -61.247421
v 11.511010 -7.092911 -62.045792
v 11.510396 -5.722809 -62.840538
v 11.536407 -4.410370 -63.534908
v 11.536586 -3.078995 -64.227623
v 11.528880 -1.585144 -64.972160
v 11.419028 -0.294571 -65.562309
v 12.874143 0.051010 -65.161758
v 13.139766 1.603104 -65.465599
v 14.359433 3.615936 -64.901566
v 13.101268 3.443878 -65.423706
v 15.197192 5.744125 -63.546288
v 13.624691 5.707916 -64.614204
v 12.826991 4.793076 -65.121857
v 11.517050 1.478836 -65.902588
v 11.475293 3.475235 -65.648315
v 11.370810 4.883041 -65.185303
v 9.479230 -2.194412 -65.386108
v 9.478243 -0.581924 -66.077499
v 9.458252 1.501038 -66.142006
v 9.487728 -3.419571 -64.733063
v 9.455167 -4.831711 -63.976204
v 9.392186 -6.254440 -63.191910
v 9.388571 -7.434814 -62.464668
v 9.449816 -8.728348 -61.562294
v 9.478106 -9.805161 -60.581062
v 9.463598 -10.784546 -59.443306
v 7.418467 -10.079971 -60.941200
v 7.415436 -10.993179 -59.580833
v 9.436314 3.472061 -65.599518
v 7.351038 3.314255 -65.436256
v 9.441796 4.799072 -65.101349
v 11.534281 6.109573 -64.684570
v 9.435573 6.037003 -64.615448
v 7.360140 4.586578 -64.971901
v 7.351445 5.909378 -64.453506
v 5.181437 3.041550 -65.234207
v 5.212361 4.233688 -64.792160
v 5.234266 5.809647 -64.197754
v 7.328276 7.639511 -63.744427
v 5.212624 7.534225 -63.493034
v 9.427789 7.718323 -63.893951
v 11.533449 7.768936 -63.934860
v 13.275395 7.683685 -63.724258
v 11.400451 9.165939 -63.103172
v 9.434899 9.153885 -63.181190
v 12.888224 8.912811 -62.945740
v 5.205996 8.820328 -62.903908
v 3.072296 5.631577 -63.891563
v 3.083050 7.261429 -63.221397
v 3.094271 8.468735 -62.698555
v 3.039378 3.932877 -64.562950
v 3.000994 2.663910 -65.052826
v 0.980225 2.305145 -64.852829
v 0.977600 3.766525 -64.257248
v 0.968334 5.456314 -63.550087
v 0.940456 6.838043 -62.951199
v 0.964150 8.141037 -62.390327
v 3.122368 9.878220 -62.021851
v 1.046767 9.706757 -61.670914
v 5.205714 10.058029 -62.279987
v 14.659091 7.810013 -62.860538
v 5.221745 11.421783 -61.338005
v 3.137953 11.378036 -61.124496
v 1.107055 11.157288 -60.879303
v -1.079528 7.950851 -61.987255
v -1.012215 9.464584 -61.292439
v -0.959320 10.703812 -60.672291
v -1.121628 6.389374 -62.690048
v -1.118627 5.173340 -63.233208
v -3.232378 4.733307 -62.946671
v -3.246656 6.078552 -62.319908
v -3.270012 7.563538 -61.609013
v -3.245151 9.043640 -60.898693
v -3.193557 10.261490 -60.294029
v -0.969072 12.039719 -59.766487
v -3.183540 11.585663 -59.521961
v 1.118427 12.318848 -59.873310
v 3.195560 12.476059 -59.844460
v -5.282478 9.917313 -59.856255
v -5.265027 11.312393 -59.064144
v -5.321674 8.504425 -60.577866
v -5.306097 7.273636 -61.194176
v -5.282871 5.760498 -61.943298
v -5.293078 4.265930 -62.653755
v -7.387639 3.944519 -62.262867
v -7.394670 5.402817 -61.545010
v -7.397229 6.804413 -60.836205
v -7.377941 8.148911 -60.148800
v -7.345260 9.537918 -59.421738
v -7.329540 10.938171 -58.625858
v -7.330696 12.099991 -57.727188
v -9.509424 11.687988 -57.252625
v -9.420588 10.375656 -58.266632
v -9.391677 9.196396 -58.969795
v -9.425132 7.753967 -59.732071
v -9.456883 6.318161 -60.481865
v -9.443669 5.089386 -61.122780
v -11.514782 4.607330 -60.760300
v -11.523406 6.013931 -60.015419
v -11.505889 7.341599 -59.301987
v -11.466762 8.645203 -58.576778
v -11.445401 9.975113 -57.793869
v -11.495412 11.158188 -56.899361
v -13.605087 11.603317 -55.155903
v -13.563643 10.697403 -56.371887
v -13.584734 9.434601 -57.310474
v -13.646844 8.230179 -58.025917
v -15.802451 7.620758 -57.526840
v -15.785850 9.022217 -56.615265
v -15.803151 10.110764 -55.756416
v -15.764900 10.901260 -54.553638
v -17.728603 9.487717 -55.075001
v -17.866497 8.326721 -56.101074
v -19.814228 7.612747 -55.471603
v -19.051176 8.869263 -54.706623
v -19.332369 9.376602 -53.304932
v -20.733894 8.608109 -51.393368
v -21.266722 9.061539 -47.168327
v -21.444338 9.326874 -45.066967
v -21.950518 9.825226 -38.828060
v -22.569086 8.283264 -42.966034
v -22.712046 8.480484 -40.869129
v -22.816128 8.685440 -38.745434
v -22.414915 8.023926 -45.040051
v -22.141706 7.865784 -47.114151
v -23.004583 6.669266 -47.077675
v -23.232958 6.889206 -45.024979
v -23.481806 7.054825 -42.954216
v -23.608883 7.288101 -40.870975
v -22.998569 8.773544 -36.542244
v -22.130939 9.930359 -36.615421
v -21.297009 11.216995 -34.593781
v 18.647568 10.325562 3.127151
v 19.096024 9.249512 3.262669
v -24.568729 5.935364 -40.859879
v -24.382189 5.782578 -42.934219
v -25.132929 4.599045 -42.920967
v -24.107368 5.653473 -45.030376
v -24.934137 4.357773 -45.046490
v -24.716928 4.081039 -47.124001
v -23.825375 5.486435 -47.104832
v -23.592125 5.181946 -49.214569
v -24.605396 3.414627 -49.261551
v -22.722931 6.455887 -49.233234
v -25.164742 2.599976 -48.449436
v -24.103361 3.441010 -51.331264
v -24.823441 1.530243 -51.699642
v -23.320480 4.922958 -51.182243
v -22.543493 6.081589 -51.334534
v -21.868452 7.650223 -49.271103
v -21.578964 7.447769 -51.366394
v -22.420916 5.496338 -53.472374
v -23.089993 4.716522 -52.664776
v -21.410101 7.116013 -53.280212
v -23.656120 3.439362 -53.063114
v -24.303703 1.532608 -53.486401
v -23.712904 1.530579 -55.041435
v -23.475702 -0.612198 -54.909416
v -23.132368 3.625931 -54.459785
v -21.830374 5.547165 -55.202736
v -22.509922 3.675308 -55.907448
v -21.023937 6.918213 -54.827518
v -20.435749 8.289352 -53.486080
v -19.090052 6.829071 -56.536190
v -19.465103 5.442398 -57.278698
v -20.749413 5.675140 -56.397255
v -17.643129 7.155075 -57.011902
v -21.538805 3.704910 -57.223969
v -22.116917 1.570511 -57.836754
v -23.032038 1.554199 -56.413795
v -22.667517 -0.682053 -56.226334
v -21.870613 -0.763260 -57.596279
v -21.018257 1.583969 -58.841187
v -21.177597 -0.768280 -58.840137
v -20.292145 3.662354 -58.054806
v -17.844690 5.529785 -57.998512
v -18.913279 3.627121 -58.734093
v -15.780188 6.378036 -58.322014
v -17.074818 4.811279 -58.768185
v -17.453510 3.411850 -59.475616
v -15.574512 5.127838 -59.170696
v -18.289612 1.569962 -60.180695
v -19.700665 1.572174 -59.580116
v -20.268763 -0.645432 -60.088921
v -18.925758 -0.419739 -60.886330
v -19.121204 -2.098129 -61.063915
v -16.768093 1.496292 -60.794212
v -17.544048 -0.548523 -61.501534
v -15.717241 3.407593 -60.094872
v -13.701467 5.512985 -59.595882
v -13.624867 4.171585 -60.355629
v -13.705637 6.915390 -58.793911
v -13.441026 2.945618 -61.058731
v -14.909768 2.623749 -60.785847
v -11.502918 3.234756 -61.476982
v -9.445701 3.592865 -61.883385
v 5.310151 -10.473221 -61.219692
v 5.333401 -11.350723 -59.717236
v 3.173171 -10.778809 -61.491962
v 3.203104 -11.630493 -60.017624
v 5.356841 -11.964752 -58.147793
v 3.243356 -12.226334 -58.640060
v 7.388340 -11.659851 -57.848007
v 9.427278 -11.721985 -57.783520
v 7.377661 -12.035370 -56.444611
v 9.420128 -12.110825 -56.465477
v 1.083346 -12.448746 -59.078438
v 1.039105 -12.979355 -57.536346
v -1.069185 -12.730469 -59.336594
v -1.170738 -13.550705 -57.523254
v 1.131287 -13.488419 -55.560841
v -0.669788 -13.744492 -55.494362
v 7.357473 -12.283798 -55.177414
v 9.423622 -12.322083 -55.240547
v 11.479458 -12.416031 -55.372765
v -1.833886 -14.591324 -55.366417
v -1.982603 -14.326843 -56.754974
v 13.543970 -12.418701 -55.321796
v 13.638518 -5.425018 -32.294487
v 13.996761 -7.224564 -34.579391
v 14.727831 -5.917496 -34.449051
v 14.517125 -7.667877 -36.633610
v 15.362310 -6.400970 -36.596283
v 17.340822 -4.226364 -38.724064
v 18.049522 -5.082260 -40.715885
v 18.936319 -6.063309 -42.750656
v 19.861111 -6.675034 -44.873875
v 19.809212 -8.732773 -47.023506
v 20.539110 -7.498138 -46.968346
v 17.361326 -12.613647 -51.355629
v 18.666283 -12.006561 -49.131512
v 18.691589 -11.985855 -51.365669
v 17.231777 -12.466110 -53.339035
v 18.420269 -11.674210 -53.499771
v 15.531168 -12.391129 -55.084160
v 17.093056 -12.315933 -54.821373
v 19.474907 -10.707764 -51.366226
v 19.528458 -10.689941 -49.186790
v 20.297441 -9.251190 -49.217880
v 20.179398 -9.029373 -51.402859
v 20.811913 -7.072800 -51.550652
v 21.060198 -7.646591 -49.235428
v 21.509911 -6.469101 -49.114147
v 21.214893 -6.315247 -50.845963
v 21.245611 -6.072296 -46.925003
v 21.981607 -4.928574 -49.252132
v 21.829939 -4.616302 -46.931774
v 20.471743 -5.437363 -44.859394
v 21.115629 -3.940033 -44.892025
v 21.612179 -2.479065 -45.063049
v 19.821247 -4.560379 -42.807507
v 15.664273 15.900681 32.516655
v 15.440928 15.699570 34.723534
v 17.065115 15.374222 32.531662
v 16.758415 15.220261 34.735115
v 14.939063 15.269455 36.944878
v 16.369307 14.775192 36.877377
v 13.430908 15.776016 36.648438
v 11.579118 16.136047 36.662323
v -2.975097 15.288528 38.035202
v -1.060203 15.495636 38.282444
v 1.038002 15.662628 38.458286
v 9.447518 15.763855 38.441830
v 11.461378 15.563339 38.261570
v 13.118347 15.274612 38.111179
v 13.925230 14.575729 38.782421
v 15.763203 13.737091 38.406052
v 17.663452 14.174545 36.770878
v 18.149319 14.582016 34.729134
v 17.197966 13.271881 37.947002
v 18.283670 14.787689 32.517895
v 19.487970 13.779495 34.706100
v 19.048769 13.170837 36.892879
v 17.907339 12.010834 38.418533
v 15.835723 12.406616 39.222862
v 13.757302 13.058624 39.883507
v 11.628353 14.788895 39.486122
v 11.635159 13.652939 40.580486
v 9.445923 14.947174 39.674210
v 7.337625 14.985092 39.737755
v 5.239269 14.996445 39.755432
v 3.141645 15.000717 39.754776
v 1.039689 15.018967 39.731140
v -1.062533 14.946060 39.572948
v -3.140223 14.809662 39.268867
v -1.054167 13.981033 40.798660
v -3.161842 13.947357 40.735874
v 1.047177 13.986679 40.803474
v 3.143573 13.989182 40.802101
v 5.239299 13.988953 40.810516
v 7.336356 13.994583 40.819260
v 9.457492 13.978607 40.807537
v 9.508270 12.890488 41.937157
v 11.675830 12.035019 41.461792
v 13.744088 11.643509 40.683384
v 15.876445 11.047470 39.988773
v 18.006384 10.462128 39.300995
v 19.393934 11.424484 38.039185
v 20.247717 12.272049 36.830376
v 20.048853 10.089828 38.525639
v 20.663086 12.690231 34.687664
v 21.251959 11.191437 36.929554
v 21.521212 11.481125 34.656578
v 17.984148 9.076614 40.032574
v 20.030479 8.465469 39.420212
v 21.558456 9.342148 38.197117
v 22.261372 9.980286 36.702217
v 22.109468 7.748093 38.791759
v 15.891609 9.599655 40.713085
v 14.158325 9.978378 41.312206
v 12.662420 9.942459 41.989033
v 10.910099 11.283096 42.180084
v 11.202769 9.746109 42.718845
v 9.354246 11.650223 42.731701
v 7.338738 12.962204 41.875336
v 7.363773 11.899597 42.892075
v 5.239263 12.945236 41.844566
v 3.143577 12.934555 41.827995
v 1.047870 12.926575 41.821491
v 3.143561 11.858551 42.817291
v 1.047921 11.850311 42.806561
v 5.238910 11.882904 42.831230
v 5.248058 10.753326 43.862125
v 7.377329 10.637039 43.923347
v 9.460882 9.798157 43.452202
v 10.362164 7.631577 43.889469
v 11.871417 7.680191 43.263260
v 13.217729 7.778564 42.673126
v 14.768590 7.858841 42.002457
v 16.282547 7.911728 41.340347
v 17.954157 7.587524 40.765789
v 19.753490 7.198410 40.179401
v 21.089582 6.846085 39.764740
v 18.341036 5.785324 41.397671
v 19.811129 5.623825 40.878601
v 21.381048 5.541367 40.229988
v 16.862497 5.764084 42.001282
v 15.341614 5.711456 42.618973
v 13.886734 5.617386 43.218502
v 12.335480 5.527420 43.860275
v 11.006429 5.547974 44.364609
v 9.011280 7.545242 44.458363
v 9.414352 5.633194 44.936836
v 8.670487 8.992188 44.088440
v 7.220610 9.376389 44.561085
v 5.262942 9.583908 44.802490
v 3.143237 10.744446 43.802734
v 3.145666 9.578003 44.787834
v 1.047926 10.730942 43.793655
v 1.050124 9.553802 44.795280
v 1.085625 7.882843 45.735931
v 3.130762 7.762497 45.622543
v 5.265278 7.803970 45.471947
v 7.363055 7.706161 45.067345
v 7.379858 5.711105 45.564728
v 7.350398 3.586105 45.735825
v 9.475479 3.602814 45.425701
v 11.418638 3.557632 44.795856
v 12.987421 3.539078 44.249435
v 14.231260 3.568314 43.784977
v 15.850243 3.629456 43.170616
v 17.480600 3.650406 42.546761
v 18.865343 3.656998 42.009338
v 20.298437 3.656967 41.460846
v 21.666992 3.652649 40.643761
v 20.639450 1.466568 41.898647
v 21.836462 1.464951 40.716042
v 19.366390 1.628372 42.455154
v 17.838190 1.581772 43.033783
v 16.017139 1.518555 43.675121
v 14.647223 1.715012 44.130493
v 13.386676 1.541351 44.585144
v 11.618928 1.493576 45.130890
v 9.460444 1.486313 45.589676
v 7.302923 1.483444 45.785603
v 5.326228 3.580658 45.913952
v 5.380047 1.484634 45.975250
v 5.224964 5.655304 45.777905
v 3.077685 5.584259 45.955479
v 1.070409 6.291840 46.036995
v 3.783476 3.554611 46.076530
v 2.254729 4.745834 46.119495
v 2.615102 3.392181 46.209568
v 0.895054 5.097580 46.207054
v 4.108006 1.485321 46.119080
v 5.381664 -0.627335 45.971851
v 7.306128 -0.624283 45.773243
v 4.148774 -0.629868 46.114494
v 9.467424 -0.638199 45.523342
v 11.575669 -0.611038 45.106495
v 13.479461 -0.175079 44.496731
v 14.746788 0.170273 44.027298
v 15.552734 -0.398758 43.249298
v 17.735350 -0.156143 42.529484
v 19.342396 0.021362 42.389816
v 20.085470 -0.742142 41.601532
v 17.870529 -1.285995 41.565262
v 15.772383 -1.852036 42.121532
v 13.556371 -1.583160 43.754452
v 13.628225 -2.719513 42.988621
v 11.493126 -2.240952 44.580353
v 9.483537 -2.740677 45.281395
v 7.369607 -2.739914 45.654945
v 5.371145 -2.720932 45.909012
v 3.895930 -2.756866 46.083813
v 2.961355 -0.626831 46.256546
v 2.747911 -2.636093 46.238968
v 2.921822 1.485245 46.257107
v 0.961607 3.473846 46.382568
v 1.088835 1.485016 46.500885
v -0.948812 6.710403 46.154652
v -0.976336 5.398712 46.374908
v -1.020147 3.607742 46.582176
v -1.043110 1.481186 46.773132
v -1.043100 -0.615952 46.832150
v 1.087452 -0.621704 46.515545
v 1.039594 -2.747498 46.472691
v 2.458560 -4.269730 46.192341
v 3.236568 -4.992645 46.021568
v 1.025212 -4.606705 46.375423
v 5.278268 -4.870056 45.740952
v 7.401340 -4.854980 45.351246
v 9.412581 -4.358337 44.627434
v 11.490874 -3.712479 43.776947
v 11.578952 -4.862000 43.019722
v 13.757092 -3.901001 42.131744
v 15.877332 -3.270767 40.931469
v 17.858156 -2.454727 40.583492
v 16.578737 -3.659576 39.737152
v 13.583107 -5.307556 41.200161
v 18.036573 -3.549316 39.619205
v 11.659224 -6.002167 42.207058
v 9.439967 -5.855392 43.819588
v 9.543633 -7.015228 43.069759
v 7.345870 -6.481369 44.683601
v 5.316627 -6.917786 45.400982
v 1.226482 -6.041458 46.195755
v -1.044053 -2.712875 46.791283
v -3.139426 -2.712677 47.121582
v -3.139577 -0.615768 47.135330
v -5.233921 -2.712708 47.467468
v -5.234538 -0.615036 47.460236
v -3.140108 1.481308 47.043518
v -5.235512 1.481857 47.337753
v -7.277308 -0.613937 47.806755
v -7.366755 1.448868 47.649429
v -9.096704 -0.647324 48.089581
v -9.576697 1.351944 48.003838
v -7.327992 3.592728 47.386040
v -9.460231 3.601471 47.670887
v -5.235285 3.580566 47.112068
v -3.141896 3.577209 46.837585
v -3.112684 5.568893 46.585037
v -5.232738 5.577469 46.816776
v -7.329645 5.596436 47.000214
v -9.434722 5.590546 46.942619
v -11.532649 3.711472 47.523384
v -11.564122 1.891632 48.179245
v -11.540151 5.452072 46.749004
v -10.442970 0.486801 48.217598
v -10.309851 -0.809952 48.277786
v -11.721787 0.646133 48.377640
v -11.679889 -0.760117 48.472881
v -13.603748 1.865692 47.931461
v -13.436563 0.659378 48.438484
v -13.474174 -0.750854 48.651466
v -13.662213 3.617386 47.183884
v -13.543772 5.230713 46.518585
v -11.539424 6.721970 46.125732
v -13.671214 6.411362 45.941013
v -9.437622 6.918045 46.267509
v -7.336373 7.047531 46.363617
v -5.235511 7.092972 46.408051
v -3.093709 6.995438 46.320442
v -3.109121 8.235886 45.843330
v -5.240415 8.337234 45.782845
v -0.966784 8.073135 45.808895
v -7.339598 8.269211 45.704952
v -9.443214 8.103867 45.650215
v -11.552176 7.959244 45.504547
v -13.631612 7.826187 45.235798
v -15.712803 7.819901 44.658447
v -15.919852 5.814102 45.713982
v -15.170946 4.943405 46.312660
v -15.476043 3.508743 46.829700
v -16.923983 3.754608 46.353531
v -17.279070 7.272278 44.331364
v -16.860573 8.965607 43.086075
v -18.143717 8.069473 43.061058
v -14.883352 8.820435 44.002396
v -15.297041 9.638657 42.927406
v -13.437499 9.081314 44.201580
v -11.552990 9.234909 44.535179
v -9.447439 9.470276 44.699440
v -7.342887 9.582352 44.781357
v -5.241084 9.621719 44.809452
v -7.344388 10.682816 43.764565
v -9.439282 10.502899 43.563194
v -5.241786 10.730270 43.811546
v -11.531246 10.329865 43.299999
v -13.577958 10.003433 43.075958
v -15.731963 10.526459 41.607651
v -17.640997 10.283936 41.088814
v -13.598183 10.884995 41.887794
v -19.279081 9.156387 41.252178
v -18.523275 10.537643 38.856827
v -17.051573 11.011032 40.115101
v -17.202387 11.259064 38.617294
v -15.594161 11.390579 40.391567
v -13.593887 11.821503 40.604553
v -11.494995 11.223343 42.130383
v -11.523352 12.316177 40.652107
v -9.437080 11.432419 42.430389
v -7.341818 11.640091 42.659260
v -5.245180 11.799484 42.806160
v -3.144703 11.856293 42.838619
v -3.143770 10.746262 43.818596
v -3.142805 9.601776 44.798260
v -1.018868 9.523987 44.831059
v -1.047773 10.736023 43.803177
v -1.047983 11.860855 42.823269
v -3.148678 12.910843 41.830982
v -5.247871 12.799774 41.717220
v -1.048209 12.923279 41.831524
v -7.341274 12.594467 41.480064
v -9.413199 12.397751 41.180717
v -12.447479 13.019623 38.752525
v -13.964766 12.544800 38.826920
v -10.742851 13.023087 39.890381
v -9.272580 13.244720 40.100182
v -15.658695 11.991562 38.710815
v -17.446278 11.410629 36.662987
v -18.680796 10.770035 36.654186
v -15.789315 12.238174 36.686668
v -14.315706 12.890045 36.685257
v -13.059709 13.286270 36.672192
v -7.356906 13.498016 40.321548
v -5.239515 13.782288 40.500839
v -13.373974 13.442322 34.587440
v -14.642232 13.030151 34.590527
v -15.992212 12.432083 34.572571
v -16.065905 12.630356 32.493050
v -17.718662 11.732651 32.470657
v -17.564133 11.597290 34.538643
v 5.338352 -8.616531 44.696049
v 7.419796 -7.958359 43.905079
v 9.615765 -8.146194 42.267731
v 9.561069 -9.522995 41.319008
v 11.592803 -7.388000 41.228378
v 19.929216 -3.304214 39.341850
v 19.900799 -2.257690 40.482555
v 21.015562 -1.833466 39.831558
v 21.522449 -0.573105 40.377022
v 22.793514 -0.907700 38.881336
v 23.422655 -0.108597 38.076790
v 23.451714 1.539703 38.152790
v 22.768248 1.414749 39.368732
v 22.648542 3.595032 39.313061
v 23.370159 3.581741 38.091255
v 24.118717 3.558624 36.632992
v 23.232290 5.497253 37.960960
v 23.952705 5.668228 36.569595
v 22.441755 5.681625 39.138092
v 23.005838 6.951431 37.833809
v 23.632652 7.365585 36.507496
v 23.290756 8.990738 34.573551
v 23.315353 9.077805 32.483177
v 23.028906 8.698944 36.785713
v 22.425856 10.208511 34.606018
v -5.037040 -14.659790 -58.903255
v -3.123453 -13.885559 -58.311684
v -12.981384 -13.013367 -57.456013
v -14.766506 -11.033020 -56.523098
v -15.939285 -9.102081 -56.818306
v -17.715809 -7.858353 -56.492504
v -13.881166 -13.127335 -55.877190
v -12.536247 -14.462204 -56.820168
v -13.003682 -15.128128 -55.364861
v -7.187811 -16.426765 -58.736794
v -7.179663 -17.531418 -57.745522
v -9.785152 -17.626053 -57.936169
v -11.521631 -16.401840 -56.653790
v -11.570084 -17.682373 -55.428825
v -12.557168 -16.517166 -54.791222
v -14.024787 -15.015564 -53.411800
v -13.148963 -16.797607 -53.278904
v -14.653111 -13.084900 -54.335819
v -15.454407 -11.237671 -54.933357
v -16.525677 -9.752075 -55.334560
v -17.419895 -10.735138 -53.452034
v -16.093960 -11.519104 -53.440239
v -15.236598 -13.049072 -52.960922
v -14.660927 -14.217178 -52.605644
v -14.051005 -15.510727 -51.299850
v -13.174809 -16.852325 -51.287209
v -14.736474 -14.181213 -51.195126
v -12.338572 -18.154991 -53.514542
v -12.286333 -18.158691 -51.222984
v -12.628924 -16.598816 -49.034561
v -11.444151 -17.831245 -49.215240
v -13.644969 -15.244186 -49.147285
v -14.476677 -14.102753 -49.250778
v -15.884645 -12.976303 -51.373222
v -15.798977 -12.952347 -49.269295
v -16.493916 -12.068146 -52.135670
v -18.002665 -11.690308 -51.931435
v -19.564825 -11.442413 -51.409554
v -21.741352 -10.917725 -49.344963
v -20.265678 -11.905914 -49.305798
v -17.590345 -12.389160 -50.681690
v -18.965271 -12.149124 -50.453934
v -18.945330 -12.236206 -49.245026
v -17.631119 -12.569199 -49.233658
v -17.671560 -12.427612 -47.720612
v -15.818952 -12.705246 -47.431984
v -14.103686 -13.521713 -47.145195
v -13.080285 -14.920731 -47.221306
v -12.698441 -14.199860 -45.937378
v -13.584719 -12.945969 -45.213814
v -15.720553 -12.128281 -45.997715
v -17.836182 -11.926147 -46.496819
v -18.884607 -12.170334 -48.084198
v -19.787970 -11.681320 -47.183952
v -21.655096 -10.953384 -47.083286
v -22.824381 -9.878265 -47.089600
v -23.708097 -8.585541 -47.152657
v -24.426680 -7.093262 -45.027122
v -23.510714 -8.502869 -44.978050
v -25.114119 -5.664871 -45.033722
v -22.451323 -9.538605 -44.885818
v -21.039005 -10.230331 -44.917511
v -19.523710 -10.793716 -45.019096
v -17.885942 -11.215881 -44.944374
v -15.765369 -11.175751 -44.881699
v -14.574968 -12.093674 -44.376457
v -17.169836 -10.142670 -43.123596
v -15.873200 -11.145767 -43.059483
v -14.880949 -12.382675 -42.888927
v -18.951178 -9.865250 -43.056198
v -20.368074 -9.391205 -42.967003
v -21.551826 -8.678955 -43.007362
v -22.786041 -7.719818 -43.024807
v -23.867142 -6.643280 -42.949295
v -24.802769 -5.500015 -42.907497
v -25.644760 -4.371521 -45.055504
v -25.520576 -4.200348 -42.949463
v -23.974054 -4.642410 -40.944901
v -24.898848 -3.657257 -40.912571
v -22.849092 -5.729065 -41.008446
v -21.798260 -6.703156 -41.087471
v -20.832253 -7.584305 -41.073040
v -19.610792 -8.749832 -40.980511
v -18.548563 -9.648453 -40.920212
v -17.527916 -10.721024 -40.836071
v -16.557961 -12.150620 -40.892265
v -17.849493 -11.195480 -38.799076
v -17.184669 -12.520416 -38.917263
v -18.584967 -9.679428 -38.698589
v -19.325420 -8.275711 -38.999737
v -19.960119 -7.056442 -39.002075
v -20.943571 -5.767746 -38.826302
v -21.963270 -4.759171 -38.790737
v -23.072735 -3.862762 -38.744175
v -24.284527 -2.887054 -38.709641
v -25.173513 -1.852158 -38.682091
v -24.601902 -1.088974 -36.666557
v -25.467352 -0.008560 -36.805397
v -23.576933 -2.260544 -36.585701
v -22.418493 -3.143646 -36.558792
v -21.096130 -4.079773 -36.516270
v -20.073360 -5.299011 -36.894173
v -19.428942 -6.746338 -37.195972
v -18.889153 -8.164581 -37.482975
v -18.003370 -9.209717 -36.541424
v -17.431162 -11.135178 -37.004810
v -15.998690 -10.316269 -35.428310
v -15.874052 -11.727097 -36.007095
v -18.547586 -7.003098 -35.986176
v -17.152224 -8.443802 -35.384743
v -15.749254 -8.845413 -34.624550
v -17.434469 -6.912643 -34.887909
v -19.033926 -4.937607 -35.504265
v -19.971073 -3.380051 -34.615292
v -21.666937 -2.478592 -34.712639
v -22.984503 -1.522125 -34.581818
v -24.160234 -0.175278 -34.667023
v -25.040010 0.338654 -35.521553
v -23.130487 0.180801 -32.368397
v -21.769600 -0.871155 -32.419777
v -24.225697 1.616272 -32.272781
v -21.286013 -1.724899 -33.319588
v -19.809698 -2.275253 -32.990166
v -17.858484 -3.882401 -33.537952
v -17.680140 -5.387695 -34.343929
v -17.845634 -2.816422 -32.350178
v -15.857125 -7.503647 -33.996460
v -15.923005 -6.072296 -33.296631
v -15.779425 -4.781708 -32.501415
v -15.692554 -3.595963 -31.579643
v -17.880680 -1.893555 -31.303867
v -19.991100 -1.276123 -31.732986
v -15.701323 -2.578079 -30.528149
v -21.062195 0.199631 -30.276993
v -19.628885 -0.448135 -30.367353
v -22.485636 0.909225 -30.169521
v -23.474098 1.963913 -30.276215
v -22.908039 2.494797 -28.234577
v -21.688892 1.709503 -28.416565
v -19.984512 1.112854 -28.399637
v -19.216948 0.285126 -29.133419
v -17.866371 -0.915314 -30.033966
v -17.703793 -0.098511 -28.851778
v -15.745746 -1.664276 -29.337076
v -13.548713 -4.150513 -30.930607
v -13.532293 -3.207397 -29.817377
v -13.552079 -2.394608 -28.669275
v -15.817221 -0.572708 -27.820431
v -13.586864 -1.498566 -27.279127
v -18.007240 0.876495 -27.660461
v -16.676720 0.311539 -27.321392
v -21.276608 2.453522 -27.095219
v -19.764362 2.106003 -26.813877
v -17.899269 1.857635 -26.079348
v -21.955784 3.146210 -26.238419
v -23.162991 4.489243 -24.830292
v -21.872547 4.192413 -24.106850
v -20.064384 2.912720 -25.635445
v -19.948410 3.629562 -24.046101
v -18.665058 2.587952 -25.320866
v -16.328152 0.876053 -26.014767
v -17.043360 2.277908 -24.223898
v -15.819408 1.440521 -24.255077
v -18.259333 3.063812 -24.012060
v -20.863937 4.697433 -22.026829
v -19.392477 4.191254 -22.078369
v -17.970495 3.597366 -22.146183
v -19.929695 12.280319 -32.469311
v -20.309158 5.105377 -19.830616
v -19.007353 4.624527 -19.887648
v -17.578707 3.920746 -19.942404
v -16.670607 2.677917 -22.146721
v -16.464329 2.925903 -19.951647
v -16.230711 3.038391 -17.810963
v -17.508471 4.035889 -17.802189
v -18.708117 4.856873 -17.761469
v -19.996056 5.489456 -17.684042
v -21.095156 6.692047 -17.664701
v -19.360447 13.455994 -22.010071
v -19.261463 13.341827 -24.106142
v -19.433437 13.565613 -19.913149
v -19.123625 13.197922 -26.199568
v -18.987835 13.101608 -28.254745
v -18.791668 12.979553 -30.298954
v -17.673325 13.601318 -28.273476
v -17.546745 13.420746 -30.325893
v -17.687080 13.808517 -26.202715
v -17.731535 14.046448 -24.110008
v -17.757288 14.247269 -22.055079
v -17.877928 14.415833 -19.901226
v -19.720167 5.967499 -15.677327
v -18.446795 5.046173 -15.713851
v -18.707232 4.734665 -13.677122
v -19.629591 5.845978 -13.635242
v -16.428308 15.011581 -19.933119
v -16.115267 14.841034 -22.122568
v -15.859729 14.652771 -24.149681
v -15.710982 14.429138 -26.185104
v -15.733146 14.160812 -28.299500
v -13.898762 14.822983 -26.147526
v -13.583029 14.610062 -28.256565
v -14.307221 15.019424 -24.153980
v -14.807003 15.198166 -22.161894
v -15.232205 15.370850 -19.969986
v -15.478115 15.538315 -17.780193
v -15.586605 15.683640 -15.709291
v -16.965084 15.256180 -13.624996
v -15.579811 15.817963 -13.627277
v -18.207964 14.610657 -11.526468
v -17.020981 15.298630 -11.528493
v -19.405657 5.808014 -11.626186
v -17.063623 15.330521 -9.432346
v -15.594314 15.919739 -11.530031
v -15.603268 15.994354 -9.433601
v -13.644731 16.383209 -13.629128
v -13.642707 16.205856 -15.726160
v -13.645712 16.517120 -11.531700
v -13.667533 15.983536 -17.807264
v -13.602369 15.730850 -19.957354
v -13.407668 15.463745 -22.118586
v -13.040256 15.247894 -24.111692
v -12.383828 15.074738 -26.104464
v -11.423275 15.483154 -24.084684
v -10.998594 15.254776 -26.109945
v -11.572137 15.746063 -22.051018
v -11.531575 16.044678 -19.914509
v -11.533257 16.316162 -17.819553
v -11.534036 16.547882 -15.723450
v -11.534981 16.742172 -13.627018
v -11.515432 16.896973 -11.514114
v -13.644449 16.607437 -9.434164
v -11.613877 17.000549 -9.411514
v -15.612645 16.055984 -7.337894
v -17.097738 15.354111 -7.337100
v -13.611628 16.711853 -7.316569
v -17.146132 15.409393 -5.241773
v -15.626818 16.116867 -5.241828
v -13.657019 16.746796 -5.241493
v -11.706869 17.070862 -7.278659
v -11.681323 17.094452 -5.219968
v -10.060809 17.171448 -9.379809
v -9.370560 17.116776 -11.474825
v -10.379790 17.204041 -7.255544
v -9.413378 16.949753 -13.609158
v -9.433686 16.751785 -15.721779
v -9.434522 16.530304 -17.819233
v -9.433176 16.249634 -19.913202
v -9.432843 15.966553 -22.008659
v -9.432762 15.681519 -24.104208
v -7.336084 16.098633 -22.008228
v -7.336515 15.828232 -24.104485
v -7.336038 16.372070 -19.912287
v -7.336487 16.639542 -17.817389
v -7.336318 16.866150 -15.720964
v -7.340982 17.058868 -13.714305
v -7.323371 17.175934 -12.165030
v -8.550805 17.220184 -10.660425
v -7.166770 17.257828 -10.994387
v -8.896212 17.261948 -9.243170
v -9.154211 17.295502 -7.277299
v -10.483727 17.207016 -5.206254
v -9.293946 17.287354 -5.219445
v -11.712464 17.107269 -3.148124
v -13.611927 16.779358 -3.145520
v -10.379237 17.213837 -3.150280
v -15.641047 16.166687 -3.144940
v -13.650829 16.746353 -1.044840
v -15.644541 16.164993 -1.045287
v -11.605093 17.051483 -1.047752
v -10.035134 17.174896 -1.081838
v -9.152162 17.294754 -3.148156
v -8.863335 17.243530 -1.242068
v -7.335941 17.388474 -5.239123
v -7.366906 17.377380 -7.313689
v -7.369986 17.369232 -3.144608
v -7.244151 17.335281 -9.340164
v -5.235360 17.282654 -11.284542
v -5.229070 17.208221 -12.484385
v -5.244356 17.381882 -9.458911
v -5.235373 17.097626 -13.774562
v -5.244140 16.914749 -15.691210
v -5.239883 16.700073 -17.817171
v -5.239700 16.436539 -19.911793
v -3.143495 16.708130 -17.816307
v -3.143583 16.454254 -19.911360
v -3.126814 16.943878 -15.692955
v -3.103862 17.110840 -13.780754
v -3.090395 17.211700 -12.504338
v -3.103833 17.286652 -11.303496
v -3.126797 17.363861 -9.464960
v -5.239493 17.424255 -7.335461
v -3.142964 17.422989 -7.335394
v -5.239520 17.427490 -5.239096
v -5.239257 17.382538 -3.142805
v -7.234492 17.294144 -1.201222
v -5.224824 17.314392 -1.160620
v -8.505005 17.208237 0.051320
v -9.339048 17.119308 0.908922
v -7.144614 17.230545 0.194152
v -11.503995 16.960388 1.019843
v -7.304921 17.150696 1.403736
v -9.402726 16.965836 3.115479
v -11.533978 16.805389 3.148657
v -7.335503 17.017029 3.201661
v -5.354874 17.238403 0.218422
v -5.224632 17.161392 1.422597
v -3.408837 17.277603 -1.146902
v -3.088405 17.358994 -3.073229
v -3.776142 17.213684 0.128338
v -3.143038 17.407654 -5.238887
v -1.139732 17.317841 -9.352886
v -1.084671 17.356415 -7.335114
v -1.069154 17.349457 -5.199193
v -1.189796 17.263748 -11.034261
v -1.031222 17.183350 -12.200665
v -1.030647 17.072983 -13.726627
v -1.047413 16.891037 -15.719809
v 1.037424 16.991837 -13.611726
v 1.049373 16.823822 -15.720841
v 1.005249 17.145828 -11.494078
v 0.195625 17.225525 -10.689842
v 0.456869 17.251617 -9.271049
v 0.608507 17.273865 -7.335173
v 0.501377 17.264282 -5.172893
v -1.345891 17.297195 -2.987511
v 0.055027 17.230103 -2.967773
v -1.940245 17.237793 -0.921130
v -3.015142 17.137360 0.976128
v -5.238874 17.025879 3.212404
v -3.128706 16.971008 3.121610
v -7.335641 16.827988 5.243141
v -9.433714 16.774139 5.245037
v -5.239112 16.815948 5.241262
v -3.142881 16.780884 5.241918
v -1.046998 16.884125 3.145078
v -0.992342 17.053116 1.055499
v -1.047093 16.692535 5.241113
v -0.507664 17.158295 -0.901472
v 1.441721 17.136856 -3.037355
v 1.726517 17.190506 -5.199200
v 1.091213 17.066956 -0.977049
v 1.865922 17.190353 -7.335174
v 1.653610 17.184631 -9.419524
v 3.135249 16.985901 -11.516253
v 3.147042 16.862976 -13.625047
v 3.264037 17.056885 -9.431871
v 3.146015 16.691193 -15.720822
v 5.245253 16.656403 -13.625501
v 5.243228 16.488953 -15.720623
v 5.245401 16.772278 -11.528883
v 5.244314 16.835236 -9.431849
v 3.318430 17.076645 -7.335226
v 5.244290 16.860443 -7.335093
v 3.294031 17.065033 -5.238599
v 3.148049 17.006256 -3.102892
v 3.146458 16.908005 -1.046131
v 1.049591 16.937134 1.049745
v 3.145883 16.764847 1.049582
v 1.049649 16.771561 3.145890
v 1.048849 16.572754 5.240756
v -1.047204 16.483429 7.336729
v -3.143257 16.553543 7.336696
v 1.048428 16.369080 7.335923
v -5.239312 16.586517 7.336869
v -3.143380 16.325974 9.432346
v -5.239462 16.343246 9.432890
v -1.047663 16.267029 9.431715
v 1.047817 16.167496 9.430619
v 3.145114 16.230743 7.336636
v 3.145294 16.416153 5.241012
v 3.144586 16.055038 9.431742
v 3.145611 16.599380 3.145414
v 5.243754 16.543457 1.050261
v 5.244124 16.681503 -1.045784
v 5.243256 16.382690 3.146027
v 5.244741 16.786682 -3.142038
v 5.244995 16.845261 -5.238544
v 7.343757 16.543030 -7.335073
v 7.344898 16.528397 -9.431986
v 7.346065 16.539551 -5.238365
v 7.344553 16.459167 -11.528862
v 9.486094 16.073364 -9.435763
v 9.432362 16.034409 -11.529010
v 9.445895 16.107300 -7.335149
v 9.489087 16.095383 -5.254331
v 7.344866 16.477448 -3.141685
v 9.428130 16.041321 -3.141860
v 7.343687 16.374939 -1.045305
v 7.341740 16.236694 1.050391
v 7.341356 16.087769 3.146349
v 5.242315 16.207245 5.241379
v 7.339893 15.926208 5.241534
v 5.240899 16.029343 7.336161
v 5.240929 15.883636 9.431957
v 3.143940 15.911652 11.526896
v 1.047613 16.002869 11.526227
v 5.239372 15.762482 11.526746
v -1.047822 16.074387 11.527277
v 1.047734 15.889236 13.622420
v -1.047825 15.916199 13.622648
v 3.142828 15.813202 13.622074
v 5.238772 15.710785 13.622389
v 7.325123 15.565308 11.527002
v 7.377154 15.648834 9.453197
v 7.371559 15.538315 13.602996
v 7.340073 15.783630 7.337312
v 9.294669 15.572830 5.241125
v 9.339283 15.717926 3.146673
v 9.295842 15.443649 7.357027
v 9.378790 15.850006 1.051168
v 9.406132 15.954651 -1.045165
v 11.302931 15.523468 -3.157901
v 11.355656 15.557465 -5.281370
v 11.173867 15.469681 -1.045796
v 11.417164 15.548920 -7.354939
v 12.571359 15.102737 -5.297819
v 12.597941 15.115646 -7.367863
v 12.513680 15.064377 -3.169477
v 12.434944 15.035278 -1.045985
v 12.321385 14.979828 1.049800
v 11.062201 15.408447 1.050543
v 10.918621 15.325180 3.146050
v 10.760174 15.225937 5.240401
v 10.616828 15.151672 7.370203
v 9.251573 15.342468 9.486642
v 10.506600 15.104004 9.507317
v 9.275028 15.301361 11.528155
v 9.252679 15.320374 13.570335
v 7.335292 15.615311 15.717984
v 5.239142 15.752777 15.718224
v 9.331858 15.407135 15.698093
v 3.143535 15.820404 15.718204
v 5.239359 15.871521 17.813942
v 3.143619 15.892242 17.814484
v 7.335750 15.770874 17.813276
v 9.438847 15.585129 17.828470
v 10.551249 15.105545 13.551384
v 10.844688 15.174835 15.703043
v 11.166823 15.338196 17.857750
v 10.464140 15.084763 11.528971
v 11.747853 14.803223 9.487123
v 11.849654 14.832947 7.357330
v 11.670523 14.821899 11.527329
v 12.026021 14.857681 5.241035
v 12.178890 14.916702 3.145681
v 13.730246 14.392853 1.050452
v 13.760372 14.442368 -1.046041
v 13.688104 14.326904 3.146267
v 13.752445 14.518723 -3.158178
v 15.292921 13.605911 -1.046008
v 15.318010 13.641388 -3.142303
v 15.267736 13.567703 1.049631
v 15.246725 13.532440 3.145592
v 13.635930 14.254105 5.241378
v 15.218790 13.480591 5.240295
v 13.597938 14.214249 7.336226
v 13.534860 14.213989 9.451427
v 13.581490 14.230576 11.525225
v 11.789803 14.842590 13.569510
v 13.583522 14.325974 13.599201
v 12.043835 14.936127 15.726261
v 12.481836 15.073410 17.875832
v 9.435267 15.838394 19.904976
v 11.418453 15.575272 19.920628
v 12.966447 15.255524 19.929073
v 7.335840 15.992706 19.908281
v 9.434800 16.120163 22.000107
v 7.336624 16.267029 22.001369
v 11.556102 15.856354 21.991371
v 13.319531 15.496536 21.985624
v 14.202164 14.914246 19.911402
v 13.881980 14.687134 17.853994
v 14.656607 15.116455 21.982439
v 13.731310 14.486496 15.693969
v 15.449463 13.563065 13.586385
v 15.300214 13.491730 11.524965
v 15.560276 13.756668 15.622455
v 15.244678 13.480286 9.429558
v 15.212153 13.456696 7.334939
v 16.435007 12.710510 5.239419
v 16.446491 12.716934 3.143963
v 16.461897 12.720947 1.049284
v 16.550657 12.776352 11.523832
v 15.619242 14.034180 17.785931
v 15.738151 14.338242 19.891037
v 16.061838 14.585739 21.993900
v 15.115479 15.338135 24.098129
v 13.545744 15.765045 24.087669
v 11.536069 16.159363 24.092638
v 13.659258 16.045883 26.200315
v 11.537123 16.443756 26.188358
v 15.431885 15.582153 26.222483
v 17.362841 13.499878 19.909948
v 15.602480 15.774170 28.296951
v 15.626423 15.922318 30.383808
v 19.854507 -0.520935 24.106236
v 18.355028 1.069199 17.800640
v 18.179865 1.431732 15.711867
v 17.332172 -0.202881 15.704953
v 17.410059 -0.250046 13.601635
v 17.636539 -0.766891 17.644590
v 19.287201 -2.141052 24.069550
v 20.342279 -0.556076 25.808718
v 19.698477 -2.423111 26.138298
v 20.851856 -0.601166 27.259293
v 20.813564 -2.669815 29.366867
v 20.209953 -2.577240 27.783739
v 21.461266 -2.494568 30.825642
v 18.692640 -3.507858 26.132477
v 18.758425 -3.434891 24.055531
v 19.283075 -3.986084 28.097034
v 18.368731 -3.098969 21.920582
v 17.745256 -2.928726 19.714226
v 17.124300 -2.177292 18.366737
v 15.780807 -3.784103 18.825005
v 15.492148 -2.578125 17.945053
v 17.345947 -4.468445 20.289747
v 15.897567 -5.476166 19.854309
v 17.712845 -4.696136 22.049797
v 17.537308 -4.587067 24.089520
v 17.469414 -4.218704 26.161316
v 17.628736 -4.606003 28.193226
v 18.040295 -5.511032 30.269787
v 20.077263 -4.725037 30.197081
v 20.976158 -3.838089 31.155319
v 22.013260 -2.612152 32.468674
v 21.267363 -4.274323 32.648979
v 22.370247 -2.862137 34.564045
v 22.383352 -2.942245 36.717659
v 21.576000 -4.542496 34.556686
v 21.458065 -4.268738 36.599297
v 19.963976 -5.511520 32.450317
v 19.963602 -5.652634 34.588150
v 18.046795 -5.840088 32.496506
v 15.781813 -5.563065 30.273975
v 15.758136 -4.996506 28.239220
v 16.450146 -5.786987 32.516956
v 15.665641 -4.979187 26.209463
v 15.762729 -5.703949 24.000481
v 16.401686 -6.000763 21.944727
v 15.193727 -6.340134 22.037584
v 15.191468 -6.111313 20.667255
v 15.018050 -6.009659 23.156435
v 13.738515 -5.547318 23.940601
v 14.382978 -5.898071 23.106550
v 13.670488 -5.094452 26.150063
v 13.736061 -5.512894 27.772354
v 13.760663 -6.216980 29.202227
v 14.921043 -6.017151 31.062271
v 13.528032 -7.097549 30.546356
v 15.235000 -6.156586 32.613598
v 16.516933 -5.677811 34.525299
v 15.323236 -6.299393 34.585976
v 18.028862 -5.756241 34.552444
v 19.908125 -5.245880 36.696152
v 17.993866 -5.391449 36.693237
v 20.953146 -3.710754 37.846786
v 19.821903 -4.290070 38.230042
v 21.513134 -2.587219 38.579533
v 17.973032 -4.690201 38.554848
v 16.343388 -5.442093 36.700058
v 16.251366 -5.081970 38.957306
v 15.066764 -6.144882 36.651337
v 14.183682 -7.413925 34.573387
v 14.061161 -7.255249 32.477226
v 13.928333 -7.191788 36.653175
v 11.580458 -8.007523 29.295151
v 11.677847 -7.063553 28.148378
v 12.699675 -8.067215 31.131159
v 11.297402 -9.125534 30.698816
v 13.017201 -8.437027 32.620121
v 11.677489 -6.241333 27.107388
v 11.607928 -5.436050 25.755878
v 11.563003 -4.967087 24.092083
v 9.447351 -5.974625 25.287064
v 9.432033 -5.099396 23.897127
v 9.416554 -6.787766 26.332636
v 9.306543 -7.716202 27.471039
v 9.306530 -8.800980 28.500158
v 9.360234 -9.905533 29.506435
v 10.590732 -10.163452 31.178360
v 9.285229 -11.223557 30.693806
v 12.012072 -9.474045 32.474197
v 11.015965 -10.680496 32.641407
v 13.186709 -8.634247 34.571419
v 12.273411 -9.820435 34.586540
v 13.084174 -8.541962 36.674881
v 12.922106 -8.329285 38.597221
v 13.750406 -7.015579 38.631218
v 14.932729 -5.988373 38.621841
v 12.646677 -8.033264 39.840206
v 12.153596 -9.621674 38.714226
v 12.420323 -9.849487 36.701149
v 11.364673 -11.041672 34.605991
v 11.460857 -11.187454 36.686951
v 10.031644 -11.698959 32.489925
v 10.462054 -12.203079 34.582901
v 7.300998 -11.767548 29.767487
v 7.298905 -10.616333 28.885582
v 8.593149 -12.368546 31.200369
v 7.215091 -13.201889 30.764917
v 9.077676 -12.845367 32.600544
v 7.300033 -9.369507 27.884518
v 7.291877 -8.285812 26.944244
v 5.222040 -9.752136 27.554335
v 5.241757 -8.447479 26.757986
v 5.235351 -11.139633 28.407061
v 5.244863 -12.247665 29.119381
v 5.225664 -13.480789 29.943897
v 6.579993 -14.419205 31.258293
v 5.122778 -14.843674 30.805479
v 8.035010 -13.898117 32.447163
v 7.024932 -14.991501 32.537376
v 8.585288 -14.382248 34.443661
v 9.493480 -13.336136 34.509651
v 10.518782 -12.268997 36.691292
v 9.528340 -13.312454 36.705906
v 11.296085 -10.907288 38.611794
v 10.372521 -12.027237 38.741623
v 9.227550 -13.101532 38.704586
v 8.736060 -12.222534 39.897495
v 8.376581 -14.332443 36.700512
v 7.489230 -13.659470 38.645348
v 7.443789 -15.483276 34.537518
v 7.264080 -15.163971 36.622974
v 5.413342 -16.206299 32.242767
v 5.536728 -16.631111 34.656788
v 2.996310 -14.356262 31.285278
v 3.067535 -13.091599 30.345802
v 2.978333 -15.844589 32.379715
v 3.145029 -12.009598 29.539782
v 3.165881 -10.866165 28.728207
v 3.160022 -9.550995 27.868927
v 0.970218 -10.359436 29.313257
v 0.984085 -9.099991 28.083923
v 0.891925 -11.305435 30.224037
v 0.870879 -12.302353 31.273384
v 0.952635 -13.626816 32.533161
v 1.542633 -14.789246 32.917061
v 2.990987 -16.254013 34.661488
v 1.438084 -15.034210 34.707809
v 5.361510 -15.563110 36.730862
v 3.166540 -15.304718 36.637016
v 6.768140 -14.443954 37.898003
v 5.123055 -14.464340 37.909214
v 5.259410 -13.549728 38.991375
v 7.239893 -12.445831 40.149178
v 5.235385 -12.492477 40.233578
v 5.300179 -11.707275 41.532585
v 3.114263 -12.504593 40.393860
v 3.174257 -13.456894 38.922668
v 3.125029 -11.862915 41.707916
v 3.328579 -14.391830 37.859886
v 1.600350 -14.855423 36.565983
v 1.966204 -14.276932 37.744419
v 0.255424 -14.053909 34.495369
v 0.372057 -14.018707 36.628960
v -0.270257 -12.420654 33.141457
v -1.024645 -11.243057 32.734367
v -0.759750 -12.807297 34.668488
v -0.993228 -10.200272 31.418476
v -0.900911 -9.101074 30.146910
v -1.013050 -8.481857 28.556911
v -3.110129 -9.203278 30.316433
v -3.215510 -8.524338 28.439003
v -3.109347 -9.626938 31.799187
v -3.101859 -10.025665 33.109089
v -1.770725 -11.634705 34.571033
v -3.187145 -10.451202 34.857647
v -0.996840 -13.183762 36.603241
v -2.218863 -12.277603 36.566498
v 1.108042 -13.629745 38.627094
v -1.078443 -13.420547 38.774948
v 1.001251 -12.738388 40.592087
v 0.969459 -12.119827 41.880917
v -0.893583 -12.207794 41.996979
v -0.975734 -12.835983 40.769924
v -2.451579 -12.560410 38.729458
v -2.418950 -12.499039 40.713547
v -3.368833 -11.309158 36.695007
v -3.599149 -11.717621 38.751892
v -5.243033 -10.747162 34.600296
v -5.190831 -10.567017 32.802261
v -5.241439 -10.977661 36.684067
v -5.154306 -10.159866 31.379511
v -5.206692 -9.459412 30.043581
v -7.253886 -10.748367 30.891951
v -7.294113 -9.929779 29.689735
v -7.253545 -11.365738 32.449039
v -7.321198 -11.211594 34.593014
v -7.334895 -11.598480 36.699203
v -5.343748 -10.949631 38.813400
v -7.518938 -11.837021 38.785740
v -3.572836 -11.813263 40.857113
v -5.264055 -10.833847 40.770153
v -2.205718 -12.208603 41.973812
v -3.046424 -11.591415 42.810707
v -5.219384 -10.336685 44.529808
v -5.129889 -10.665161 42.755875
v -7.228232 -11.522308 40.789982
v -7.347163 -11.166519 42.895233
v -9.371197 -12.285156 37.810959
v -9.393062 -11.801117 36.330818
v -8.431928 -12.153046 39.565834
v -9.570585 -12.441574 39.217186
v -8.629649 -12.167130 40.932892
v -9.447087 -11.213577 34.660858
v -9.441587 -11.136475 32.528545
v -11.591254 -11.370407 34.383884
v -11.538627 -10.632385 32.707458
v -11.597574 -12.083176 35.833298
v -11.529607 -12.721268 37.121677
v -11.409779 -12.985886 38.809097
v -9.777086 -12.414932 40.636997
v -11.563083 -12.778275 40.681419
v -10.126530 -12.266159 42.001343
v -9.368946 -11.957123 42.900238
v -11.679647 -12.351227 42.227310
v -13.634680 -13.756363 40.896301
v -13.130123 -13.953415 38.765728
v -13.588699 -12.908524 42.533760
v -13.650953 -13.680069 36.647594
v -14.310739 -14.601349 38.756393
v -14.364465 -14.621811 37.208160
v -14.475018 -14.402054 40.110332
v -15.822265 -15.018951 40.513046
v -17.852131 -15.044907 40.621639
v -17.783873 -15.744247 38.706009
v -15.787968 -15.418335 38.709419
v -19.069498 -14.477798 40.120560
v -19.227003 -14.684402 38.741879
v -19.346304 -13.185654 40.568871
v -19.642401 -11.332657 41.053833
v -19.003468 -10.514511 42.238403
v -20.287876 -9.110916 40.939411
v -20.226957 -11.154846 38.857681
v -19.761860 -13.154022 38.689369
v -20.672533 -9.373260 38.845039
v -19.102221 -14.605225 37.114868
v -17.656694 -15.215637 36.714172
v -19.597311 -13.380600 36.550755
v -20.459518 -11.350769 36.588760
v -20.954184 -9.560623 36.661446
v -21.029743 -7.953140 38.867420
v -21.282957 -8.347305 36.828163
v -21.463837 -6.527618 38.849258
v -21.704153 -4.427841 40.934792
v -22.064709 -5.066116 38.789284
v -21.744905 -6.995621 36.686481
v -22.745445 -5.394073 36.706360
v -21.199450 -8.319717 35.186466
v -20.568394 -9.103638 34.413071
v -21.638071 -6.897415 34.795971
v -19.508581 -10.988663 34.629936
v -19.344406 -8.865540 33.103245
v -18.859724 -10.130020 33.587326
v -20.855059 -6.547882 32.895023
v -19.544016 -7.286789 32.175503
v -22.374521 -5.231430 34.614243
v -21.743587 -4.741714 32.670509
v -23.848997 -4.304398 36.783787
v -23.566601 -4.227829 34.580730
v -24.916767 -3.373474 34.538788
v -22.978539 -3.662460 32.442459
v -24.359596 -2.786316 32.632175
v -23.817575 -1.612198 30.756121
v -22.302902 -2.818314 30.459871
v -21.064011 -3.782150 30.370689
v -21.682510 -2.385025 28.188141
v -20.766350 -3.549683 28.163649
v -22.783110 -1.196335 28.392746
v -24.540236 -0.254242 30.060104
v -23.664312 -0.112198 28.410006
v -23.095827 0.200073 26.892475
v -22.272070 -0.379181 26.073189
v -23.798248 1.603180 26.520382
v -21.252663 -1.830078 26.048004
v -21.442381 0.038040 24.121429
v -20.493240 -1.269180 24.047604
v -22.974987 1.446808 25.093119
v -22.279968 1.626205 23.708797
v -21.558992 2.049942 22.153246
v -20.597443 0.696884 22.161800
v -22.315279 3.632050 21.762857
v -19.439556 -0.735855 22.081059
v -19.746004 1.679718 20.107992
v -18.697805 0.627197 20.092245
v -20.591795 2.712402 20.091816
v -21.473324 4.132904 20.040741
v -17.747282 11.908630 30.392353
v -20.610521 4.795471 17.990978
v -19.745106 3.765167 18.023655
v -18.688023 2.729706 18.016363
v -17.616621 1.676514 18.018209
v -17.683985 3.758148 15.935196
v -16.659462 2.625748 15.890041
v -18.686882 4.804382 15.986371
v -19.882280 5.843002 15.981543
v -16.343472 12.746185 24.101851
v -16.518049 12.850800 21.971405
v -16.244642 12.703857 26.197342
v -16.716471 12.964783 19.829901
v -18.126541 12.528107 17.804497
v -16.944851 13.128326 17.781290
v -19.909874 5.782181 13.640160
v -18.554663 5.007324 13.668222
v -17.200655 4.332764 13.685961
v -15.952450 3.360764 13.704050
v -17.382650 4.179657 11.522593
v -15.832079 3.478516 11.537846
v -18.684088 4.781601 11.536863
v -15.580811 13.665543 17.795513
v -15.627851 13.995331 15.729006
v -15.457589 13.458252 19.853336
v -15.284711 13.302170 21.984814
v -13.655686 14.008789 19.891209
v -13.631632 14.270599 17.818804
v -13.558873 13.836624 22.007551
v -13.659822 14.595795 15.773199
v -15.650574 14.343262 13.647634
v -14.056221 14.852249 13.666618
v -17.465771 13.833374 11.550976
v -17.698822 14.006561 9.444592
v -16.299253 14.854630 9.382524
v -15.948307 14.607620 11.519274
v -14.518512 15.101608 11.518039
v -13.207440 15.403275 11.537254
v -12.636473 15.154083 13.712189
v -12.020428 14.939163 15.822697
v -11.635038 14.714584 17.841932
v -11.491978 14.506424 19.879288
v -10.660339 15.146683 15.832695
v -10.018547 14.981873 17.824551
v -9.661252 14.833527 19.823441
v -11.181707 15.398651 13.720667
v -11.554049 15.692932 11.543915
v -13.514064 15.700867 9.430095
v -15.072998 15.323700 9.389611
v -11.533263 16.031616 9.439203
v -15.403041 15.546280 7.246716
v -19.218262 8.345016 3.139626
v -15.577714 15.755753 5.212964
v -15.603864 15.948517 3.152572
v -13.651748 16.311554 5.253467
v -13.660025 16.030807 7.313210
v -11.536668 16.365128 7.346403
v -9.433696 16.229126 9.436760
v -9.433745 16.524078 7.341740
v -9.433136 15.910965 11.530745
v -9.474910 15.590210 13.670605
v -9.155543 15.332993 15.787622
v -7.335381 15.746735 13.622849
v -7.335950 16.034805 11.529342
v -7.358171 15.498734 15.744146
v -7.335850 16.316040 9.434034
v -7.335651 16.580627 7.338150
v -11.535433 16.611115 5.247213
v -13.649195 16.506744 3.153749
v -15.634873 16.098328 1.054561
v -13.649355 16.651703 1.054323
v -18.362284 14.665726 -1.046770
v -17.171886 15.453125 -1.046533
v -17.185760 15.462723 -3.144891
v -18.359905 14.657104 -3.145384
v -19.131140 8.456696 1.054939
v -18.278713 7.366745 1.055717
v -18.533075 7.155151 -1.030063
v -18.330513 7.269089 3.161263
v -18.313103 5.420670 -5.255132
v -18.083395 5.609039 -3.011153
v -17.517584 5.917740 -0.994230
v -17.229475 6.270325 1.052231
v -17.315296 6.181427 3.178348
v -18.999414 6.525925 5.120310
v -17.852757 5.574127 5.247371
v -16.165432 5.176208 3.232293
v -16.114250 5.241928 1.049497
v -16.617189 4.804321 5.362947
v -16.434010 4.951294 -0.993764
v -16.886278 4.400131 -3.000765
v -17.460228 3.992493 -5.139020
v -17.984993 3.635666 -7.261040
v -18.285460 3.310242 -9.481125
v -18.917652 4.499146 -11.718190
v -18.070452 3.514038 -11.710705
v -16.913500 2.475113 -11.644614
v -17.311308 2.035126 -9.450184
v -16.780693 2.483429 -7.263083
v -16.287489 2.991165 -5.191321
v -15.770507 3.503143 -3.083410
v -15.282421 4.012054 -1.047563
v -15.023224 4.240234 1.060187
v -15.251812 3.971878 3.196762
v -15.283325 3.906250 5.422886
v -15.682997 3.604279 7.410253
v -17.166094 4.335632 7.394489
v -18.511703 4.920425 7.251417
v -17.484114 4.074936 9.425955
v -18.874403 4.632294 9.410855
v -15.877934 3.429642 9.444997
v -14.726514 2.624084 5.303521
v -14.753278 2.499527 7.361879
v -14.731703 2.474838 9.432725
v -14.488972 2.717133 3.146401
v -14.103750 2.997864 1.073354
v -13.961624 3.288025 -1.086423
v -14.638777 2.644775 -3.148314
v -15.102898 2.124298 -5.234992
v -15.480439 1.590546 -7.260945
v -15.928534 1.142654 -9.437526
v -15.594250 1.460449 -11.637458
v -16.478003 2.827423 -13.669857
v -15.288502 1.998444 -13.660272
v -17.653025 3.786575 -13.676970
v -13.965787 0.828415 -11.562862
v -13.621811 1.187210 -13.648195
v -14.008579 0.568497 -9.394958
v -14.034161 0.757690 -7.205623
v -13.681111 1.233459 -5.173890
v -13.216249 1.789551 -3.147065
v -12.649689 2.443802 -0.991452
v -12.981168 1.542877 1.095024
v -13.720418 1.457336 3.167070
v -14.027508 1.295654 5.248204
v -14.076959 1.272095 7.343200
v -13.971052 1.281128 9.431446
v -13.829061 1.363495 11.547701
v -14.700039 2.493011 11.534977
v -14.977862 2.208939 13.698075
v -13.864340 1.278336 13.736027
v -13.047094 -0.105698 9.435219
v -12.878769 -0.024170 11.548837
v -12.891441 0.131714 13.683903
v -13.175939 -0.225739 7.332920
v -13.246782 -0.164215 5.221700
v -12.905427 0.077026 3.315006
v -12.480344 0.378967 1.925483
v -11.416491 0.505875 0.094722
v -11.198817 1.258148 -1.395555
v -11.318476 -0.653229 1.544132
v -11.350022 1.074203 -3.221592
v -12.182787 0.657028 -5.193049
v -12.630629 0.324203 -7.213911
v -12.759696 0.255966 -9.375988
v -11.460021 -0.054398 -9.395106
v -11.290785 0.033295 -7.251642
v -10.971338 0.257645 -5.372455
v -10.618656 0.415512 -3.983357
v -9.633741 0.401581 -2.621708
v -9.288007 0.191254 -3.620219
v -9.595684 0.637802 -1.647049
v -9.446896 0.164734 -0.565876
v -9.438789 -0.858322 0.850061
v -9.206612 -1.742249 2.158308
v -10.654751 -1.642471 2.015367
v -11.991404 -1.027878 3.145848
v -11.031701 -2.161682 3.170630
v -12.429315 -1.457886 5.195421
v -12.420928 -1.521423 7.357337
v -12.198476 -1.416504 9.497684
v -11.489582 -1.315689 11.608291
v -11.413801 -0.950317 13.587615
v -11.095918 -2.302902 9.402620
v -10.729258 -1.849503 10.841698
v -9.504404 -1.852463 12.137558
v -9.461321 -2.204819 11.095934
v -9.497087 -1.564209 13.420193
v -11.417171 -2.781219 7.400112
v -11.484219 -2.833588 5.128521
v -9.413702 -2.622726 3.220114
v -9.533313 -3.587723 5.059443
v -7.477509 -0.269745 1.036266
v -7.166496 -1.350449 2.941413
v -7.937848 -2.176865 3.615190
v -7.574302 0.571335 -1.170563
v -8.372389 0.543381 -1.911581
v -8.422256 0.332779 -2.369501
v -7.567655 0.037643 -3.027160
v -5.314795 0.287766 -1.185731
v -5.329597 -0.083496 -3.106662
v -5.665905 0.184372 1.053557
v -5.496981 -0.256332 3.109529
v -6.529643 -1.547775 5.191522
v -7.695408 -2.530243 5.278741
v -5.118717 -0.452194 5.262116
v -9.536066 -3.615707 7.439334
v -7.669315 -2.543427 7.372906
v -9.496767 -2.841644 9.525093
v -8.136991 -1.930481 10.904354
v -7.845851 -2.201904 9.393307
v -7.375863 -1.347656 11.550119
v -7.373493 -1.270325 13.215845
v -7.357237 -1.745758 14.412164
v -9.531939 -1.765839 14.629440
v -11.680769 -1.269928 15.168821
v -5.246228 -1.207291 13.184294
v -5.303596 -0.699036 11.533234
v -5.226723 -1.797012 14.513598
v -6.680156 -1.455582 9.464456
v -5.202000 -0.527161 9.439629
v -6.418243 -1.599106 7.338917
v -5.137690 -0.611237 7.334283
v -4.112423 0.440659 3.159821
v -3.292807 0.334061 5.275044
v -3.194668 -0.031738 7.358750
v -4.504910 0.581741 1.162253
v -4.520124 0.543427 -0.415321
v -3.064138 1.072968 1.029565
v -3.078730 0.932266 -0.732556
v -2.911225 1.031128 3.068213
v -2.581927 0.689285 4.484907
v -1.117795 0.443237 5.747631
v -1.156494 0.883942 4.632825
v -1.030832 0.010284 7.475234
v -3.176639 -0.198624 9.437078
v -1.044164 -0.055511 9.425268
v -3.171451 -0.387329 11.506990
v -3.123872 -1.140671 13.277105
v -3.079299 -2.002716 14.330821
v -7.337043 -2.433151 15.799446
v -5.214634 -2.718567 15.688205
v -3.080278 -3.032837 15.427736
v -0.997103 -0.739349 13.471915
v -0.930879 -1.719757 14.563911
v -0.944803 -2.988434 15.295004
v -1.053721 -0.074570 11.601451
v 1.091210 -0.315506 9.376625
v 0.729411 -0.892303 7.335728
v 1.013890 0.093018 11.557012
v 0.613428 -0.644028 5.262605
v 0.134185 0.467133 4.378126
v -1.130261 1.499954 3.135923
v 0.996359 1.055573 3.145383
v -0.934210 2.175934 1.063981
v -0.986952 2.050781 -0.991002
v -3.304591 0.703186 -2.090914
v -1.083318 0.937164 -2.486042
v 1.097412 2.185608 -1.582932
v 1.045591 1.179428 -2.824373
v -0.073380 2.609589 -0.331757
v 1.223598 2.855682 -0.572131
v -0.055324 2.612091 0.431700
v 1.109919 2.525269 1.875480
v 1.214303 2.875702 0.509800
v 3.110420 0.414032 2.147491
v 3.203588 1.899841 1.366747
v 3.161091 -0.935699 2.790457
v 1.599736 -0.566284 3.698223
v 2.080901 -1.653320 4.173553
v 1.760415 -2.005707 5.394073
v 2.202313 -1.753891 7.381384
v 3.103518 -1.104187 9.341902
v 3.194448 0.353729 11.489895
v 0.989794 -0.226730 13.630712
v 3.150052 0.223373 13.575729
v 4.998144 0.206436 10.838364
v 5.315141 -0.993027 9.230084
v 3.923036 0.613464 12.154179
v 5.290530 0.756195 11.873910
v 3.941031 0.486984 12.887198
v 3.435640 -2.441376 7.286712
v 3.711174 -1.816025 8.503779
v 4.745061 -1.728622 8.471611
v 3.052749 -3.116852 5.328301
v 3.115873 -2.341309 3.552059
v 5.216102 -0.028732 1.469873
v 5.285749 -1.301254 2.394692
v 5.151341 -2.609085 3.448808
v 5.197250 1.237137 0.742217
v 3.223897 2.941803 0.390948
v 5.194077 2.432220 -0.105501
v 7.292874 1.310181 0.711950
v 7.265002 2.322250 -0.202538
v 7.213244 0.013580 1.776356
v 7.502225 -1.222000 3.052329
v 6.860607 -2.183151 3.778908
v 5.280486 -3.556580 5.344918
v 7.068124 -2.743973 5.480513
v 4.935393 -2.563782 7.371784
v 6.462807 -1.997742 7.593366
v 6.908275 -0.335556 9.247738
v 7.702600 -1.048279 7.486710
v 6.425905 0.492401 10.498195
v 7.206148 0.954468 11.234457
v 5.349104 0.538300 12.841902
v 7.291012 0.558807 12.764670
v 5.239621 0.055511 14.025556
v 7.332764 0.059662 14.070464
v 9.207483 1.183350 11.330663
v 9.247259 0.618912 12.790590
v 9.409122 0.038712 13.992014
v 8.030644 0.572723 9.270562
v 9.544032 1.402481 9.377892
v 8.745472 -0.121887 7.360864
v 8.197164 -1.616379 5.292008
v 9.248699 -0.475586 5.229130
v 8.531122 0.421936 1.970854
v 9.051728 -0.395676 3.154850
v 9.392279 1.400101 1.443427
v 9.338204 2.517334 0.227497
v 11.535873 2.874664 0.649509
v 11.515882 2.409042 2.069688
v 10.153496 0.771149 3.060683
v 11.607316 2.002914 3.502213
v 10.246470 0.605820 5.231099
v 9.838481 1.017349 7.276256
v 11.541816 1.855438 7.434205
v 11.621714 1.186401 9.568831
v 10.980596 0.729706 11.395048
v 10.631275 0.492538 12.663534
v 11.457958 -0.094177 13.522082
v 9.437079 -0.671921 15.687451
v 7.347054 -0.703125 15.695707
v 11.522839 -0.774261 15.618351
v 5.278530 -0.870743 15.496314
v 3.109841 -1.171677 15.175194
v 1.085925 -1.466888 14.809945
v 3.147264 -2.418762 16.071110
v 1.067922 -2.868515 15.584554
v 5.198120 -1.750092 16.858912
v 7.354759 -1.432037 17.002934
v 9.434707 -1.368073 17.072075
v 11.536186 -1.469543 16.986912
v 13.572310 -0.907791 13.596986
v 13.552436 -1.133362 15.558555
v 13.528877 -1.827789 16.783154
v 12.107498 0.108582 11.678191
v 13.675172 -0.546173 11.565248
v 12.470479 0.427383 10.377221
v 13.667383 0.701874 8.866795
v 13.677715 1.610779 7.190780
v 13.786944 0.012421 10.053170
v 11.601975 1.899689 5.271107
v 13.487506 2.249496 5.426986
v 15.177642 2.273346 5.368133
v 15.544572 1.529312 6.989877
v 15.789781 0.434296 8.523470
v 15.568070 -0.413452 9.806098
v 15.648254 -1.188629 11.387132
v 15.634342 -1.134918 13.582360
v 15.457369 -0.807632 15.658734
v 15.550827 -1.508484 17.003086
v 13.533378 -2.756897 17.729324
v 11.480052 -2.360413 18.179157
v 9.439356 -2.059967 18.355953
v 7.284621 -2.221939 18.297668
v 5.089071 -2.582932 17.865768
v 3.071851 -3.693726 17.023195
v 5.001620 -3.521744 19.084095
v 3.082503 -5.102448 18.187561
v 7.203281 -3.008163 19.717810
v 9.378747 -2.919983 19.907667
v 11.391330 -3.321762 19.440811
v 13.541348 -3.850266 18.888529
v 17.211037 -0.117096 11.593082
v 16.908373 0.212189 10.127909
v 17.408052 1.480743 9.315981
v 16.896299 2.224899 7.137751
v 16.367947 2.659210 5.135753
v 17.482899 3.863510 5.161324
v 15.683008 2.875397 3.164648
v 17.144506 4.062393 3.082222
v 14.803374 2.510056 4.103376
v 13.624987 2.762543 2.612325
v 13.698818 3.124878 0.935879
v 15.543840 3.608017 0.981806
v 13.409405 2.499496 3.861287
v 16.804798 4.558777 0.965497
v 16.481396 4.906311 -1.074960
v 15.361903 4.088272 -1.072817
v 13.581944 3.423431 -1.053823
v 11.510179 3.235458 -0.986767
v 9.294397 3.422241 -1.161160
v 9.370393 3.110962 -3.095790
v 11.533359 3.202881 -3.142442
v 13.556231 3.504807 -3.143635
v 15.240438 4.166260 -3.141874
v 16.376484 5.011780 -3.142748
v 16.473705 4.914764 -5.304320
v 15.381143 4.071365 -5.269074
v 13.582122 3.443695 -5.234233
v 11.524131 3.144333 -5.241147
v 9.569491 2.879028 -5.212043
v 7.269539 2.845612 -3.227452
v 8.026729 2.653595 -5.214911
v 7.235717 3.079178 -1.285127
v 5.227678 2.734360 -1.221298
v 5.264617 2.597504 -2.453788
v 6.475288 2.460785 -3.991368
v 6.748217 2.269531 -5.445374
v 5.054617 1.940308 -3.681318
v 7.117144 2.054459 -7.275213
v 8.592623 2.503448 -7.225104
v 9.919146 2.704330 -7.235158
v 11.546905 2.989426 -7.295901
v 13.679551 3.299225 -7.366320
v 15.562204 3.846115 -7.417709
v 16.677429 4.726700 -7.478557
v 16.524485 12.772934 -5.239193
v 16.522697 12.775146 -3.143042
v 16.909710 4.509857 -9.482125
v 15.666068 3.584808 -9.436932
v 13.672416 3.123474 -9.394113
v 12.012207 2.787552 -9.358735
v 10.553924 2.495468 -9.324926
v 9.066089 2.296692 -9.350626
v 7.384480 1.932739 -9.398701
v 7.264785 1.810349 -11.513341
v 9.457272 1.885681 -11.480861
v 11.183771 2.120239 -11.438283
v 12.693110 2.441437 -11.403856
v 14.132965 2.777008 -11.415997
v 15.674137 3.284851 -11.450262
v 15.284900 13.601883 -13.625125
v 16.078543 2.985535 -13.571776
v 14.744004 2.419144 -13.523224
v 13.276023 2.004913 -13.567412
v 11.558908 1.646179 -13.495690
v 9.429751 1.322357 -13.523607
v 9.429325 0.712509 -15.268263
v 11.530239 0.904678 -15.285627
v 13.724414 1.174683 -15.798466
v 15.347359 1.807892 -15.723003
v 16.532858 2.576843 -15.752398
v 17.590958 3.812210 -15.770515
v 15.231937 13.545639 -15.722513
v 13.715981 14.367722 -15.722120
v 13.769640 14.460114 -13.625761
v 13.756685 14.525665 -11.531860
v 15.159433 13.466492 -17.818821
v 13.649797 14.258575 -17.819416
v 16.979507 2.191940 -17.788301
v 16.079590 1.124435 -17.669044
v 14.838586 0.102432 -17.592709
v 15.367129 -0.482880 -19.740490
v 16.365631 0.774063 -19.850460
v 17.276224 2.040131 -19.895485
v 16.244774 12.561584 -19.915981
v 15.068601 13.368439 -19.915581
v 13.569333 14.132874 -19.916203
v 11.870385 14.801117 -19.873175
v 12.108980 14.894623 -17.818346
v 12.292997 14.973389 -15.721395
v 13.471844 14.005005 -21.971556
v 11.717342 14.666504 -21.899960
v 14.952308 13.245087 -22.010729
v 17.264570 2.051254 -22.008423
v 16.435852 0.787872 -22.030758
v 15.501727 -0.448746 -22.047523
v 15.008332 -0.021957 -24.116180
v 16.110956 1.083664 -24.108086
v 17.043324 2.237228 -24.101362
v 14.823576 13.117218 -24.101770
v 13.509476 13.784119 -24.105766
v 11.574763 14.506302 -24.066677
v 9.923028 14.951828 -24.005140
v 10.304690 15.062424 -21.854586
v 10.610811 15.173477 -19.842461
v 11.546147 14.293671 -26.170155
v 9.640587 14.790451 -26.117754
v 13.428525 13.611267 -26.195881
v 14.678486 12.996429 -26.191559
v 15.824778 12.266922 -26.197781
v 16.967871 2.301498 -26.194317
v 15.816636 1.333755 -26.190619
v 14.702576 0.440094 -26.195297
v 13.824931 -0.954453 -24.105961
v 13.396933 -0.515762 -26.183283
v 14.182965 -1.498276 -21.982084
v 13.674660 -0.698639 -28.390116
v 14.758467 0.286652 -28.407471
v 16.045662 1.074997 -28.357346
v 16.942122 11.112717 -28.299799
v 15.728426 12.128708 -28.295660
v 14.533648 12.869431 -28.291498
v 13.312052 13.473618 -28.294727
v 11.507546 14.129486 -28.298004
v 9.398264 14.651077 -28.290709
v 11.464070 13.958664 -30.390898
v 9.440056 14.489273 -30.391127
v 13.136526 13.368286 -30.390387
v 14.412780 12.796310 -30.391720
v 15.710071 11.976730 -30.391695
v 16.884682 11.031342 -30.390816
v 14.449890 -1.574539 -30.515934
v 12.613644 -1.704865 -28.337585
v 13.323484 -2.951035 -30.361862
v 12.288700 -1.276138 -26.179615
v 16.855511 10.979782 -32.484531
v 15.683600 11.914810 -32.486320
v 14.313213 12.726974 -32.485725
v 13.045476 13.311081 -32.485867
v 15.664863 11.888138 -34.580311
v 14.252608 12.698380 -34.580521
v 12.980903 13.256546 -34.580631
v 16.867041 10.972321 -34.578465
v 16.966909 10.975983 -36.680859
v 15.671247 11.918961 -36.674557
v 14.220779 12.702393 -36.675583
v 12.945745 13.226746 -36.675972
v 11.415583 13.720993 -36.676258
v 11.428508 13.786392 -34.581398
v 11.444487 13.865372 -32.486481
v 14.205439 12.712845 -38.770744
v 12.934309 13.220718 -38.771477
v 11.413887 13.701477 -38.771645
v 15.680779 11.965164 -38.769501
v 16.996538 11.076279 -38.766312
v 18.202291 10.114410 -40.857273
v 17.060823 11.134140 -40.862953
v 15.684942 11.999191 -40.865135
v 14.205405 12.724243 -40.866497
v 12.939610 13.216141 -40.866879
v 11.414863 13.688660 -40.867092
v 9.439176 14.177353 -40.867130
v 9.438353 14.184662 -38.771595
v 9.437198 14.211197 -36.676151
v 11.419915 13.682648 -42.962875
v 9.441066 14.176453 -42.963112
v 12.952760 13.216431 -42.962723
v 14.225092 12.762527 -42.961742
v 15.714802 12.073013 -42.960518
v 17.154596 11.228973 -42.955856
v 18.310493 10.218384 -42.950817
v 18.354864 10.297470 -45.048576
v 17.203039 11.295181 -45.054039
v 15.729718 12.114288 -45.057438
v 14.221280 12.774323 -45.058533
v 12.954358 13.219315 -45.058731
v 11.423157 13.675690 -45.059250
v 9.441978 14.155975 -45.059406
v 11.417325 13.643768 -47.155926
v 9.441522 14.100327 -47.156082
v 12.918616 13.199326 -47.155300
v 14.186873 12.770538 -47.155453
v 15.729583 12.121536 -47.155159
v 17.228037 11.327988 -47.152573
v 18.385340 10.389420 -47.147907
v 19.174248 9.188293 -47.148987
v 18.386354 10.453201 -49.247475
v 17.204525 11.305679 -49.251648
v 15.710696 12.087799 -49.253250
v 14.097493 12.732849 -49.252434
v 12.830451 13.153641 -49.251793
v 11.393460 13.553574 -49.252373
v 9.440206 13.996948 -49.252625
v 11.357129 13.426575 -51.310684
v 9.440757 13.847595 -51.350346
v 12.706907 13.081085 -51.144253
v 13.936605 12.676682 -51.312454
v 15.662110 11.994919 -51.352367
v 17.145660 11.254562 -51.351665
v 18.343609 10.477768 -51.349724
v 19.498940 9.346252 -53.345669
v 18.236137 10.399033 -53.485695
v 17.003819 11.130630 -53.438473
v 15.581393 11.819809 -53.406265
v 13.471634 12.620407 -53.408463
v 12.574945 13.001221 -52.570465
v 11.338156 13.283218 -52.975407
v 11.528973 13.049042 -54.433041
v 13.645254 12.232590 -55.528797
v 11.576721 12.740097 -55.973766
v 15.430938 11.538010 -55.533909
v 16.782812 10.873306 -55.565895
v 18.245045 9.871735 -55.765408
v 19.175030 9.269089 -55.046532
v 19.017630 8.013199 -56.731949
v 18.293663 7.813431 -58.111725
v 17.550594 9.565781 -57.616829
v 16.299938 10.524139 -57.664474
v 15.104060 11.184006 -57.448925
v 13.525099 11.761536 -57.545883
v 11.589753 12.287796 -57.706059
v 13.472008 11.240463 -59.158028
v 11.607585 11.664566 -59.492832
v 14.805596 10.855515 -58.825035
v 15.731626 9.912796 -59.738876
v 16.968607 9.144730 -59.098564
v 15.126601 9.217026 -61.251724
v 13.622196 9.531296 -61.949654
v 13.683610 10.553650 -60.420784
v 7.316032 9.042831 -63.082127
v 7.323565 10.236649 -62.423500
v 9.469201 10.380051 -62.310768
v 11.601976 10.159546 -62.091480
v 11.625338 10.991470 -60.829445
v 9.482967 11.279053 -61.155930
v 7.342569 11.464554 -61.326435
v 5.260031 12.455887 -59.854927
v 7.350933 12.316132 -59.827145
v 9.486201 12.052536 -59.682709
v 9.479951 12.664307 -57.999596
v 7.358099 12.903763 -58.314560
v 5.273044 12.993576 -58.591400
v 3.234360 13.013275 -58.688869
v 1.128209 13.006058 -58.708679
v -1.004197 12.883209 -58.660542
v -3.179940 12.759186 -58.378777
v -5.270030 12.480942 -58.083767
v -5.234525 13.226761 -56.886238
v -7.337945 12.943298 -56.504547
v -3.158194 13.409973 -57.128582
v -1.037806 13.479782 -57.352837
v 1.107477 13.477737 -57.495255
v 3.208011 13.440140 -57.502338
v 5.260930 13.381287 -57.358627
v 7.365255 13.286850 -57.058403
v 9.493746 13.085953 -56.551758
v 5.245321 13.842285 -55.531487
v 7.358316 13.651459 -55.488037
v 9.482384 13.379547 -55.132065
v 3.164601 13.963120 -55.597996
v 1.065336 14.038651 -55.600094
v -1.050992 14.046356 -55.532646
v -3.152416 13.964569 -55.487896
v -5.236289 13.762772 -55.429512
v -7.364580 13.494446 -55.174889
v -9.545208 12.612976 -55.988113
v -9.594007 13.158096 -54.644562
v -11.620451 12.180862 -55.512627
v -11.692471 12.744492 -54.017162
v -9.590908 13.580124 -53.157825
v -11.663461 13.129929 -52.550591
v -7.372683 13.959000 -53.512531
v -5.251906 14.273895 -53.465485
v -3.149017 14.442902 -53.460712
v -1.048676 14.500961 -53.457352
v 1.049576 14.461288 -53.452892
v 3.146428 14.350372 -53.449257
v 5.243767 14.192017 -53.448917
v 3.146176 14.620987 -51.349770
v 1.049397 14.741440 -51.350746
v 5.244055 14.450165 -51.350449
v -1.047706 14.808151 -51.354103
v -3.146825 14.778519 -51.356750
v -5.247513 14.635910 -51.358208
v -7.349029 14.359940 -51.358841
v -9.515180 13.939407 -51.412941
v -11.448821 13.463577 -51.084534
v -13.650724 12.187454 -53.519547
v -13.636358 12.699554 -51.487053
v -12.806520 13.112000 -50.719261
v -15.583172 11.529785 -53.071423
v -15.641229 11.949051 -51.367393
v -14.245324 12.847733 -49.272102
v -15.884254 12.241287 -49.257008
v -13.044000 13.258163 -49.139252
v -11.475851 13.716446 -49.272022
v -9.448175 14.219528 -49.257675
v -7.348162 14.615372 -49.257610
v -5.245397 14.852432 -49.255821
v -3.185534 14.979813 -49.279396
v -1.047422 14.999420 -49.399574
v 1.055496 14.948441 -49.261417
v -1.081705 15.122452 -47.690224
v -3.252182 15.097672 -47.589535
v 1.064500 15.058258 -47.516323
v -5.257923 14.977127 -47.219643
v -7.345901 14.743591 -47.157669
v -9.443896 14.358536 -47.157623
v -11.512198 13.871170 -47.157867
v -13.310265 13.358246 -47.191975
v -14.535814 12.963013 -47.215034
v -15.887659 12.489334 -47.194359
v -17.276020 11.249680 -51.193863
v -17.551107 11.540695 -49.248699
v -17.708860 11.782150 -47.158596
v -16.952381 10.993561 -52.709301
v -17.719761 10.334854 -53.432480
v -18.451441 10.616486 -51.357483
v -19.742661 9.726624 -51.402592
v -18.904991 10.865295 -49.268646
v -19.131716 11.122620 -47.164852
v -17.705164 12.017441 -45.100288
v -19.321814 11.308014 -45.074036
v -15.973358 12.635513 -45.153423
v -14.720186 13.041199 -45.186275
v -13.443245 13.428131 -45.152027
v -11.579541 13.933121 -45.094551
v -9.440258 14.414108 -45.059563
v -7.316780 14.790848 -45.097904
v -5.150167 15.047836 -45.246822
v -3.265247 15.136948 -46.197430
v -4.281589 15.134048 -44.536655
v -3.067885 15.177963 -44.864960
v -5.499466 15.027557 -43.001080
v -7.371543 14.788330 -42.962738
v -4.291574 15.124298 -42.887123
v -9.437408 14.427444 -42.962952
v -11.533719 13.978470 -42.963345
v -13.510209 13.479691 -42.997986
v -14.874193 13.097549 -43.020771
v -16.098469 12.735977 -42.998985
v -17.823069 12.151978 -42.968441
v -19.496775 11.461761 -42.976547
v -20.285652 10.262985 -47.191620
v -20.491522 10.469513 -45.079712
v -20.694433 10.658554 -42.980988
v -20.046881 10.012741 -49.310543
v -20.949146 8.914749 -49.311272
v -21.617258 9.539413 -42.969131
v -20.862957 10.799652 -40.936302
v -21.747404 9.751129 -40.905670
v -19.686346 11.579605 -40.913490
v -17.900118 12.278915 -40.871834
v -16.296156 12.798080 -40.867855
v -15.035296 13.151047 -40.867149
v -13.505840 13.553802 -40.867661
v -11.530640 14.005188 -40.867390
v -9.435566 14.430618 -40.867176
v -7.350397 14.768829 -40.866913
v -5.463689 15.004410 -40.900391
v -4.235218 15.110641 -40.922928
v -5.409447 14.985901 -38.860870
v -7.296534 14.770386 -38.804962
v -4.158655 15.097733 -38.894440
v -9.432147 14.435272 -38.771397
v -11.527927 14.046722 -38.771412
v -13.548600 13.610229 -38.771187
v -15.264757 13.210663 -38.759659
v -16.491234 12.879166 -38.751839
v -17.980762 12.413986 -38.798222
v -19.776472 11.714294 -38.872181
v -21.024988 10.948456 -38.904915
v -21.221201 11.044174 -36.708832
v -19.799746 11.907104 -36.709026
v -18.059782 12.588181 -36.649303
v -16.733011 12.984116 -36.632214
v -15.451883 13.316269 -36.644447
v -13.646459 13.709793 -36.664017
v -11.525113 14.114563 -36.675106
v -9.433669 14.496490 -36.676140
v -7.337284 14.789474 -36.675911
v -9.433211 14.585770 -34.580620
v -11.526696 14.247330 -34.579880
v -7.279016 14.858109 -34.579250
v -13.625834 13.886536 -34.581360
v -15.593732 13.470413 -34.569466
v -17.007820 13.119965 -34.562279
v -18.254391 12.732803 -34.573277
v -19.879820 12.102417 -34.592857
v -18.551023 12.854034 -32.446495
v -17.323124 13.260086 -32.462959
v -15.642306 13.677689 -32.486740
v -13.624527 14.080826 -32.485268
v -11.527400 14.426498 -32.484489
v -9.355672 14.730545 -32.410187
v -7.603533 14.941513 -32.322517
v -5.609160 15.018295 -34.614769
v -5.369049 14.994064 -36.746155
v -6.121852 15.064529 -32.344284
v -4.155117 15.081741 -36.793011
v -4.398994 15.104416 -34.676994
v -4.770507 15.159958 -32.443737
v -6.764204 15.163925 -30.228252
v -8.166393 15.044006 -30.195185
v -5.181707 15.263474 -30.314535
v -9.700035 14.878723 -30.255106
v -11.468332 14.652939 -30.331161
v -13.626211 14.322067 -30.390648
v -15.753981 13.906754 -30.369041
v -11.837046 14.874741 -28.203938
v -10.313336 15.068985 -28.159012
v -8.863449 15.206284 -28.175678
v -7.260009 15.327164 -28.236401
v -5.239410 15.423889 -28.292631
v -3.143378 15.326889 -30.387917
v -3.163996 15.219666 -32.482586
v -3.143492 15.492783 -28.292633
v -2.969137 15.174957 -34.678364
v -2.959035 15.149872 -36.746059
v -2.930891 15.165421 -38.860798
v -2.974574 15.176498 -40.900524
v -1.047903 15.211594 -40.866951
v -1.076127 15.205795 -38.804783
v -1.026921 15.198425 -36.675594
v -1.086822 15.212692 -34.616982
v -1.047921 15.271484 -32.484535
v -1.047765 15.374176 -30.389124
v -1.047719 15.520081 -28.293428
v -3.143709 15.702194 -26.197483
v -5.239866 15.653168 -26.198124
v -1.047741 15.711609 -26.197794
v -7.336072 15.557892 -26.199015
v -9.372111 15.393204 -26.155403
v -5.239581 15.895935 -24.101904
v -3.143654 15.934555 -24.101700
v -1.047725 15.930984 -24.101711
v 1.048083 15.669327 -26.197540
v 1.048198 15.491364 -28.293699
v 1.048505 15.892166 -24.102682
v 1.047985 15.339752 -30.388783
v 1.052400 15.232681 -32.467545
v 0.920068 15.192459 -34.579964
v 0.879676 15.171967 -36.675533
v 0.874867 15.182404 -38.771229
v 0.875628 15.187607 -40.866997
v 2.246025 15.118484 -38.771267
v 2.237403 15.120377 -40.867035
v 2.295775 15.113846 -36.675537
v 2.514192 15.125092 -34.563335
v 2.788291 15.170837 -32.440144
v 3.040079 15.263443 -30.372190
v 3.172658 15.398026 -28.319084
v 3.144412 15.584518 -26.198111
v 3.144901 15.800659 -24.103304
v 1.048315 16.122772 -22.006565
v -1.047674 16.179550 -22.006681
v 3.144959 16.025925 -22.007448
v -3.143647 16.194443 -22.006947
v -5.239706 16.167511 -22.007326
v -1.047499 16.435760 -19.911669
v 1.048632 16.371063 -19.911537
v 3.145307 16.262497 -19.912098
v 5.242319 15.865112 -22.008324
v 5.241047 15.634293 -24.102903
v 5.243155 16.095139 -19.913177
v 5.264357 15.426651 -26.193153
v 4.970113 15.269714 -28.361404
v 4.609486 15.154999 -30.386511
v 4.115586 15.093491 -32.423775
v 3.744684 15.048508 -34.552441
v 3.554035 15.038422 -36.675632
v 3.504384 15.034515 -38.771324
v 5.282211 14.871094 -36.675724
v 5.277566 14.857391 -38.771378
v 5.290635 14.908737 -34.563629
v 5.497181 14.966125 -32.440620
v 5.849967 15.042999 -30.415003
v 6.427673 15.126663 -28.356552
v 6.897481 15.252853 -26.158857
v 7.188843 15.421844 -24.072781
v 7.346384 15.622925 -21.967779
v 7.341696 15.831802 -19.913643
v 5.244377 16.314423 -17.817913
v 3.145516 16.486404 -17.816212
v 7.343085 16.038269 -17.818172
v 1.048873 16.608383 -17.816191
v -1.047456 16.675095 -17.815720
v 7.344086 16.212494 -15.722009
v 9.321583 15.660614 -17.817183
v 9.266797 15.496460 -19.871834
v 9.370980 15.818939 -15.721855
v 9.059065 15.346313 -21.898003
v 8.697184 15.189667 -24.010509
v 8.159260 15.077133 -26.111383
v 7.737673 14.956955 -28.311464
v 7.435709 14.848389 -30.415827
v 7.307886 14.742996 -32.468941
v 7.338398 14.649826 -34.580471
v 7.338825 14.600616 -36.675980
v 9.439219 14.275986 -34.581032
v 9.438488 14.359146 -32.485718
v 10.845370 15.303085 -17.817905
v 11.029789 15.390274 -15.721067
v 9.405476 15.934875 -13.625214
v 7.343111 16.347656 -13.625136
v 11.168344 15.463135 -13.624645
v 11.304507 15.503876 -11.531823
v 12.429299 15.032852 -13.624166
v 12.524479 15.078979 -11.534112
v 13.779666 14.560562 -9.441267
v 12.576268 15.102493 -9.444838
v 11.358109 15.543716 -9.441628
v 13.738449 14.582642 -7.354387
v 15.281195 13.670471 -5.254500
v 13.769242 14.541672 -5.281429
v 16.490797 12.743423 -1.047170
v 7.337496 14.565811 -38.771374
v 7.340963 14.574020 -40.867188
v 5.278923 14.852005 -40.867115
v 7.340847 14.558609 -42.963070
v 5.274291 14.838928 -42.963070
v 3.424214 15.030762 -42.951530
v 3.495624 15.030167 -40.867065
v 5.211581 14.811539 -45.047798
v 2.995306 15.037338 -45.089836
v 7.340607 14.525284 -45.059250
v 7.342936 14.478104 -47.156219
v 5.243966 14.748322 -47.155994
v 3.121116 14.949493 -47.152607
v 1.038463 15.116516 -46.025242
v 2.127120 15.116745 -44.307770
v 0.871738 15.162735 -44.676147
v 2.214653 15.122040 -42.804005
v 0.876389 15.183472 -42.951427
v -1.104899 15.168900 -46.448547
v -1.082157 15.207565 -45.022331
v -1.047946 15.217239 -42.962936
v 3.147006 14.825974 -49.253437
v 5.244335 14.633835 -49.253326
v 7.342499 14.367874 -49.253120
v 7.343149 14.206161 -51.351112
v 7.342211 13.957169 -53.448845
v 9.459908 13.638046 -53.426941
v -3.005319 15.188095 -43.001263
v 5.362043 -12.266953 -56.832230
v 3.248131 -12.654663 -57.302338
v 3.211923 -13.061050 -55.602379
v 5.297112 -12.479645 -55.305794
v 9.429118 -12.459778 -53.409363
v 7.332959 -12.469940 -53.377377
v 11.514526 -12.597275 -53.486614
v 5.249743 -12.606354 -53.451874
v 3.172018 -13.247726 -53.442333
v 1.181533 -13.663452 -53.446510
v -0.502352 -13.927750 -53.435284
v -1.679880 -14.629089 -53.440208
v -3.269661 -14.882034 -57.141575
v -5.031074 -15.568115 -57.901436
v -5.021248 -16.625023 -56.770794
v -3.312177 -15.651443 -55.579983
v -2.966436 -15.650040 -53.458603
v -1.880596 -14.570877 -51.399086
v -3.030632 -15.412827 -51.385315
v -0.591107 -13.959167 -51.366920
v 1.141244 -13.521622 -51.336052
v 3.164001 -13.107330 -51.331551
v 5.199784 -12.637253 -51.325634
v 7.336642 -12.464005 -51.450268
v 9.430481 -12.401642 -51.460075
v 11.495257 -12.589584 -51.333561
v 13.593418 -12.672211 -53.477985
v 13.618508 -12.776199 -51.344929
v 9.407354 -12.162094 -49.795818
v 11.431962 -12.411591 -49.201294
v 13.592278 -12.703461 -49.228802
v 7.297979 -12.264191 -49.768364
v 5.143835 -12.465591 -49.555229
v 3.120447 -12.752319 -49.328583
v 1.066539 -13.155457 -49.226173
v -0.823969 -13.611877 -49.318012
v -2.328536 -14.131622 -49.375031
v -3.571756 -14.938141 -49.486904
v -4.275299 -16.358894 -51.337692
v -4.101515 -16.557137 -53.304436
v -4.794940 -15.664276 -49.315788
v -4.110471 -16.512360 -54.862919
v -5.325004 -17.706238 -55.365646
v -5.131055 -17.475594 -53.371300
v -5.505834 -17.323242 -51.207523
v -6.280564 -16.363449 -49.173111
v -5.403080 -14.825409 -47.716751
v -7.354186 -15.447189 -47.525990
v -3.935141 -14.301270 -48.103142
v -3.170443 -13.531693 -47.318443
v -1.097861 -12.979553 -47.149929
v 1.152787 -12.401627 -47.088070
v 3.082401 -12.144058 -47.823246
v 5.092944 -12.092667 -48.267567
v 7.269115 -11.991470 -48.553066
v 9.260311 -11.907867 -48.609722
v 10.611341 -12.103882 -48.402977
v 7.301802 -11.553146 -47.113785
v 9.341059 -11.568375 -47.088242
v 10.941276 -11.977478 -47.019215
v 5.109171 -11.583282 -46.955452
v 3.279967 -11.889404 -46.625233
v 2.018803 -12.125809 -46.231812
v 0.554551 -12.283081 -45.159641
v -1.180201 -12.412674 -45.253540
v 1.727477 -12.121353 -44.879745
v -3.204052 -12.439529 -45.380234
v -5.235364 -13.847458 -46.510910
v -5.208574 -12.933807 -45.206295
v -7.348915 -14.318222 -46.157684
v -8.200205 -16.244354 -48.154369
v -7.746597 -17.129448 -49.397728
v -9.485017 -15.592422 -46.960579
v -9.537186 -16.563934 -48.072926
v -9.423139 -14.578812 -45.807877
v -6.748486 -18.002487 -51.123787
v -9.378388 -17.704178 -49.413925
v -8.186097 -18.683754 -51.137348
v -10.978790 -16.708702 -47.931030
v -11.643884 -15.837372 -47.149445
v -11.386434 -14.715637 -45.778576
v -9.417576 -13.636475 -44.636856
v -11.519480 -13.865677 -44.575607
v -7.314758 -13.322372 -44.884125
v -3.164893 -12.025223 -44.079330
v -5.203028 -12.143692 -43.945618
v -7.322232 -12.428116 -43.580872
v -1.284956 -12.155579 -43.970795
v 0.192147 -12.236496 -43.966896
v 1.018656 -12.165710 -43.091496
v 3.283741 -11.792191 -44.962132
v 3.158582 -11.701614 -42.965832
v -1.123463 -11.911224 -42.762360
v 1.039558 -11.693329 -40.867020
v -1.087659 -11.354446 -40.943459
v 3.182493 -11.465286 -40.866867
v -3.157822 -11.682892 -42.821152
v -5.231126 -11.491272 -42.711678
v -7.197421 -11.644913 -42.436920
v -9.371973 -12.550140 -42.872433
v -8.431223 -12.089478 -42.017143
v -11.573346 -13.593369 -42.927876
v -13.587265 -13.513687 -43.317963
v -11.159558 -19.227539 -51.347816
v -10.926345 -18.591316 -50.022812
v -9.900840 -18.512543 -50.170441
v -11.398229 -19.596436 -53.378971
v -9.647586 -19.359894 -51.277020
v -9.449488 -20.243309 -53.395977
v -7.403386 -19.570183 -53.238461
v -11.068325 -19.008820 -55.119274
v -9.567744 -19.944016 -55.629921
v -7.290550 -19.439362 -55.369686
v -9.875486 -18.819183 -56.991379
v -7.204251 -18.542053 -56.684345
v -6.054154 -18.558243 -54.801140
v -6.303868 -18.537148 -53.120743
v -13.799189 -14.270248 -41.720078
v -15.580678 -13.542648 -41.091946
v -11.633856 -13.934525 -40.927071
v -13.612228 -14.935562 -40.390213
v -15.233527 -14.831711 -40.345295
v -12.429907 -14.494202 -40.074661
v -16.454317 -13.832047 -38.771622
v -15.382398 -15.171021 -38.676327
v -13.693764 -15.232437 -38.543209
v -12.445908 -14.588821 -38.266476
v -11.211575 -13.845383 -38.571247
v -9.721460 -12.838821 -40.849358
v -9.917521 -12.834641 -38.696079
v -11.882470 -12.999405 -36.706982
v -13.529229 -13.685089 -36.591293
v -10.520558 -12.098434 -36.662758
v -13.923332 -14.411926 -37.334892
v -15.162292 -14.543549 -37.422115
v -15.864196 -13.414200 -36.754570
v -16.903711 -12.420792 -37.467545
v -13.957609 -12.264999 -35.427868
v -12.387870 -12.176910 -35.575890
v -11.496411 -11.192368 -35.116741
v -8.969293 -11.189194 -36.976673
v -8.630829 -11.842178 -38.697655
v -9.345170 -10.254196 -35.594620
v -8.502828 -12.058395 -40.668839
v -7.184770 -11.249893 -40.783695
v -7.179246 -10.827560 -39.110226
v -7.301342 -10.167664 -37.623001
v -7.308219 -9.311935 -36.353325
v -11.507957 -9.570770 -33.830597
v -9.386073 -9.021347 -34.500595
v -7.360275 -8.408203 -35.261681
v -13.825326 -10.872604 -34.852982
v -13.733478 -9.421341 -34.163525
v -13.725982 -7.921799 -33.419659
v -11.551915 -8.288147 -33.068581
v -9.448453 -7.946213 -33.636555
v -7.383038 -7.341614 -34.160072
v -5.320000 -7.761612 -35.712814
v -5.316278 -8.690582 -36.990391
v -5.269770 -6.859116 -34.630157
v -5.282578 -9.457489 -38.177086
v -5.256395 -10.156784 -39.461075
v -5.254772 -10.810822 -41.101673
v -3.148480 -11.060715 -40.989475
v -3.148129 -10.337692 -39.446136
v -3.148745 -9.444290 -38.330723
v -3.194882 -8.269913 -37.319241
v -3.253729 -7.150330 -36.308529
v -3.250960 -6.165405 -35.298012
v -3.232202 -5.145157 -34.122330
v -5.229775 -5.958206 -33.539757
v -7.344120 -6.378326 -33.114758
v -9.467172 -6.753860 -32.691765
v -11.569297 -7.110489 -32.399185
v -13.725531 -6.694305 -32.766514
v -13.641447 -5.389496 -31.963692
v -11.515390 -5.610214 -31.526014
v -9.452832 -5.597305 -31.759857
v -7.361668 -5.432037 -31.984978
v -5.310400 -5.029434 -32.269066
v -3.366105 -3.917343 -32.735519
v -1.189102 -4.696945 -34.693119
v -1.201024 -5.678238 -35.691719
v -1.180012 -3.722733 -33.575886
v -1.148861 -6.902969 -36.593468
v -1.081849 -8.171143 -37.417046
v -1.048970 -9.413864 -38.294785
v -1.060628 -10.577499 -39.303612
v 1.038239 -10.615494 -39.303879
v 1.048000 -9.377380 -38.295246
v 1.048103 -8.203781 -37.487362
v 1.015029 -6.840530 -36.659504
v 0.987563 -5.594681 -35.880718
v 1.001472 -4.424057 -34.950176
v 1.016096 -3.431610 -33.828129
v -2.508629 -3.243378 -32.039101
v -1.119239 -2.652756 -32.420914
v 1.002208 -2.538437 -32.513130
v -3.604250 -4.144547 -30.454475
v -5.297554 -4.963013 -30.415939
v -2.419855 -3.418137 -30.288986
v -7.343389 -4.981888 -30.330055
v -9.357269 -4.319565 -30.457695
v -11.491618 -4.628342 -30.456776
v -11.440263 -3.830597 -29.232288
v -9.357038 -3.965027 -28.487911
v -7.349410 -4.908463 -28.318312
v -5.184221 -5.332703 -28.278711
v -3.471949 -4.442978 -28.310352
v -2.239403 -3.631302 -28.292276
v -1.045613 -2.510178 -30.487894
v -0.929536 -2.729263 -28.273230
v 0.932868 -1.613525 -30.483297
v 3.140654 -2.702515 -32.483105
v 3.117618 -3.514175 -33.761024
v 3.131986 -1.853394 -30.810726
v 3.147532 -4.440308 -34.925980
v 3.163314 -5.587952 -35.875175
v 3.151548 -6.836655 -36.676464
v 3.144352 -8.177826 -37.516289
v 3.143034 -9.383896 -38.304356
v 5.251654 -8.145615 -37.436298
v 5.236012 -9.504028 -38.361168
v 5.279467 -6.937561 -36.571735
v 5.319135 -5.731430 -35.563858
v 5.288789 -4.793900 -34.556587
v 5.219429 -3.944656 -33.441559
v 5.180704 -3.084274 -32.081635
v 5.169668 -2.366135 -30.645882
v 1.773221 -1.316376 -29.618437
v 3.231710 -1.416534 -29.568371
v 5.102166 -1.772797 -29.062897
v 0.317682 -1.792175 -28.301476
v 1.435757 -1.181961 -28.198933
v -1.061470 -2.600739 -26.137505
v -2.267980 -3.590942 -26.132919
v 0.034782 -1.761337 -26.131968
v -3.387584 -4.791428 -26.035950
v -5.155487 -5.496140 -26.024406
v -4.054259 -4.086426 -23.894642
v -5.504084 -4.528229 -24.083111
v -2.881758 -2.957352 -24.058214
v -1.607726 -2.163162 -24.073357
v -0.388145 -1.357941 -24.085119
v 1.210385 -0.896194 -26.205791
v 1.053021 -0.428101 -24.142807
v 3.180830 -1.056000 -28.164158
v 3.116632 -0.650101 -26.232264
v 4.966257 -1.377823 -27.805447
v 7.342423 -2.831924 -30.057983
v 7.207956 -2.157074 -28.264259
v 6.341471 -1.679764 -27.442081
v 7.460729 -3.786606 -31.664238
v 7.530893 -4.560562 -32.700794
v 7.574742 -5.487000 -33.782700
v 7.424181 -6.376648 -35.109394
v 8.789441 -7.408524 -34.426388
v 9.411599 -6.965042 -32.777138
v 9.414994 -5.781479 -31.558372
v 9.431151 -4.712845 -30.697166
v 9.417691 -3.711502 -29.650015
v 9.403617 -2.821747 -28.032534
v 7.918885 -1.850052 -26.187998
v 9.422935 -2.273666 -26.181957
v 6.727906 -1.460342 -26.017765
v 5.111250 -1.013168 -26.181013
v 3.122239 -0.200333 -24.136240
v 5.279541 -0.673035 -24.124767
v 0.902416 0.215027 -22.335121
v -0.789755 -0.718033 -22.068035
v 3.083595 0.154175 -22.188198
v -2.215355 -1.596939 -22.047678
v -3.486201 -2.460358 -22.168358
v -3.794508 -1.924820 -20.639057
v -3.076787 -1.104172 -19.903585
v -1.162184 -0.004059 -20.069061
v 0.924352 0.699219 -20.877893
v 3.039560 0.411987 -20.666933
v 5.198973 -0.280136 -21.969883
v 5.126217 0.037354 -20.224556
v 7.052629 -1.187317 -24.140873
v 7.253219 -0.851410 -22.028324
v 8.376666 -1.595764 -24.153809
v 9.682797 -2.034729 -24.118294
v 11.199242 -2.067780 -26.156998
v 11.356432 -2.691208 -27.992397
v 11.222581 -1.982620 -24.105686
v 11.622910 -3.631607 -29.547873
v 11.501303 -4.844406 -30.523552
v 11.702089 -5.890488 -31.350464
v 13.062189 -4.321915 -31.044476
v 12.583076 -1.585480 -24.086409
v 9.893870 -2.059967 -22.100760
v 11.532928 -2.387268 -22.015099
v 13.000301 -2.098755 -22.080988
v 8.760362 -1.469971 -21.990126
v 7.319472 -0.446213 -19.836487
v 9.382245 -1.411606 -19.727180
v 3.034447 0.614609 -19.410944
v 5.100667 0.321060 -18.714611
v 7.309633 0.024841 -18.198299
v 1.119476 0.858307 -19.671610
v -0.421465 0.729324 -19.386789
v 1.058246 1.427597 -17.914259
v -0.736505 1.046219 -17.783253
v 3.094188 0.989777 -17.785728
v 5.146505 0.594345 -17.323223
v 7.330228 0.436707 -16.908400
v 9.423892 -0.591110 -17.850063
v 9.437767 0.113693 -16.486801
v 10.192714 -1.952988 -20.463951
v 11.571956 -1.850983 -19.045719
v 11.576944 -2.337234 -20.201010
v 11.565900 -1.030792 -17.501438
v 13.026090 -2.318726 -20.350597
v 13.867786 -1.699173 -19.557508
v 13.441957 -0.654587 -17.733994
v 11.436333 -0.117905 -16.302925
v 13.022274 0.203369 -16.533195
v 7.354280 0.896576 -15.475341
v 5.207760 0.997543 -15.720826
v 3.139548 1.408600 -15.711203
v 1.020768 1.825073 -15.690306
v -0.710462 1.256104 -15.639129
v -1.928665 0.474197 -17.875240
v -1.934425 0.499237 -15.675670
v -1.587990 0.278412 -13.448975
v -0.051377 0.711899 -13.461376
v 1.438253 1.083694 -13.701003
v 3.138553 1.441895 -13.673792
v 5.184381 1.540054 -13.599744
v 7.338819 1.469482 -13.675207
v 5.078043 1.105194 -11.438269
v 3.288197 0.719025 -12.131194
v 1.867726 0.417130 -12.475106
v 1.092586 -0.318039 -11.680213
v -1.056121 -0.754425 -11.737634
v -3.207368 -0.422028 -13.576997
v -3.341406 -0.288071 -15.719399
v -3.145218 -1.080856 -11.672548
v -3.408648 -0.250275 -17.842999
v -5.270832 -1.093674 -17.700361
v -5.281845 -1.512436 -19.175631
v -5.214597 -1.024719 -15.716702
v -5.226426 -1.066772 -13.628962
v -5.204850 -1.309830 -11.537242
v -3.121856 -1.768021 -10.144730
v -5.036389 -1.517273 -9.457201
v -0.999562 -1.630951 -10.223354
v 1.246397 -1.571991 -9.678611
v 3.031151 -0.021057 -11.008427
v 3.174848 -0.717117 -9.435883
v 4.273583 0.376190 -10.633129
v 5.559858 0.996765 -9.401146
v 4.417948 0.156418 -9.254532
v 1.606589 -1.491379 -7.356478
v 3.124385 -0.528519 -7.353871
v 4.308939 0.226944 -7.385329
v 0.399519 -2.245697 -8.873615
v -1.168118 -2.200531 -9.012651
v 0.434081 -2.191498 -7.346300
v -2.964722 -1.991486 -9.024850
v -4.180720 -1.712769 -8.868965
v -7.291951 -0.863510 -9.429859
v -7.343396 -1.022491 -11.527598
v -4.184781 -1.666656 -8.087914
v -5.040280 -1.319870 -7.412120
v -7.294498 -0.650726 -7.373684
v -7.348454 -1.172272 -13.613180
v -7.363661 -1.366989 -15.741250
v -7.378580 -1.527069 -17.667616
v -9.479044 -1.194977 -15.743616
v -9.423659 -1.473831 -18.034704
v -9.417801 -0.894272 -13.604597
v -9.488337 -0.657700 -11.512076
v -9.454780 -0.545166 -9.426249
v -9.478320 -0.323685 -7.299875
v -7.378163 -0.347443 -5.190714
v -9.338172 -0.057175 -5.311066
v -5.211567 -0.681580 -5.257910
v -3.161445 -1.593201 -6.692583
v -2.979733 -1.887360 -7.829695
v -3.195258 -0.875534 -5.135699
v -1.197392 -2.185257 -7.543393
v 0.150058 -1.750900 -6.203073
v -1.298529 -1.731018 -6.326477
v 0.986265 -0.982269 -5.513572
v -1.103278 -1.040192 -5.107421
v -3.233077 0.093277 -3.506850
v -1.076649 -0.045761 -3.702682
v -11.257377 0.038452 -11.515597
v -11.140287 0.180176 -13.652753
v -11.302927 -0.338135 -15.769524
v -11.440049 -0.827179 -17.838192
v -12.492800 0.519012 -15.818292
v -12.742976 0.235306 -17.850409
v -12.282213 0.849182 -13.661090
v -12.584427 0.416260 -11.513441
v -13.598616 1.370209 -15.799202
v -13.827488 1.157944 -17.840193
v -12.908651 -0.051224 -19.904202
v -11.704542 -1.087189 -19.895485
v -14.022365 1.075684 -19.912516
v -10.209631 -1.663025 -19.964314
v -11.970989 -1.275314 -21.981869
v -10.741757 -1.934280 -22.002033
v -13.153453 -0.094574 -22.040983
v -14.207302 1.031281 -22.128361
v -15.247623 2.113556 -19.951727
v -15.413713 1.872620 -22.148809
v -15.041639 2.189316 -17.812675
v -14.896864 2.304764 -15.741195
v -16.132452 3.161774 -15.704170
v -14.522827 0.662155 -24.278030
v -13.291908 -0.250412 -24.248461
v -12.209958 -1.222885 -24.012203
v -11.042368 -2.243958 -24.103500
v -9.597594 -3.001816 -24.143358
v -9.165147 -2.348221 -22.094889
v -8.945419 -1.829346 -20.119345
v -8.630164 -1.673737 -18.909035
v -7.246145 -1.685623 -18.915489
v -7.367805 -2.170013 -20.164448
v -7.375080 -3.220184 -22.114994
v -8.205455 -3.730286 -24.158102
v -9.954657 -3.334015 -26.119253
v -8.737810 -4.005905 -26.246338
v -11.611668 -2.335312 -26.309361
v -12.361671 -1.440231 -25.550478
v -13.607063 -0.738663 -25.942862
v -15.058119 -0.007278 -26.262724
v -11.623803 -3.086990 -28.007191
v -10.172993 -3.519379 -27.741035
v -7.231348 -4.764999 -26.151344
v -6.976329 -4.375153 -24.212425
v -6.756658 -3.886978 -22.965921
v -5.097557 -3.286346 -22.097700
v -5.679417 -3.873367 -22.934643
v -5.372916 -2.276520 -20.296350
v -17.336222 4.125046 -15.706890
v 0.830802 0.162598 -4.001554
v 2.360895 0.508698 -4.141969
v 2.707305 -0.224350 -5.499909
v 3.181574 1.276932 -3.496091
v 3.217338 2.376831 -2.054695
v 3.960366 0.598816 -5.327377
v 5.317167 1.412582 -5.408986
v 5.585514 1.079437 -7.340724
v 3.207553 2.944977 -0.863798
v 13.257111 -6.899857 -32.850685
v 11.525253 -7.110367 -32.191864
v 12.762574 -8.130981 -33.348667
v 13.153987 -8.528397 -34.609268
v 11.530677 -8.295822 -33.104259
v 13.368468 -8.822769 -36.668621
v 14.297743 -7.486038 -38.777645
v 15.296780 -6.512527 -38.790794
v 16.361181 -5.354080 -38.761497
v 13.072302 -8.279694 -38.828888
v 11.457635 -9.328812 -36.575157
v 11.399452 -8.926880 -38.746040
v 11.522048 -9.494965 -34.429207
v 10.144814 -8.152451 -33.224686
v 9.851996 -8.548660 -34.596008
v 9.260793 -8.828400 -36.539066
v 8.470013 -7.845779 -35.775764
v 9.318195 -9.414352 -38.734756
v 9.456690 -9.897827 -40.533279
v 11.478939 -9.550079 -40.536362
v 13.488275 -9.262100 -40.885967
v 14.881779 -8.151443 -40.809273
v 15.913322 -7.119263 -40.795162
v 17.021770 -6.096512 -40.748711
v 17.095793 -8.281158 -42.640396
v 18.071993 -7.187729 -42.680832
v 16.026266 -9.337662 -42.617111
v 14.858839 -10.253708 -42.718048
v 12.904009 -10.073502 -41.753586
v 13.288359 -10.871964 -42.974197
v 11.316195 -10.353943 -41.644135
v 9.468149 -10.241669 -41.764671
v 7.947948 -9.883881 -40.696266
v 8.234446 -10.035812 -41.860931
v 7.300234 -9.586319 -38.886536
v 7.295398 -8.391937 -37.296890
v 7.256264 -7.193542 -36.165924
v 6.504702 -10.115936 -39.707176
v 6.847913 -10.310669 -41.011845
v 5.111455 -10.418594 -39.422470
v 7.424641 -10.369797 -42.769463
v 9.375265 -10.569870 -43.069263
v 11.482212 -11.123123 -42.924507
v 11.578053 -11.861191 -45.115677
v 13.702127 -11.854416 -44.618263
v 15.602957 -11.669937 -44.880104
v 17.057634 -10.383682 -44.768036
v 18.010618 -9.223129 -44.815731
v 18.882643 -8.119949 -44.887249
v 18.811399 -10.123886 -47.050980
v 17.899405 -11.259232 -46.992737
v 16.754852 -12.095963 -47.041054
v 15.010255 -12.155975 -45.951950
v 15.281333 -12.485840 -47.325516
v 13.616391 -12.220428 -45.967571
v 12.403036 -12.245438 -46.016262
v 12.074633 -12.366928 -47.305035
v 9.424607 -11.129379 -45.068939
v 7.359292 -10.831268 -45.084076
v 5.286846 -11.087616 -42.918522
v 5.191906 -11.314331 -45.123432
v 5.196917 -10.860199 -40.979843
v 3.174076 -10.644958 -39.275379
v 13.697015 -12.472534 -47.315750
v 15.619869 -12.713089 -49.234138
v 17.233189 -12.525772 -49.210232
v 15.669073 -12.769806 -51.347656
v 15.603540 -12.640305 -53.378242
v 13.663074 -5.008026 20.237064
v 11.377704 -4.069122 20.659630
v 14.413926 -5.830658 20.837328
v 13.173922 -5.636810 21.885336
v 14.345779 -6.113022 22.036428
v 11.358283 -4.668427 22.155006
v 9.344601 -3.525803 21.075905
v 9.369250 -4.206482 22.325531
v 7.233883 -4.330185 22.257214
v 7.180129 -3.633133 20.933475
v 7.302183 -5.254105 23.663696
v 5.089046 -4.194702 20.528072
v 5.256962 -4.766281 21.993217
v 5.365449 -5.469543 23.466221
v 7.352373 -6.235275 24.787720
v 5.231709 -6.213989 24.589819
v 4.028968 -5.609100 23.271824
v 4.044278 -5.817322 21.802696
v 3.021034 -6.069168 24.037537
v 3.835662 -5.498199 19.928646
v 2.909291 -7.007446 20.224144
v 2.260018 -7.135956 18.767818
v 2.921286 -6.721878 21.942327
v 1.007504 -7.278168 23.813864
v 1.736260 -7.730240 22.025597
v 3.149170 -7.263275 25.747578
v 1.009528 -7.185516 25.970142
v 5.245142 -7.377991 25.748699
v 7.318920 -7.224136 25.898020
v 3.149644 -8.321472 26.899824
v 1.024805 -8.205093 27.099930
v -1.053090 -7.120895 26.160397
v -1.000757 -6.995743 24.076302
v -1.091282 -7.859924 27.286009
v 0.263800 -8.052429 23.100529
v 0.755889 -8.701660 21.900942
v -1.214244 -7.989990 22.929243
v 1.602180 -9.072296 20.016304
v 2.187467 -8.195038 20.661180
v 0.958473 -7.432922 17.438736
v 1.128521 -5.828094 16.843632
v 0.661219 -9.098648 18.225735
v 1.013845 -4.372375 16.315136
v -1.038247 -6.165680 16.370363
v -1.004286 -4.693604 16.065680
v -0.962521 -7.564819 16.730572
v -1.065410 -9.264206 17.300655
v 0.165441 -10.255539 18.740337
v -0.908880 -10.663239 18.269407
v 0.149496 -10.186157 20.366543
v -0.925606 -9.322449 21.820225
v -3.160934 -7.820038 22.667099
v -2.992078 -8.962341 21.475571
v -3.103485 -6.696930 24.180546
v -3.208080 -7.254959 26.091398
v -3.241185 -7.912109 27.234522
v -5.307650 -8.055466 26.981571
v -5.304465 -7.478165 25.786657
v -5.256874 -8.700577 28.450106
v -5.187974 -6.532684 24.083225
v -4.987809 -6.477203 21.706808
v -4.215534 -7.925522 20.994305
v -3.651355 -9.301132 19.902050
v -2.592319 -10.574158 20.018784
v -2.447337 -10.019867 20.986740
v -4.476245 -8.177460 19.913492
v -1.383405 -10.162140 21.238503
v -1.037098 -10.993942 20.139702
v -2.496800 -10.356033 18.535814
v -3.310912 -9.113861 17.881962
v -4.210103 -8.040375 18.770687
v -5.091333 -6.880661 19.926857
v -4.525311 -6.773010 18.350752
v -6.145473 -5.829483 20.980106
v -5.930593 -5.519714 19.823721
v -7.409905 -6.272049 22.315666
v -7.617793 -5.670135 21.101418
v -7.421564 -7.089127 23.773092
v -7.464155 -7.747192 25.242231
v -7.435673 -8.284424 26.669781
v -7.387603 -8.838379 28.230032
v -9.508938 -9.134888 28.212627
v -9.344328 -8.959976 26.236137
v -9.448277 -9.787415 29.746481
v -9.267094 -8.707916 24.553228
v -9.325637 -8.169144 22.976608
v -9.345248 -7.262894 21.601503
v -9.413828 -6.361221 20.659578
v -7.538484 -4.873993 20.008509
v -9.466365 -5.142456 19.633110
v -5.257269 -5.141159 18.019360
v -7.325971 -3.893646 18.700470
v -3.156010 -7.341995 17.217772
v -3.184458 -5.812637 16.827036
v -3.092994 -4.418427 16.374893
v -5.259143 -3.971100 16.799259
v -7.313081 -3.182938 17.285597
v -9.456885 -4.122620 18.487944
v -9.497190 -3.190781 17.199074
v -11.530524 -5.437469 19.161987
v -11.554127 -4.030823 18.387726
v -11.476539 -6.895050 19.988329
v -11.378695 -8.066071 20.936319
v -11.350935 -9.343811 22.166374
v -10.661114 -9.897339 24.022404
v -10.868460 -9.944366 26.190790
v -11.607716 -9.706757 28.160889
v -11.525875 -9.731674 29.974628
v -12.406599 -10.157288 27.388222
v -12.095134 -10.442459 26.072655
v -13.622985 -10.013611 28.652254
v -13.620422 -10.342621 27.504656
v -13.561040 -9.694855 30.222685
v -11.942008 -10.889984 24.143274
v -12.202745 -10.357239 22.703608
v -13.796731 -9.037186 21.843988
v -13.597514 -7.711212 21.189751
v -13.956985 -10.056030 22.907541
v -13.325341 -6.444641 20.461140
v -13.398048 -4.982254 19.810184
v -13.490924 -3.475647 19.111233
v -11.600725 -2.895462 17.644625
v -13.433242 -2.170486 18.345007
v -11.743191 -1.971680 16.385469
v -9.562938 -2.427414 15.842978
v -13.566907 -1.198318 17.257723
v -13.230377 -0.367813 15.680883
v -15.476552 -1.424210 19.172995
v -15.056478 -0.306870 17.728649
v -15.456828 -2.885376 19.928173
v -15.034526 -4.569153 20.505587
v -14.754175 -6.048859 21.057671
v -15.561463 -6.635223 21.770138
v -15.844846 -8.101273 22.839102
v -15.751266 -9.351303 24.188145
v -13.770081 -11.183594 24.221935
v -15.121618 -10.412567 24.587736
v -13.663967 -10.789368 26.044542
v -15.022198 -10.392532 26.155533
v -16.073969 -9.529465 26.174131
v -16.891109 -8.194885 24.755022
v -17.409395 -6.954803 24.087248
v -17.120026 -8.306580 26.336388
v -16.887173 -6.202545 22.803905
v -16.426979 -4.672852 21.479198
v -17.409227 -4.742905 22.473579
v -17.457504 -2.174911 21.118820
v -17.171803 -0.515274 19.687395
v -16.538294 0.643707 18.049013
v -14.545430 0.637970 15.943269
v -15.607483 1.584824 15.909746
v -18.224010 -3.145218 22.414589
v -19.083439 -2.014526 22.724459
v -18.297752 -5.317886 24.077389
v -18.968225 -3.867325 23.959736
v -17.952574 -6.961197 26.146975
v -18.812946 -5.681717 26.086729
v -17.094212 -8.343430 28.235386
v -15.593021 -9.661987 28.208408
v -18.104389 -7.026993 28.187229
v -14.756216 -10.110779 27.364038
v -15.505127 -9.271210 30.241684
v -17.099819 -8.322968 30.336910
v -18.139736 -7.111526 30.236828
v -18.936302 -5.900162 28.151470
v -19.111929 -6.015411 30.368992
v -19.599905 -4.480881 26.050547
v -19.796909 -4.757095 28.166803
v -19.758167 -2.524841 24.179081
v -20.379471 -3.167923 26.051912
v -19.946835 -5.113174 30.517656
v -18.558872 -7.618866 31.712530
v -17.774233 -9.110504 31.961010
v -15.703714 -9.801041 31.657986
v -13.548036 -9.975235 31.465313
v -11.497135 -10.164856 31.207735
v -13.576743 -10.606796 32.732662
v -15.727545 -10.775192 32.686920
v -17.722626 -10.527695 32.916721
v -17.801960 -11.851974 33.807003
v -15.767838 -12.005264 33.751610
v -13.614576 -11.707489 34.012920
v -9.458221 -10.566422 30.920923
v -13.705726 -12.602524 35.362808
v -15.780210 -13.153503 34.829090
v -17.711609 -13.311172 34.607079
v -19.098326 -12.746536 35.161255
v -17.712944 -14.262161 35.636936
v -15.733649 -14.228302 35.727943
v -15.831991 -15.150162 36.751804
v -5.239657 16.095001 11.528762
v -3.143612 16.094955 11.527078
v -5.239085 15.835907 13.621628
v -3.143518 15.891693 13.621814
v -3.143499 15.748917 15.717918
v -5.239299 15.645813 15.717724
v -1.047512 15.799866 15.717688
v -7.220174 15.337692 17.782484
v -5.239980 15.520081 17.814186
v -3.142834 15.660690 17.813522
v -1.047938 15.791199 17.813644
v 1.047946 15.825974 15.717970
v 1.047951 15.867249 17.814030
v -1.048533 15.848343 19.909340
v -3.143825 15.664642 19.909540
v 1.047883 15.970947 19.909857
v -5.246697 15.441956 19.877886
v -7.013770 15.225220 19.824463
v -8.761413 15.152298 17.785597
v -8.319298 15.054550 19.792091
v -8.075078 14.987488 21.951845
v -6.851455 15.191589 21.973484
v -5.145031 15.448334 22.005613
v -3.143107 15.717133 22.005421
v -1.048903 15.960876 22.004635
v 1.047070 16.139084 22.004580
v 3.143651 16.051361 19.909595
v 3.143244 16.253754 22.004660
v 5.239484 16.066925 19.908779
v 5.239539 16.298462 22.003853
v 3.141888 16.494934 24.097826
v 1.046133 16.336533 24.099268
v 5.239181 16.545349 24.098808
v -1.050571 16.123428 24.099237
v -3.144714 15.835083 24.100464
v -5.145091 15.511307 24.101200
v -6.771374 15.228943 24.101229
v -8.027567 14.983215 24.101040
v -9.510212 14.743958 21.973648
v -9.545914 14.670380 24.101059
v -11.529625 14.330338 22.006126
v -11.529686 14.230591 24.101627
v -9.568697 14.672684 26.196749
v -11.527466 14.176743 26.196846
v -8.090531 15.007370 26.196787
v -6.833455 15.278397 26.196556
v -5.169749 15.622330 26.195780
v -3.146565 15.970810 26.195679
v -1.052213 16.294724 26.194351
v 1.044736 16.537231 26.194242
v 3.141400 16.713699 26.193127
v 5.238961 16.795670 26.192600
v 7.336977 16.541077 24.095551
v 7.337303 16.796387 26.190529
v 9.434997 16.406540 24.095316
v 9.436537 16.679565 26.189671
v 7.337318 16.999527 28.287106
v 5.238489 16.998062 28.288219
v 9.437502 16.900391 28.286140
v 3.140602 16.892242 28.289810
v 1.042630 16.714096 28.289789
v -1.053682 16.441238 28.290422
v -3.149682 16.100113 28.291000
v -5.193072 15.707962 28.291527
v -6.911560 15.330246 28.292154
v -8.168815 15.038834 28.292332
v -9.591127 14.681396 28.292522
v -11.533922 14.182495 28.292702
v -9.606987 14.690384 30.388496
v -11.534989 14.165985 30.388668
v -8.204168 15.057709 30.388426
v -6.947142 15.365143 30.388313
v -5.210216 15.770325 30.388144
v -3.154120 16.184494 30.387680
v -1.056583 16.536346 30.387857
v 1.039422 16.829300 30.387222
v 3.138611 17.015823 30.387131
v 5.237723 17.108276 30.386639
v 7.337529 17.127075 30.385889
v 9.437300 17.016235 30.385683
v 11.537945 16.671402 28.285244
v 11.541129 16.813065 30.385069
v 13.646152 16.305954 28.282515
v 13.647007 16.438812 30.384258
v 11.540924 16.785385 32.489250
v 9.439242 17.018738 32.489727
v 13.650814 16.425140 32.490993
v 7.337525 17.099838 32.488358
v 5.237598 17.091141 32.488438
v 3.137872 16.996872 32.488579
v 1.038207 16.810318 32.488640
v -1.060012 16.528366 32.488674
v -3.154267 16.150589 32.486748
v -5.200649 15.759033 32.487221
v -6.879134 15.364960 32.486313
v -8.137700 15.058014 32.486362
v -9.596286 14.654922 32.485531
v -9.542505 14.534271 34.585117
v -7.892370 14.973373 34.570255
v -6.618347 15.281448 34.559734
v -5.120368 15.618088 34.572067
v -3.157457 15.997635 34.589928
v -1.062684 16.361313 34.593735
v 1.036879 16.630875 34.594856
v 3.137423 16.806198 34.594875
v 5.237089 16.896011 34.595291
v 7.337295 16.904617 34.596779
v 9.440436 16.819565 34.599953
v 11.544989 16.581955 34.601048
v 13.719153 16.178467 34.663284
v 9.443745 16.378693 36.679047
v 7.338272 16.473267 36.694092
v 5.237002 16.472672 36.696037
v 3.136649 16.396317 36.693958
v 1.036677 16.224960 36.673420
v -1.062706 15.993759 36.632084
v -3.134111 15.677536 36.534126
v -4.810980 15.403183 36.455238
v -6.099206 15.107498 36.607544
v -4.448160 15.129425 37.786224
v -5.248069 14.725021 38.642830
v 3.136916 15.788498 38.533813
v 5.237874 15.829941 38.544193
v 7.341310 15.831650 38.524933
v -11.103516 13.407074 38.566967
v -11.440848 13.748672 36.678650
v -9.431694 14.280075 36.676056
v -9.430385 13.805771 38.634888
v -7.321823 14.281403 38.675095
v -7.615600 14.764221 36.657722
v -11.571788 13.974045 34.585960
v -14.809026 13.099594 32.488483
v -13.489617 13.531540 32.486622
v -11.537603 14.114899 32.485687
v -13.474213 13.592331 30.388828
v -14.882051 13.132004 30.388866
v -16.162655 12.668655 30.391964
v -16.192814 12.682510 28.293427
v -14.926039 13.145218 28.292820
v -13.479347 13.610214 28.292698
v -13.487350 13.629639 26.196831
v -14.980745 13.161942 26.196877
v -15.080691 13.209900 24.101166
v -13.514068 13.702103 24.101555
v 17.550919 1.879852 -30.467154
v -13.634679 -13.756348 40.896305
v -19.323845 -8.913177 42.458187
v -7.348892 1.745041 -69.616539
v -6.908987 -1.624435 -67.590866
v -10.319205 -1.298477 -67.275627
v -10.790725 1.948959 -68.351440
v -2.470683 1.424927 -70.166931
v -2.322504 -1.844254 -67.862000
v -6.819412 6.399979 -68.952728
v -9.988224 6.896393 -67.780510
v -2.514199 6.332230 -70.117134
v -7.174710 -3.400635 -64.705994
v -12.268744 -2.441681 -64.836182
v -2.287841 -3.162842 -64.269485
v -13.817735 1.481766 -66.933716
v -13.331586 6.955322 -66.299713
v -7.454849 10.830856 -65.403320
v -5.805206 9.219894 -67.225441
v -11.110243 10.685135 -63.849827
v -2.171042 9.705887 -67.824982
v 2.534022 6.177719 -70.918472
v 2.644367 1.678635 -69.767578
v 2.429101 10.226974 -68.533554
v 2.346062 -0.672775 -66.761642
v 2.261972 -2.009552 -63.497803
v -2.047319 -5.009567 -60.840263
v -7.068177 -5.657867 -61.517117
v 2.433884 -3.967880 -59.895123
v -12.052405 -4.735840 -61.264545
v -17.423643 -1.433624 -62.765621
v -17.631857 1.983505 -64.962952
v -16.956709 -3.769104 -59.126366
v -16.664919 6.917374 -64.784172
v -14.477882 11.351685 -62.207008
v -6.692334 14.233368 -62.819099
v -10.083353 13.723923 -62.059177
v -12.033177 15.161194 -60.243233
v -2.371475 12.433441 -65.847862
v -2.184524 15.277313 -63.689808
v 2.368596 13.090393 -66.534142
v 7.314114 10.482819 -68.755623
v 7.398341 6.494553 -69.367104
v 7.202097 13.310165 -66.920410
v 7.366420 2.669937 -68.225441
v 6.877167 0.957748 -64.928551
v 6.965487 -1.134384 -62.723526
v 7.182289 -3.375336 -59.628757
v 2.150947 -5.368088 -55.419914
v -1.989054 -6.269455 -57.625610
v -6.971200 -7.210007 -58.682076
v -11.693488 -6.837753 -58.499161
v -22.049286 -1.329086 -58.028378
v -22.194134 1.138718 -61.429134
v -18.195068 -4.753281 -55.138142
v -21.846024 -3.139221 -54.653034
v -20.366793 2.656097 -63.331486
v -19.615788 7.112289 -62.970703
v -17.928505 11.034470 -60.616356
v -16.433172 14.527832 -58.417267
v -7.045897 16.893524 -60.839081
v -11.969706 18.055817 -57.226387
v -16.721170 16.764664 -55.791283
v -21.225266 10.804108 -58.659077
v -19.418127 13.423126 -57.379505
v -22.442486 6.500748 -60.830452
v -25.220348 2.258301 -58.823196
v -24.806557 6.210571 -58.452156
v -26.361462 1.050568 -55.591148
v -24.671028 -1.503784 -53.916256
v -21.993525 -3.986130 -50.230549
v -25.218260 -1.892929 -49.894234
v -27.843946 1.322968 -50.299648
v -27.475542 1.552795 -45.340073
v -26.774830 6.029877 -55.033169
v -27.878208 6.406616 -50.217545
v -23.904400 9.135956 -57.498135
v -24.973333 9.976807 -54.664162
v -22.792854 12.412308 -54.848736
v -21.158281 16.684326 -50.410271
v -23.724430 13.549408 -50.130981
v -26.006283 10.559677 -50.093708
v -28.493927 6.250717 -45.361847
v -26.378607 10.848663 -45.485950
v -27.675426 6.162415 -40.409294
v -26.832314 11.009705 -40.488060
v -26.344454 10.894699 -35.776421
v -24.375662 13.986176 -45.365711
v -24.541494 14.127335 -40.614395
v -22.158655 16.523911 -45.380844
v -22.187021 16.586319 -40.613678
v -24.576513 14.120193 -35.973061
v -22.091970 16.252060 -35.777508
v -24.856403 10.867844 -32.065861
v -24.880234 14.118271 -32.345085
v -22.316349 10.176590 -29.036369
v -23.377489 15.854126 -30.624451
v -19.945463 18.867264 -31.007481
v -20.103012 19.025620 -26.201260
v -22.955286 15.604004 -25.746616
v -21.648165 15.284439 -20.942745
v -20.193190 19.263275 -21.530487
v -15.080791 23.613708 -16.909838
v -17.612160 21.980194 -16.839426
v -20.486086 19.714874 -16.732090
v -21.147091 15.943390 -16.524059
v -20.564579 16.684067 -11.854447
v -20.592926 20.054779 -11.943533
v -18.281021 22.369293 -11.958830
v -15.417248 23.804169 -11.957384
v -18.631664 22.550354 -7.135009
v -20.617558 20.139084 -7.106266
v -20.294500 16.958786 -7.113127
v -20.020214 17.073029 -2.551643
v -20.379095 19.907333 -2.511786
v -18.773657 22.341827 -2.177979
v -15.656983 23.934189 -2.362343
v -15.323952 23.428772 2.624483
v -18.904175 21.055389 2.696773
v -19.757746 19.525406 0.856598
v -19.592606 17.206360 0.744293
v -18.850262 15.764801 2.506231
v -18.195086 15.955475 7.314653
v -17.259041 20.775055 7.675792
v -14.529364 23.053497 7.444418
v -17.471888 20.278412 12.508682
v -18.625608 16.007263 11.448660
v -19.234289 15.522339 14.547835
v -19.061892 18.586823 14.359745
v -16.742435 20.908997 16.880667
v -19.248262 18.630280 17.076426
v -16.592505 20.746735 21.513578
v -19.598883 18.503326 21.540138
v -20.526564 16.017441 17.284779
v -22.782385 15.747498 21.380054
v -24.657732 10.861938 26.314739
v -24.250269 11.898987 23.372475
v -24.064838 14.282104 23.624981
v -22.405626 16.486450 26.319214
v -24.412058 14.063477 26.662764
v -19.688089 18.683197 26.267838
v -16.537552 20.572357 26.283432
v -16.492149 20.375229 31.064014
v -19.795776 18.686752 31.068604
v -22.597706 16.508377 31.013775
v -24.029102 13.734146 30.916664
v -25.187931 10.997238 30.923485
v -24.759176 7.559113 31.167871
v -26.516661 6.897385 35.472992
v -25.438829 10.525772 35.368404
v -23.827396 13.124924 35.699432
v -22.196053 16.222229 35.689590
v -19.857113 18.744965 35.776897
v -16.419359 20.042206 35.819286
v -12.052372 21.444458 35.918804
v -15.722672 19.147171 40.096642
v -18.629732 17.974777 40.660473
v -11.961309 20.291962 40.364246
v -21.723330 15.657028 41.026947
v -23.517639 11.536316 40.938076
v -25.041935 10.013199 39.291733
v -25.846188 6.824844 39.456303
v -23.936594 5.362167 41.253693
v -20.808184 1.950211 40.727142
v -19.128553 -1.073380 40.864498
v -16.614418 -3.596466 41.021362
v -12.119630 -3.964569 40.867149
v -10.942274 -2.166901 45.020599
v -14.349272 -0.649536 45.332092
v -17.492260 0.700165 45.277878
v -19.862345 2.782532 45.163582
v -21.908813 6.117630 45.659443
v -21.142862 10.318283 45.362461
v -19.258743 13.976425 45.598316
v -16.515854 16.937302 45.455151
v -15.016627 18.196396 43.403938
v -11.584861 18.974655 43.870865
v -7.244082 21.281815 40.517273
v -7.216436 19.613220 44.412788
v -12.119032 17.657700 46.861198
v -7.206664 17.763596 47.131302
v -15.313525 14.404892 48.317108
v -16.813314 11.036179 49.025478
v -11.801685 15.195633 49.479145
v -19.466917 9.388947 47.980831
v -20.013899 6.227600 48.601799
v -19.337259 3.591660 48.030132
v -16.678539 2.405228 49.100910
v -12.237282 1.100739 49.847862
v -10.155810 -0.882919 47.927422
v -7.047564 -2.527100 45.220200
v -6.724547 -1.424988 48.461308
v -2.142720 -1.759903 44.621216
v -2.079242 -1.143539 47.813213
v -7.226244 1.021591 51.221458
v -2.107917 0.897507 51.528168
v -12.153330 6.137146 51.487049
v -16.824974 6.412064 50.412346
v -7.273367 6.209732 51.967907
v -12.046453 11.067657 50.579605
v -7.187071 15.198318 49.456856
v -7.169118 10.993835 50.627575
v -2.432700 19.822250 44.541405
v -2.397212 17.745743 47.250954
v -2.390938 15.112991 49.254311
v -2.635185 22.213226 40.464027
v 2.386721 20.016144 44.882721
v 2.353560 22.029495 41.513584
v 2.436967 17.967972 47.662300
v 2.458627 15.158066 49.370834
v -2.396619 10.983521 50.665657
v 2.484671 11.073486 50.537766
v -2.247915 5.979538 52.478920
v 2.622225 1.850723 49.949471
v 2.882918 0.051315 46.582508
v 2.874675 6.248917 52.057526
v 2.712599 -0.936447 43.549553
v 2.735252 -3.130920 40.495117
v 7.144892 -2.415237 39.797134
v 7.456027 -0.093979 42.442585
v 6.684650 1.594070 45.620209
v 5.978073 3.190323 48.585762
v 7.569209 6.209564 49.571182
v 6.938928 10.867569 49.274223
v 6.871914 14.599899 48.767136
v 7.398728 17.430435 47.206482
v 7.478783 19.500336 44.669338
v 7.273060 21.717255 41.505947
v 2.651027 23.542175 38.819443
v -0.941024 23.290710 38.546730
v 6.888252 23.525543 38.814583
v 10.602566 23.314651 38.805614
v 12.510480 21.504868 40.292953
v 13.380192 17.237564 43.952469
v 11.002338 15.142609 46.392395
v 9.843938 13.904770 47.650257
v 10.069002 10.949921 48.284382
v 10.195130 7.653488 48.224056
v 9.896214 3.741165 45.592690
v 13.161402 6.271927 45.875618
v 11.285014 1.016006 40.811440
v 10.150354 -1.155640 38.905243
v 14.540492 3.635254 40.844944
v 16.806416 7.440674 44.102489
v 17.903582 5.321640 40.589691
v 16.196299 11.911713 45.170696
v 13.311345 11.047470 46.928593
v 16.618525 19.634964 39.600952
v 17.687794 16.303177 41.955326
v 19.185928 11.880844 43.438206
v 17.841738 22.303024 36.154007
v 14.488475 23.511505 36.380760
v 11.336862 24.466019 35.691994
v 14.814823 23.721573 31.133368
v 17.697067 22.378510 31.157040
v 20.596062 19.949631 35.746780
v 20.725044 19.660080 30.917381
v 19.735960 18.554245 38.594604
v 21.529074 15.816238 39.910049
v 22.279585 11.519989 41.744713
v 19.385757 8.610031 43.026348
v 21.582876 7.291870 40.659096
v 22.525381 6.680328 35.470207
v 19.904251 8.286987 30.863331
v 24.394634 10.178085 33.097115
v 22.626492 11.129837 29.886517
v 25.288067 10.908401 36.180851
v 24.324566 8.264343 36.906170
v 23.812584 8.654404 39.001892
v 24.318281 11.111008 39.021820
v 24.195780 14.055222 38.565456
v 25.098354 14.456253 35.787231
v 23.408516 17.331787 35.832634
v 23.811689 16.182144 30.658377
v 21.864725 16.142822 25.910343
v 19.701464 19.072357 26.139244
v 17.217186 21.411606 26.216085
v 14.011609 23.053146 26.257427
v 16.535852 20.749680 21.312630
v 19.003506 18.271500 21.373016
v 21.059807 16.223938 21.310474
v 20.858383 11.879028 26.043743
v 20.503382 12.196579 21.400240
v 17.937399 9.543015 26.385618
v 24.916843 14.073990 32.717171
v 18.322794 9.416916 21.469917
v 17.731943 9.800980 16.684208
v 20.319197 12.211700 16.590302
v 20.865835 15.726776 16.580193
v 19.083548 18.080444 16.627373
v 16.494616 20.238037 16.658922
v 16.301838 20.143982 11.942896
v 19.344505 17.800323 11.907877
v 20.288622 15.340515 12.242052
v 19.526840 12.565292 12.241000
v 16.304848 10.174225 11.854560
v 16.990015 11.720703 7.379767
v 19.037790 13.062973 9.337592
v 19.758884 14.802979 9.304742
v 19.419029 16.127121 7.215779
v 16.565243 20.211823 7.237563
v 13.424318 22.287170 -7.166788
v 13.516208 22.449310 -11.956615
v 16.894760 20.434296 2.243203
v 16.314566 20.063644 -2.583064
v 15.561275 19.716461 -7.211909
v 15.410043 19.527649 -11.845566
v 15.662663 19.789291 -16.702393
v 13.581607 22.754486 -16.736910
v 15.736694 19.981293 -21.493647
v 16.434082 15.797821 -16.571199
v 16.654177 15.910568 -21.442251
v 16.101530 15.704788 -11.678519
v 15.774195 15.833633 -7.177187
v 16.577927 15.764008 -2.790472
v 18.185698 15.857346 2.019651
v 15.577658 12.669006 2.205212
v 14.342574 13.606567 -2.572757
v 14.171414 13.657501 -7.107064
v 14.417197 13.262726 -11.617209
v 15.597960 11.934067 -21.412071
v 16.330788 11.645477 -26.280163
v 17.041508 15.678665 -26.265192
v 15.577661 19.997620 -26.287834
v 15.825614 19.670685 -31.084492
v 18.262970 15.657867 -31.366503
v 18.041273 11.068283 -31.310671
v 15.477246 7.633087 -30.981075
v 14.710415 3.448868 -35.439713
v 16.992174 6.048859 -35.687840
v 18.963669 8.744888 -35.731510
v 19.358826 12.332809 -33.233368
v 20.311226 11.765091 -36.059742
v 19.114929 14.216446 -33.359833
v 19.755772 14.333099 -36.176117
v 18.721128 17.111420 -35.805374
v 16.049929 19.929810 -35.808807
v 18.474310 17.368103 -40.595913
v 20.175245 14.709717 -40.554020
v 21.495604 11.015182 -40.351940
v 21.235033 7.079208 -40.267284
v 18.953684 3.714722 -40.477268
v 16.091553 1.008530 -40.596695
v 17.129051 -3.980759 -50.162285
v 18.626646 -0.389069 -45.481728
v 19.686045 -1.505783 -50.005798
v 21.173819 2.053177 -45.275452
v 21.704716 1.449173 -50.264229
v 17.215654 -3.735153 -54.695534
v 19.644938 -1.328003 -53.784668
v 21.164213 0.920380 -55.500877
v 12.111124 -3.170914 -59.329315
v 17.499611 -1.805817 -58.162666
v 16.847612 0.295441 -60.735985
v 20.965683 1.915634 -60.058426
v 23.295626 6.094406 -55.262714
v 22.370571 6.473114 -60.036976
v 23.557640 6.026443 -50.105324
v 23.559061 5.845215 -44.981327
v 22.102617 10.939224 -45.285889
v 22.226332 11.055374 -50.164803
v 21.933210 11.036911 -55.058685
v 20.982655 10.996826 -59.216545
v 19.710468 3.252365 -62.776150
v 20.225996 6.804459 -63.427826
v 18.997570 11.374283 -62.231056
v 16.462181 2.510178 -63.576279
v 11.711190 -0.545731 -61.776398
v 11.195831 2.414841 -63.517399
v 11.425780 4.751205 -66.090347
v 16.471693 6.410812 -65.955635
v 15.915834 11.369141 -65.247482
v 17.904688 16.404892 -59.820385
v 14.907995 16.591446 -62.833736
v 19.684055 14.437515 -58.504784
v 20.421909 14.950745 -54.747974
v 20.549408 15.089645 -50.170574
v 20.256516 14.885574 -45.371601
v 18.623953 17.695999 -45.366623
v 12.149552 12.931015 -66.465881
v 11.248806 16.257706 -64.382980
v 14.348729 7.595764 -66.972755
v 14.535704 9.616898 -66.746468
v 11.562432 9.854507 -67.756638
v 11.444377 7.143997 -67.934326
v 7.162043 16.257553 -64.827080
v 6.821789 18.785660 -62.700531
v 2.399009 21.067368 -59.796738
v 2.467450 18.690750 -62.555023
v 2.443797 16.015488 -64.515404
v -2.137891 17.853592 -61.774529
v -2.310214 20.210861 -59.275223
v 7.144987 -4.551025 -55.093399
v -14.896287 -5.764938 -57.913544
v -15.181951 -6.194992 -54.555901
v -7.175987 19.127823 -58.460373
v -20.342268 14.878098 -54.644310
v -18.204609 -5.534042 -50.153595
v -15.387341 -6.472153 -50.481815
v -11.810035 -7.605103 -54.768848
v -11.829651 -7.260330 -50.353069
v -6.995582 -7.876022 -54.937256
v -7.155631 -7.226562 -50.451584
v -14.940022 -5.942932 -47.357265
v -11.653600 -6.379944 -46.991600
v -7.555070 -6.105576 -47.186951
v -16.833200 -5.024948 -45.362629
v -21.286367 -3.394012 -45.331406
v -24.814856 -1.491287 -45.386303
v -17.242813 18.571350 -52.818180
v -25.707924 2.486160 -40.654716
v -23.233765 -0.275909 -40.700203
v -20.479342 -2.031418 -41.084766
v -16.735189 -3.252945 -40.824730
v -11.951469 -5.324203 -44.194160
v -11.949708 -3.625809 -40.444546
v -7.198734 -4.840759 -44.441902
v -4.187184 -5.718796 -47.662056
v -3.246375 -6.427078 -50.753578
v -2.375897 -4.653381 -45.607506
v -7.102582 -3.092056 -40.625465
v -2.313807 -2.683395 -40.998131
v -16.337484 -1.452927 -37.600056
v -11.947271 -1.746521 -37.426453
v -7.097424 -1.324753 -37.738052
v -19.489771 -0.583511 -38.179539
v -20.472513 1.539124 -36.681988
v -23.192148 4.068405 -36.205360
v -25.764555 7.109055 -35.976852
v -23.958958 7.902420 -33.096889
v -21.303925 6.436646 -32.192734
v -19.502367 3.838684 -33.594532
v -16.685675 0.706528 -35.144253
v -16.392876 3.258102 -32.569481
v -11.974777 0.231674 -34.730564
v -7.122476 0.336151 -35.017963
v -2.246871 -0.914246 -38.121140
v -2.286437 0.716232 -35.447655
v 2.273288 -3.652939 -45.566917
v 2.441300 -2.180267 -41.128723
v 2.449168 -0.577347 -38.458633
v 2.422848 1.054779 -35.781574
v -2.352930 2.691040 -32.230442
v -7.161245 2.336960 -31.773308
v 2.385615 3.083633 -32.454071
v -12.002876 2.352112 -31.840832
v -16.905546 5.751785 -30.444557
v -12.178940 4.705276 -29.125671
v -17.127132 8.463867 -27.960550
v -19.767868 18.857498 -35.842129
v -19.743948 18.809799 -40.610886
v -19.573160 18.629791 -45.026066
v -16.428253 20.337784 -40.608295
v -16.615482 20.518478 -45.419971
v -16.455698 20.595840 -35.849609
v -16.547636 21.267868 -31.031370
v -16.888702 21.601532 -26.410799
v -20.759212 11.975281 -25.503967
v -17.295244 10.042389 -25.103317
v -12.409280 6.794769 -25.728138
v -14.216392 8.603180 -24.323059
v -7.183331 4.255600 -29.158497
v -7.303501 5.582123 -25.736938
v -2.400517 4.461319 -29.374554
v 2.376902 4.802841 -29.637772
v 6.966233 2.930878 -32.439663
v 7.268424 1.069183 -35.468651
v 7.245242 4.639236 -29.752106
v 2.375076 6.078613 -26.096794
v -2.391655 5.596924 -25.957737
v 7.190265 6.370621 -26.048725
v -10.550777 8.176025 -21.407206
v -7.081604 6.664001 -21.350409
v -2.325900 6.879013 -21.404526
v -13.254809 9.663910 -21.033339
v -16.344643 11.503342 -21.412395
v -19.086687 13.253616 -21.354130
v -17.098204 21.508118 -21.750816
v -13.474341 22.908112 -26.392597
v -12.573609 22.544235 -30.908855
v -14.468569 23.257294 -21.870314
v -11.862711 22.062286 -35.768135
v -8.996204 22.926346 -30.775043
v -7.891938 22.551437 -35.668079
v -10.507178 23.224182 -26.242107
v -11.370203 23.732727 -21.745155
v -11.770682 24.561752 -16.836046
v -18.545570 14.058029 -16.609823
v -15.670614 12.107025 -16.662897
v -12.662110 9.730072 -16.593857
v -9.675215 8.662109 -16.596588
v -6.666492 7.645386 -16.496605
v -1.944409 8.183029 -16.385036
v 2.384920 7.212280 -21.635994
v 2.467395 8.219131 -17.690792
v 0.053978 8.768845 -14.462210
v 2.745402 8.937790 -14.946759
v -2.592660 8.112183 -11.941034
v -6.110172 7.972931 -11.886521
v -0.112123 8.637421 -11.614000
v -9.028205 8.863739 -11.865103
v -12.251692 9.977264 -11.852068
v -15.360762 12.432831 -11.930458
v -18.062668 14.421814 -11.903126
v -11.834295 25.292679 -11.974452
v -7.175633 25.058487 -16.739685
v -7.266005 24.437195 -21.615719
v -7.179975 25.650024 -11.959518
v -11.891287 25.360260 -7.169429
v -15.630616 23.937714 -7.154117
v -7.182809 25.721619 -7.165241
v -17.616278 14.790283 -7.164351
v -14.966615 12.855209 -7.157898
v -12.062519 10.399597 -7.112801
v -8.417547 9.068726 -7.144273
v -5.545462 8.370987 -7.190875
v -2.914985 8.365219 -7.298072
v -0.528988 8.564789 -7.357489
v 2.691150 9.245880 -11.688153
v 2.613356 9.274597 -7.308369
v -0.956468 9.183914 -2.865719
v -3.168486 8.969269 -2.465027
v 2.448146 9.409454 -2.666222
v -5.573278 8.782379 -2.391398
v -8.188292 9.392593 -2.377816
v -11.825397 10.783386 -2.377608
v -14.627876 13.266968 -2.385216
v -17.584255 14.956085 -2.344961
v -11.952521 25.424286 -2.361700
v -7.202942 25.500763 -2.382756
v -2.379392 25.634613 -7.171434
v -2.366876 25.814728 -11.973182
v -2.386925 25.328125 -2.385543
v -7.219752 25.120178 2.405972
v -11.934710 25.120682 2.531411
v -2.388190 24.921280 2.389102
v -14.902066 13.070618 2.440035
v -12.032137 10.437698 2.262573
v -8.830670 8.919479 2.215586
v -5.981398 8.161285 2.208765
v -2.228108 8.440216 2.193007
v -0.642342 8.801147 0.294111
v 2.313775 8.272690 3.775345
v 2.670111 8.793304 1.005053
v -2.513216 7.433701 7.011863
v -6.654860 7.508972 6.899546
v 2.339265 7.661484 7.435442
v -9.744823 8.498642 6.866612
v -12.655038 9.821228 6.886688
v -15.302448 12.394897 7.063636
v -11.565551 24.377045 7.409796
v -7.270272 24.688080 7.266244
v -2.388184 24.493134 7.166129
v 2.401124 24.722015 2.396009
v 2.411691 25.150284 -2.379100
v 2.481913 24.283920 7.238221
v -2.387523 24.066589 11.944052
v -7.108696 24.256470 12.025689
v 2.336143 23.869598 11.940756
v -10.910850 23.717896 12.125971
v -13.947225 22.852493 12.242793
v -16.242388 11.968826 11.888725
v -13.765908 9.411606 12.097698
v -10.559676 7.883972 11.870310
v -7.074624 6.578247 11.657122
v -2.398596 6.381729 11.755920
v 2.342373 6.905243 11.937943
v 6.966825 8.756958 5.167865
v 6.949339 8.230331 8.285110
v 6.921734 7.551880 12.224665
v 2.302369 5.003387 15.866169
v -2.389128 4.575134 15.385425
v 6.946402 5.743942 16.295294
v -7.203653 5.028595 15.609234
v -11.753999 6.291138 16.288504
v -16.354603 8.587128 17.551977
v -17.795643 12.057236 15.691116
v -12.929427 22.514252 16.889950
v -9.850999 23.129761 16.903614
v -6.661502 23.774338 16.876688
v -2.439617 23.659622 16.762905
v -9.070174 22.714920 21.569176
v -6.251141 23.465530 21.545292
v -2.252447 23.930374 21.489304
v -12.307220 22.002426 21.551538
v -20.065273 12.337570 17.774502
v -21.958603 11.086639 20.444683
v -12.126980 4.105103 19.113054
v -16.911602 6.142059 21.114796
v -21.775482 8.297791 23.595247
v -7.188551 3.111618 18.350323
v -2.385497 3.132538 18.261318
v 2.288770 3.440628 18.612991
v -2.377786 1.490814 21.534189
v -7.193443 1.530579 21.502338
v 2.342992 1.775604 21.570698
v -12.156668 1.745880 21.906755
v -16.849627 3.954041 23.752396
v -21.234476 5.921173 26.770748
v -23.777277 8.442688 27.964323
v -12.251265 21.787811 26.274286
v -8.776964 22.712418 26.273331
v -12.241769 21.685532 31.062960
v -8.445415 22.718216 31.089355
v -22.665546 5.208298 31.025766
v -16.370802 1.011810 27.071041
v -19.765312 3.247070 27.815134
v -20.478783 2.301193 31.260229
v -12.031405 -0.114166 25.149673
v -7.164304 -0.068390 25.311943
v -2.393460 0.025528 25.335823
v -7.165328 -1.123352 28.226234
v -11.510267 -1.215042 28.243240
v -2.388551 -1.028000 28.246515
v -14.699239 -0.765503 28.403517
v -18.045595 0.095108 30.932083
v -15.531288 -1.723068 31.288956
v -19.210854 -1.043304 35.622696
v -21.324850 1.348114 35.700825
v -23.348557 4.509476 35.835957
v -16.671352 -3.216736 35.592472
v -11.710043 -2.304916 31.347702
v -12.105516 -3.751556 35.661652
v -7.164351 -2.264160 31.381428
v -7.152931 -3.468216 35.784615
v -7.126416 -3.345703 40.636982
v -8.039322 22.708878 36.025723
v -2.397441 -3.472717 35.826115
v -2.232918 -2.999390 40.839272
v 2.563989 -4.028000 35.949451
v -2.390991 -2.265427 31.414785
v 2.416288 -2.594574 31.291145
v 7.173319 -3.470139 35.638351
v 7.066436 -2.621017 31.556131
v 10.366272 -1.769791 35.727028
v 10.081256 -1.375351 32.450333
v 2.398283 -1.345795 28.218012
v 7.282362 -1.083847 28.824440
v 11.825012 0.356979 30.759165
v 13.125048 0.008575 35.860077
v 16.203678 1.999420 35.901264
v 7.210727 24.570786 35.588978
v 11.735667 24.502213 31.108593
v 7.211481 25.241837 31.029467
v 19.278690 3.936737 35.834003
v 15.812112 2.465790 31.088495
v 17.638449 5.389938 30.903646
v 11.007967 23.899399 26.214399
v 12.924595 21.973160 21.371941
v 9.938615 22.848419 21.364700
v 15.883927 5.941650 25.991287
v 14.967846 3.332947 27.480017
v 11.799647 1.826080 26.795647
v 12.149191 3.511978 23.459534
v 12.031077 4.834412 20.359806
v 16.061216 6.423019 21.256531
v 12.369568 22.070480 16.667891
v 9.313906 22.924133 16.642851
v 6.645561 23.537201 21.373875
v 6.494582 23.582397 16.664320
v 7.230148 24.376572 26.199848
v 2.432841 23.726669 21.447083
v 2.380653 24.587875 26.246140
v 2.367103 24.932190 31.041378
v 2.280448 23.618256 16.723415
v 9.348420 22.832520 12.047423
v 6.582962 23.674347 12.018328
v 12.308646 21.943878 12.011002
v 15.305165 7.699844 16.969799
v 14.643894 8.514160 13.536120
v 11.673298 6.328400 16.718256
v 11.374010 7.993179 12.868431
v 11.758989 8.744919 9.641174
v 11.910150 9.716446 6.334422
v 12.664129 22.311264 7.358853
v 9.755054 23.104279 7.409203
v 6.801019 23.915771 7.356618
v -5.924023 23.462952 26.271366
v -2.224471 24.317383 26.252598
v -2.228247 24.291824 31.092842
v -5.595825 23.455612 31.121227
v -4.708525 23.364838 35.989613
v -1.712758 23.879105 35.565014
v 2.336748 24.424149 35.581902
v 7.009808 24.349976 2.480054
v 7.013479 24.836716 -2.362442
v 10.235647 23.462784 2.503261
v 10.481479 23.497498 -2.381457
v 7.025231 24.887314 -7.158392
v 2.413438 25.440826 -7.166938
v 10.759776 23.900650 -7.176240
v 2.408199 25.226318 -11.957792
v 7.019249 24.656448 -11.956554
v 10.901130 24.205078 -11.959043
v 13.390155 22.419388 -2.411329
v 13.093683 22.539612 2.472973
v 10.648452 23.786530 -16.750154
v 6.942111 24.078094 -16.719484
v 2.392605 24.640030 -16.723373
v -2.369324 25.225342 -16.750540
v -2.374578 24.636230 -21.528685
v 2.386963 24.051926 -21.493742
v 6.868487 23.634735 -21.532883
v 10.172709 23.381516 -21.577341
v 13.061368 22.713608 -21.581615
v 14.891529 12.472046 -16.555084
v 12.589635 22.620682 -26.429443
v 9.200001 23.047180 -26.468979
v 6.275723 23.229980 -26.453720
v 2.471794 23.525604 -26.357388
v -2.377403 24.047455 -26.301617
v -6.879117 23.743134 -26.214109
v -5.981390 23.226440 -30.833683
v -2.280565 23.457794 -31.022829
v 1.856188 23.216721 -31.183916
v 5.257490 23.040482 -31.272774
v 8.229535 22.890335 -31.260386
v 11.965443 22.395584 -31.174353
v 14.026225 8.873657 -26.376974
v 13.085652 9.510941 -21.514761
v 11.681401 9.946609 -16.787285
v 11.559711 11.413971 -11.754810
v 11.585255 12.173111 -7.124264
v 7.190554 10.131287 -11.697219
v 7.149165 9.130188 -15.563266
v 7.083707 10.400711 -7.195367
v 9.822369 8.624115 -18.825619
v 10.590623 8.006500 -21.853325
v 6.730231 8.370865 -18.353643
v 11.265674 7.149231 -26.333666
v 12.189610 5.009399 -30.839418
v 11.986029 21.883255 -35.841599
v 7.520998 22.727341 -35.886147
v 4.184342 22.895462 -35.910358
v 7.365971 22.603439 -40.606091
v 3.490680 22.902847 -40.692539
v 11.899426 21.560287 -40.606846
v 16.017014 19.897644 -40.590023
v 11.571085 1.422791 -35.385445
v 12.160036 -0.309830 -38.870880
v 10.786027 2.973846 -32.489468
v 6.886160 7.474808 -21.789755
v 7.090368 10.736938 -2.338892
v 11.419519 12.189743 -2.492456
v 7.071724 9.495178 1.745555
v 11.718231 10.848267 2.381908
v 6.972025 4.069016 19.533501
v 7.102901 2.484741 22.394073
v 2.416162 -0.166260 25.308514
v 7.203803 0.738663 25.546139
v 7.187944 -0.654312 -38.605495
v 7.173802 -1.910583 -41.516338
v 11.595933 -1.680283 -41.928825
v 15.155402 -1.036896 -42.466099
v 7.173650 -3.319244 -45.438984
v 12.001091 -3.184723 -45.504993
v 16.114992 -2.560715 -45.638443
v 2.712236 -5.046799 -50.342697
v 7.122597 -4.386276 -50.189529
v 12.099116 -4.238052 -50.102436
v 12.217446 -4.360565 -55.315315
v -0.591542 -5.736893 -50.165337
v 0.062225 -5.919220 -53.826546
v -2.523326 -6.648224 -54.507225
v 18.797396 17.949249 -50.178741
v 18.522554 17.691971 -55.203735
v 15.170938 18.646759 -58.429123
v 11.938213 19.536896 -59.823376
v 15.671260 19.460098 -54.709942
v 10.267583 18.368088 -62.297997
v 7.263943 21.183548 -59.863190
v 11.903397 21.072647 -55.058727
v 7.281541 22.395004 -55.133610
v 15.995289 19.853745 -50.176384
v 12.040571 21.712845 -50.189499
v 16.023104 19.868149 -45.373337
v 11.991484 21.777924 -45.381477
v 7.205186 22.562607 -50.169044
v 7.168906 22.602188 -45.469765
v 2.338443 22.538528 -55.122234
v 2.350891 22.919754 -50.270569
v -2.396942 21.703384 -55.121746
v -2.367412 22.450851 -50.271084
v 2.234468 22.984070 -45.393154
v -2.264264 23.030548 -45.405987
v 0.801481 23.092697 -43.871883
v -0.797492 23.118637 -43.877037
v 1.026166 23.094330 -40.434334
v -7.208516 21.780060 -50.202553
v -7.141357 22.267868 -45.480354
v -3.701894 22.989380 -40.675301
v -7.321095 22.442337 -40.592041
v -1.312746 23.206772 -40.422249
v -7.224756 20.738785 -54.787277
v -12.016036 19.608658 -54.029114
v -12.124668 21.068939 -50.280266
v -12.009232 21.513367 -45.393784
v -11.999254 21.715591 -40.614632
v -4.837452 23.001633 -35.700623
v -1.813530 23.321732 -35.794849
v 1.285323 23.089767 -35.862923
v -16.770304 20.188644 -49.507660
v -19.594797 18.360153 -48.529728
v -23.377487 15.854141 -30.624449
v 22.525383 6.680344 35.470211
vt 0.571988 0.927744
vt 0.572767 0.933828
vt 0.563320 0.934383
vt 0.562697 0.928340
vt 0.581119 0.925782
vt 0.582071 0.932208
vt 0.570611 0.918310
vt 0.561527 0.920047
vt 0.579656 0.917037
vt 0.563926 0.940780
vt 0.573391 0.939997
vt 0.582887 0.938602
vt 0.553962 0.934074
vt 0.554011 0.928486
vt 0.554530 0.941457
vt 0.552919 0.920998
vt 0.553018 0.912732
vt 0.560156 0.911090
vt 0.568901 0.908834
vt 0.577630 0.906792
vt 0.588559 0.915299
vt 0.590083 0.923370
vt 0.586739 0.905559
vt 0.591050 0.929546
vt 0.591896 0.936815
vt 0.583710 0.946370
vt 0.574036 0.948188
vt 0.592804 0.943908
vt 0.564549 0.948965
vt 0.555144 0.950291
vt 0.545917 0.950925
vt 0.545334 0.942437
vt 0.544505 0.932299
vt 0.547635 0.927921
vt 0.546526 0.921723
vt 0.547007 0.912955
vt 0.553469 0.906512
vt 0.559436 0.904101
vt 0.548709 0.903041
vt 0.567123 0.900834
vt 0.575633 0.898041
vt 0.584807 0.895814
vt 0.595894 0.904540
vt 0.597745 0.913302
vt 0.594067 0.894376
vt 0.599101 0.920192
vt 0.600093 0.926974
vt 0.600973 0.934165
vt 0.602066 0.941257
vt 0.594060 0.950572
vt 0.584451 0.953177
vt 0.603548 0.947424
vt 0.574590 0.954622
vt 0.564846 0.955549
vt 0.555537 0.957040
vt 0.546126 0.957189
vt 0.536611 0.950617
vt 0.536033 0.943163
vt 0.536515 0.956938
vt 0.535110 0.933890
vt 0.541229 0.923314
vt 0.533296 0.924545
vt 0.540080 0.913924
vt 0.539218 0.904464
vt 0.557375 0.898586
vt 0.546064 0.894011
vt 0.536844 0.896856
vt 0.555108 0.890852
vt 0.531884 0.915077
vt 0.529785 0.906958
vt 0.528025 0.900653
vt 0.525727 0.935230
vt 0.524387 0.925878
vt 0.522682 0.917082
vt 0.526724 0.942605
vt 0.527329 0.948569
vt 0.527234 0.955983
vt 0.535564 0.965619
vt 0.525892 0.963018
vt 0.546096 0.964267
vt 0.555768 0.963060
vt 0.565548 0.961738
vt 0.575426 0.961091
vt 0.566275 0.967896
vt 0.556345 0.969652
vt 0.576133 0.968619
vt 0.546321 0.971563
vt 0.533779 0.973923
vt 0.524101 0.969753
vt 0.516179 0.959873
vt 0.517048 0.953180
vt 0.515277 0.965650
vt 0.517035 0.947399
vt 0.516458 0.941358
vt 0.515724 0.934993
vt 0.514623 0.927119
vt 0.514932 0.918522
vt 0.515268 0.912289
vt 0.521572 0.909771
vt 0.519395 0.904429
vt 0.510522 0.908958
vt 0.507967 0.918740
vt 0.506792 0.927613
vt 0.506820 0.934864
vt 0.506277 0.940947
vt 0.506177 0.946819
vt 0.506399 0.952447
vt 0.506631 0.957584
vt 0.507266 0.963341
vt 0.513737 0.969984
vt 0.507125 0.968958
vt 0.520597 0.976012
vt 0.528570 0.982171
vt 0.066615 0.590009
vt 0.057394 0.595450
vt 0.053850 0.589509
vt 0.062789 0.584745
vt 0.547732 0.977502
vt 0.557328 0.975897
vt 0.071034 0.595959
vt 0.060525 0.601620
vt 0.075771 0.585280
vt 0.079971 0.591028
vt 0.522757 0.987844
vt 0.515080 0.981275
vt 0.509091 0.973066
vt 0.040272 0.627646
vt 0.037374 0.637830
vt 0.032335 0.633681
vt 0.032723 0.626729
vt 0.028364 0.643340
vt 0.025803 0.635961
vt 0.035060 0.992957
vt 0.027602 0.995800
vt 0.024347 0.989185
vt 0.034824 0.982115
vt 0.042142 0.992555
vt 0.043704 0.981541
vt 0.050716 0.982213
vt 0.049684 0.992797
vt 0.494968 0.947675
vt 0.496277 0.938944
vt 0.500776 0.934832
vt 0.500688 0.928387
vt 0.500956 0.919791
vt 0.500999 0.910818
vt 0.493566 0.930846
vt 0.493099 0.921113
vt 0.493092 0.912355
vt 0.484445 0.939198
vt 0.484255 0.931439
vt 0.483920 0.945733
vt 0.045360 0.970322
vt 0.051923 0.971616
vt 0.038369 0.970186
vt 0.031778 0.649703
vt 0.023445 0.655386
vt 0.017423 0.649564
vt 0.018277 0.663741
vt 0.012352 0.661036
vt 0.041168 0.645549
vt 0.046514 0.627385
vt 0.044248 0.635832
vt 0.049455 0.641214
vt 0.504163 0.975693
vt 0.507873 0.984309
vt 0.063962 0.606775
vt 0.053850 0.615025
vt 0.050316 0.608768
vt 0.067499 0.611371
vt 0.057983 0.619314
vt 0.052024 0.630269
vt 0.058494 0.633491
vt 0.055466 0.639731
vt 0.053941 0.650756
vt 0.060036 0.645613
vt 0.044810 0.653049
vt 0.036365 0.656597
vt 0.029193 0.660815
vt 0.025333 0.668175
vt 0.013795 0.673967
vt 0.009911 0.668990
vt 0.021490 0.676480
vt 0.039370 0.961957
vt 0.046670 0.960270
vt 0.052746 0.963999
vt 0.058606 0.971674
vt 0.059639 0.961663
vt 0.054648 0.954872
vt 0.042246 0.953406
vt 0.034552 0.957820
vt 0.051062 0.948913
vt 0.033416 0.950284
vt 0.039430 0.946687
vt 0.026472 0.956922
vt 0.027590 0.946844
vt 0.016191 0.961729
vt 0.018597 0.954603
vt 0.024394 0.965779
vt 0.020454 0.948802
vt 0.037053 0.668334
vt 0.032821 0.674385
vt 0.041263 0.662799
vt 0.048551 0.659259
vt 0.053804 0.656576
vt 0.062504 0.656088
vt 0.066807 0.651103
vt 0.058838 0.661195
vt 0.063665 0.640724
vt 0.070959 0.646537
vt 0.075993 0.655747
vt 0.079473 0.649600
vt 0.071244 0.661301
vt 0.067077 0.666058
vt 0.053217 0.666299
vt 0.061890 0.672030
vt 0.046846 0.667213
vt 0.044019 0.673800
vt 0.042493 0.681331
vt 0.036498 0.688297
vt 0.029122 0.681360
vt 0.010417 0.949426
vt 0.014990 0.942394
vt 0.023427 0.939928
vt 0.035700 0.941395
vt 0.032230 0.935833
vt 0.048005 0.942918
vt 0.044881 0.937157
vt 0.041278 0.931086
vt 0.020790 0.933766
vt 0.028392 0.929218
vt 0.037701 0.925179
vt 0.015161 0.936862
vt 0.040760 0.701374
vt 0.032039 0.695869
vt 0.044881 0.695111
vt 0.006597 0.937395
vt 0.010568 0.932234
vt 0.049432 0.688589
vt 0.051004 0.674853
vt 0.048475 0.680794
vt 0.053082 0.683748
vt 0.056675 0.678767
vt 0.062079 0.683182
vt 0.068794 0.677415
vt 0.075960 0.671472
vt 0.080061 0.664866
vt 0.085752 0.668434
vt 0.084511 0.675760
vt 0.073958 0.682007
vt 0.065718 0.687881
vt 0.057403 0.686675
vt 0.058009 0.692852
vt 0.053323 0.700415
vt 0.049741 0.706456
vt 0.046464 0.712621
vt 0.038599 0.708259
vt 0.034729 0.714754
vt 0.028361 0.710097
vt 0.032782 0.705382
vt 0.043181 0.719583
vt 0.024125 0.921740
vt 0.016318 0.927218
vt 0.033918 0.918785
vt 0.045533 0.919869
vt 0.049943 0.926824
vt 0.042356 0.914700
vt 0.025147 0.916097
vt 0.031211 0.913448
vt 0.039050 0.909553
vt 0.016168 0.915477
vt 0.010315 0.920333
vt 0.020253 0.911291
vt 0.052293 0.723741
vt 0.055345 0.717012
vt 0.049816 0.730324
vt 0.040659 0.727176
vt 0.058600 0.711470
vt 0.062331 0.705720
vt 0.065995 0.699596
vt 0.070513 0.693693
vt 0.077350 0.687315
vt 0.082986 0.682718
vt 0.078536 0.698471
vt 0.082608 0.692339
vt 0.087454 0.686939
vt 0.074365 0.705229
vt 0.070950 0.710935
vt 0.067632 0.716085
vt 0.064161 0.722094
vt 0.061402 0.728254
vt 0.058937 0.734280
vt 0.047558 0.736158
vt 0.039272 0.732982
vt 0.056458 0.740350
vt 0.026593 0.907117
vt 0.044669 0.743427
vt 0.035777 0.739660
vt 0.034381 0.902201
vt 0.049747 0.908737
vt 0.045913 0.904120
vt 0.042167 0.897531
vt 0.029580 0.894079
vt 0.021398 0.898873
vt 0.037755 0.889428
vt 0.053916 0.747223
vt 0.024940 0.885856
vt 0.016918 0.890390
vt 0.068267 0.739491
vt 0.065701 0.744968
vt 0.063370 0.751533
vt 0.071267 0.733183
vt 0.073922 0.727384
vt 0.076579 0.722221
vt 0.080088 0.715587
vt 0.083000 0.710162
vt 0.086388 0.704702
vt 0.090065 0.698324
vt 0.094294 0.709114
vt 0.096621 0.703920
vt 0.091904 0.715409
vt 0.088350 0.720886
vt 0.086489 0.726472
vt 0.084599 0.733327
vt 0.081896 0.738990
vt 0.078878 0.744527
vt 0.075533 0.750569
vt 0.073066 0.756103
vt 0.013322 0.881390
vt 0.020201 0.877644
vt 0.061385 0.759093
vt 0.070793 0.763051
vt 0.033455 0.881085
vt 0.028819 0.873065
vt 0.048006 0.893654
vt 0.044858 0.885605
vt 0.040966 0.877011
vt 0.036794 0.868781
vt 0.016835 0.868344
vt 0.024190 0.864766
vt 0.032272 0.860687
vt 0.081949 0.761322
vt 0.078885 0.766688
vt 0.068567 0.770909
vt 0.077263 0.773719
vt 0.085309 0.755245
vt 0.088799 0.749769
vt 0.092855 0.743794
vt 0.094411 0.736794
vt 0.095019 0.729836
vt 0.095466 0.723333
vt 0.101587 0.719789
vt 0.101770 0.711956
vt 0.111325 0.714358
vt 0.109378 0.709048
vt 0.102143 0.729211
vt 0.108374 0.722593
vt 0.115370 0.719454
vt 0.109667 0.729073
vt 0.102837 0.738394
vt 0.103323 0.747185
vt 0.097696 0.753845
vt 0.094209 0.760278
vt 0.090315 0.767303
vt 0.084635 0.769402
vt 0.084436 0.775634
vt 0.020747 0.856513
vt 0.027980 0.852208
vt 0.075842 0.781975
vt 0.083726 0.783659
vt 0.038449 0.857453
vt 0.042519 0.865759
vt 0.034134 0.849142
vt 0.029932 0.841628
vt 0.024234 0.845111
vt 0.021445 0.840062
vt 0.017679 0.849672
vt 0.013803 0.844844
vt 0.026718 0.837195
vt 0.090851 0.775650
vt 0.101472 0.770576
vt 0.105368 0.763833
vt 0.098422 0.778133
vt 0.103790 0.758125
vt 0.109640 0.753467
vt 0.113982 0.742648
vt 0.111276 0.735760
vt 0.118387 0.748181
vt 0.117710 0.724932
vt 0.120533 0.730924
vt 0.124314 0.736255
vt 0.128168 0.741600
vt 0.121991 0.753255
vt 0.113261 0.759610
vt 0.131937 0.746889
vt 0.114755 0.769831
vt 0.118904 0.764094
vt 0.110923 0.775833
vt 0.107618 0.781401
vt 0.090011 0.784636
vt 0.095910 0.786543
vt 0.104271 0.789056
vt 0.019198 0.834265
vt 0.028643 0.831916
vt 0.034841 0.838393
vt 0.039904 0.846007
vt 0.044030 0.854578
vt 0.050595 0.851004
vt 0.046312 0.842351
vt 0.041985 0.834359
vt 0.037056 0.826663
vt 0.024496 0.822531
vt 0.015851 0.826237
vt 0.032778 0.818181
vt 0.113543 0.792394
vt 0.116427 0.785697
vt 0.020129 0.813845
vt 0.012441 0.817026
vt 0.119328 0.779856
vt 0.124494 0.773647
vt 0.291824 0.540711
vt 0.292153 0.533705
vt 0.298817 0.533955
vt 0.302170 0.538839
vt 0.284876 0.532966
vt 0.288172 0.523569
vt 0.294917 0.525966
vt 0.301211 0.527361
vt 0.292705 0.514019
vt 0.298967 0.516443
vt 0.137570 0.735287
vt 0.141333 0.740616
vt 0.296920 0.504879
vt 0.302915 0.506759
vt 0.306774 0.519348
vt 0.310020 0.508988
vt 0.307188 0.530854
vt 0.309217 0.524622
vt 0.307954 0.546978
vt 0.300940 0.546647
vt 0.310387 0.540431
vt 0.315196 0.532862
vt 0.301504 0.553129
vt 0.311659 0.551316
vt 0.121936 0.795712
vt 0.126156 0.789097
vt 0.009498 0.808514
vt 0.016813 0.805302
vt 0.028630 0.809824
vt 0.024532 0.801209
vt 0.039555 0.814720
vt 0.043627 0.823130
vt 0.035374 0.806322
vt 0.047704 0.831252
vt 0.049238 0.820237
vt 0.053113 0.828587
vt 0.045177 0.811801
vt 0.041048 0.803424
vt 0.031036 0.798062
vt 0.036641 0.795228
vt 0.013957 0.798072
vt 0.020967 0.793893
vt 0.026740 0.790723
vt 0.313241 0.566778
vt 0.311053 0.559033
vt 0.317883 0.559186
vt 0.320719 0.564723
vt 0.321954 0.553817
vt 0.316011 0.543570
vt 0.323626 0.545063
vt 0.318445 0.537525
vt 0.315780 0.524752
vt 0.324302 0.530880
vt 0.324382 0.524364
vt 0.324885 0.537274
vt 0.332330 0.551528
vt 0.333057 0.544609
vt 0.333549 0.537771
vt 0.326083 0.561347
vt 0.333162 0.559767
vt 0.018573 0.788777
vt 0.010361 0.792905
vt 0.023580 0.786329
vt 0.031475 0.787519
vt 0.025491 0.780974
vt 0.042801 0.791995
vt 0.047183 0.800277
vt 0.038134 0.783849
vt 0.051572 0.808440
vt 0.055493 0.817091
vt 0.331251 0.642875
vt 0.321715 0.643738
vt 0.320943 0.636052
vt 0.330404 0.635421
vt 0.053912 0.796745
vt 0.058182 0.804890
vt 0.049222 0.788657
vt 0.044498 0.780441
vt 0.033273 0.775944
vt 0.039735 0.772285
vt 0.016130 0.783104
vt 0.021515 0.771294
vt 0.013310 0.774559
vt 0.029025 0.767376
vt 0.007687 0.786102
vt 0.342514 0.557430
vt 0.342592 0.550750
vt 0.004710 0.776804
vt 0.343145 0.544599
vt 0.343586 0.537500
vt 0.333911 0.530701
vt 0.343844 0.530821
vt 0.353485 0.530598
vt 0.353093 0.537982
vt 0.352774 0.544591
vt 0.352448 0.551094
vt 0.352309 0.558415
vt 0.343092 0.566130
vt 0.352271 0.565085
vt 0.010852 0.765514
vt 0.017735 0.762606
vt 0.024634 0.759638
vt 0.034969 0.764174
vt 0.029592 0.756260
vt 0.368686 0.644992
vt 0.359365 0.645850
vt 0.358879 0.639597
vt 0.368188 0.638608
vt 0.378009 0.644228
vt 0.377504 0.637654
vt 0.350045 0.646800
vt 0.349583 0.640684
vt 0.340912 0.647798
vt 0.340403 0.641952
vt 0.331822 0.648978
vt 0.341239 0.654052
vt 0.332081 0.654863
vt 0.350506 0.653734
vt 0.359881 0.653322
vt 0.369069 0.652933
vt 0.378668 0.652075
vt 0.387408 0.643651
vt 0.386919 0.636215
vt 0.388106 0.651233
vt 0.020935 0.754136
vt 0.022797 0.749091
vt 0.757491 0.636734
vt 0.755560 0.627523
vt 0.762938 0.626603
vt 0.766573 0.635752
vt 0.015324 0.756148
vt 0.009816 0.759067
vt 0.358624 0.565189
vt 0.361728 0.561011
vt 0.361760 0.551954
vt 0.362018 0.544715
vt 0.371251 0.545105
vt 0.370916 0.551619
vt 0.370764 0.560520
vt 0.013392 0.751325
vt 0.005160 0.756666
vt 0.776041 0.637388
vt 0.785640 0.635461
vt 0.785574 0.644965
vt 0.776187 0.645414
vt 0.766894 0.645212
vt 0.758444 0.645954
vt 0.749387 0.637732
vt 0.748029 0.628617
vt 0.750968 0.646844
vt 0.388639 0.657334
vt 0.378998 0.659025
vt 0.743607 0.638532
vt 0.741965 0.629466
vt 0.369260 0.660700
vt 0.360229 0.662073
vt 0.351132 0.662945
vt 0.341642 0.663043
vt 0.351704 0.671198
vt 0.342314 0.672828
vt 0.360569 0.669171
vt 0.369412 0.666733
vt 0.379145 0.664573
vt 0.388897 0.663183
vt 0.398153 0.662422
vt 0.397912 0.656279
vt 0.407162 0.655558
vt 0.397597 0.650440
vt 0.406881 0.649520
vt 0.407453 0.662192
vt 0.416234 0.648877
vt 0.406629 0.641988
vt 0.415978 0.641826
vt 0.416508 0.654963
vt 0.759235 0.655175
vt 0.767236 0.654611
vt 0.776301 0.654391
vt 0.785943 0.654250
vt 0.379917 0.560344
vt 0.379909 0.551738
vt 0.389332 0.552922
vt 0.389317 0.560849
vt 0.776490 0.663815
vt 0.785853 0.663581
vt 0.767550 0.664016
vt 0.759908 0.664361
vt 0.425583 0.648289
vt 0.425309 0.641593
vt 0.425857 0.654437
vt 0.416803 0.661864
vt 0.426144 0.661557
vt 0.407823 0.671136
vt 0.398471 0.671363
vt 0.417157 0.670901
vt 0.389165 0.671471
vt 0.379546 0.671983
vt 0.369884 0.673058
vt 0.361008 0.674895
vt 0.352192 0.678038
vt 0.361422 0.682171
vt 0.352415 0.684272
vt 0.370515 0.681308
vt 0.380098 0.681284
vt 0.389476 0.681068
vt 0.398833 0.680849
vt 0.408172 0.680630
vt 0.417566 0.680493
vt 0.426479 0.670664
vt 0.426884 0.679828
vt 0.435479 0.661269
vt 0.435220 0.653976
vt 0.435891 0.670611
vt 0.434984 0.647756
vt 0.753743 0.673823
vt 0.753220 0.664574
vt 0.760303 0.673608
vt 0.767784 0.673376
vt 0.760519 0.682896
vt 0.768026 0.682712
vt 0.754044 0.683072
vt 0.444588 0.653585
vt 0.444393 0.647261
vt 0.444814 0.661023
vt 0.445090 0.670191
vt 0.436328 0.679194
vt 0.445447 0.679078
vt 0.427238 0.686746
vt 0.418039 0.690042
vt 0.436606 0.685096
vt 0.408549 0.690080
vt 0.399142 0.690217
vt 0.389792 0.690440
vt 0.380422 0.690661
vt 0.371040 0.690878
vt 0.361656 0.691094
vt 0.371342 0.700239
vt 0.361966 0.700470
vt 0.380715 0.700008
vt 0.390079 0.699774
vt 0.399425 0.699539
vt 0.408356 0.699294
vt 0.415241 0.699198
vt 0.421762 0.693592
vt 0.420458 0.699761
vt 0.427998 0.691902
vt 0.436671 0.690539
vt 0.445665 0.684404
vt 0.445764 0.689684
vt 0.454616 0.678725
vt 0.454387 0.670193
vt 0.454782 0.684643
vt 0.454139 0.660804
vt 0.463689 0.669785
vt 0.463469 0.660583
vt 0.463930 0.678946
vt 0.463987 0.685922
vt 0.454953 0.690083
vt 0.463435 0.691135
vt 0.445935 0.698361
vt 0.436744 0.698459
vt 0.455206 0.697972
vt 0.427783 0.699232
vt 0.419416 0.708345
vt 0.414091 0.708512
vt 0.427514 0.708094
vt 0.408353 0.708634
vt 0.399822 0.708820
vt 0.390352 0.709092
vt 0.380994 0.709341
vt 0.390619 0.718405
vt 0.381264 0.718670
vt 0.400090 0.718213
vt 0.408598 0.718078
vt 0.414273 0.717982
vt 0.419602 0.717778
vt 0.427752 0.717459
vt 0.436923 0.707872
vt 0.437190 0.717139
vt 0.446209 0.707633
vt 0.455500 0.707396
vt 0.463837 0.698342
vt 0.464290 0.707230
vt 0.469214 0.692567
vt 0.472902 0.688761
vt 0.470037 0.698573
vt 0.473102 0.679131
vt 0.475384 0.697714
vt 0.482682 0.688192
vt 0.482540 0.678712
vt 0.483363 0.697348
vt 0.470392 0.706492
vt 0.475759 0.706925
vt 0.464598 0.715264
vt 0.456091 0.716898
vt 0.470213 0.713493
vt 0.446482 0.716901
vt 0.428497 0.726232
vt 0.437450 0.726240
vt 0.446921 0.726065
vt 0.421035 0.726212
vt 0.415873 0.727060
vt 0.409093 0.727256
vt 0.400220 0.727441
vt 0.409854 0.736408
vt 0.400476 0.736743
vt 0.419262 0.735985
vt 0.422732 0.732300
vt 0.429055 0.733286
vt 0.437658 0.733729
vt 0.447234 0.733012
vt 0.456698 0.724597
vt 0.456964 0.730795
vt 0.465794 0.721738
vt 0.474086 0.716767
vt 0.483714 0.706643
vt 0.483617 0.716015
vt 0.492447 0.697075
vt 0.492143 0.687764
vt 0.492755 0.706382
vt 0.493065 0.715695
vt 0.484014 0.725255
vt 0.474714 0.725725
vt 0.493361 0.725017
vt 0.466072 0.728083
vt 0.456830 0.736948
vt 0.447267 0.738438
vt 0.465942 0.735179
vt 0.437810 0.739297
vt 0.428541 0.738600
vt 0.419413 0.745434
vt 0.410049 0.745767
vt 0.428677 0.745741
vt 0.400727 0.746057
vt 0.410288 0.755101
vt 0.400968 0.755398
vt 0.419600 0.754817
vt 0.428904 0.754550
vt 0.437982 0.745735
vt 0.438206 0.754299
vt 0.447280 0.745391
vt 0.456747 0.744522
vt 0.465890 0.744309
vt 0.474954 0.734787
vt 0.475224 0.744108
vt 0.484297 0.734573
vt 0.493647 0.734352
vt 0.502716 0.724766
vt 0.502417 0.715426
vt 0.503003 0.734119
vt 0.502108 0.706097
vt 0.511776 0.715140
vt 0.511472 0.705793
vt 0.512073 0.724498
vt 0.512357 0.733868
vt 0.503278 0.743488
vt 0.493921 0.743705
vt 0.512631 0.743252
vt 0.484568 0.743909
vt 0.475483 0.753458
vt 0.466147 0.753647
vt 0.484831 0.753273
vt 0.456822 0.753847
vt 0.447510 0.754066
vt 0.438445 0.763686
vt 0.429138 0.763938
vt 0.447754 0.763451
vt 0.419829 0.764208
vt 0.429349 0.773625
vt 0.420043 0.773641
vt 0.438678 0.773183
vt 0.447930 0.773127
vt 0.457070 0.763234
vt 0.457319 0.772649
vt 0.466398 0.763039
vt 0.475738 0.762857
vt 0.485088 0.762683
vt 0.494186 0.753083
vt 0.494444 0.762504
vt 0.503544 0.752880
vt 0.512898 0.752656
vt 0.521974 0.742990
vt 0.521702 0.733593
vt 0.522238 0.752401
vt 0.521424 0.724208
vt 0.531035 0.733297
vt 0.530762 0.723901
vt 0.531304 0.742701
vt 0.531571 0.752116
vt 0.522500 0.761789
vt 0.513251 0.762262
vt 0.531755 0.761716
vt 0.503801 0.762309
vt 0.494679 0.771347
vt 0.485330 0.771707
vt 0.504129 0.771162
vt 0.475985 0.772050
vt 0.466649 0.772358
vt 0.457474 0.781257
vt 0.448029 0.781723
vt 0.466867 0.780476
vt 0.438808 0.782254
vt 0.448107 0.787469
vt 0.438886 0.787824
vt 0.457585 0.786989
vt 0.467034 0.786385
vt 0.476362 0.785664
vt 0.476194 0.779766
vt 0.485525 0.778936
vt 0.494859 0.778052
vt 0.504350 0.777193
vt 0.513632 0.770747
vt 0.513875 0.776454
vt 0.522742 0.770600
vt 0.531847 0.770212
vt 0.541175 0.761224
vt 0.540899 0.751799
vt 0.541349 0.770227
vt 0.540626 0.742390
vt 0.550232 0.751463
vt 0.549951 0.742064
vt 0.550521 0.760871
vt 0.550887 0.770323
vt 0.531921 0.776112
vt 0.541562 0.777083
vt 0.551245 0.778129
vt 0.522888 0.776010
vt 0.513932 0.782160
vt 0.504441 0.782872
vt 0.523023 0.781534
vt 0.495022 0.783920
vt 0.485692 0.784820
vt 0.476569 0.792435
vt 0.467230 0.792819
vt 0.485907 0.792018
vt 0.457810 0.792979
vt 0.467476 0.800559
vt 0.458131 0.800923
vt 0.476815 0.800179
vt 0.486149 0.799790
vt 0.495242 0.791573
vt 0.495472 0.799414
vt 0.504570 0.791140
vt 0.513983 0.790558
vt 0.523228 0.790470
vt 0.532147 0.781780
vt 0.532468 0.790124
vt 0.541808 0.782551
vt 0.551481 0.784123
vt 0.560185 0.769908
vt 0.560533 0.778835
vt 0.560751 0.785882
vt 0.559886 0.760502
vt 0.569570 0.769506
vt 0.569259 0.760135
vt 0.569847 0.779021
vt 0.570033 0.787024
vt 0.560783 0.791595
vt 0.551513 0.790614
vt 0.570132 0.793201
vt 0.541840 0.790356
vt 0.532559 0.799120
vt 0.523388 0.798818
vt 0.541631 0.799143
vt 0.514080 0.798838
vt 0.504785 0.799082
vt 0.495676 0.805815
vt 0.486361 0.806234
vt 0.504967 0.805464
vt 0.477037 0.806678
vt 0.486602 0.813102
vt 0.477262 0.813957
vt 0.495896 0.812589
vt 0.505197 0.812255
vt 0.692692 0.598992
vt 0.690047 0.607925
vt 0.683546 0.606046
vt 0.686189 0.597108
vt 0.514206 0.805209
vt 0.523474 0.805241
vt 0.532417 0.805686
vt 0.541481 0.805716
vt 0.551292 0.798892
vt 0.551053 0.806238
vt 0.560749 0.798900
vt 0.570223 0.799869
vt 0.579694 0.794809
vt 0.579763 0.800596
vt 0.579497 0.787596
vt 0.579259 0.778508
vt 0.588986 0.787665
vt 0.588632 0.778104
vt 0.589286 0.795791
vt 0.589417 0.801848
vt 0.570270 0.807335
vt 0.579690 0.807811
vt 0.699758 0.533251
vt 0.692536 0.531564
vt 0.695346 0.522087
vt 0.701461 0.523559
vt 0.560743 0.807036
vt 0.696067 0.561840
vt 0.701989 0.563161
vt 0.699911 0.572638
vt 0.693685 0.571165
vt 0.560548 0.813312
vt 0.550883 0.812339
vt 0.697647 0.581570
vt 0.691639 0.580056
vt 0.532390 0.811882
vt 0.523408 0.812154
vt 0.514233 0.811952
vt 0.698965 0.600820
vt 0.696465 0.609825
vt 0.695528 0.590248
vt 0.701478 0.591997
vt 0.505386 0.818966
vt 0.496073 0.819545
vt 0.702433 0.611735
vt 0.699985 0.620735
vt 0.694058 0.618858
vt 0.705017 0.602712
vt 0.707509 0.593773
vt 0.710215 0.584970
vt 0.703919 0.583192
vt 0.706062 0.574064
vt 0.708703 0.564798
vt 0.559865 0.819938
vt 0.550555 0.819315
vt 0.711743 0.545903
vt 0.710161 0.555641
vt 0.703489 0.553975
vt 0.705104 0.544260
vt 0.570141 0.814109
vt 0.698242 0.542880
vt 0.707079 0.534983
vt 0.708400 0.525469
vt 0.710661 0.516217
vt 0.703503 0.514052
vt 0.697791 0.512513
vt 0.598609 0.796147
vt 0.598782 0.802583
vt 0.700298 0.502602
vt 0.706185 0.504580
vt 0.608140 0.802785
vt 0.607946 0.795852
vt 0.713087 0.506994
vt 0.717354 0.518263
vt 0.715620 0.527526
vt 0.719525 0.509217
vt 0.713473 0.536680
vt 0.718442 0.547871
vt 0.719190 0.558294
vt 0.719914 0.538428
vt 0.716449 0.567085
vt 0.713239 0.575910
vt 0.718821 0.587714
vt 0.715875 0.596539
vt 0.722287 0.578828
vt 0.712912 0.605364
vt 0.724309 0.599683
vt 0.720367 0.608034
vt 0.727670 0.591035
vt 0.731143 0.582326
vt 0.725347 0.570603
vt 0.734876 0.573699
vt 0.728059 0.563454
vt 0.724124 0.556122
vt 0.730501 0.558520
vt 0.724732 0.549060
vt 0.726584 0.540240
vt 0.721709 0.529206
vt 0.728838 0.531261
vt 0.723816 0.520274
vt 0.725646 0.511221
vt 0.728022 0.502502
vt 0.722071 0.500355
vt 0.715801 0.497897
vt 0.732651 0.513396
vt 0.732052 0.523011
vt 0.734684 0.504645
vt 0.737809 0.534878
vt 0.735072 0.542831
vt 0.739841 0.528922
vt 0.732652 0.551719
vt 0.739844 0.559824
vt 0.737532 0.566228
vt 0.742093 0.553554
vt 0.742859 0.577214
vt 0.738676 0.585576
vt 0.747317 0.568623
vt 0.734394 0.593829
vt 0.730291 0.602040
vt 0.739846 0.596120
vt 0.735627 0.604379
vt 0.744088 0.587965
vt 0.749159 0.580047
vt 0.754585 0.571824
vt 0.749881 0.561169
vt 0.759540 0.563267
vt 0.752246 0.554585
vt 0.744879 0.546253
vt 0.754631 0.547973
vt 0.747667 0.538111
vt 0.749924 0.532037
vt 0.742445 0.524207
vt 0.751696 0.526695
vt 0.737057 0.521049
vt 0.738572 0.514485
vt 0.744806 0.516774
vt 0.753794 0.519333
vt 0.762199 0.526995
vt 0.760198 0.533348
vt 0.763832 0.520180
vt 0.757480 0.540596
vt 0.764748 0.548957
vt 0.762323 0.555735
vt 0.767191 0.542004
vt 0.766705 0.566459
vt 0.760904 0.574551
vt 0.558172 0.353889
vt 0.562807 0.362244
vt 0.553117 0.364407
vt 0.550826 0.356920
vt 0.539814 0.361556
vt 0.542027 0.367759
vt 0.532360 0.369749
vt 0.530575 0.363700
vt 0.523300 0.371182
vt 0.521798 0.364845
vt 0.514373 0.372595
vt 0.512767 0.365735
vt 0.525238 0.379730
vt 0.515830 0.380498
vt 0.534416 0.378528
vt 0.544333 0.373894
vt 0.772650 0.569078
vt 0.767419 0.577650
vt 0.564990 0.369490
vt 0.554774 0.370457
vt 0.570254 0.359587
vt 0.574483 0.367832
vt 0.564567 0.351194
vt 0.570853 0.348389
vt 0.576517 0.356986
vt 0.577819 0.345424
vt 0.582889 0.353592
vt 0.770175 0.534184
vt 0.772316 0.526488
vt 0.773846 0.519482
vt 0.765363 0.512385
vt 0.774314 0.512486
vt 0.756001 0.510273
vt 0.747269 0.508202
vt 0.767010 0.502856
vt 0.757858 0.501356
vt 0.749497 0.499689
vt 0.775920 0.504209
vt 0.781035 0.511858
vt 0.784151 0.516378
vt 0.783313 0.504412
vt 0.782066 0.526326
vt 0.780412 0.534128
vt 0.588631 0.361965
vt 0.581763 0.365219
vt 0.589704 0.350242
vt 0.594571 0.357805
vt 0.576026 0.374646
vt 0.566742 0.375406
vt 0.585199 0.372383
vt 0.556916 0.376826
vt 0.547254 0.381215
vt 0.540075 0.383144
vt 0.544575 0.391225
vt 0.538285 0.391116
vt 0.552387 0.385415
vt 0.552332 0.392330
vt 0.559699 0.383346
vt 0.568414 0.382650
vt 0.577196 0.381358
vt 0.586317 0.380548
vt 0.596599 0.379272
vt 0.595362 0.369678
vt 0.598091 0.363231
vt 0.601748 0.354778
vt 0.605066 0.362185
vt 0.598168 0.346222
vt 0.608539 0.345173
vt 0.610942 0.352169
vt 0.788902 0.505679
vt 0.784810 0.495523
vt 0.790754 0.494933
vt 0.777207 0.494787
vt 0.618056 0.342648
vt 0.620115 0.349441
vt 0.613489 0.360112
vt 0.621974 0.356418
vt 0.605819 0.370127
vt 0.615252 0.368814
vt 0.606926 0.378661
vt 0.596104 0.389183
vt 0.586979 0.389495
vt 0.722369 0.721075
vt 0.732748 0.719504
vt 0.731496 0.729382
vt 0.721640 0.728097
vt 0.578347 0.390777
vt 0.568774 0.392021
vt 0.560579 0.390418
vt 0.561009 0.395318
vt 0.556011 0.395182
vt 0.565483 0.395713
vt 0.568962 0.401297
vt 0.565322 0.398487
vt 0.578480 0.400395
vt 0.585698 0.399531
vt 0.592664 0.399446
vt 0.599954 0.392650
vt 0.599696 0.400739
vt 0.722583 0.715496
vt 0.729605 0.714967
vt 0.713345 0.720221
vt 0.713847 0.714219
vt 0.712792 0.726941
vt 0.616136 0.377474
vt 0.703045 0.734734
vt 0.703236 0.726221
vt 0.712404 0.735493
vt 0.701850 0.742698
vt 0.710972 0.744162
vt 0.695611 0.740710
vt 0.695216 0.734720
vt 0.627885 0.353518
vt 0.629074 0.347099
vt 0.694394 0.726150
vt 0.703462 0.718847
vt 0.693035 0.718007
vt 0.704564 0.712407
vt 0.715030 0.707183
vt 0.724331 0.708770
vt 0.705696 0.705581
vt 0.607796 0.396766
vt 0.606357 0.389840
vt 0.596347 0.411537
vt 0.589787 0.410636
vt 0.603855 0.405113
vt 0.604352 0.412935
vt 0.610532 0.402840
vt 0.583847 0.410219
vt 0.576687 0.410440
vt 0.568728 0.411344
vt 0.575285 0.421072
vt 0.567497 0.420985
vt 0.581391 0.421536
vt 0.588044 0.422390
vt 0.594803 0.422977
vt 0.601534 0.423299
vt 0.608613 0.416837
vt 0.609508 0.424171
vt 0.612003 0.408685
vt 0.615394 0.414199
vt 0.716389 0.700252
vt 0.717671 0.693673
vt 0.726985 0.695838
vt 0.724955 0.701937
vt 0.707121 0.698611
vt 0.698579 0.697182
vt 0.696863 0.703967
vt 0.695690 0.710994
vt 0.690405 0.709061
vt 0.689088 0.702399
vt 0.686124 0.713596
vt 0.692884 0.696232
vt 0.699573 0.690516
vt 0.708424 0.692239
vt 0.691044 0.689418
vt 0.718909 0.686985
vt 0.727680 0.688865
vt 0.709939 0.685103
vt 0.617388 0.419697
vt 0.720219 0.680536
vt 0.729661 0.682762
vt 0.607321 0.433768
vt 0.600827 0.433393
vt 0.614518 0.427843
vt 0.615067 0.434670
vt 0.620955 0.424808
vt 0.593656 0.432939
vt 0.587173 0.432487
vt 0.593275 0.442972
vt 0.586448 0.442358
vt 0.600466 0.443328
vt 0.606128 0.443575
vt 0.612324 0.443877
vt 0.619961 0.438078
vt 0.618685 0.444669
vt 0.623830 0.430423
vt 0.626491 0.436153
vt 0.722988 0.667967
vt 0.732311 0.669708
vt 0.730386 0.676068
vt 0.721680 0.674020
vt 0.711106 0.678870
vt 0.712119 0.672576
vt 0.701432 0.683956
vt 0.702150 0.677650
vt 0.694766 0.682774
vt 0.692899 0.676001
vt 0.703445 0.670974
vt 0.696610 0.670757
vt 0.713089 0.665776
vt 0.703334 0.662975
vt 0.634331 0.428299
vt 0.636467 0.435493
vt 0.714281 0.659714
vt 0.723672 0.660901
vt 0.626513 0.444190
vt 0.636125 0.444637
vt 0.618059 0.453981
vt 0.611596 0.453753
vt 0.625247 0.453565
vt 0.605941 0.453343
vt 0.599936 0.453112
vt 0.593066 0.453013
vt 0.600302 0.464004
vt 0.592453 0.463772
vt 0.606138 0.464516
vt 0.612511 0.464857
vt 0.620497 0.464316
vt 0.624768 0.460774
vt 0.634264 0.455012
vt 0.632306 0.462735
vt 0.645266 0.447713
vt 0.642619 0.457368
vt 0.646945 0.438976
vt 0.653297 0.443614
vt 0.651394 0.451007
vt 0.707392 0.658804
vt 0.657356 0.452485
vt 0.658914 0.442337
vt 0.666768 0.446332
vt 0.664116 0.455010
vt 0.694546 0.664295
vt 0.688591 0.667355
vt 0.670596 0.456957
vt 0.673305 0.447288
vt 0.661513 0.464358
vt 0.654205 0.461704
vt 0.667681 0.466451
vt 0.648767 0.458922
vt 0.640193 0.464194
vt 0.646174 0.464844
vt 0.629112 0.468424
vt 0.638695 0.470694
vt 0.619850 0.471843
vt 0.615217 0.476195
vt 0.626989 0.474849
vt 0.607390 0.475892
vt 0.599808 0.474932
vt 0.592277 0.474186
vt 0.600116 0.485092
vt 0.591046 0.484553
vt 0.607247 0.485959
vt 0.613591 0.486792
vt 0.623564 0.480681
vt 0.621853 0.488509
vt 0.635846 0.477383
vt 0.633119 0.483635
vt 0.649064 0.470240
vt 0.645438 0.480065
vt 0.658467 0.473549
vt 0.664501 0.475750
vt 0.670733 0.477625
vt 0.673866 0.468295
vt 0.677217 0.458818
vt 0.680478 0.448834
vt 0.812470 0.377413
vt 0.819143 0.376654
vt 0.819594 0.386934
vt 0.813260 0.387282
vt 0.819516 0.397807
vt 0.813406 0.398041
vt 0.811593 0.367614
vt 0.818149 0.366711
vt 0.667283 0.486204
vt 0.662024 0.483729
vt 0.809806 0.358353
vt 0.817684 0.357437
vt 0.656080 0.482062
vt 0.522283 0.103557
vt 0.529998 0.099256
vt 0.534319 0.107422
vt 0.525920 0.112442
vt 0.642582 0.486883
vt 0.535892 0.096296
vt 0.540526 0.103743
vt 0.631163 0.490038
vt 0.640509 0.492897
vt 0.619925 0.497314
vt 0.611774 0.496274
vt 0.629578 0.498299
vt 0.605088 0.495363
vt 0.598285 0.494666
vt 0.603029 0.505158
vt 0.596764 0.504448
vt 0.610098 0.505887
vt 0.619260 0.506482
vt 0.557117 0.104080
vt 0.565511 0.099357
vt 0.569677 0.107909
vt 0.561355 0.112383
vt 0.552775 0.095574
vt 0.562011 0.090701
vt 0.545735 0.100200
vt 0.549982 0.108501
vt 0.540559 0.092471
vt 0.548074 0.088054
vt 0.532611 0.091604
vt 0.527232 0.093800
vt 0.534381 0.085986
vt 0.525645 0.088262
vt 0.531406 0.077959
vt 0.522520 0.081084
vt 0.801816 0.349735
vt 0.808937 0.348793
vt 0.802916 0.359482
vt 0.804027 0.369001
vt 0.805767 0.378214
vt 0.796366 0.360869
vt 0.796623 0.370568
vt 0.797089 0.379836
vt 0.795733 0.350810
vt 0.528000 0.071817
vt 0.536417 0.067789
vt 0.539411 0.073095
vt 0.794625 0.340981
vt 0.800875 0.340016
vt 0.543057 0.080469
vt 0.556243 0.083621
vt 0.551810 0.075184
vt 0.571532 0.090540
vt 0.574449 0.096805
vt 0.564149 0.085663
vt 0.569468 0.084587
vt 0.562087 0.079958
vt 0.626675 0.515652
vt 0.618976 0.515948
vt 0.628542 0.506540
vt 0.609647 0.515690
vt 0.617517 0.525705
vt 0.609253 0.525600
vt 0.624858 0.525623
vt 0.633323 0.514934
vt 0.631406 0.525065
vt 0.639001 0.523487
vt 0.639644 0.514935
vt 0.567305 0.078629
vt 0.574395 0.074636
vt 0.577780 0.082382
vt 0.565630 0.072593
vt 0.560510 0.070827
vt 0.547442 0.067919
vt 0.555196 0.062165
vt 0.544172 0.062397
vt 0.532631 0.062732
vt 0.540080 0.056927
vt 0.786496 0.342891
vt 0.784325 0.333601
vt 0.792792 0.331042
vt 0.788911 0.352242
vt 0.790380 0.362165
vt 0.780078 0.354365
vt 0.777586 0.345303
vt 0.782836 0.363688
vt 0.774793 0.336207
vt 0.781076 0.324453
vt 0.790179 0.321704
vt 0.771536 0.326957
vt 0.796519 0.319246
vt 0.799585 0.328480
vt 0.803104 0.316713
vt 0.805843 0.326475
vt 0.563217 0.057192
vt 0.567058 0.063370
vt 0.792808 0.310185
vt 0.798866 0.307368
vt 0.571140 0.068192
vt 0.583382 0.069695
vt 0.585817 0.079061
vt 0.578566 0.063098
vt 0.640847 0.531609
vt 0.631486 0.535390
vt 0.642361 0.537323
vt 0.635801 0.539132
vt 0.648453 0.536205
vt 0.651019 0.530916
vt 0.657727 0.539505
vt 0.651488 0.542352
vt 0.585905 0.056359
vt 0.590192 0.061734
vt 0.574295 0.057662
vt 0.581521 0.051272
vt 0.794320 0.298436
vt 0.800649 0.295490
vt 0.805314 0.303920
vt 0.788397 0.301275
vt 0.786636 0.312735
vt 0.782825 0.303697
vt 0.779054 0.315343
vt 0.771383 0.317826
vt 0.763579 0.331493
vt 0.765970 0.339106
vt 0.766834 0.324440
vt 0.766032 0.318813
vt 0.761374 0.326614
vt 0.769061 0.309070
vt 0.776102 0.306343
vt 0.764020 0.311553
vt 0.778049 0.294788
vt 0.784350 0.292682
vt 0.772323 0.298416
vt 0.790286 0.290337
vt 0.796078 0.286391
vt 0.789962 0.278302
vt 0.796672 0.274232
vt 0.802090 0.283408
vt 0.787645 0.283728
vt 0.803491 0.271664
vt 0.808474 0.280786
vt 0.661773 0.549227
vt 0.654741 0.550717
vt 0.645712 0.553258
vt 0.643816 0.544540
vt 0.461414 0.090700
vt 0.467096 0.092663
vt 0.464762 0.100228
vt 0.456902 0.094957
vt 0.453152 0.088492
vt 0.460537 0.084756
vt 0.450760 0.081469
vt 0.459790 0.076291
vt 0.453936 0.072490
vt 0.446906 0.074650
vt 0.780827 0.278039
vt 0.779690 0.271575
vt 0.787201 0.271331
vt 0.780860 0.284916
vt 0.772084 0.286780
vt 0.769215 0.291540
vt 0.764307 0.301224
vt 0.761753 0.292837
vt 0.761596 0.306137
vt 0.757734 0.313300
vt 0.755660 0.307287
vt 0.759935 0.320817
vt 0.754619 0.301351
vt 0.752607 0.293884
vt 0.761112 0.286297
vt 0.751122 0.287831
vt 0.770666 0.279068
vt 0.760301 0.279693
vt 0.770117 0.271657
vt 0.462266 0.066315
vt 0.454239 0.065149
vt 0.771855 0.263131
vt 0.779403 0.263106
vt 0.779123 0.271151
vt 0.469975 0.076790
vt 0.469002 0.085833
vt 0.471548 0.068816
vt 0.474004 0.094598
vt 0.473928 0.101877
vt 0.477880 0.089291
vt 0.479844 0.079474
vt 0.481118 0.071245
vt 0.472686 0.062417
vt 0.481461 0.065599
vt 0.463293 0.058842
vt 0.464915 0.052291
vt 0.474092 0.055942
vt 0.765125 0.262310
vt 0.761969 0.271755
vt 0.753865 0.271270
vt 0.749998 0.280689
vt 0.741021 0.284702
vt 0.742407 0.290554
vt 0.743887 0.296163
vt 0.746145 0.303713
vt 0.748585 0.309431
vt 0.734906 0.299976
vt 0.738055 0.308347
vt 0.743304 0.311442
vt 0.733270 0.294057
vt 0.731533 0.287252
vt 0.738649 0.277888
vt 0.745290 0.276625
vt 0.730241 0.279970
vt 0.746403 0.269527
vt 0.636579 0.601492
vt 0.633908 0.608456
vt 0.625062 0.603036
vt 0.628217 0.596154
vt 0.622504 0.608779
vt 0.629950 0.614553
vt 0.616789 0.597055
vt 0.619913 0.590828
vt 0.483368 0.059508
vt 0.607602 0.592809
vt 0.611705 0.585538
vt 0.618470 0.576519
vt 0.615836 0.581138
vt 0.609934 0.576753
vt 0.609604 0.571095
vt 0.604550 0.581052
vt 0.616092 0.564104
vt 0.623669 0.570704
vt 0.604324 0.564926
vt 0.609811 0.561359
vt 0.596975 0.575479
vt 0.596455 0.567786
vt 0.599346 0.587483
vt 0.591023 0.582671
vt 0.604572 0.599071
vt 0.596101 0.593742
vt 0.613509 0.603963
vt 0.741045 0.148808
vt 0.744237 0.142468
vt 0.753617 0.147638
vt 0.749889 0.154075
vt 0.619334 0.615206
vt 0.627205 0.621870
vt 0.738326 0.269349
vt 0.728279 0.273017
vt 0.733737 0.115202
vt 0.741530 0.116101
vt 0.737438 0.124134
vt 0.730624 0.121766
vt 0.723213 0.282262
vt 0.721459 0.289287
vt 0.723134 0.297842
vt 0.740401 0.108105
vt 0.730052 0.108921
vt 0.732732 0.101902
vt 0.740437 0.101112
vt 0.723153 0.104032
vt 0.728947 0.095491
vt 0.751473 0.113575
vt 0.751985 0.120239
vt 0.745233 0.120065
vt 0.743541 0.126241
vt 0.751225 0.107431
vt 0.741892 0.132813
vt 0.736353 0.135064
vt 0.747984 0.135955
vt 0.756229 0.139370
vt 0.601349 0.606513
vt 0.610722 0.610778
vt 0.599919 0.616822
vt 0.607894 0.618859
vt 0.593017 0.600211
vt 0.586925 0.589046
vt 0.584864 0.596180
vt 0.590237 0.605929
vt 0.584238 0.602443
vt 0.596171 0.609072
vt 0.764719 0.140347
vt 0.769846 0.141073
vt 0.769750 0.147137
vt 0.765103 0.150748
vt 0.771433 0.135105
vt 0.768530 0.130960
vt 0.759355 0.129545
vt 0.750336 0.127865
vt 0.760695 0.120506
vt 0.761322 0.113501
vt 0.761436 0.106794
vt 0.750842 0.100198
vt 0.761382 0.100144
vt 0.750415 0.093976
vt 0.739521 0.094661
vt 0.761310 0.093635
vt 0.771124 0.100400
vt 0.770832 0.107059
vt 0.771262 0.093526
vt 0.770508 0.113163
vt 0.769805 0.121486
vt 0.778394 0.128900
vt 0.778448 0.134414
vt 0.779106 0.121697
vt 0.777584 0.141955
vt 0.776487 0.149210
vt 0.787417 0.142820
vt 0.783857 0.149499
vt 0.577483 0.604968
vt 0.575049 0.593505
vt 0.577500 0.585096
vt 0.580073 0.578531
vt 0.567847 0.580044
vt 0.570855 0.574216
vt 0.565399 0.586819
vt 0.568773 0.597842
vt 0.562491 0.592342
vt 0.571781 0.603065
vt 0.786982 0.134339
vt 0.793837 0.133959
vt 0.793320 0.140698
vt 0.787156 0.128443
vt 0.788363 0.122841
vt 0.779654 0.113494
vt 0.789088 0.114291
vt 0.779948 0.106842
vt 0.780304 0.100662
vt 0.780635 0.093431
vt 0.771112 0.086551
vt 0.780680 0.085892
vt 0.761033 0.087166
vt 0.790026 0.093311
vt 0.789810 0.100426
vt 0.789998 0.085746
vt 0.789526 0.106665
vt 0.798644 0.115283
vt 0.797740 0.125428
vt 0.799064 0.106861
vt 0.793546 0.128920
vt 0.563592 0.603634
vt 0.567348 0.608008
vt 0.799745 0.134705
vt 0.557157 0.598457
vt 0.556117 0.588515
vt 0.554550 0.582965
vt 0.551068 0.593598
vt 0.558185 0.576135
vt 0.546086 0.577794
vt 0.548988 0.571457
vt 0.546246 0.587958
vt 0.540638 0.583667
vt 0.544350 0.599799
vt 0.538375 0.594578
vt 0.551855 0.606038
vt 0.807898 0.125235
vt 0.808179 0.134558
vt 0.808080 0.115622
vt 0.808312 0.107177
vt 0.799273 0.100143
vt 0.808583 0.100462
vt 0.799446 0.093515
vt 0.799619 0.086381
vt 0.603744 0.637866
vt 0.603721 0.631566
vt 0.612989 0.632047
vt 0.612958 0.638023
vt 0.780385 0.079790
vt 0.789638 0.079618
vt 0.809111 0.087070
vt 0.808847 0.093960
vt 0.799944 0.080102
vt 0.809414 0.080676
vt 0.817930 0.101076
vt 0.817590 0.107684
vt 0.818233 0.094529
vt 0.817641 0.115570
vt 0.817875 0.124671
vt 0.826472 0.115144
vt 0.825912 0.124043
vt 0.533709 0.590207
vt 0.832766 0.114770
vt 0.832305 0.123602
vt 0.533721 0.579608
vt 0.536916 0.573094
vt 0.528484 0.585430
vt 0.539910 0.565692
vt 0.526592 0.569093
vt 0.528702 0.562808
vt 0.524272 0.574541
vt 0.520830 0.581109
vt 0.522671 0.592420
vt 0.516206 0.587044
vt 0.527511 0.595963
vt 0.838541 0.113312
vt 0.832338 0.108736
vt 0.836371 0.104356
vt 0.826333 0.108192
vt 0.827248 0.102042
vt 0.827642 0.095165
vt 0.818536 0.087806
vt 0.827939 0.088568
vt 0.818841 0.081326
vt 0.809818 0.073513
vt 0.819196 0.073988
vt 0.603799 0.644810
vt 0.594472 0.644974
vt 0.594407 0.637771
vt 0.828191 0.081870
vt 0.828543 0.074479
vt 0.837265 0.089237
vt 0.836972 0.096017
vt 0.837503 0.082382
vt 0.846341 0.103766
vt 0.846958 0.112800
vt 0.846413 0.095856
vt 0.508073 0.582787
vt 0.511556 0.576754
vt 0.511080 0.594422
vt 0.503842 0.588594
vt 0.513858 0.571137
vt 0.515856 0.564699
vt 0.517947 0.558184
vt 0.505262 0.561002
vt 0.507340 0.554196
vt 0.503484 0.567399
vt 0.501552 0.574317
vt 0.499663 0.579212
vt 0.788290 0.786116
vt 0.787902 0.776594
vt 0.793723 0.776747
vt 0.795353 0.786331
vt 0.781349 0.785672
vt 0.781581 0.776465
vt 0.855964 0.095796
vt 0.855510 0.102723
vt 0.846574 0.089520
vt 0.855871 0.089389
vt 0.846888 0.082352
vt 0.837708 0.074878
vt 0.847194 0.075128
vt 0.575900 0.645377
vt 0.566526 0.645645
vt 0.566652 0.638126
vt 0.575945 0.638031
vt 0.575941 0.652490
vt 0.566459 0.652043
vt 0.585252 0.652676
vt 0.585169 0.645187
vt 0.556942 0.651464
vt 0.557118 0.645423
vt 0.547971 0.644879
vt 0.548290 0.637595
vt 0.557521 0.638211
vt 0.547805 0.650779
vt 0.548605 0.630632
vt 0.557966 0.631068
vt 0.774866 0.785635
vt 0.775235 0.776196
vt 0.767894 0.785514
vt 0.768182 0.776086
vt 0.782185 0.767704
vt 0.787736 0.766982
vt 0.776367 0.766985
vt 0.792540 0.766753
vt 0.490268 0.577706
vt 0.491831 0.571550
vt 0.493677 0.564727
vt 0.495269 0.558046
vt 0.497078 0.551078
vt 0.485820 0.556391
vt 0.487643 0.548931
vt 0.484488 0.562673
vt 0.482789 0.569787
vt 0.481880 0.575714
vt 0.787761 0.759320
vt 0.792975 0.757939
vt 0.782905 0.761248
vt 0.778772 0.757500
vt 0.769426 0.757567
vt 0.768812 0.766694
vt 0.761279 0.775827
vt 0.761970 0.766494
vt 0.538717 0.643913
vt 0.538914 0.636994
vt 0.538640 0.650218
vt 0.547860 0.657313
vt 0.538584 0.657605
vt 0.557054 0.657485
vt 0.566562 0.657889
vt 0.557302 0.665886
vt 0.548033 0.666420
vt 0.566755 0.665938
vt 0.538837 0.666768
vt 0.529244 0.657958
vt 0.529338 0.649679
vt 0.529347 0.665417
vt 0.755417 0.766289
vt 0.754961 0.775670
vt 0.529817 0.643124
vt 0.520466 0.642413
vt 0.520923 0.635449
vt 0.530134 0.636300
vt 0.519999 0.649447
vt 0.768861 0.748174
vt 0.778156 0.748174
vt 0.762464 0.757527
vt 0.762266 0.748294
vt 0.787774 0.746893
vt 0.786834 0.753283
vt 0.792985 0.751986
vt 0.798953 0.757402
vt 0.797575 0.747796
vt 0.787761 0.737933
vt 0.796505 0.737419
vt 0.777596 0.738838
vt 0.768497 0.738926
vt 0.761408 0.738895
vt 0.510589 0.648581
vt 0.500951 0.647900
vt 0.501703 0.641488
vt 0.511198 0.641740
vt 0.510076 0.655830
vt 0.519682 0.657019
vt 0.519668 0.663753
vt 0.519842 0.669744
vt 0.529660 0.671886
vt 0.539192 0.674240
vt 0.548289 0.675556
vt 0.557417 0.675801
vt 0.539385 0.680386
vt 0.548377 0.682885
vt 0.557347 0.684121
vt 0.529843 0.678467
vt 0.520029 0.677222
vt 0.510352 0.668786
vt 0.510077 0.661660
vt 0.510594 0.677716
vt 0.500430 0.654225
vt 0.500465 0.660522
vt 0.754882 0.738807
vt 0.754477 0.729600
vt 0.761186 0.729596
vt 0.748469 0.738856
vt 0.748210 0.729676
vt 0.768516 0.729452
vt 0.778131 0.729099
vt 0.786828 0.728173
vt 0.449282 0.578230
vt 0.440865 0.575120
vt 0.443324 0.567029
vt 0.452261 0.570168
vt 0.768794 0.720026
vt 0.777647 0.719743
vt 0.761047 0.720109
vt 0.754220 0.720307
vt 0.747997 0.720536
vt 0.491357 0.660035
vt 0.482155 0.660202
vt 0.482113 0.653239
vt 0.491261 0.653635
vt 0.491642 0.668928
vt 0.500837 0.668547
vt 0.501216 0.678083
vt 0.510863 0.687101
vt 0.501492 0.687448
vt 0.520251 0.686729
vt 0.529837 0.686142
vt 0.539364 0.687171
vt 0.529921 0.695738
vt 0.520542 0.696103
vt 0.539400 0.695254
vt 0.511164 0.696450
vt 0.501797 0.696775
vt 0.491864 0.678412
vt 0.482309 0.669233
vt 0.472797 0.660357
vt 0.472670 0.653025
vt 0.472994 0.669515
vt 0.747817 0.711160
vt 0.754095 0.710943
vt 0.760836 0.710791
vt 0.768611 0.710702
vt 0.777258 0.710390
vt 0.768391 0.701359
vt 0.777047 0.701167
vt 0.760665 0.701471
vt 0.472497 0.646716
vt 0.463127 0.646785
vt 0.462957 0.640207
vt 0.472330 0.639994
vt 0.463290 0.653117
vt 0.453939 0.653291
vt 0.453764 0.646984
vt 0.453565 0.640428
vt 0.760627 0.692168
vt 0.768213 0.692063
vt 0.776869 0.691859
vt 0.784658 0.691509
vt 0.784316 0.700917
vt 0.432412 0.572360
vt 0.423715 0.570202
vt 0.425442 0.563166
vt 0.434374 0.565046
vt 0.435669 0.558895
vt 0.426534 0.557088
vt 0.444852 0.560843
vt 0.416520 0.561686
vt 0.417444 0.555693
vt 0.790828 0.691524
vt 0.785107 0.681937
vt 0.790991 0.681695
vt 0.777069 0.682395
vt 0.444213 0.640748
vt 0.776710 0.673172
vt 0.785514 0.672881
vt 0.792252 0.672549
vt 0.408759 0.548861
vt 0.408040 0.555364
vt 0.399005 0.554066
vt 0.399307 0.548228
vt 0.418597 0.549391
vt 0.427891 0.550029
vt 0.437037 0.552104
vt 0.446424 0.554258
vt 0.454496 0.562745
vt 0.456327 0.556379
vt 0.448035 0.547544
vt 0.438318 0.545301
vt 0.457919 0.550149
vt 0.429075 0.543519
vt 0.419754 0.541853
vt 0.409810 0.541465
vt 0.400117 0.541231
vt 0.389465 0.547347
vt 0.390291 0.540458
vt 0.798214 0.672715
vt 0.793735 0.663075
vt 0.799318 0.662867
vt 0.380017 0.545544
vt 0.380514 0.539818
vt 0.381241 0.532924
vt 0.391072 0.533708
vt 0.400947 0.533935
vt 0.410523 0.534567
vt 0.420405 0.535378
vt 0.430030 0.536698
vt 0.439580 0.538648
vt 0.449347 0.540921
vt 0.459452 0.543340
vt 0.468791 0.545489
vt 0.467461 0.552644
vt 0.465885 0.558941
vt 0.464094 0.566362
vt 0.476558 0.554868
vt 0.475239 0.561407
vt 0.473464 0.570127
vt 0.478201 0.547303
vt 0.460485 0.537446
vt 0.470075 0.539301
vt 0.479713 0.540827
vt 0.450662 0.534586
vt 0.441064 0.531736
vt 0.431228 0.529762
vt 0.421035 0.528866
vt 0.411176 0.527982
vt 0.401724 0.527023
vt 0.391766 0.526805
vt 0.382016 0.525558
vt 0.372109 0.531743
vt 0.372645 0.525125
vt 0.371627 0.538663
vt 0.382891 0.517867
vt 0.373207 0.516666
vt 0.392829 0.518264
vt 0.402730 0.519776
vt 0.412338 0.520487
vt 0.422187 0.521213
vt 0.432670 0.522530
vt 0.443063 0.523616
vt 0.452327 0.528430
vt 0.461863 0.531290
vt 0.471533 0.533469
vt 0.481279 0.534723
vt 0.491084 0.535974
vt 0.489299 0.542319
vt 0.499098 0.544334
vt 0.500940 0.537677
vt 0.483004 0.527555
vt 0.492920 0.528315
vt 0.502693 0.530536
vt 0.473287 0.526352
vt 0.463573 0.524747
vt 0.454839 0.522186
vt 0.448324 0.519768
vt 0.440081 0.513677
vt 0.432205 0.513080
vt 0.448420 0.512605
vt 0.423442 0.511926
vt 0.413310 0.513286
vt 0.403525 0.513394
vt 0.393473 0.512716
vt 0.393928 0.506878
vt 0.404088 0.507408
vt 0.413189 0.507480
vt 0.420059 0.507081
vt 0.427260 0.503531
vt 0.422581 0.501114
vt 0.432086 0.504262
vt 0.437808 0.503575
vt 0.445988 0.503543
vt 0.453154 0.502581
vt 0.452337 0.508823
vt 0.455714 0.516260
vt 0.457692 0.510603
vt 0.464998 0.518917
vt 0.474721 0.520405
vt 0.484490 0.520806
vt 0.494857 0.519432
vt 0.504323 0.521379
vt 0.484920 0.514674
vt 0.491926 0.514684
vt 0.498876 0.509701
vt 0.493684 0.508540
vt 0.505119 0.510875
vt 0.475844 0.514009
vt 0.466402 0.512710
vt 0.458986 0.503830
vt 0.467334 0.504903
vt 0.446246 0.494052
vt 0.456656 0.493360
vt 0.460462 0.497386
vt 0.435176 0.494242
vt 0.431464 0.497976
vt 0.429055 0.497893
vt 0.426140 0.493372
vt 0.435957 0.483416
vt 0.426668 0.482848
vt 0.446656 0.485409
vt 0.457070 0.484867
vt 0.467635 0.490797
vt 0.468278 0.496791
vt 0.467890 0.483470
vt 0.476963 0.505991
vt 0.477718 0.497558
vt 0.486231 0.507297
vt 0.493742 0.501963
vt 0.486789 0.499523
vt 0.497469 0.498291
vt 0.505178 0.499719
vt 0.511173 0.500696
vt 0.511151 0.511878
vt 0.512042 0.523494
vt 0.505869 0.489068
vt 0.497893 0.487754
vt 0.512502 0.490101
vt 0.487906 0.493485
vt 0.488189 0.485626
vt 0.477924 0.491112
vt 0.478081 0.484307
vt 0.457390 0.478237
vt 0.468102 0.475043
vt 0.478581 0.475481
vt 0.447503 0.479821
vt 0.439938 0.479692
vt 0.447220 0.473010
vt 0.438969 0.472647
vt 0.457019 0.472462
vt 0.464235 0.471643
vt 0.471226 0.465835
vt 0.465252 0.465481
vt 0.480085 0.465986
vt 0.488685 0.476353
vt 0.489560 0.466623
vt 0.498456 0.477444
vt 0.507181 0.478527
vt 0.513214 0.479231
vt 0.518516 0.501513
vt 0.519328 0.490988
vt 0.519677 0.480146
vt 0.508332 0.467706
vt 0.514560 0.468206
vt 0.520440 0.469271
vt 0.499576 0.467245
vt 0.490934 0.456726
vt 0.481078 0.457485
vt 0.500539 0.457321
vt 0.471232 0.457044
vt 0.465123 0.459599
vt 0.457504 0.464504
vt 0.458910 0.455142
vt 0.447763 0.462371
vt 0.438859 0.461823
vt 0.432635 0.473411
vt 0.431163 0.462862
vt 0.436274 0.452006
vt 0.429943 0.452448
vt 0.441886 0.457497
vt 0.441086 0.451491
vt 0.445019 0.457782
vt 0.450968 0.453793
vt 0.445416 0.452100
vt 0.456916 0.444291
vt 0.450509 0.443785
vt 0.462324 0.443839
vt 0.464795 0.451634
vt 0.468646 0.448977
vt 0.473857 0.450619
vt 0.482219 0.450242
vt 0.491268 0.446859
vt 0.501755 0.446727
vt 0.509530 0.457686
vt 0.510444 0.447190
vt 0.499800 0.437876
vt 0.492015 0.436581
vt 0.504949 0.443057
vt 0.504603 0.436418
vt 0.508020 0.443209
vt 0.482283 0.444447
vt 0.487536 0.443803
vt 0.488042 0.439206
vt 0.474625 0.444456
vt 0.467838 0.443604
vt 0.456403 0.434201
vt 0.462151 0.434522
vt 0.468111 0.435893
vt 0.450683 0.433707
vt 0.444997 0.443093
vt 0.444597 0.433263
vt 0.451720 0.423987
vt 0.446047 0.423329
vt 0.458364 0.425422
vt 0.465573 0.425544
vt 0.469237 0.429177
vt 0.475327 0.436415
vt 0.476130 0.429598
vt 0.483251 0.438348
vt 0.484504 0.431850
vt 0.492839 0.428849
vt 0.484884 0.425434
vt 0.499077 0.430711
vt 0.502549 0.427112
vt 0.508756 0.436523
vt 0.509300 0.427403
vt 0.514118 0.437482
vt 0.515364 0.427706
vt 0.503029 0.417923
vt 0.509867 0.418438
vt 0.515776 0.418107
vt 0.494001 0.422594
vt 0.494478 0.415001
vt 0.484836 0.419685
vt 0.475374 0.423745
vt 0.475123 0.417889
vt 0.459425 0.419419
vt 0.466012 0.418611
vt 0.456371 0.414512
vt 0.449233 0.413517
vt 0.452407 0.403354
vt 0.459419 0.403885
vt 0.464931 0.412236
vt 0.466618 0.403955
vt 0.475022 0.411988
vt 0.484789 0.413106
vt 0.485405 0.405134
vt 0.495705 0.406162
vt 0.504163 0.409975
vt 0.509833 0.412150
vt 0.514510 0.408550
vt 0.523902 0.418501
vt 0.523246 0.428162
vt 0.524357 0.408762
vt 0.521672 0.437825
vt 0.519289 0.448224
vt 0.516682 0.458143
vt 0.525778 0.448889
vt 0.523054 0.459253
vt 0.528883 0.438442
vt 0.529940 0.428503
vt 0.530829 0.419002
vt 0.531123 0.409254
vt 0.516432 0.398484
vt 0.525202 0.398939
vt 0.531518 0.399617
vt 0.506491 0.404825
vt 0.507171 0.397631
vt 0.500471 0.402635
vt 0.493694 0.396626
vt 0.484992 0.395675
vt 0.499906 0.396622
vt 0.475184 0.404157
vt 0.476216 0.395821
vt 0.476557 0.388219
vt 0.484969 0.387221
vt 0.493424 0.387169
vt 0.499944 0.388799
vt 0.507185 0.389106
vt 0.516509 0.389217
vt 0.525629 0.389451
vt 0.532293 0.389555
vt 0.537383 0.400274
vt 0.537767 0.410155
vt 0.537464 0.419521
vt 0.536873 0.429233
vt 0.534751 0.439270
vt 0.532387 0.450116
vt 0.541923 0.439990
vt 0.540187 0.450974
vt 0.544531 0.429981
vt 0.545718 0.420435
vt 0.545016 0.411146
vt 0.544223 0.401147
vt 0.507175 0.381325
vt 0.500615 0.382417
vt 0.495335 0.378149
vt 0.484863 0.380286
vt 0.475455 0.382588
vt 0.474336 0.375280
vt 0.483368 0.372791
vt 0.493112 0.369749
vt 0.504870 0.374015
vt 0.502220 0.366476
vt 0.746459 0.598859
vt 0.742974 0.607630
vt 0.500360 0.360927
vt 0.491254 0.363001
vt 0.726002 0.610191
vt 0.732293 0.613118
vt 0.727639 0.622109
vt 0.721388 0.618944
vt 0.482185 0.366025
vt 0.473019 0.367483
vt 0.466210 0.385456
vt 0.465139 0.377234
vt 0.463879 0.369360
vt 0.470429 0.389636
vt 0.462760 0.394461
vt 0.454785 0.393561
vt 0.455654 0.384982
vt 0.468697 0.395751
vt 0.455403 0.377904
vt 0.454840 0.370852
vt 0.705813 0.632920
vt 0.712622 0.635900
vt 0.708589 0.644647
vt 0.700190 0.640466
vt 0.710807 0.624658
vt 0.716746 0.627201
vt 0.715849 0.616485
vt 0.709373 0.614105
vt 0.705515 0.622621
vt 0.701458 0.630522
vt 0.698406 0.635989
vt 0.445967 0.371906
vt 0.445027 0.362726
vt 0.454667 0.361504
vt 0.337845 0.879564
vt 0.335900 0.870558
vt 0.345380 0.868468
vt 0.347417 0.877622
vt 0.695595 0.634970
vt 0.691521 0.637244
vt 0.446110 0.378374
vt 0.445978 0.384707
vt 0.445421 0.393366
vt 0.444612 0.402899
vt 0.442062 0.412938
vt 0.433524 0.412026
vt 0.434735 0.402051
vt 0.435814 0.392760
vt 0.436592 0.384592
vt 0.437069 0.378256
vt 0.437495 0.371515
vt 0.343385 0.859628
vt 0.352403 0.857904
vt 0.354384 0.866322
vt 0.356477 0.875690
vt 0.349430 0.886653
vt 0.358475 0.884601
vt 0.340379 0.888618
vt 0.363400 0.864394
vt 0.365457 0.873631
vt 0.367522 0.882659
vt 0.361463 0.855399
vt 0.427735 0.377230
vt 0.428727 0.370797
vt 0.427122 0.383400
vt 0.426349 0.391961
vt 0.425191 0.401345
vt 0.424146 0.410329
vt 0.431788 0.421797
vt 0.423248 0.417478
vt 0.440370 0.422586
vt 0.439632 0.432385
vt 0.434216 0.431695
vt 0.427832 0.425367
vt 0.421389 0.423424
vt 0.428109 0.432616
vt 0.413211 0.420970
vt 0.414430 0.414022
vt 0.415171 0.407934
vt 0.415902 0.400437
vt 0.416794 0.390714
vt 0.417637 0.381932
vt 0.418405 0.375602
vt 0.419926 0.368982
vt 0.370686 0.853052
vt 0.372993 0.862280
vt 0.374839 0.871304
vt 0.376500 0.880701
vt 0.449223 0.814876
vt 0.439980 0.815241
vt 0.439666 0.808140
vt 0.448998 0.807841
vt 0.458581 0.814589
vt 0.458345 0.807499
vt 0.384062 0.871281
vt 0.385785 0.879150
vt 0.387175 0.885841
vt 0.378026 0.887686
vt 0.377430 0.867550
vt 0.383617 0.866237
vt 0.376829 0.864793
vt 0.379653 0.850603
vt 0.381336 0.857936
vt 0.382928 0.862506
vt 0.409845 0.373748
vt 0.411367 0.366870
vt 0.408761 0.380615
vt 0.407730 0.389789
vt 0.406831 0.397429
vt 0.406007 0.404164
vt 0.404970 0.410956
vt 0.403663 0.418730
vt 0.393904 0.418235
vt 0.395328 0.408225
vt 0.396677 0.400346
vt 0.397910 0.393399
vt 0.398869 0.386736
vt 0.399910 0.379476
vt 0.401219 0.371524
vt 0.402488 0.364370
vt 0.388873 0.848336
vt 0.390518 0.854618
vt 0.391309 0.859431
vt 0.391859 0.863456
vt 0.393080 0.869187
vt 0.394894 0.877101
vt 0.396340 0.883963
vt 0.388558 0.892523
vt 0.397657 0.890442
vt 0.379344 0.894157
vt 0.403809 0.874875
vt 0.405520 0.881983
vt 0.420500 0.801969
vt 0.420493 0.808585
vt 0.411119 0.808555
vt 0.411107 0.802000
vt 0.401822 0.866827
vt 0.400355 0.860672
vt 0.399681 0.856106
vt 0.399120 0.851917
vt 0.397843 0.846197
vt 0.386835 0.841312
vt 0.395623 0.838138
vt 0.390919 0.376181
vt 0.392764 0.369390
vt 0.389821 0.382706
vt 0.388488 0.389573
vt 0.387479 0.397579
vt 0.385739 0.407345
vt 0.377395 0.406415
vt 0.378930 0.396899
vt 0.378324 0.386478
vt 0.380085 0.378743
vt 0.381550 0.372489
vt 0.383840 0.365527
vt 0.395685 0.361339
vt 0.386827 0.358314
vt 0.388979 0.353013
vt 0.397882 0.355857
vt 0.408108 0.849354
vt 0.408764 0.853233
vt 0.409580 0.857763
vt 0.411093 0.864531
vt 0.413092 0.872993
vt 0.414656 0.879952
vt 0.401717 0.808474
vt 0.401721 0.801963
vt 0.401687 0.794307
vt 0.411052 0.794275
vt 0.420401 0.793990
vt 0.392297 0.808291
vt 0.392341 0.801859
vt 0.392320 0.794288
vt 0.422198 0.871017
vt 0.423773 0.877924
vt 0.420417 0.862745
vt 0.418835 0.855256
vt 0.417869 0.850468
vt 0.417218 0.847336
vt 0.406959 0.843748
vt 0.416069 0.842095
vt 0.375256 0.361787
vt 0.378430 0.354258
vt 0.372773 0.368787
vt 0.371202 0.374661
vt 0.369318 0.381325
vt 0.360068 0.377805
vt 0.361870 0.371360
vt 0.363892 0.365015
vt 0.366439 0.357746
vt 0.414354 0.833999
vt 0.423483 0.832232
vt 0.425205 0.840599
vt 0.425509 0.845562
vt 0.426064 0.848282
vt 0.427726 0.852762
vt 0.429572 0.860837
vt 0.431345 0.869029
vt 0.392168 0.815365
vt 0.382786 0.815098
vt 0.382925 0.808026
vt 0.382971 0.801693
vt 0.382953 0.794218
vt 0.383076 0.786105
vt 0.392260 0.786888
vt 0.401621 0.787445
vt 0.373770 0.794078
vt 0.374019 0.785733
vt 0.373602 0.801480
vt 0.373553 0.807715
vt 0.373448 0.814800
vt 0.382520 0.823472
vt 0.373288 0.823229
vt 0.435672 0.849064
vt 0.438537 0.858617
vt 0.431432 0.846838
vt 0.430970 0.844536
vt 0.434001 0.840806
vt 0.369217 0.349644
vt 0.357560 0.354482
vt 0.361554 0.345171
vt 0.354866 0.362120
vt 0.352740 0.368317
vt 0.350626 0.374534
vt 0.341528 0.372704
vt 0.343677 0.365958
vt 0.345817 0.359651
vt 0.348235 0.352114
vt 0.802896 0.844150
vt 0.804987 0.854064
vt 0.796091 0.855573
vt 0.794070 0.845279
vt 0.788354 0.846080
vt 0.787799 0.855720
vt 0.783258 0.846615
vt 0.778707 0.852759
vt 0.780172 0.841791
vt 0.772861 0.846402
vt 0.770650 0.838458
vt 0.778657 0.835774
vt 0.364169 0.807134
vt 0.364244 0.801204
vt 0.364227 0.794647
vt 0.364330 0.785446
vt 0.364494 0.777816
vt 0.374123 0.779202
vt 0.383128 0.780266
vt 0.354918 0.785715
vt 0.355029 0.776911
vt 0.354876 0.794652
vt 0.354897 0.800861
vt 0.354825 0.806910
vt 0.363989 0.814422
vt 0.354669 0.813847
vt 0.775799 0.860150
vt 0.768431 0.854388
vt 0.786070 0.863614
vt 0.795778 0.865432
vt 0.804406 0.865614
vt 0.336948 0.357188
vt 0.339493 0.349573
vt 0.334753 0.363747
vt 0.332614 0.370057
vt 0.339468 0.379249
vt 0.330263 0.377352
vt 0.348779 0.381326
vt 0.321228 0.373574
vt 0.323514 0.367218
vt 0.325725 0.360676
vt 0.328073 0.354435
vt 0.331070 0.346351
vt 0.800863 0.878405
vt 0.793578 0.875243
vt 0.785367 0.871197
vt 0.777134 0.867709
vt 0.354406 0.821733
vt 0.345148 0.821277
vt 0.345331 0.813881
vt 0.345446 0.806828
vt 0.345501 0.800557
vt 0.345488 0.794470
vt 0.345414 0.785888
vt 0.345315 0.776160
vt 0.336064 0.786049
vt 0.335955 0.776668
vt 0.336114 0.793994
vt 0.336118 0.800250
vt 0.336082 0.807104
vt 0.336019 0.813827
vt 0.335906 0.821023
vt 0.782398 0.877361
vt 0.775772 0.871743
vt 0.788795 0.883335
vt 0.797180 0.891522
vt 0.807899 0.877952
vt 0.807589 0.889083
vt 0.316404 0.357146
vt 0.319547 0.350227
vt 0.314412 0.362639
vt 0.311586 0.369114
vt 0.318903 0.380080
vt 0.308307 0.376295
vt 0.328418 0.383515
vt 0.299088 0.369300
vt 0.302803 0.363381
vt 0.306060 0.358316
vt 0.796232 0.915677
vt 0.795291 0.921878
vt 0.786032 0.923135
vt 0.786085 0.915634
vt 0.786385 0.908355
vt 0.796890 0.905618
vt 0.786242 0.900678
vt 0.791080 0.891190
vt 0.784036 0.895029
vt 0.787701 0.886972
vt 0.781875 0.889506
vt 0.779841 0.884773
vt 0.776321 0.879804
vt 0.772674 0.873145
vt 0.326854 0.821015
vt 0.326697 0.813851
vt 0.326735 0.807164
vt 0.326765 0.800046
vt 0.326763 0.793800
vt 0.317391 0.807211
vt 0.317417 0.799931
vt 0.317421 0.793714
vt 0.317369 0.813955
vt 0.317342 0.820867
vt 0.768838 0.879538
vt 0.767659 0.872986
vt 0.770303 0.884596
vt 0.772407 0.890956
vt 0.774186 0.898567
vt 0.775280 0.905183
vt 0.775890 0.911250
vt 0.776180 0.917740
vt 0.776151 0.924771
vt 0.786466 0.929887
vt 0.776365 0.931552
vt 0.787254 0.937719
vt 0.776439 0.937671
vt 0.766475 0.941050
vt 0.765977 0.933589
vt 0.765795 0.927002
vt 0.765615 0.920942
vt 0.765259 0.914251
vt 0.764723 0.907475
vt 0.764086 0.899861
vt 0.762515 0.891184
vt 0.761305 0.883546
vt 0.761002 0.877980
vt 0.761703 0.872124
vt 0.307953 0.821041
vt 0.307987 0.814398
vt 0.308045 0.807246
vt 0.308076 0.799877
vt 0.308085 0.793708
vt 0.308070 0.786508
vt 0.317392 0.786366
vt 0.326723 0.786210
vt 0.298743 0.799881
vt 0.298761 0.793760
vt 0.298756 0.786629
vt 0.298698 0.807274
vt 0.298663 0.814374
vt 0.298632 0.821406
vt 0.752906 0.875100
vt 0.754915 0.869268
vt 0.753081 0.881273
vt 0.753471 0.890127
vt 0.753817 0.899382
vt 0.754249 0.908746
vt 0.754476 0.916525
vt 0.754647 0.923654
vt 0.754977 0.930788
vt 0.744238 0.933274
vt 0.743718 0.925752
vt 0.744389 0.917576
vt 0.744337 0.907932
vt 0.744224 0.898727
vt 0.744878 0.889148
vt 0.745308 0.879922
vt 0.298617 0.827365
vt 0.298702 0.833469
vt 0.289405 0.833824
vt 0.289344 0.827425
vt 0.289288 0.821371
vt 0.289291 0.814543
vt 0.289353 0.807283
vt 0.289415 0.799925
vt 0.289448 0.793861
vt 0.289456 0.786737
vt 0.289416 0.777660
vt 0.298706 0.777539
vt 0.308004 0.777380
vt 0.280166 0.786828
vt 0.280135 0.777758
vt 0.280147 0.793959
vt 0.280099 0.799973
vt 0.280017 0.807284
vt 0.279922 0.814713
vt 0.279878 0.821539
vt 0.279921 0.827681
vt 0.744344 0.872909
vt 0.736710 0.880270
vt 0.736801 0.873693
vt 0.735502 0.888794
vt 0.734279 0.898403
vt 0.736380 0.907480
vt 0.736028 0.916902
vt 0.732783 0.927158
vt 0.728873 0.922823
vt 0.730361 0.915660
vt 0.730608 0.907689
vt 0.730050 0.901752
vt 0.724343 0.899419
vt 0.725724 0.894157
vt 0.726791 0.886809
vt 0.727868 0.878090
vt 0.729082 0.871743
vt 0.270375 0.827810
vt 0.270452 0.821557
vt 0.270553 0.814763
vt 0.270690 0.807261
vt 0.270798 0.799940
vt 0.270855 0.793974
vt 0.270887 0.786884
vt 0.270862 0.777846
vt 0.261615 0.786901
vt 0.261591 0.777939
vt 0.261583 0.793831
vt 0.261517 0.799764
vt 0.261381 0.807189
vt 0.261203 0.814717
vt 0.261039 0.821334
vt 0.260916 0.827712
vt 0.270293 0.834946
vt 0.260899 0.835325
vt 0.718102 0.884009
vt 0.719445 0.876013
vt 0.717178 0.890419
vt 0.716258 0.896565
vt 0.723777 0.906520
vt 0.715059 0.904531
vt 0.723075 0.915449
vt 0.713642 0.914062
vt 0.704218 0.912399
vt 0.705677 0.903093
vt 0.707180 0.894008
vt 0.708203 0.886721
vt 0.708955 0.880848
vt 0.710111 0.873204
vt 0.251228 0.835298
vt 0.251424 0.827604
vt 0.251632 0.821000
vt 0.251861 0.814537
vt 0.252089 0.807060
vt 0.252256 0.799369
vt 0.252324 0.793466
vt 0.252350 0.786881
vt 0.252321 0.778052
vt 0.243260 0.786826
vt 0.243037 0.778204
vt 0.243979 0.792962
vt 0.243171 0.798656
vt 0.242807 0.806837
vt 0.242531 0.814179
vt 0.242184 0.820537
vt 0.241452 0.827690
vt 0.700318 0.873357
vt 0.699377 0.866596
vt 0.708066 0.864814
vt 0.700454 0.878870
vt 0.699328 0.884209
vt 0.697578 0.891798
vt 0.696347 0.901200
vt 0.694857 0.910428
vt 0.702722 0.921751
vt 0.692859 0.919614
vt 0.712448 0.924050
vt 0.685254 0.917664
vt 0.686095 0.908132
vt 0.687410 0.898948
vt 0.689478 0.889938
vt 0.692313 0.882331
vt 0.694666 0.877657
vt 0.691848 0.872393
vt 0.240314 0.835467
vt 0.230840 0.835795
vt 0.232619 0.826982
vt 0.232689 0.819727
vt 0.233280 0.813457
vt 0.233717 0.806532
vt 0.233931 0.796635
vt 0.237685 0.792437
vt 0.235902 0.786865
vt 0.229442 0.787895
vt 0.224496 0.797724
vt 0.222547 0.788408
vt 0.224252 0.806090
vt 0.223805 0.812658
vt 0.222318 0.820300
vt 0.225046 0.825373
vt 0.222047 0.832287
vt 0.687034 0.880060
vt 0.679490 0.877080
vt 0.683642 0.868919
vt 0.683423 0.888257
vt 0.681337 0.897419
vt 0.680194 0.906567
vt 0.679764 0.915995
vt 0.685364 0.928268
vt 0.679325 0.926272
vt 0.692027 0.929146
vt 0.673203 0.914359
vt 0.674372 0.905282
vt 0.672083 0.924284
vt 0.675447 0.896026
vt 0.676810 0.886249
vt 0.668670 0.884152
vt 0.670810 0.874891
vt 0.217167 0.840109
vt 0.210118 0.836315
vt 0.215990 0.827877
vt 0.209350 0.825288
vt 0.213817 0.817884
vt 0.214349 0.811002
vt 0.215638 0.805087
vt 0.215382 0.797730
vt 0.214694 0.788957
vt 0.207946 0.798133
vt 0.206406 0.789759
vt 0.209357 0.804224
vt 0.204649 0.809465
vt 0.206689 0.816209
vt 0.203005 0.822552
vt 0.204605 0.833281
vt 0.198352 0.830122
vt 0.661576 0.882747
vt 0.663754 0.873457
vt 0.666913 0.893935
vt 0.660070 0.892615
vt 0.665969 0.903716
vt 0.664980 0.913053
vt 0.663309 0.922285
vt 0.669708 0.933328
vt 0.660695 0.930958
vt 0.678574 0.936112
vt 0.655933 0.926622
vt 0.656901 0.920277
vt 0.657829 0.911804
vt 0.658855 0.902348
vt 0.652369 0.901562
vt 0.653580 0.891891
vt 0.654891 0.882017
vt 0.655424 0.872342
vt 0.646764 0.881628
vt 0.647811 0.872706
vt 0.654481 0.863155
vt 0.647143 0.863123
vt 0.197211 0.817593
vt 0.191800 0.813965
vt 0.196981 0.808005
vt 0.193813 0.801110
vt 0.201815 0.799923
vt 0.190801 0.825098
vt 0.185759 0.820941
vt 0.639722 0.881282
vt 0.639813 0.871249
vt 0.645603 0.891208
vt 0.639443 0.890082
vt 0.643430 0.900984
vt 0.651697 0.911197
vt 0.644177 0.910623
vt 0.650764 0.920504
vt 0.649037 0.928323
vt 0.652401 0.935615
vt 0.661215 0.938168
vt 0.654885 0.941658
vt 0.666883 0.942435
vt 0.676158 0.944776
vt 0.658081 0.947215
vt 0.667477 0.948837
vt 0.662083 0.954648
vt 0.673735 0.951818
vt 0.645543 0.946979
vt 0.643026 0.940168
vt 0.648607 0.953560
vt 0.640786 0.934134
vt 0.638002 0.928227
vt 0.644008 0.925725
vt 0.644174 0.919421
vt 0.636929 0.920506
vt 0.636287 0.913064
vt 0.635189 0.905905
vt 0.633380 0.898865
vt 0.639225 0.896973
vt 0.633299 0.890759
vt 0.632808 0.881169
vt 0.625827 0.909595
vt 0.624032 0.901446
vt 0.625729 0.890900
vt 0.627291 0.917092
vt 0.628493 0.924146
vt 0.629881 0.930843
vt 0.631601 0.937836
vt 0.633550 0.944508
vt 0.635660 0.951507
vt 0.638031 0.959029
vt 0.153568 0.544540
vt 0.145612 0.551362
vt 0.141784 0.546426
vt 0.150007 0.539317
vt 0.652339 0.957810
vt 0.627999 0.963886
vt 0.626344 0.955255
vt 0.138682 0.557434
vt 0.134962 0.553109
vt 0.624267 0.947673
vt 0.622443 0.941150
vt 0.620653 0.934614
vt 0.619079 0.927496
vt 0.617822 0.920772
vt 0.616441 0.914001
vt 0.614862 0.906486
vt 0.613051 0.900269
vt 0.619412 0.897973
vt 0.619512 0.890603
vt 0.624789 0.880964
vt 0.618692 0.882303
vt 0.631754 0.871512
vt 0.621024 0.870599
vt 0.617283 0.875921
vt 0.612321 0.892150
vt 0.611318 0.883108
vt 0.610274 0.876595
vt 0.606322 0.910483
vt 0.604637 0.902612
vt 0.603255 0.893212
vt 0.607645 0.916728
vt 0.608915 0.923977
vt 0.610073 0.931346
vt 0.611331 0.937526
vt 0.613177 0.944339
vt 0.614906 0.950459
vt 0.616791 0.956570
vt 0.605363 0.953266
vt 0.607642 0.959936
vt 0.602024 0.884149
vt 0.592683 0.885818
vt 0.601181 0.877977
vt 0.600306 0.872279
vt 0.610376 0.870675
vt 0.591618 0.879674
vt 0.590507 0.873286
vt 0.583301 0.888028
vt 0.582229 0.882021
vt 0.580502 0.873889
vt 0.589021 0.864878
vt 0.578301 0.864612
vt 0.598851 0.864671
vt 0.607998 0.862704
vt 0.615503 0.859958
vt 0.604851 0.856078
vt 0.596683 0.858162
vt 0.611059 0.854223
vt 0.185073 0.782925
vt 0.178004 0.783755
vt 0.176763 0.774384
vt 0.183591 0.773452
vt 0.175682 0.764915
vt 0.181931 0.764099
vt 0.571107 0.876810
vt 0.568869 0.868662
vt 0.566483 0.862774
vt 0.574131 0.856884
vt 0.572992 0.885216
vt 0.574172 0.891453
vt 0.565719 0.894980
vt 0.564066 0.888058
vt 0.561960 0.880106
vt 0.559935 0.873731
vt 0.557871 0.867921
vt 0.554934 0.861125
vt 0.562587 0.856179
vt 0.569541 0.850428
vt 0.188101 0.763256
vt 0.189570 0.772629
vt 0.191663 0.782019
vt 0.186881 0.791890
vt 0.193223 0.791590
vt 0.188048 0.798943
vt 0.187313 0.808472
vt 0.182556 0.802892
vt 0.179541 0.814690
vt 0.174281 0.808074
vt 0.638085 0.861736
vt 0.631110 0.861831
vt 0.199860 0.790649
vt 0.198070 0.781133
vt 0.196792 0.771646
vt 0.195587 0.762226
vt 0.563960 0.844538
vt 0.556915 0.849388
vt 0.551109 0.855022
vt 0.548923 0.871349
vt 0.546614 0.865041
vt 0.544860 0.860127
vt 0.551200 0.878173
vt 0.552919 0.883656
vt 0.543933 0.887438
vt 0.541936 0.881198
vt 0.539486 0.874291
vt 0.537155 0.867196
vt 0.535482 0.860970
vt 0.194932 0.732722
vt 0.194975 0.722419
vt 0.201775 0.723015
vt 0.202069 0.733238
vt 0.539993 0.856276
vt 0.545730 0.850825
vt 0.550292 0.844240
vt 0.203687 0.761517
vt 0.195571 0.752736
vt 0.203179 0.752272
vt 0.204372 0.770816
vt 0.205365 0.780291
vt 0.213228 0.779585
vt 0.211524 0.770241
vt 0.209817 0.761094
vt 0.208912 0.752076
vt 0.202462 0.742803
vt 0.208476 0.742663
vt 0.208229 0.733093
vt 0.209041 0.723315
vt 0.526625 0.864803
vt 0.524155 0.858400
vt 0.531147 0.854503
vt 0.202923 0.713298
vt 0.209689 0.713814
vt 0.528745 0.871432
vt 0.530743 0.877172
vt 0.533150 0.884211
vt 0.535230 0.891177
vt 0.526169 0.894226
vt 0.524055 0.887369
vt 0.521942 0.880720
vt 0.519932 0.874247
vt 0.517756 0.867408
vt 0.515023 0.860138
vt 0.203865 0.703687
vt 0.210414 0.704278
vt 0.215934 0.714076
vt 0.217046 0.704549
vt 0.215290 0.723370
vt 0.214617 0.732810
vt 0.214271 0.742347
vt 0.214545 0.751656
vt 0.215570 0.760686
vt 0.217322 0.769889
vt 0.219861 0.779198
vt 0.223949 0.760206
vt 0.224446 0.769502
vt 0.226241 0.778847
vt 0.223347 0.751072
vt 0.223069 0.741839
vt 0.223088 0.732514
vt 0.222968 0.723243
vt 0.222816 0.714001
vt 0.223461 0.704481
vt 0.211928 0.694042
vt 0.218871 0.694467
vt 0.225315 0.694391
vt 0.507530 0.865618
vt 0.502750 0.861076
vt 0.509832 0.855072
vt 0.509163 0.870917
vt 0.511239 0.877633
vt 0.513320 0.884465
vt 0.515200 0.890305
vt 0.506491 0.893969
vt 0.504432 0.887135
vt 0.502420 0.880535
vt 0.500334 0.873841
vt 0.497937 0.866737
vt 0.204638 0.693101
vt 0.206167 0.683783
vt 0.212725 0.684700
vt 0.220434 0.684901
vt 0.227557 0.684767
vt 0.232179 0.694393
vt 0.234309 0.684900
vt 0.231130 0.704369
vt 0.231807 0.713770
vt 0.232205 0.723030
vt 0.232522 0.732250
vt 0.232803 0.741451
vt 0.233065 0.750651
vt 0.233328 0.759865
vt 0.242473 0.750378
vt 0.242226 0.741177
vt 0.242704 0.759601
vt 0.241954 0.731983
vt 0.241646 0.722785
vt 0.241282 0.713557
vt 0.240847 0.704268
vt 0.240092 0.694607
vt 0.241013 0.685786
vt 0.229150 0.675606
vt 0.238517 0.675734
vt 0.242256 0.679531
vt 0.221356 0.675548
vt 0.214555 0.675023
vt 0.489228 0.871718
vt 0.485632 0.865548
vt 0.493060 0.860957
vt 0.491342 0.877714
vt 0.482602 0.882448
vt 0.480034 0.875795
vt 0.477142 0.870666
vt 0.480933 0.860087
vt 0.472795 0.866303
vt 0.223471 0.665123
vt 0.230570 0.666414
vt 0.238399 0.666277
vt 0.248338 0.672750
vt 0.247884 0.665071
vt 0.249294 0.678285
vt 0.249148 0.685488
vt 0.249743 0.694643
vt 0.250228 0.704012
vt 0.250641 0.713292
vt 0.250884 0.722346
vt 0.250660 0.731740
vt 0.251541 0.740951
vt 0.258249 0.731377
vt 0.258375 0.721829
vt 0.259294 0.740792
vt 0.259670 0.712946
vt 0.259544 0.703703
vt 0.259078 0.694331
vt 0.258562 0.684994
vt 0.257922 0.676785
vt 0.257464 0.671130
vt 0.257140 0.664823
vt 0.238581 0.658390
vt 0.247340 0.657120
vt 0.256695 0.656209
vt 0.231715 0.659782
vt 0.227976 0.655736
vt 0.217209 0.663872
vt 0.219835 0.654690
vt 0.471494 0.879702
vt 0.469187 0.873384
vt 0.463020 0.882979
vt 0.463665 0.876258
vt 0.220919 0.648038
vt 0.227682 0.647355
vt 0.237343 0.652578
vt 0.236378 0.645707
vt 0.246698 0.650474
vt 0.256117 0.649298
vt 0.265925 0.655989
vt 0.265447 0.648185
vt 0.266238 0.664119
vt 0.266461 0.669937
vt 0.266969 0.675812
vt 0.267718 0.684309
vt 0.268385 0.693967
vt 0.268669 0.703483
vt 0.268426 0.713124
vt 0.264538 0.721578
vt 0.271722 0.716861
vt 0.270466 0.722265
vt 0.278302 0.711221
vt 0.278116 0.702866
vt 0.279017 0.716567
vt 0.277677 0.693590
vt 0.277191 0.684104
vt 0.276536 0.675094
vt 0.276065 0.668833
vt 0.275814 0.663181
vt 0.275418 0.655118
vt 0.274795 0.647113
vt 0.255291 0.642966
vt 0.264779 0.641839
vt 0.274177 0.640749
vt 0.245783 0.644245
vt 0.235341 0.639160
vt 0.244769 0.638030
vt 0.254340 0.636146
vt 0.263965 0.635286
vt 0.273406 0.634360
vt 0.283291 0.639699
vt 0.282680 0.633629
vt 0.283968 0.645937
vt 0.284762 0.654429
vt 0.285262 0.661905
vt 0.285615 0.667714
vt 0.286016 0.674732
vt 0.286496 0.683726
vt 0.286972 0.693214
vt 0.287400 0.702594
vt 0.287608 0.711042
vt 0.287718 0.716523
vt 0.296646 0.710966
vt 0.296549 0.702495
vt 0.296709 0.716567
vt 0.296270 0.692861
vt 0.295808 0.683372
vt 0.295329 0.674172
vt 0.294948 0.666330
vt 0.294649 0.660677
vt 0.294004 0.653750
vt 0.293071 0.645205
vt 0.292357 0.638715
vt 0.291909 0.632229
vt 0.272505 0.627424
vt 0.281932 0.626580
vt 0.291418 0.625837
vt 0.263158 0.628127
vt 0.074733 0.871400
vt 0.078329 0.880182
vt 0.072278 0.882793
vt 0.068123 0.874309
vt 0.066268 0.885412
vt 0.062458 0.876901
vt 0.064436 0.865558
vt 0.058296 0.868469
vt 0.054549 0.859825
vt 0.060539 0.856936
vt 0.281082 0.620009
vt 0.290605 0.619319
vt 0.051760 0.839331
vt 0.056429 0.848002
vt 0.057620 0.836671
vt 0.062250 0.845410
vt 0.302120 0.637442
vt 0.301799 0.631044
vt 0.302755 0.644825
vt 0.303599 0.653122
vt 0.304054 0.659283
vt 0.304339 0.665181
vt 0.304690 0.673421
vt 0.305125 0.683051
vt 0.305567 0.692538
vt 0.305980 0.701987
vt 0.314877 0.692246
vt 0.314450 0.682772
vt 0.315289 0.701956
vt 0.313991 0.673263
vt 0.313578 0.664291
vt 0.313249 0.657796
vt 0.312840 0.651985
vt 0.312221 0.644234
vt 0.311577 0.636809
vt 0.310954 0.629697
vt 0.059543 0.825527
vt 0.322281 0.650369
vt 0.322570 0.656129
vt 0.322890 0.663853
vt 0.323354 0.673034
vt 0.323794 0.682527
vt 0.324544 0.692321
vt 0.325255 0.700204
vt 0.315425 0.709465
vt 0.306021 0.710836
vt 0.325410 0.706864
vt 0.306017 0.716281
vt 0.315350 0.714904
vt 0.325191 0.712946
vt 0.334711 0.703720
vt 0.334622 0.697415
vt 0.334580 0.710835
vt 0.334086 0.690522
vt 0.333422 0.682564
vt 0.332732 0.672821
vt 0.332359 0.663147
vt 0.342883 0.680701
vt 0.343357 0.687554
vt 0.343525 0.694067
vt 0.343512 0.701269
vt 0.343565 0.710331
vt 0.334556 0.719983
vt 0.325262 0.720156
vt 0.343869 0.719722
vt 0.315566 0.721313
vt 0.306411 0.721629
vt 0.297056 0.722041
vt 0.288024 0.722126
vt 0.288458 0.730683
vt 0.297577 0.730303
vt 0.307005 0.730260
vt 0.316108 0.729737
vt 0.325559 0.729645
vt 0.334850 0.729381
vt 0.344156 0.729113
vt 0.353200 0.719461
vt 0.352906 0.710082
vt 0.353481 0.728840
vt 0.352600 0.700701
vt 0.352468 0.691568
vt 0.362262 0.709836
vt 0.362546 0.719199
vt 0.362822 0.728562
vt 0.353752 0.738222
vt 0.344429 0.738506
vt 0.363090 0.737929
vt 0.335124 0.738781
vt 0.325906 0.739064
vt 0.316536 0.738724
vt 0.307256 0.738786
vt 0.297983 0.738999
vt 0.288711 0.739233
vt 0.298145 0.745122
vt 0.288870 0.745296
vt 0.307425 0.745126
vt 0.316800 0.745873
vt 0.326237 0.746853
vt 0.335439 0.747722
vt 0.344576 0.748040
vt 0.354010 0.747612
vt 0.363347 0.747304
vt 0.372438 0.737631
vt 0.372175 0.728281
vt 0.372695 0.746989
vt 0.371902 0.718935
vt 0.371627 0.709589
vt 0.381530 0.727998
vt 0.381791 0.737331
vt 0.382045 0.746673
vt 0.372938 0.756366
vt 0.363591 0.756697
vt 0.382289 0.756035
vt 0.354277 0.757125
vt 0.344591 0.756122
vt 0.335550 0.754781
vt 0.326457 0.752816
vt 0.316982 0.751398
vt 0.307561 0.750767
vt 0.298280 0.750750
vt 0.307726 0.758537
vt 0.298444 0.758705
vt 0.317083 0.758359
vt 0.326520 0.759044
vt 0.335552 0.760372
vt 0.344765 0.762685
vt 0.354601 0.764470
vt 0.363938 0.765442
vt 0.373352 0.765798
vt 0.382515 0.765441
vt 0.391634 0.755711
vt 0.391392 0.746361
vt 0.391858 0.765108
vt 0.391139 0.737034
vt 0.390881 0.727718
vt 0.401192 0.764793
vt 0.392052 0.774048
vt 0.382889 0.774125
vt 0.401390 0.773947
vt 0.373831 0.773517
vt 0.364361 0.772247
vt 0.354935 0.770164
vt 0.345090 0.768599
vt 0.335695 0.767538
vt 0.326554 0.767232
vt 0.317181 0.767617
vt 0.307884 0.767823
vt 0.317312 0.777184
vt 0.326629 0.776948
vt 0.392181 0.780995
vt 0.401535 0.781545
vt 0.410720 0.773811
vt 0.410515 0.764492
vt 0.410879 0.781900
vt 0.420207 0.782263
vt 0.410978 0.787809
vt 0.420302 0.787993
vt 0.429756 0.793840
vt 0.429622 0.787987
vt 0.429516 0.782242
vt 0.439086 0.793404
vt 0.429936 0.801620
vt 0.439409 0.801563
vt 0.448702 0.801047
vt 0.448344 0.793323
vt 0.467693 0.807109
vt 0.467946 0.814230
vt 0.329690 0.883799
vt 0.331397 0.891226
vt 0.320765 0.886749
vt 0.322374 0.893525
vt 0.692049 0.628052
vt 0.697182 0.629023
vt 0.298600 0.767998
vt 0.289315 0.768145
vt 0.289172 0.758881
vt 0.280041 0.768275
vt 0.279895 0.759020
vt 0.279775 0.750774
vt 0.289008 0.750906
vt 0.270662 0.758898
vt 0.270265 0.749062
vt 0.270770 0.768399
vt 0.261491 0.768529
vt 0.261331 0.759203
vt 0.261140 0.749815
vt 0.265901 0.740514
vt 0.273635 0.745142
vt 0.271855 0.739631
vt 0.280300 0.745384
vt 0.279489 0.739463
vt 0.263748 0.731122
vt 0.270066 0.731046
vt 0.279186 0.730942
vt 0.251820 0.750140
vt 0.252032 0.759386
vt 0.252207 0.768679
vt 0.242903 0.768865
vt 0.233562 0.769111
vt 0.233835 0.778494
vt 0.278720 0.722283
vt 0.047906 0.863071
vt 0.052022 0.871422
vt 0.046418 0.874131
vt 0.056401 0.879796
vt 0.050292 0.882827
vt 0.053895 0.891434
vt 0.060529 0.888211
vt 0.064044 0.897115
vt 0.055948 0.901129
vt 0.070331 0.894382
vt 0.050468 0.899762
vt 0.060922 0.909096
vt 0.053535 0.914545
vt 0.067393 0.905384
vt 0.073351 0.903532
vt 0.076351 0.891897
vt 0.080279 0.900804
vt 0.075393 0.913251
vt 0.069850 0.911649
vt 0.082859 0.909200
vt 0.064977 0.915849
vt 0.057823 0.921443
vt 0.061733 0.927558
vt 0.053685 0.932694
vt 0.069185 0.920967
vt 0.079862 0.920049
vt 0.073187 0.926685
vt 0.085719 0.915801
vt 0.089532 0.907698
vt 0.092391 0.917111
vt 0.086296 0.898608
vt 0.234390 0.632847
vt 0.243758 0.631167
vt 0.253419 0.629602
vt 0.225863 0.640654
vt 0.097258 0.911548
vt 0.095894 0.904930
vt 0.468315 0.887085
vt 0.468374 0.893836
vt 0.461821 0.891746
vt 0.085153 0.924938
vt 0.474700 0.885354
vt 0.077760 0.932330
vt 0.069696 0.939254
vt 0.065508 0.933095
vt 0.057037 0.938631
vt 0.060527 0.944689
vt 0.073144 0.944894
vt 0.063919 0.949984
vt 0.466140 0.902373
vt 0.463213 0.912001
vt 0.456605 0.909403
vt 0.459732 0.900352
vt 0.473048 0.902946
vt 0.476103 0.893419
vt 0.484639 0.888485
vt 0.480603 0.896741
vt 0.480426 0.903691
vt 0.487292 0.894419
vt 0.478268 0.912757
vt 0.470946 0.913000
vt 0.067905 0.955579
vt 0.077014 0.950370
vt 0.471058 0.922738
vt 0.477811 0.922253
vt 0.476900 0.930105
vt 0.470352 0.931929
vt 0.485876 0.912492
vt 0.484582 0.922578
vt 0.488703 0.902766
vt 0.497450 0.897638
vt 0.495367 0.891196
vt 0.493282 0.884309
vt 0.499902 0.903285
vt 0.493442 0.905946
vt 0.508448 0.900475
vt 0.065374 0.964627
vt 0.066461 0.970968
vt 0.517354 0.897391
vt 0.595640 0.957407
vt 0.598442 0.964639
vt 0.585621 0.960392
vt 0.586783 0.968820
vt 0.105403 0.574178
vt 0.101145 0.569026
vt 0.109252 0.563709
vt 0.114012 0.569621
vt 0.602196 0.970864
vt 0.610712 0.967518
vt 0.619221 0.963872
vt 0.117924 0.574295
vt 0.121701 0.564594
vt 0.125845 0.569628
vt 0.132825 0.563697
vt 0.128875 0.558989
vt 0.109354 0.579024
vt 0.585359 0.976408
vt 0.575300 0.975499
vt 0.101149 0.584748
vt 0.096765 0.578991
vt 0.566775 0.973419
vt 0.571478 0.983597
vt 0.561689 0.978437
vt 0.559931 0.986707
vt 0.565117 0.991350
vt 0.114171 0.585136
vt 0.107146 0.591234
vt 0.122243 0.579796
vt 0.129525 0.574236
vt 0.616724 0.967941
vt 0.617907 0.973511
vt 0.609340 0.976481
vt 0.607791 0.970909
vt 0.626440 0.970816
vt 0.622418 0.971717
vt 0.141702 0.574164
vt 0.134846 0.580475
vt 0.136147 0.568058
vt 0.148316 0.567601
vt 0.142470 0.561460
vt 0.127628 0.586333
vt 0.120370 0.592668
vt 0.113401 0.598344
vt 0.107365 0.602871
vt 0.100780 0.595744
vt 0.554292 0.987176
vt 0.555214 0.980673
vt 0.102529 0.606311
vt 0.095456 0.599427
vt 0.083880 0.580213
vt 0.089166 0.587677
vt 0.089355 0.593980
vt 0.083450 0.597206
vt 0.074398 0.600837
vt 0.078160 0.606303
vt 0.088631 0.603847
vt 0.097033 0.610502
vt 0.108515 0.614368
vt 0.103688 0.618060
vt 0.113492 0.610649
vt 0.119707 0.605802
vt 0.126783 0.599880
vt 0.133882 0.593806
vt 0.140690 0.587033
vt 0.147607 0.580725
vt 0.154745 0.574792
vt 0.149384 0.555334
vt 0.155166 0.561302
vt 0.161676 0.568220
vt 0.152663 0.586465
vt 0.161041 0.582062
vt 0.167913 0.575231
vt 0.145770 0.592893
vt 0.139180 0.600044
vt 0.132995 0.606884
vt 0.126234 0.613370
vt 0.119422 0.618692
vt 0.113920 0.623021
vt 0.108409 0.626407
vt 0.098652 0.622207
vt 0.092970 0.614923
vt 0.103906 0.630737
vt 0.087802 0.609611
vt 0.081303 0.613099
vt 0.088711 0.618321
vt 0.093928 0.626566
vt 0.098699 0.635741
vt 0.107753 0.638355
vt 0.100864 0.644963
vt 0.112283 0.632526
vt 0.118094 0.633085
vt 0.125842 0.627319
vt 0.133836 0.620639
vt 0.138125 0.612313
vt 0.143265 0.604666
vt 0.149573 0.597171
vt 0.155933 0.591000
vt 0.160871 0.587397
vt 0.154435 0.602106
vt 0.161070 0.595989
vt 0.166264 0.590924
vt 0.147802 0.609264
vt 0.142590 0.615825
vt 0.139454 0.620972
vt 0.137802 0.629143
vt 0.131879 0.634279
vt 0.142573 0.626490
vt 0.125085 0.640396
vt 0.113145 0.642295
vt 0.118256 0.647067
vt 0.106159 0.650017
vt 0.095297 0.645145
vt 0.092476 0.639275
vt 0.094508 0.653383
vt 0.090342 0.649176
vt 0.099059 0.657574
vt 0.089728 0.630570
vt 0.086463 0.643722
vt 0.084702 0.634628
vt 0.085126 0.653550
vt 0.085469 0.658975
vt 0.091243 0.663837
vt 0.103646 0.661819
vt 0.095123 0.668778
vt 0.111287 0.654521
vt 0.129477 0.644822
vt 0.123095 0.651604
vt 0.116414 0.659035
vt 0.135673 0.639041
vt 0.140319 0.634321
vt 0.145656 0.634672
vt 0.147669 0.621496
vt 0.153292 0.628646
vt 0.140075 0.642671
vt 0.152755 0.642022
vt 0.146237 0.648916
vt 0.159739 0.635662
vt 0.133634 0.649159
vt 0.127498 0.656188
vt 0.121539 0.662703
vt 0.110964 0.667127
vt 0.117545 0.667211
vt 0.100758 0.673381
vt 0.092240 0.679629
vt 0.074528 0.641726
vt 0.078718 0.645154
vt 0.081931 0.642243
vt 0.068816 0.636746
vt 0.079230 0.637912
vt 0.073984 0.631439
vt 0.080308 0.626537
vt 0.063824 0.631927
vt 0.067962 0.626269
vt 0.074743 0.620598
vt 0.062302 0.623122
vt 0.071015 0.615645
vt 0.080350 0.617791
vt 0.084825 0.623285
vt 0.097510 0.683851
vt 0.093856 0.692185
vt 0.107050 0.679265
vt 0.102640 0.686746
vt 0.098993 0.691340
vt 0.106891 0.683937
vt 0.099604 0.699749
vt 0.103246 0.695108
vt 0.107378 0.691211
vt 0.111746 0.689219
vt 0.115315 0.685487
vt 0.115160 0.674381
vt 0.120503 0.682220
vt 0.119187 0.693660
vt 0.113792 0.697434
vt 0.124848 0.691143
vt 0.110273 0.695577
vt 0.106702 0.698136
vt 0.106799 0.703211
vt 0.101934 0.706642
vt 0.116270 0.703877
vt 0.121066 0.699502
vt 0.126272 0.700081
vt 0.130617 0.686784
vt 0.126345 0.679396
vt 0.134212 0.693751
vt 0.121163 0.672000
vt 0.126838 0.668343
vt 0.132131 0.674467
vt 0.136739 0.680684
vt 0.141299 0.686263
vt 0.131301 0.706884
vt 0.138584 0.699464
vt 0.145250 0.691549
vt 0.119702 0.708328
vt 0.123235 0.713399
vt 0.126749 0.719127
vt 0.134778 0.712022
vt 0.142193 0.704434
vt 0.149625 0.697078
vt 0.152370 0.684659
vt 0.147675 0.678860
vt 0.156683 0.689526
vt 0.143404 0.673598
vt 0.138775 0.668296
vt 0.133064 0.662136
vt 0.139899 0.655657
vt 0.145388 0.661503
vt 0.149938 0.666501
vt 0.154770 0.671979
vt 0.159400 0.677302
vt 0.163785 0.682090
vt 0.168522 0.687328
vt 0.160934 0.694347
vt 0.153764 0.701966
vt 0.146300 0.709819
vt 0.138114 0.716823
vt 0.129723 0.724082
vt 0.133467 0.729505
vt 0.142532 0.723150
vt 0.150451 0.714926
vt 0.157924 0.707134
vt 0.165222 0.700035
vt 0.173724 0.693807
vt 0.175257 0.680020
vt 0.170905 0.675423
vt 0.179762 0.684944
vt 0.166216 0.670334
vt 0.161606 0.665165
vt 0.156910 0.660011
vt 0.152058 0.654890
vt 0.158653 0.648243
vt 0.163704 0.653371
vt 0.168194 0.657998
vt 0.173144 0.663267
vt 0.177736 0.668104
vt 0.182528 0.672944
vt 0.187109 0.678081
vt 0.179423 0.694414
vt 0.184771 0.689927
vt 0.191804 0.683491
vt 0.299437 0.458553
vt 0.298092 0.466993
vt 0.289965 0.465526
vt 0.289735 0.455293
vt 0.293727 0.451083
vt 0.301375 0.452560
vt 0.297189 0.476240
vt 0.289590 0.474843
vt 0.296288 0.485568
vt 0.288375 0.483987
vt 0.293620 0.494377
vt 0.287186 0.493070
vt 0.300198 0.495678
vt 0.304974 0.487251
vt 0.306099 0.477710
vt 0.307422 0.468347
vt 0.308676 0.460097
vt 0.310177 0.453913
vt 0.302086 0.445297
vt 0.293470 0.444303
vt 0.311822 0.447204
vt 0.294740 0.435211
vt 0.304436 0.436098
vt 0.295555 0.425864
vt 0.287826 0.434686
vt 0.288899 0.425468
vt 0.303759 0.426461
vt 0.281198 0.434069
vt 0.282356 0.424639
vt 0.189282 0.665652
vt 0.184581 0.660908
vt 0.179850 0.656182
vt 0.174830 0.651113
vt 0.170285 0.646496
vt 0.181634 0.644315
vt 0.176310 0.639056
vt 0.186443 0.649071
vt 0.191633 0.653951
vt 0.196056 0.658331
vt 0.290219 0.416126
vt 0.284023 0.415358
vt 0.297344 0.416722
vt 0.304466 0.417164
vt 0.308843 0.432887
vt 0.309559 0.426479
vt 0.311931 0.417981
vt 0.313270 0.440526
vt 0.314887 0.435080
vt 0.321133 0.449377
vt 0.319525 0.455810
vt 0.322566 0.443548
vt 0.318122 0.462348
vt 0.316779 0.469772
vt 0.327432 0.465962
vt 0.325496 0.472171
vt 0.329017 0.459168
vt 0.330321 0.452841
vt 0.331652 0.446588
vt 0.323695 0.437176
vt 0.333071 0.439077
vt 0.315884 0.427302
vt 0.324541 0.428553
vt 0.317697 0.419164
vt 0.306886 0.406985
vt 0.315499 0.408156
vt 0.319355 0.412731
vt 0.298500 0.406049
vt 0.292674 0.405465
vt 0.286205 0.404815
vt 0.277950 0.414636
vt 0.278768 0.405076
vt 0.279222 0.397349
vt 0.286896 0.394040
vt 0.294534 0.394671
vt 0.300749 0.395480
vt 0.307547 0.396299
vt 0.316277 0.397198
vt 0.325171 0.405675
vt 0.325383 0.398261
vt 0.325898 0.411629
vt 0.325089 0.419329
vt 0.334010 0.429741
vt 0.334395 0.419767
vt 0.341509 0.440735
vt 0.340867 0.449468
vt 0.342792 0.431054
vt 0.339397 0.456775
vt 0.337258 0.463195
vt 0.344257 0.465520
vt 0.348773 0.462078
vt 0.350035 0.452072
vt 0.348185 0.441488
vt 0.349641 0.432065
vt 0.344201 0.421537
vt 0.352191 0.422909
vt 0.334521 0.411403
vt 0.344250 0.412150
vt 0.334611 0.405079
vt 0.335099 0.398799
vt 0.326724 0.389748
vt 0.317572 0.387806
vt 0.336162 0.391786
vt 0.309006 0.385817
vt 0.301746 0.385953
vt 0.295754 0.384559
vt 0.301878 0.378159
vt 0.294554 0.374669
vt 0.337777 0.385433
vt 0.344299 0.399611
vt 0.345668 0.392785
vt 0.346842 0.386605
vt 0.344548 0.405149
vt 0.354526 0.413378
vt 0.355078 0.403828
vt 0.355284 0.432744
vt 0.359153 0.423849
vt 0.362355 0.414415
vt 0.353510 0.441297
vt 0.354002 0.448472
vt 0.361340 0.442526
vt 0.360816 0.450817
vt 0.362702 0.433415
vt 0.365607 0.424398
vt 0.368589 0.415036
vt 0.364349 0.405106
vt 0.371243 0.405791
vt 0.351762 0.399674
vt 0.358756 0.394975
vt 0.353426 0.394082
vt 0.366150 0.395799
vt 0.353786 0.388444
vt 0.358170 0.385441
vt 0.366923 0.387650
vt 0.372571 0.396998
vt 0.373168 0.389770
vt 0.375462 0.415688
vt 0.373095 0.425098
vt 0.372084 0.434430
vt 0.370683 0.443909
vt 0.369902 0.451874
vt 0.359580 0.456659
vt 0.369065 0.458273
vt 0.378845 0.458211
vt 0.379698 0.450847
vt 0.379680 0.443636
vt 0.380925 0.435763
vt 0.382964 0.426568
vt 0.383990 0.416787
vt 0.392699 0.428753
vt 0.388298 0.436700
vt 0.385871 0.443199
vt 0.389164 0.448022
vt 0.387576 0.458046
vt 0.377758 0.466290
vt 0.368109 0.465543
vt 0.386651 0.467823
vt 0.358649 0.464103
vt 0.357901 0.473594
vt 0.350884 0.472982
vt 0.367082 0.474666
vt 0.376739 0.476068
vt 0.386503 0.477333
vt 0.394041 0.468988
vt 0.396268 0.477896
vt 0.394660 0.459548
vt 0.398620 0.450080
vt 0.393444 0.439555
vt 0.400641 0.440988
vt 0.395948 0.433855
vt 0.402264 0.427962
vt 0.402148 0.434375
vt 0.408354 0.449693
vt 0.409507 0.441990
vt 0.410285 0.435827
vt 0.401565 0.454901
vt 0.400089 0.461337
vt 0.407474 0.455490
vt 0.399163 0.468989
vt 0.399328 0.474448
vt 0.395499 0.488226
vt 0.385527 0.487037
vt 0.402886 0.474967
vt 0.405816 0.479249
vt 0.405371 0.489550
vt 0.375738 0.485756
vt 0.365771 0.484573
vt 0.356801 0.483545
vt 0.364756 0.494255
vt 0.354139 0.492786
vt 0.374820 0.495244
vt 0.384678 0.496804
vt 0.394573 0.497821
vt 0.404741 0.499282
vt 0.415826 0.491249
vt 0.414383 0.500090
vt 0.416240 0.481339
vt 0.409561 0.471269
vt 0.404427 0.469831
vt 0.417181 0.472194
vt 0.406168 0.462309
vt 0.412228 0.456944
vt 0.411517 0.463213
vt 0.416074 0.453038
vt 0.417418 0.462677
vt 0.425653 0.472904
vt 0.424591 0.462797
vt 0.384016 0.505319
vt 0.374061 0.504444
vt 0.364035 0.503479
vt 0.354318 0.502525
vt 0.363583 0.510232
vt 0.354143 0.510190
vt 0.373595 0.510403
vt 0.383597 0.511482
vt 0.363359 0.516662
vt 0.353996 0.516681
vt 0.344674 0.509932
vt 0.344765 0.502783
vt 0.344571 0.517052
vt 0.344854 0.495536
vt 0.335099 0.503378
vt 0.335145 0.497219
vt 0.334898 0.510768
vt 0.334533 0.517589
vt 0.344181 0.524263
vt 0.334222 0.524094
vt 0.353846 0.523935
vt 0.363166 0.524021
vt 0.362892 0.530956
vt 0.324596 0.517725
vt 0.324801 0.511013
vt 0.325758 0.504627
vt 0.325193 0.497899
vt 0.325086 0.490868
vt 0.335220 0.490026
vt 0.344645 0.489726
vt 0.350413 0.488708
vt 0.351031 0.482299
vt 0.344786 0.482343
vt 0.334797 0.481285
vt 0.324917 0.484183
vt 0.315698 0.491507
vt 0.315160 0.485629
vt 0.314780 0.499823
vt 0.318577 0.504710
vt 0.316667 0.510927
vt 0.314861 0.517967
vt 0.306391 0.498056
vt 0.308119 0.491606
vt 0.315693 0.478627
vt 0.324472 0.478314
vt 0.330433 0.477996
vt 0.335671 0.471128
vt 0.331047 0.473344
vt 0.344737 0.473132
vt 0.290624 0.503157
vt 0.146155 0.728699
vt 0.362439 0.538063
vt 0.423787 0.453673
vt 0.423708 0.446245
vt 0.417312 0.444674
vt 0.427473 0.442056
vt 0.434902 0.441650
vt 0.419264 0.438174
vt 0.420204 0.430984
vt 0.411553 0.429050
vt 0.440155 0.442217
vt 0.287975 0.376672
vt 0.281165 0.370680
vt 0.286220 0.366065
vt 0.289267 0.384843
vt 0.786654 0.946391
vt 0.777079 0.944493
vt 0.282742 0.379069
vt 0.277358 0.376330
vt 0.282923 0.384387
vt 0.268600 0.373929
vt 0.271617 0.366888
vt 0.779107 0.950450
vt 0.770943 0.954500
vt 0.767868 0.947981
vt 0.213699 0.618818
vt 0.208706 0.610403
vt 0.214458 0.607419
vt 0.219646 0.615828
vt 0.220979 0.604370
vt 0.225495 0.613026
vt 0.207600 0.622361
vt 0.202658 0.613566
vt 0.200088 0.626937
vt 0.195838 0.618230
vt 0.275999 0.383780
vt 0.266988 0.383410
vt 0.282393 0.390002
vt 0.276188 0.391451
vt 0.267665 0.393899
vt 0.272687 0.398744
vt 0.257409 0.393137
vt 0.257208 0.383459
vt 0.188362 0.624649
vt 0.183141 0.617919
vt 0.190457 0.611792
vt 0.196789 0.604715
vt 0.204265 0.601318
vt 0.210309 0.598564
vt 0.216470 0.595594
vt 0.222368 0.592838
vt 0.227096 0.601561
vt 0.232093 0.610131
vt 0.206016 0.588223
vt 0.211931 0.585565
vt 0.217714 0.583098
vt 0.200015 0.591087
vt 0.194035 0.593806
vt 0.190936 0.603097
vt 0.187342 0.597320
vt 0.185472 0.608064
vt 0.179127 0.613630
vt 0.177656 0.622201
vt 0.174920 0.617395
vt 0.181207 0.630524
vt 0.187609 0.637054
vt 0.195795 0.631835
vt 0.272396 0.405078
vt 0.265079 0.403285
vt 0.192919 0.642565
vt 0.197955 0.645936
vt 0.175523 0.630029
vt 0.172607 0.624443
vt 0.171345 0.635100
vt 0.169221 0.616657
vt 0.174487 0.609540
vt 0.181346 0.602712
vt 0.174364 0.594963
vt 0.182491 0.590102
vt 0.187760 0.583684
vt 0.195461 0.580319
vt 0.201474 0.577718
vt 0.207143 0.575207
vt 0.214492 0.572705
vt 0.196377 0.567448
vt 0.203554 0.564899
vt 0.209729 0.563244
vt 0.190494 0.570103
vt 0.185048 0.573134
vt 0.182385 0.581772
vt 0.179079 0.576413
vt 0.177942 0.585862
vt 0.173975 0.589328
vt 0.168939 0.586196
vt 0.167950 0.602565
vt 0.161497 0.609059
vt 0.161001 0.622482
vt 0.153851 0.615239
vt 0.166631 0.629417
vt 0.165288 0.641398
vt 0.174036 0.581190
vt 0.174551 0.569108
vt 0.180096 0.564445
vt 0.168446 0.562000
vt 0.174114 0.556890
vt 0.185656 0.560482
vt 0.179200 0.552664
vt 0.162095 0.555521
vt 0.167608 0.550668
vt 0.675745 0.961077
vt 0.672256 0.966536
vt 0.665355 0.961637
vt 0.669155 0.956302
vt 0.156655 0.550060
vt 0.162638 0.546164
vt 0.171478 0.545549
vt 0.164266 0.540618
vt 0.680961 0.957739
vt 0.683758 0.968356
vt 0.676654 0.969823
vt 0.192255 0.557844
vt 0.199137 0.555369
vt 0.188922 0.548708
vt 0.196547 0.545863
vt 0.684955 0.948691
vt 0.687226 0.939039
vt 0.696749 0.943381
vt 0.694418 0.951159
vt 0.703975 0.953253
vt 0.706724 0.947505
vt 0.691532 0.936072
vt 0.699510 0.938452
vt 0.710191 0.940086
vt 0.700778 0.931470
vt 0.711423 0.932601
vt 0.216601 0.561457
vt 0.220435 0.571005
vt 0.722041 0.938107
vt 0.722109 0.930705
vt 0.721822 0.923655
vt 0.732854 0.935388
vt 0.733158 0.943162
vt 0.722492 0.944376
vt 0.225034 0.580605
vt 0.228612 0.590501
vt 0.755394 0.936932
vt 0.745631 0.939883
vt 0.232675 0.598853
vt 0.238347 0.607546
vt 0.660205 0.960839
vt 0.653301 0.963398
vt 0.624488 0.980938
vt 0.619207 0.979431
vt 0.551796 0.401451
vt 0.551639 0.411791
vt 0.555860 0.398424
vt 0.559702 0.403725
vt 0.560841 0.398665
vt 0.559370 0.412219
vt 0.551990 0.420978
vt 0.558806 0.421128
vt 0.558342 0.430580
vt 0.551109 0.430417
vt 0.566438 0.430740
vt 0.549842 0.439783
vt 0.557737 0.439559
vt 0.565773 0.439586
vt 0.573506 0.431051
vt 0.572201 0.440841
vt 0.565295 0.445595
vt 0.558376 0.446475
vt 0.569543 0.450667
vt 0.549049 0.447472
vt 0.552534 0.453638
vt 0.546128 0.456645
vt 0.560472 0.452414
vt 0.570540 0.462012
vt 0.561862 0.459045
vt 0.579000 0.452012
vt 0.579860 0.462802
vt 0.579765 0.441738
vt 0.580376 0.431795
vt 0.586076 0.452613
vt 0.586549 0.463198
vt 0.580410 0.473143
vt 0.572040 0.472527
vt 0.586103 0.473814
vt 0.566873 0.466136
vt 0.561479 0.464376
vt 0.566462 0.473449
vt 0.553435 0.461725
vt 0.555541 0.458298
vt 0.540843 0.463002
vt 0.535244 0.461133
vt 0.546326 0.465061
vt 0.529427 0.460467
vt 0.532873 0.471022
vt 0.527528 0.470432
vt 0.537781 0.470995
vt 0.543121 0.471712
vt 0.549497 0.467702
vt 0.548356 0.471513
vt 0.555168 0.467711
vt 0.561104 0.471714
vt 0.563479 0.482702
vt 0.558475 0.480638
vt 0.570962 0.483028
vt 0.579349 0.483545
vt 0.585060 0.484104
vt 0.582992 0.493647
vt 0.576865 0.493261
vt 0.590315 0.494044
vt 0.567817 0.492507
vt 0.556380 0.492614
vt 0.554790 0.486724
vt 0.551576 0.482246
vt 0.552964 0.477016
vt 0.556388 0.477270
vt 0.549909 0.486298
vt 0.557688 0.473322
vt 0.553768 0.472016
vt 0.548254 0.476613
vt 0.544390 0.479755
vt 0.545084 0.485045
vt 0.547797 0.491133
vt 0.540673 0.487631
vt 0.550417 0.497459
vt 0.544052 0.496477
vt 0.557133 0.502300
vt 0.549879 0.503581
vt 0.565682 0.502268
vt 0.573654 0.502691
vt 0.580987 0.503109
vt 0.588654 0.503684
vt 0.588629 0.513307
vt 0.579524 0.511786
vt 0.596035 0.514324
vt 0.571536 0.511209
vt 0.563445 0.511455
vt 0.555585 0.511678
vt 0.549264 0.511917
vt 0.542775 0.503591
vt 0.541419 0.512159
vt 0.535123 0.492160
vt 0.534427 0.502805
vt 0.537927 0.480406
vt 0.532374 0.481289
vt 0.526672 0.480792
vt 0.527053 0.491684
vt 0.526593 0.502184
vt 0.533716 0.512453
vt 0.525764 0.512621
vt 0.540542 0.521773
vt 0.533004 0.522398
vt 0.548081 0.521352
vt 0.554611 0.520892
vt 0.562136 0.521062
vt 0.570606 0.518295
vt 0.580192 0.519266
vt 0.588863 0.523249
vt 0.596618 0.524285
vt 0.585295 0.526651
vt 0.579773 0.524768
vt 0.590046 0.533207
vt 0.585078 0.532175
vt 0.596772 0.534350
vt 0.572104 0.524055
vt 0.566074 0.524709
vt 0.559880 0.530544
vt 0.553938 0.530389
vt 0.565656 0.531297
vt 0.547821 0.529809
vt 0.541060 0.531013
vt 0.533923 0.532592
vt 0.526521 0.523260
vt 0.527177 0.533488
vt 0.518912 0.523865
vt 0.518024 0.512493
vt 0.520580 0.534492
vt 0.512254 0.532870
vt 0.528984 0.544631
vt 0.520615 0.543212
vt 0.535927 0.542907
vt 0.542736 0.539237
vt 0.548880 0.536735
vt 0.553411 0.539870
vt 0.561093 0.540158
vt 0.568829 0.539494
vt 0.572094 0.530508
vt 0.572307 0.536039
vt 0.579246 0.531202
vt 0.578438 0.536803
vt 0.577122 0.542136
vt 0.568692 0.545861
vt 0.563269 0.548973
vt 0.575322 0.548336
vt 0.556364 0.546826
vt 0.547150 0.545850
vt 0.551416 0.550821
vt 0.539221 0.553859
vt 0.529409 0.553950
vt 0.520114 0.551692
vt 0.511355 0.541047
vt 0.509397 0.547552
vt 0.547127 0.556780
vt 0.545531 0.562720
vt 0.559290 0.555242
vt 0.555154 0.560375
vt 0.571528 0.553893
vt 0.568126 0.559361
vt 0.583617 0.550472
vt 0.586222 0.541881
vt 0.580174 0.557119
vt 0.583660 0.537162
vt 0.595140 0.544230
vt 0.592655 0.553145
vt 0.588942 0.560081
vt 0.577149 0.562605
vt 0.586367 0.566490
vt 0.564955 0.564557
vt 0.574173 0.568216
vt 0.552603 0.566402
vt 0.561612 0.570159
vt 0.584372 0.571822
vt 0.595656 0.562566
vt 0.600975 0.556353
vt 0.602036 0.545590
vt 0.602391 0.534891
vt 0.602304 0.524886
vt 0.608765 0.535197
vt 0.608685 0.545457
vt 0.608811 0.555025
vt 0.616085 0.554743
vt 0.616155 0.545393
vt 0.616437 0.535297
vt 0.602192 0.515080
vt 0.623813 0.535495
vt 0.623341 0.545355
vt 0.623413 0.553776
vt 0.623484 0.560514
vt 0.629969 0.563725
vt 0.629647 0.553949
vt 0.629514 0.545397
vt 0.635454 0.545980
vt 0.636169 0.553818
vt 0.635622 0.560786
vt 0.460883 0.574474
vt 0.520843 0.705468
vt 0.521135 0.714834
vt 0.530206 0.705125
vt 0.530487 0.714511
vt 0.539823 0.714178
vt 0.539555 0.704771
vt 0.540089 0.723581
vt 0.548508 0.695518
vt 0.548889 0.704422
vt 0.549145 0.713844
vt 0.549405 0.723257
vt 0.540355 0.732984
vt 0.549674 0.732664
vt 0.558723 0.722947
vt 0.558462 0.713526
vt 0.558999 0.732351
vt 0.558070 0.704061
vt 0.557632 0.696098
vt 0.548345 0.688567
vt 0.557343 0.690209
vt 0.566989 0.690965
vt 0.567213 0.696505
vt 0.567546 0.704213
vt 0.567783 0.713239
vt 0.568049 0.722660
vt 0.568334 0.732056
vt 0.559287 0.741741
vt 0.568634 0.741428
vt 0.559583 0.751120
vt 0.568943 0.750784
vt 0.577985 0.741131
vt 0.577676 0.731782
vt 0.578303 0.750458
vt 0.577385 0.722400
vt 0.577113 0.712986
vt 0.576874 0.703957
vt 0.576691 0.696600
vt 0.576558 0.690894
vt 0.566941 0.684460
vt 0.576412 0.683984
vt 0.566904 0.675253
vt 0.576241 0.674930
vt 0.585743 0.683639
vt 0.585573 0.674656
vt 0.585885 0.690376
vt 0.586015 0.696091
vt 0.586202 0.703639
vt 0.586447 0.712757
vt 0.586722 0.722162
vt 0.587017 0.731524
vt 0.587328 0.740850
vt 0.587651 0.750148
vt 0.578627 0.759780
vt 0.587978 0.759439
vt 0.578951 0.769117
vt 0.588310 0.768746
vt 0.597302 0.759108
vt 0.596978 0.749846
vt 0.597643 0.768386
vt 0.596655 0.740574
vt 0.596347 0.731274
vt 0.596054 0.721931
vt 0.595779 0.712538
vt 0.595530 0.703327
vt 0.595340 0.695532
vt 0.595211 0.689812
vt 0.595075 0.683309
vt 0.594907 0.674413
vt 0.604409 0.683021
vt 0.604242 0.674174
vt 0.604541 0.689438
vt 0.604668 0.695161
vt 0.604856 0.703043
vt 0.605104 0.712304
vt 0.605376 0.721686
vt 0.605660 0.731014
vt 0.605961 0.740295
vt 0.606277 0.749546
vt 0.606608 0.758789
vt 0.606950 0.768047
vt 0.597978 0.777716
vt 0.607301 0.777360
vt 0.598292 0.787174
vt 0.607642 0.786799
vt 0.616632 0.777055
vt 0.616262 0.767738
vt 0.617007 0.786507
vt 0.615908 0.758481
vt 0.615575 0.749241
vt 0.615267 0.739995
vt 0.614977 0.730721
vt 0.614702 0.721402
vt 0.614435 0.712027
vt 0.614191 0.702837
vt 0.614008 0.695226
vt 0.613883 0.689503
vt 0.613748 0.682813
vt 0.623117 0.682714
vt 0.623193 0.690268
vt 0.623271 0.696062
vt 0.623486 0.702843
vt 0.623802 0.711666
vt 0.624076 0.721041
vt 0.624350 0.730371
vt 0.624632 0.739658
vt 0.624937 0.748918
vt 0.625275 0.758175
vt 0.625647 0.767458
vt 0.626056 0.776812
vt 0.626743 0.786589
vt 0.617487 0.795725
vt 0.627426 0.794491
vt 0.617736 0.802371
vt 0.707221 0.481836
vt 0.703441 0.492023
vt 0.697556 0.488330
vt 0.701934 0.478439
vt 0.711970 0.472219
vt 0.706989 0.467480
vt 0.637541 0.792212
vt 0.635757 0.785228
vt 0.635440 0.776787
vt 0.635074 0.767221
vt 0.634751 0.757876
vt 0.634424 0.748569
vt 0.634106 0.739266
vt 0.633748 0.729944
vt 0.633263 0.720591
vt 0.632556 0.711319
vt 0.631965 0.703810
vt 0.632503 0.697948
vt 0.638096 0.705018
vt 0.641935 0.701087
vt 0.639487 0.711556
vt 0.640917 0.720117
vt 0.642067 0.729510
vt 0.642681 0.738880
vt 0.643084 0.748227
vt 0.643340 0.757600
vt 0.643383 0.767013
vt 0.643032 0.776110
vt 0.705757 0.457045
vt 0.701201 0.462529
vt 0.695730 0.455882
vt 0.701535 0.450585
vt 0.711215 0.457734
vt 0.717013 0.464673
vt 0.716805 0.476229
vt 0.712984 0.485299
vt 0.720817 0.470418
vt 0.708934 0.494789
vt 0.718932 0.488526
vt 0.723401 0.479341
vt 0.727489 0.470393
vt 0.723423 0.461559
vt 0.718339 0.452980
vt 0.707406 0.447494
vt 0.713596 0.443846
vt 0.697079 0.442416
vt 0.702746 0.438775
vt 0.649903 0.757381
vt 0.649981 0.766795
vt 0.649600 0.747946
vt 0.649123 0.738580
vt 0.648423 0.729195
vt 0.683559 0.401852
vt 0.680367 0.392999
vt 0.686323 0.391118
vt 0.689607 0.399970
vt 0.677163 0.384975
vt 0.682573 0.382542
vt 0.647217 0.719420
vt 0.645270 0.710277
vt 0.652766 0.709284
vt 0.654097 0.718565
vt 0.695884 0.397909
vt 0.692945 0.388823
vt 0.698818 0.406993
vt 0.692682 0.408943
vt 0.656076 0.747616
vt 0.655589 0.738291
vt 0.705236 0.425365
vt 0.699157 0.427644
vt 0.695841 0.418780
vt 0.701892 0.416344
vt 0.656609 0.766695
vt 0.656417 0.757254
vt 0.708746 0.434971
vt 0.715301 0.431980
vt 0.721319 0.440667
vt 0.725013 0.449814
vt 0.729848 0.458633
vt 0.734760 0.467223
vt 0.731883 0.475834
vt 0.728865 0.482549
vt 0.738588 0.475753
vt 0.725194 0.491374
vt 0.731068 0.493703
vt 0.734681 0.484583
vt 0.741062 0.464356
vt 0.745872 0.472466
vt 0.743444 0.481067
vt 0.740448 0.487826
vt 0.750920 0.480605
vt 0.736578 0.455820
vt 0.733174 0.448523
vt 0.731957 0.441519
vt 0.724185 0.435608
vt 0.731585 0.434381
vt 0.721213 0.428768
vt 0.711325 0.422965
vt 0.717471 0.420622
vt 0.708041 0.413985
vt 0.704984 0.404903
vt 0.702084 0.395839
vt 0.711159 0.402755
vt 0.708248 0.393785
vt 0.714092 0.411712
vt 0.720517 0.409396
vt 0.724250 0.418018
vt 0.729853 0.426336
vt 0.740537 0.427207
vt 0.741695 0.434171
vt 0.742491 0.440462
vt 0.743586 0.447630
vt 0.744773 0.454579
vt 0.747844 0.461615
vt 0.751323 0.469052
vt 0.754129 0.474527
vt 0.756394 0.460543
vt 0.758446 0.466935
vt 0.760144 0.474001
vt 0.755154 0.453849
vt 0.753980 0.446938
vt 0.753024 0.440254
vt 0.751956 0.433103
vt 0.750591 0.427114
vt 0.739714 0.420897
vt 0.748680 0.420023
vt 0.732868 0.421447
vt 0.729920 0.415257
vt 0.726837 0.407202
vt 0.717434 0.400582
vt 0.723916 0.398401
vt 0.714594 0.391697
vt 0.721206 0.389578
vt 0.729495 0.387159
vt 0.732470 0.395639
vt 0.734874 0.404645
vt 0.737520 0.413560
vt 0.746327 0.411076
vt 0.755491 0.408605
vt 0.757713 0.417706
vt 0.759903 0.426329
vt 0.761569 0.433363
vt 0.762673 0.439012
vt 0.763960 0.446380
vt 0.765297 0.453786
vt 0.766386 0.460103
vt 0.767549 0.466653
vt 0.768438 0.473503
vt 0.777204 0.466241
vt 0.777925 0.473610
vt 0.775657 0.460269
vt 0.774878 0.453109
vt 0.773652 0.444699
vt 0.771397 0.438664
vt 0.770837 0.432790
vt 0.769170 0.424853
vt 0.766896 0.415435
vt 0.764548 0.406209
vt 0.753243 0.400009
vt 0.762388 0.397991
vt 0.744141 0.401898
vt 0.741935 0.392766
vt 0.736495 0.385121
vt 0.751592 0.393423
vt 0.744636 0.388306
vt 0.750955 0.388280
vt 0.741523 0.382960
vt 0.760949 0.392547
vt 0.771548 0.395792
vt 0.773689 0.404095
vt 0.770173 0.390474
vt 0.776117 0.413450
vt 0.778267 0.422740
vt 0.778459 0.431769
vt 0.778346 0.437936
vt 0.782343 0.442050
vt 0.782995 0.452473
vt 0.782480 0.459647
vt 0.786612 0.463932
vt 0.789589 0.453851
vt 0.790651 0.443593
vt 0.785629 0.431847
vt 0.791770 0.432192
vt 0.785754 0.421347
vt 0.785280 0.411586
vt 0.782931 0.402279
vt 0.780599 0.393586
vt 0.779100 0.387141
vt 0.768817 0.385365
vt 0.777285 0.382291
vt 0.759599 0.387474
vt 0.748698 0.381346
vt 0.757507 0.379631
vt 0.732328 0.377056
vt 0.738062 0.375358
vt 0.745838 0.373081
vt 0.755089 0.370527
vt 0.764217 0.368154
vt 0.766672 0.377300
vt 0.775844 0.374773
vt 0.784034 0.379287
vt 0.788027 0.381926
vt 0.783900 0.372687
vt 0.789792 0.390987
vt 0.792160 0.400341
vt 0.792867 0.410146
vt 0.793232 0.420780
vt 0.799398 0.420762
vt 0.798324 0.432874
vt 0.798872 0.444929
vt 0.796296 0.454695
vt 0.686539 0.721667
vt 0.680869 0.719247
vt 0.676162 0.709481
vt 0.682798 0.705959
vt 0.803497 0.449774
vt 0.802590 0.456461
vt 0.672823 0.698883
vt 0.678614 0.696776
vt 0.800395 0.409411
vt 0.806564 0.409249
vt 0.805713 0.420475
vt 0.799773 0.398829
vt 0.798727 0.389081
vt 0.790378 0.372050
vt 0.773342 0.365796
vt 0.770926 0.356773
vt 0.761803 0.359187
vt 0.768447 0.347792
vt 0.759349 0.350248
vt 0.752680 0.361594
vt 0.750253 0.352676
vt 0.756920 0.341560
vt 0.747911 0.343572
vt 0.754883 0.333838
vt 0.745770 0.334052
vt 0.736249 0.337032
vt 0.738678 0.346155
vt 0.741132 0.355087
vt 0.743544 0.364013
vt 0.734890 0.366459
vt 0.732433 0.357423
vt 0.729961 0.348502
vt 0.727315 0.339585
vt 0.733057 0.328405
vt 0.741176 0.326219
vt 0.725001 0.330434
vt 0.748451 0.329433
vt 0.754113 0.328542
vt 0.746297 0.324214
vt 0.752260 0.322880
vt 0.738589 0.317577
vt 0.744260 0.317092
vt 0.750112 0.315459
vt 0.730490 0.319142
vt 0.723197 0.321518
vt 0.719001 0.332015
vt 0.717439 0.322404
vt 0.720984 0.341261
vt 0.723208 0.350353
vt 0.725699 0.359289
vt 0.728652 0.368254
vt 0.722923 0.369829
vt 0.719736 0.360955
vt 0.726224 0.378702
vt 0.717277 0.351969
vt 0.715295 0.342782
vt 0.713105 0.333565
vt 0.710720 0.324441
vt 0.707193 0.315339
vt 0.716983 0.311811
vt 0.722265 0.314050
vt 0.728528 0.311050
vt 0.725491 0.304827
vt 0.713305 0.302454
vt 0.707171 0.307436
vt 0.738632 0.081218
vt 0.739710 0.088077
vt 0.732005 0.088322
vt 0.728508 0.081645
vt 0.702779 0.320448
vt 0.696467 0.319998
vt 0.697446 0.312426
vt 0.703909 0.327044
vt 0.706258 0.335334
vt 0.708194 0.344656
vt 0.710403 0.353822
vt 0.712838 0.362896
vt 0.703981 0.355531
vt 0.701598 0.346307
vt 0.706445 0.364698
vt 0.699165 0.337080
vt 0.697468 0.327845
vt 0.689137 0.319498
vt 0.686307 0.311089
vt 0.690987 0.329132
vt 0.750036 0.078872
vt 0.750347 0.087719
vt 0.760871 0.080517
vt 0.754496 0.074439
vt 0.761388 0.073865
vt 0.681426 0.314627
vt 0.682708 0.321358
vt 0.684061 0.330613
vt 0.692828 0.338649
vt 0.684817 0.340245
vt 0.695288 0.347809
vt 0.697674 0.357156
vt 0.700143 0.366490
vt 0.702723 0.375682
vt 0.709055 0.373776
vt 0.715510 0.371863
vt 0.711789 0.382769
vt 0.718642 0.380778
vt 0.705424 0.384776
vt 0.696500 0.377586
vt 0.693770 0.368340
vt 0.699242 0.386766
vt 0.691124 0.358713
vt 0.688488 0.349465
vt 0.675305 0.337442
vt 0.675350 0.330349
vt 0.647234 0.675484
vt 0.640979 0.674447
vt 0.641708 0.668221
vt 0.651153 0.671242
vt 0.681082 0.344808
vt 0.682686 0.351431
vt 0.758956 0.058593
vt 0.760352 0.066391
vt 0.752523 0.067911
vt 0.750247 0.059059
vt 0.770272 0.073838
vt 0.770812 0.079958
vt 0.769494 0.065671
vt 0.768850 0.058541
vt 0.632217 0.666045
vt 0.632245 0.660190
vt 0.641973 0.661156
vt 0.632352 0.673522
vt 0.632505 0.682736
vt 0.641446 0.682080
vt 0.648462 0.682060
vt 0.649886 0.690616
vt 0.641855 0.691672
vt 0.684706 0.359996
vt 0.651129 0.700083
vt 0.656362 0.689749
vt 0.657994 0.699023
vt 0.690081 0.379515
vt 0.687100 0.370481
vt 0.632565 0.691062
vt 0.622954 0.673395
vt 0.622814 0.665070
vt 0.777754 0.052914
vt 0.778344 0.058818
vt 0.768337 0.052711
vt 0.779066 0.065384
vt 0.613331 0.658730
vt 0.613255 0.652784
vt 0.622555 0.652617
vt 0.622708 0.659168
vt 0.613429 0.664880
vt 0.613585 0.673898
vt 0.604087 0.665215
vt 0.603979 0.658650
vt 0.603900 0.652610
vt 0.613064 0.644455
vt 0.788419 0.064700
vt 0.789108 0.073092
vt 0.779825 0.073300
vt 0.594568 0.652676
vt 0.594650 0.658668
vt 0.594754 0.665414
vt 0.585424 0.665609
vt 0.585325 0.658652
vt 0.575997 0.658474
vt 0.576093 0.665783
vt 0.806690 0.387772
vt 0.807163 0.398155
vt 0.812755 0.409058
vt 0.820169 0.408238
vt 0.820740 0.417985
vt 0.813297 0.419601
vt 0.826815 0.397362
vt 0.828051 0.406847
vt 0.827156 0.413628
vt 0.685173 0.693591
vt 0.687617 0.727765
vt 0.688837 0.736147
vt 0.794759 0.464273
vt 0.801517 0.465252
vt 0.636038 0.351948
vt 0.632306 0.357469
vt 0.634985 0.343547
vt 0.640297 0.346490
vt 0.793797 0.470909
vt 0.787315 0.473057
vt 0.626888 0.337812
vt 0.635756 0.337049
vt 0.784608 0.488132
vt 0.788644 0.483498
vt 0.778385 0.481010
vt 0.777508 0.487378
vt 0.768876 0.480655
vt 0.768664 0.486823
vt 0.768206 0.493948
vt 0.760501 0.486436
vt 0.759310 0.492962
vt 0.759826 0.480417
vt 0.754277 0.486057
vt 0.752076 0.491955
vt 0.743263 0.498106
vt 0.740663 0.506399
vt 0.746462 0.489367
vt 0.737268 0.496082
vt 0.892092 0.694344
vt 0.874832 0.694970
vt 0.877265 0.680874
vt 0.892409 0.679664
vt 0.891016 0.713887
vt 0.874226 0.714219
vt 0.912564 0.695334
vt 0.914500 0.681410
vt 0.912195 0.713506
vt 0.860357 0.692172
vt 0.868442 0.669912
vt 0.857654 0.715118
vt 0.889493 0.666307
vt 0.914436 0.666173
vt 0.927555 0.697636
vt 0.936526 0.688480
vt 0.936193 0.670642
vt 0.929599 0.713757
vt 0.910592 0.734084
vt 0.891171 0.734386
vt 0.930486 0.734310
vt 0.874639 0.735057
vt 0.859585 0.737289
vt 0.843285 0.690077
vt 0.840771 0.717205
vt 0.841724 0.740081
vt 0.849665 0.665790
vt 0.872733 0.645328
vt 0.891006 0.648704
vt 0.854964 0.638084
vt 0.913583 0.650911
vt 0.938360 0.653597
vt 0.952607 0.672240
vt 0.955605 0.688925
vt 0.959807 0.660099
vt 0.944075 0.711677
vt 0.959667 0.711208
vt 0.945509 0.733749
vt 0.911201 0.754911
vt 0.929073 0.755585
vt 0.944160 0.756166
vt 0.893277 0.754739
vt 0.876765 0.757307
vt 0.863267 0.759753
vt 0.846694 0.763885
vt 0.825769 0.720500
vt 0.820696 0.741555
vt 0.188887 0.039733
vt 0.166872 0.035824
vt 0.170899 0.015546
vt 0.191720 0.018994
vt 0.151628 0.007781
vt 0.149438 0.023099
vt 0.127125 0.016153
vt 0.129479 0.002037
vt 0.829160 0.686908
vt 0.833979 0.665437
vt 0.100768 0.000006
vt 0.105361 0.015020
vt 0.089979 0.016971
vt 0.078207 0.009683
vt 0.870408 0.616157
vt 0.886501 0.625265
vt 0.073683 0.028713
vt 0.088486 0.031939
vt 0.844817 0.620269
vt 0.857407 0.605490
vt 0.893592 0.635673
vt 0.913794 0.636345
vt 0.935592 0.636143
vt 0.955603 0.637648
vt 0.970098 0.685312
vt 0.265013 0.185073
vt 0.265378 0.161349
vt 0.283739 0.164457
vt 0.279422 0.186697
vt 0.977050 0.653266
vt 0.969715 0.631212
vt 0.932825 0.617898
vt 0.948850 0.622660
vt 0.289033 0.141768
vt 0.273916 0.139126
vt 0.277839 0.124683
vt 0.292126 0.122935
vt 0.910345 0.621578
vt 0.890590 0.608968
vt 0.907722 0.607643
vt 0.883684 0.595619
vt 0.868561 0.594421
vt 0.847031 0.587423
vt 0.862303 0.577592
vt 0.074589 0.051185
vt 0.056459 0.051270
vt 0.055772 0.030997
vt 0.087603 0.049955
vt 0.104580 0.031851
vt 0.103368 0.051090
vt 0.125587 0.032688
vt 0.123545 0.052421
vt 0.088928 0.063898
vt 0.103184 0.066230
vt 0.120889 0.067390
vt 0.080169 0.072625
vt 0.059793 0.073292
vt 0.042556 0.074852
vt 0.039419 0.055002
vt 0.882000 0.571472
vt 0.025372 0.079006
vt 0.020956 0.056951
vt 0.905315 0.590991
vt 0.905694 0.569806
vt 0.921865 0.606035
vt 0.924570 0.592205
vt 0.938577 0.596510
vt 0.268606 0.112550
vt 0.287798 0.108088
vt 0.309473 0.103761
vt 0.313132 0.121430
vt 0.304535 0.141795
vt 0.942963 0.573927
vt 0.926250 0.571313
vt 0.905523 0.548240
vt 0.883245 0.548937
vt 0.928443 0.550884
vt 0.033175 0.100681
vt 0.048579 0.096408
vt 0.016889 0.108785
vt 0.006328 0.088553
vt 0.062216 0.093072
vt 0.079083 0.093826
vt 0.100982 0.079074
vt 0.099517 0.097020
vt 0.121587 0.080838
vt 0.135703 0.067088
vt 0.140848 0.053310
vt 0.142883 0.077896
vt 0.120405 0.099477
vt 0.141321 0.100374
vt 0.079073 0.110001
vt 0.097935 0.112594
vt 0.119006 0.114543
vt 0.064869 0.107718
vt 0.057925 0.117415
vt 0.042580 0.122915
vt 0.026210 0.128972
vt 0.930385 0.528645
vt 0.908397 0.525971
vt 0.000000 0.122246
vt 0.012818 0.139262
vt 0.945075 0.552348
vt 0.947567 0.531270
vt 0.959990 0.554333
vt 0.960670 0.577321
vt 0.962678 0.533204
vt 0.949909 0.510710
vt 0.933591 0.507755
vt 0.378820 0.111826
vt 0.357340 0.113972
vt 0.356230 0.098926
vt 0.376825 0.097342
vt 0.033842 0.142776
vt 0.024113 0.153407
vt 0.950863 0.494742
vt 0.937257 0.489990
vt 0.048192 0.144519
vt 0.059459 0.134763
vt 0.075349 0.123728
vt 0.073771 0.139553
vt 0.096047 0.127319
vt 0.117395 0.128801
vt 0.140318 0.115578
vt 0.138832 0.129652
vt 0.163325 0.081009
vt 0.162086 0.102125
vt 0.160972 0.116153
vt 0.159681 0.130272
vt 0.136942 0.146631
vt 0.115314 0.145908
vt 0.158127 0.147766
vt 0.093832 0.143113
vt 0.068409 0.152930
vt 0.090703 0.159008
vt 0.039170 0.163683
vt 0.063776 0.168304
vt 0.961311 0.487387
vt 0.939258 0.472197
vt 0.964825 0.511288
vt 0.379666 0.127394
vt 0.358458 0.128612
vt 0.401104 0.125388
vt 0.401478 0.104974
vt 0.338780 0.129859
vt 0.335871 0.115214
vt 0.359534 0.144849
vt 0.338226 0.145409
vt 0.380730 0.144131
vt 0.402403 0.143897
vt 0.446332 0.960764
vt 0.467687 0.961879
vt 0.464873 0.982053
vt 0.443146 0.980408
vt 0.422964 0.142041
vt 0.422498 0.123715
vt 0.024247 0.186346
vt 0.013507 0.167484
vt 0.042810 0.181835
vt 0.061052 0.182251
vt 0.087352 0.176758
vt 0.076891 0.184760
vt 0.113610 0.160579
vt 0.111445 0.177277
vt 0.135359 0.161769
vt 0.157003 0.162564
vt 0.178480 0.148331
vt 0.180889 0.132437
vt 0.178961 0.162667
vt 0.155678 0.179343
vt 0.133902 0.178005
vt 0.177546 0.180941
vt 0.093716 0.198307
vt 0.111000 0.198118
vt 0.132635 0.199467
vt 0.079696 0.200699
vt 0.063235 0.200057
vt 0.048617 0.201354
vt 0.034453 0.204759
vt 0.425619 0.958981
vt 0.421170 0.977462
vt 0.443570 0.139554
vt 0.443272 0.122519
vt 0.423881 0.158293
vt 0.403756 0.162483
vt 0.444047 0.153628
vt 0.382065 0.165741
vt 0.404687 0.178555
vt 0.382967 0.183657
vt 0.424796 0.171588
vt 0.444902 0.167589
vt 0.466199 0.150592
vt 0.465533 0.137233
vt 0.467045 0.165862
vt 0.464686 0.120991
vt 0.404504 0.955172
vt 0.401939 0.972028
vt 0.050355 0.222098
vt 0.036114 0.223208
vt 0.065825 0.221172
vt 0.083000 0.220701
vt 0.097280 0.220602
vt 0.111637 0.221108
vt 0.133089 0.223199
vt 0.154084 0.199965
vt 0.153328 0.218331
vt 0.141767 0.232664
vt 0.153993 0.231193
vt 0.128824 0.243330
vt 0.113138 0.242661
vt 0.140065 0.245548
vt 0.099577 0.242439
vt 0.084412 0.242199
vt 0.066812 0.242079
vt 0.051915 0.242374
vt 0.036934 0.242950
vt 0.381503 0.966373
vt 0.383518 0.951531
vt 0.385467 0.937131
vt 0.407353 0.939137
vt 0.387971 0.923120
vt 0.409868 0.925979
vt 0.488861 0.165767
vt 0.488461 0.148542
vt 0.467742 0.186426
vt 0.445948 0.186129
vt 0.489097 0.186379
vt 0.510123 0.165316
vt 0.509960 0.147558
vt 0.510334 0.186248
vt 0.488269 0.134296
vt 0.509859 0.132879
vt 0.363934 0.934872
vt 0.362350 0.948713
vt 0.360518 0.962848
vt 0.052592 0.262841
vt 0.037154 0.262680
vt 0.067143 0.263261
vt 0.083981 0.263761
vt 0.101275 0.264325
vt 0.114453 0.264559
vt 0.126241 0.264596
vt 0.136960 0.264842
vt 0.152929 0.245968
vt 0.151355 0.265784
vt 0.134265 0.285490
vt 0.124070 0.286951
vt 0.149708 0.286899
vt 0.113099 0.286927
vt 0.100862 0.286390
vt 0.083261 0.285442
vt 0.066472 0.284318
vt 0.051278 0.283433
vt 0.036982 0.281614
vt 0.342186 0.946954
vt 0.340254 0.959483
vt 0.341623 0.933913
vt 0.531379 0.147279
vt 0.531983 0.131696
vt 0.531389 0.165016
vt 0.531528 0.186047
vt 0.510492 0.207498
vt 0.489226 0.207629
vt 0.531762 0.207378
vt 0.552825 0.185850
vt 0.553035 0.164963
vt 0.553050 0.207286
vt 0.553922 0.148224
vt 0.319169 0.918981
vt 0.341644 0.918309
vt 0.319596 0.937983
vt 0.327146 0.946193
vt 0.325578 0.956345
vt 0.036568 0.295373
vt 0.042790 0.303217
vt 0.064039 0.305399
vt 0.081443 0.306632
vt 0.097319 0.307700
vt 0.110547 0.308465
vt 0.127522 0.308676
vt 0.135012 0.300059
vt 0.147689 0.316543
vt 0.149801 0.303837
vt 0.125550 0.331270
vt 0.106824 0.330375
vt 0.147467 0.333358
vt 0.092254 0.329095
vt 0.077951 0.327771
vt 0.061523 0.325802
vt 0.041511 0.322902
vt 0.315946 0.961102
vt 0.294863 0.955918
vt 0.296734 0.934016
vt 0.297291 0.918142
vt 0.575495 0.151783
vt 0.574868 0.166193
vt 0.574478 0.185378
vt 0.574386 0.207147
vt 0.553251 0.228546
vt 0.531935 0.228622
vt 0.574888 0.228858
vt 0.595704 0.206954
vt 0.595716 0.185837
vt 0.595908 0.228103
vt 0.596066 0.168691
vt 0.596778 0.154622
vt 0.577404 0.136142
vt 0.598888 0.135276
vt 0.276607 0.953132
vt 0.275140 0.932869
vt 0.055204 0.346587
vt 0.035500 0.338905
vt 0.070817 0.351063
vt 0.087142 0.352020
vt 0.104302 0.352781
vt 0.125779 0.353593
vt 0.147560 0.353948
vt 0.168645 0.323074
vt 0.168434 0.337077
vt 0.168500 0.354794
vt 0.147308 0.373545
vt 0.125920 0.372068
vt 0.168564 0.374537
vt 0.103859 0.372284
vt 0.081993 0.373594
vt 0.057785 0.375689
vt 0.045239 0.362057
vt 0.031633 0.351505
vt 0.262270 0.954047
vt 0.264613 0.940733
vt 0.257035 0.924218
vt 0.252704 0.938779
vt 0.617938 0.140496
vt 0.617503 0.158919
vt 0.617562 0.172943
vt 0.617437 0.187514
vt 0.617219 0.206458
vt 0.638443 0.175927
vt 0.638323 0.188991
vt 0.638304 0.207056
vt 0.638364 0.161126
vt 0.638331 0.141245
vt 0.237095 0.919469
vt 0.232900 0.935649
vt 0.248958 0.951198
vt 0.228509 0.953962
vt 0.034334 0.370898
vt 0.021681 0.360108
vt 0.028461 0.385147
vt 0.082258 0.389804
vt 0.057797 0.395148
vt 0.032528 0.402904
vt 0.104889 0.387473
vt 0.126269 0.386617
vt 0.147267 0.387702
vt 0.126754 0.403144
vt 0.105616 0.403414
vt 0.147620 0.402900
vt 0.083973 0.405980
vt 0.060194 0.410121
vt 0.036594 0.419868
vt 0.012366 0.409213
vt 0.014942 0.395500
vt 0.019768 0.420493
vt 0.009197 0.376370
vt 0.006560 0.389228
vt 0.208301 0.944898
vt 0.216685 0.959854
vt 0.203267 0.957960
vt 0.212493 0.930018
vt 0.216596 0.914308
vt 0.659350 0.160998
vt 0.659394 0.141191
vt 0.659359 0.176987
vt 0.680639 0.160749
vt 0.680633 0.141017
vt 0.680794 0.178170
vt 0.659442 0.124842
vt 0.680781 0.124550
vt 0.191609 0.924906
vt 0.188018 0.940225
vt 0.184791 0.953667
vt 0.215304 0.970534
vt 0.201280 0.972102
vt 0.181303 0.966393
vt 0.002434 0.427332
vt 0.015262 0.435488
vt 0.028671 0.438794
vt 0.065281 0.429066
vt 0.047304 0.428769
vt 0.043539 0.444430
vt 0.085429 0.422399
vt 0.106438 0.422052
vt 0.127129 0.421532
vt 0.106776 0.436011
vt 0.088071 0.436878
vt 0.127404 0.435459
vt 0.074149 0.437272
vt 0.057838 0.446480
vt 0.070806 0.450651
vt 0.052223 0.467412
vt 0.038760 0.464300
vt 0.022646 0.460299
vt 0.005880 0.454482
vt 0.161585 0.963536
vt 0.176655 0.981055
vt 0.155910 0.979440
vt 0.163675 0.949936
vt 0.167874 0.934877
vt 0.171256 0.919918
vt 0.175130 0.904038
vt 0.195754 0.908961
vt 0.702302 0.161130
vt 0.701820 0.140799
vt 0.798441 0.192504
vt 0.797107 0.176035
vt 0.819972 0.177864
vt 0.818097 0.192621
vt 0.800543 0.213191
vt 0.820761 0.210896
vt 0.149653 0.913229
vt 0.144505 0.929694
vt 0.139198 0.948966
vt 0.144358 0.959862
vt 0.138986 0.973413
vt 0.003960 0.472407
vt 0.012231 0.482869
vt 0.032656 0.485890
vt 0.047658 0.490235
vt 0.066210 0.470482
vt 0.063470 0.494128
vt 0.087504 0.451580
vt 0.086152 0.472095
vt 0.107089 0.451059
vt 0.107500 0.471452
vt 0.083600 0.495366
vt 0.129119 0.846103
vt 0.129128 0.823665
vt 0.152196 0.824800
vt 0.150734 0.846753
vt 0.932007 0.149911
vt 0.943157 0.127144
vt 0.957419 0.141796
vt 0.946163 0.159396
vt 0.919124 0.140443
vt 0.928554 0.120097
vt 0.905742 0.134157
vt 0.913661 0.115242
vt 0.027806 0.505730
vt 0.010323 0.504689
vt 0.125639 0.973016
vt 0.116965 0.943091
vt 0.108190 0.959965
vt 0.120703 0.925194
vt 0.823344 0.160366
vt 0.847972 0.165773
vt 0.842609 0.183752
vt 0.833382 0.192863
vt 0.837110 0.208690
vt 0.702719 0.179740
vt 0.722779 0.160141
vt 0.723855 0.181599
vt 0.826050 0.234470
vt 0.843996 0.228015
vt 0.850156 0.202424
vt 0.857428 0.222821
vt 0.859969 0.183295
vt 0.871298 0.170765
vt 0.865012 0.198706
vt 0.858385 0.149004
vt 0.871656 0.155984
vt 0.102926 0.939773
vt 0.094899 0.951879
vt 0.886948 0.132157
vt 0.899694 0.146023
vt 0.886841 0.148300
vt 0.908948 0.155880
vt 0.922922 0.171407
vt 0.938785 0.172508
vt 0.109088 0.828876
vt 0.108382 0.846234
vt 0.094862 0.831885
vt 0.093143 0.847403
vt 0.149897 0.867814
vt 0.127564 0.867909
vt 0.109894 0.868376
vt 0.956164 0.210377
vt 0.948174 0.188929
vt 0.963901 0.185675
vt 0.970476 0.209517
vt 0.931461 0.192571
vt 0.938724 0.213208
vt 0.901729 0.181637
vt 0.891790 0.163387
vt 0.909502 0.200992
vt 0.881370 0.190226
vt 0.871644 0.217051
vt 0.889377 0.209613
vt 0.851999 0.248601
vt 0.865873 0.242232
vt 0.879292 0.236088
vt 0.832783 0.257006
vt 0.847353 0.276430
vt 0.862347 0.268002
vt 0.875582 0.260986
vt 0.888370 0.254820
vt 0.896828 0.228423
vt 0.905029 0.247601
vt 0.918243 0.220243
vt 0.944483 0.234116
vt 0.960795 0.234933
vt 0.924973 0.240420
vt 0.974761 0.235480
vt 0.150585 0.509038
vt 0.128316 0.511685
vt 0.128481 0.493964
vt 0.150622 0.492337
vt 0.127826 0.471292
vt 0.149527 0.471953
vt 0.127631 0.450750
vt 0.148429 0.450399
vt 0.169736 0.470048
vt 0.168440 0.451668
vt 0.170599 0.489254
vt 0.975861 0.259246
vt 0.991456 0.236899
vt 0.991528 0.257931
vt 0.960394 0.254621
vt 0.946048 0.250906
vt 0.933649 0.260500
vt 0.913514 0.265622
vt 0.898137 0.271178
vt 0.886680 0.279240
vt 0.874766 0.287433
vt 0.860005 0.296208
vt 0.827800 0.269316
vt 0.836325 0.284556
vt 0.846978 0.302573
vt 0.857906 0.317994
vt 0.871480 0.318451
vt 0.894817 0.306917
vt 0.901219 0.291066
vt 0.905309 0.282945
vt 0.918179 0.278631
vt 0.932514 0.274443
vt 0.953831 0.271350
vt 0.944188 0.287675
vt 0.977489 0.279536
vt 0.990546 0.273630
vt 0.687331 0.071713
vt 0.702118 0.069106
vt 0.702187 0.088174
vt 0.686241 0.086089
vt 0.182824 0.453442
vt 0.185468 0.467887
vt 0.148223 0.435653
vt 0.169630 0.437882
vt 0.191476 0.443715
vt 0.199751 0.465802
vt 0.671833 0.083734
vt 0.678797 0.060873
vt 0.660446 0.058034
vt 0.655648 0.081850
vt 0.968356 0.297980
vt 0.944429 0.306569
vt 0.961425 0.315295
vt 0.922675 0.292711
vt 0.923088 0.307315
vt 0.887106 0.331401
vt 0.904962 0.324517
vt 0.926996 0.321192
vt 0.877408 0.348741
vt 0.863736 0.340211
vt 0.850141 0.332082
vt 0.717771 0.262481
vt 0.703017 0.266111
vt 0.702136 0.247783
vt 0.717141 0.245884
vt 0.682619 0.268355
vt 0.681759 0.248238
vt 0.682977 0.282419
vt 0.706415 0.280671
vt 0.871100 0.370419
vt 0.857271 0.366448
vt 0.891649 0.355602
vt 0.888273 0.376630
vt 0.897179 0.342439
vt 0.912208 0.340880
vt 0.931833 0.334923
vt 0.942293 0.320032
vt 0.951533 0.333948
vt 0.643687 0.058056
vt 0.639548 0.080523
vt 0.250997 0.478767
vt 0.232808 0.482471
vt 0.230355 0.459743
vt 0.248789 0.455260
vt 0.211137 0.441897
vt 0.215676 0.463000
vt 0.653849 0.103334
vt 0.638548 0.104481
vt 0.224853 0.436352
vt 0.240523 0.432090
vt 0.938179 0.376385
vt 0.958494 0.375569
vt 0.947763 0.398331
vt 0.929925 0.392738
vt 0.946755 0.356972
vt 0.958451 0.361064
vt 0.935253 0.361863
vt 0.944787 0.347083
vt 0.934441 0.348927
vt 0.922361 0.350800
vt 0.920560 0.362491
vt 0.907052 0.359907
vt 0.908496 0.382047
vt 0.899694 0.402508
vt 0.883150 0.397313
vt 0.867658 0.393220
vt 0.851578 0.388939
vt 0.660806 0.279671
vt 0.660556 0.265858
vt 0.637984 0.293154
vt 0.638269 0.276154
vt 0.659980 0.295589
vt 0.638231 0.262204
vt 0.879170 0.418693
vt 0.863706 0.415300
vt 0.892051 0.422117
vt 0.918606 0.409500
vt 0.909633 0.428225
vt 0.256828 0.424545
vt 0.233573 0.410834
vt 0.249840 0.406804
vt 0.920389 0.375269
vt 0.215328 0.414829
vt 0.206637 0.425538
vt 0.190927 0.424881
vt 0.192761 0.408285
vt 0.191779 0.393269
vt 0.211350 0.394205
vt 0.227431 0.390291
vt 0.934367 0.414817
vt 0.924343 0.434288
vt 0.916498 0.454431
vt 0.902115 0.448224
vt 0.887375 0.442850
vt 0.874719 0.439455
vt 0.860160 0.435762
vt 0.617398 0.293749
vt 0.617368 0.273655
vt 0.617156 0.259500
vt 0.638178 0.247076
vt 0.617129 0.246550
vt 0.660084 0.248984
vt 0.638267 0.228119
vt 0.659891 0.227435
vt 0.681264 0.226937
vt 0.617235 0.227643
vt 0.596665 0.260044
vt 0.596370 0.247121
vt 0.596648 0.273858
vt 0.596615 0.293350
vt 0.871151 0.460294
vt 0.854597 0.456217
vt 0.882823 0.461846
vt 0.894831 0.466486
vt 0.910047 0.476076
vt 0.220972 0.370329
vt 0.207373 0.374836
vt 0.203654 0.359742
vt 0.212306 0.350838
vt 0.189999 0.375864
vt 0.188714 0.357406
vt 0.190250 0.342955
vt 0.191244 0.328057
vt 0.215938 0.330716
vt 0.228015 0.337550
vt 0.230085 0.350578
vt 0.888524 0.478347
vt 0.880765 0.475159
vt 0.872305 0.482338
vt 0.850696 0.477083
vt 0.575832 0.294937
vt 0.575858 0.275221
vt 0.575951 0.261806
vt 0.575523 0.248165
vt 0.659410 0.190101
vt 0.659583 0.206964
vt 0.681103 0.206510
vt 0.681032 0.191191
vt 0.702772 0.194723
vt 0.701130 0.208171
vt 0.701520 0.226216
vt 0.714809 0.210967
vt 0.716444 0.226995
vt 0.723853 0.202545
vt 0.553713 0.249062
vt 0.532106 0.249012
vt 0.554023 0.263904
vt 0.532270 0.265467
vt 0.510814 0.249250
vt 0.510646 0.228700
vt 0.510806 0.266376
vt 0.489356 0.228882
vt 0.489443 0.249434
vt 0.489479 0.266705
vt 0.511136 0.280180
vt 0.489578 0.280644
vt 0.532370 0.279243
vt 0.554105 0.277218
vt 0.553591 0.296524
vt 0.531878 0.295941
vt 0.510946 0.295011
vt 0.728885 0.806348
vt 0.708174 0.806447
vt 0.708030 0.790924
vt 0.729246 0.791556
vt 0.686487 0.805329
vt 0.686841 0.789252
vt 0.468027 0.279851
vt 0.468106 0.266003
vt 0.468102 0.249474
vt 0.468033 0.229110
vt 0.467918 0.207799
vt 0.446580 0.207956
vt 0.446704 0.229347
vt 0.446627 0.249406
vt 0.446533 0.264176
vt 0.446443 0.277388
vt 0.446089 0.294393
vt 0.467380 0.295939
vt 0.686834 0.823368
vt 0.665170 0.822808
vt 0.665196 0.804265
vt 0.708526 0.823795
vt 0.728537 0.823592
vt 0.748321 0.824706
vt 0.749780 0.805599
vt 0.770851 0.825427
vt 0.771408 0.804277
vt 0.864902 0.504957
vt 0.844597 0.498628
vt 0.881325 0.513253
vt 0.870686 0.532961
vt 0.858342 0.526602
vt 0.892648 0.491742
vt 0.220154 0.288594
vt 0.206357 0.288547
vt 0.206741 0.269473
vt 0.218813 0.269261
vt 0.729242 0.835580
vt 0.709161 0.836974
vt 0.221395 0.254928
vt 0.208651 0.251406
vt 0.212524 0.230335
vt 0.228238 0.234919
vt 0.218196 0.209858
vt 0.235512 0.215058
vt 0.665859 0.841081
vt 0.643972 0.842214
vt 0.643677 0.824015
vt 0.643882 0.803749
vt 0.424769 0.292951
vt 0.424891 0.275260
vt 0.424677 0.260055
vt 0.424660 0.246989
vt 0.425010 0.229946
vt 0.425249 0.208138
vt 0.425309 0.187957
vt 0.404697 0.192133
vt 0.404131 0.208780
vt 0.403533 0.227368
vt 0.403214 0.242636
vt 0.403329 0.255952
vt 0.403755 0.272768
vt 0.403367 0.293803
vt 0.423993 0.313221
vt 0.400706 0.314526
vt 0.897590 0.984675
vt 0.879812 0.980441
vt 0.883811 0.956956
vt 0.903792 0.962104
vt 0.225967 0.190843
vt 0.210834 0.185186
vt 0.219399 0.165064
vt 0.237412 0.170474
vt 0.203415 0.205691
vt 0.194949 0.225691
vt 0.193767 0.248515
vt 0.193435 0.268658
vt 0.173490 0.247153
vt 0.173892 0.229342
vt 0.171850 0.267190
vt 0.186654 0.215146
vt 0.191137 0.201708
vt 0.172672 0.216350
vt 0.196512 0.181839
vt 0.201724 0.159759
vt 0.215178 0.139065
vt 0.229224 0.144550
vt 0.864556 0.957744
vt 0.863223 0.934472
vt 0.878331 0.934743
vt 0.892197 0.948688
vt 0.893423 0.935474
vt 0.900332 0.951065
vt 0.904726 0.938907
vt 0.916398 0.945284
vt 0.922408 0.971825
vt 0.931915 0.952938
vt 0.382321 0.293641
vt 0.382834 0.273429
vt 0.382760 0.253029
vt 0.382619 0.238044
vt 0.361822 0.252406
vt 0.361427 0.235038
vt 0.361559 0.273256
vt 0.361050 0.293147
vt 0.381742 0.310994
vt 0.360490 0.308861
vt 0.912662 0.920774
vt 0.925851 0.925698
vt 0.895743 0.915727
vt 0.878562 0.911069
vt 0.860170 0.909011
vt 0.847730 0.935727
vt 0.842686 0.909862
vt 0.199712 0.134194
vt 0.203822 0.117175
vt 0.223815 0.114286
vt 0.195295 0.148563
vt 0.174444 0.200509
vt 0.171485 0.288789
vt 0.191984 0.288636
vt 0.169752 0.307608
vt 0.191292 0.310329
vt 0.210250 0.308686
vt 0.168695 0.390719
vt 0.169272 0.405273
vt 0.148136 0.421686
vt 0.169564 0.421273
vt 0.181775 0.116434
vt 0.182975 0.102259
vt 0.202604 0.102229
vt 0.218897 0.102276
vt 0.184625 0.083581
vt 0.205799 0.085161
vt 0.223985 0.086859
vt 0.167061 0.058755
vt 0.186474 0.061695
vt 0.208307 0.064251
vt 0.230586 0.066347
vt 0.245128 0.072690
vt 0.237389 0.092710
vt 0.239904 0.121446
vt 0.251477 0.099564
vt 0.860894 0.882620
vt 0.845564 0.876783
vt 0.850752 0.854995
vt 0.866119 0.860144
vt 0.836365 0.847021
vt 0.845981 0.828264
vt 0.857654 0.839000
vt 0.871350 0.837433
vt 0.211330 0.041242
vt 0.233265 0.046256
vt 0.152342 0.057567
vt 0.156729 0.041531
vt 0.145425 0.036884
vt 0.213174 0.022726
vt 0.237582 0.029057
vt 0.859978 0.815060
vt 0.872519 0.805550
vt 0.882633 0.821684
vt 0.894116 0.847690
vt 0.901285 0.829026
vt 0.887135 0.867876
vt 0.880102 0.888101
vt 0.902604 0.894731
vt 0.909841 0.874156
vt 0.916049 0.853063
vt 0.921089 0.834652
vt 0.891364 0.811515
vt 0.906723 0.813853
vt 0.926493 0.818982
vt 0.887401 0.798433
vt 0.866872 0.782030
vt 0.882072 0.777162
vt 0.851545 0.787773
vt 0.898347 0.775074
vt 0.907962 0.795438
vt 0.930875 0.799184
vt 0.954818 0.812183
vt 0.948521 0.831108
vt 0.937021 0.839011
vt 0.934060 0.857990
vt 0.928468 0.879162
vt 0.921096 0.900555
vt 0.338050 0.322618
vt 0.316362 0.321607
vt 0.317488 0.306851
vt 0.339007 0.308070
vt 0.934531 0.905846
vt 0.295384 0.319915
vt 0.295140 0.305051
vt 0.277870 0.317101
vt 0.273547 0.304289
vt 0.281238 0.289258
vt 0.259541 0.290481
vt 0.275520 0.274194
vt 0.298271 0.290561
vt 0.236225 0.301938
vt 0.234525 0.283075
vt 0.250456 0.274962
vt 0.262563 0.268200
vt 0.913948 0.786370
vt 0.923253 0.788781
vt 0.925368 0.774668
vt 0.940253 0.779160
vt 0.912651 0.773293
vt 0.959019 0.775880
vt 0.960270 0.756150
vt 0.245914 0.256859
vt 0.260125 0.252488
vt 0.276509 0.252524
vt 0.297541 0.272650
vt 0.297759 0.251667
vt 0.318416 0.291978
vt 0.319188 0.272874
vt 0.339771 0.292900
vt 0.340381 0.273039
vt 0.319554 0.251344
vt 0.340291 0.251344
vt 0.275419 0.230878
vt 0.297329 0.230177
vt 0.318957 0.229964
vt 0.259116 0.232733
vt 0.975332 0.753771
vt 0.960997 0.733657
vt 0.975634 0.732957
vt 0.973811 0.710617
vt 0.991684 0.730766
vt 0.989112 0.709007
vt 0.276802 0.209119
vt 0.296524 0.209125
vt 0.318434 0.209161
vt 0.340554 0.229441
vt 0.340258 0.209579
vt 0.347246 0.223072
vt 0.347150 0.215991
vt 0.362490 0.224003
vt 0.318209 0.187700
vt 0.339409 0.187836
vt 0.361163 0.202898
vt 0.361163 0.186620
vt 0.362451 0.213565
vt 0.297238 0.187377
vt 0.261599 0.207570
vt 0.299544 0.165470
vt 0.317442 0.165968
vt 0.339291 0.166165
vt 0.360477 0.165541
vt 0.383146 0.197484
vt 0.382958 0.211101
vt 0.382763 0.225022
vt 0.320366 0.145371
vt 0.323024 0.130316
vn -0.074798 -0.337002 -0.938528
vn -0.014648 -0.405480 -0.913986
vn -0.116943 -0.342560 -0.932189
vn -0.138884 -0.291013 -0.946585
vn 0.066317 -0.401830 -0.913310
vn 0.135745 -0.475583 -0.869134
vn -0.116853 -0.062806 -0.991161
vn -0.158541 -0.034791 -0.986739
vn -0.017822 -0.125517 -0.991931
vn -0.079895 -0.383880 -0.919920
vn 0.051972 -0.458580 -0.887132
vn 0.170048 -0.506863 -0.845088
vn -0.152130 -0.320647 -0.934902
vn -0.161927 -0.260102 -0.951907
vn -0.143950 -0.341580 -0.928763
vn -0.181581 0.001221 -0.983375
vn -0.188936 0.246531 -0.950540
vn -0.162414 0.234199 -0.958526
vn -0.140015 0.226082 -0.963993
vn -0.095948 0.186012 -0.977852
vn 0.104588 -0.238742 -0.965435
vn 0.197059 -0.451021 -0.870487
vn -0.026092 0.093416 -0.995285
vn 0.216713 -0.497013 -0.840246
vn 0.214819 -0.515012 -0.829829
vn 0.180182 -0.538148 -0.823366
vn 0.104128 -0.515835 -0.850336
vn 0.214609 -0.534890 -0.817212
vn -0.025513 -0.451628 -0.891842
vn -0.119689 -0.389400 -0.913259
vn -0.161652 -0.358246 -0.919526
vn -0.166078 -0.332705 -0.928292
vn -0.175780 -0.274657 -0.945338
vn -0.182192 -0.225436 -0.957071
vn -0.207459 0.051271 -0.976899
vn -0.212465 0.273479 -0.938119
vn -0.189422 0.318246 -0.928891
vn -0.168642 0.320081 -0.932260
vn -0.201080 0.352304 -0.914029
vn -0.154785 0.317575 -0.935515
vn -0.135376 0.313975 -0.939730
vn -0.105071 0.292335 -0.950526
vn 0.075532 -0.040405 -0.996324
vn 0.196417 -0.348327 -0.916564
vn -0.043732 0.229227 -0.972390
vn 0.245460 -0.464141 -0.851072
vn 0.240423 -0.485164 -0.840721
vn 0.231546 -0.507694 -0.829840
vn 0.229592 -0.533846 -0.813816
vn 0.214022 -0.626239 -0.749680
vn 0.180270 -0.640951 -0.746113
vn 0.229346 -0.612425 -0.756529
vn 0.141180 -0.643164 -0.752601
vn 0.041871 -0.617152 -0.785729
vn -0.054871 -0.537383 -0.841551
vn -0.125457 -0.429045 -0.894528
vn -0.197966 -0.355802 -0.913354
vn -0.182099 -0.339966 -0.922639
vn -0.205352 -0.375304 -0.903868
vn -0.183260 -0.258853 -0.948373
vn -0.208770 0.037934 -0.977229
vn -0.204562 0.034303 -0.978252
vn -0.214384 0.283056 -0.934836
vn -0.213559 0.347570 -0.913010
vn -0.179717 0.368845 -0.911952
vn -0.200533 0.390122 -0.898661
vn -0.214657 0.394690 -0.893388
vn -0.187256 0.383861 -0.904204
vn -0.214387 0.288493 -0.933172
vn -0.220764 0.344860 -0.912324
vn -0.225525 0.397686 -0.889373
vn -0.197080 -0.252163 -0.947404
vn -0.206636 0.051027 -0.977087
vn -0.214539 0.298379 -0.930023
vn -0.209716 -0.363127 -0.907832
vn -0.237610 -0.378265 -0.894683
vn -0.262878 -0.382781 -0.885649
vn -0.173126 -0.414032 -0.893647
vn -0.280916 -0.372134 -0.884649
vn -0.013489 -0.558201 -0.829596
vn 0.053742 -0.723012 -0.688741
vn 0.081088 -0.790532 -0.607029
vn 0.146459 -0.793554 -0.590611
vn 0.110262 -0.852254 -0.511376
vn 0.160193 -0.790349 -0.591343
vn 0.148563 -0.868769 -0.472409
vn 0.169226 -0.634158 -0.754458
vn -0.073211 -0.443754 -0.893153
vn -0.299074 -0.358981 -0.884131
vn -0.419828 -0.435728 -0.796169
vn -0.330136 -0.447291 -0.831229
vn -0.501165 -0.403691 -0.765420
vn -0.266144 -0.419190 -0.868013
vn -0.231596 -0.393856 -0.889517
vn -0.211185 -0.250584 -0.944780
vn -0.211118 0.075563 -0.974536
vn -0.215668 0.313853 -0.924653
vn -0.225128 0.344950 -0.911223
vn -0.224489 0.344374 -0.911598
vn -0.233888 0.400192 -0.886083
vn -0.236970 0.391523 -0.889132
vn -0.222897 0.336644 -0.914871
vn -0.222045 0.127445 -0.966672
vn -0.234376 -0.243226 -0.941227
vn -0.280606 -0.432368 -0.856924
vn -0.360569 -0.495458 -0.790260
vn -0.487210 -0.574459 -0.657741
vn -0.611096 -0.546672 -0.572460
vn -0.685275 -0.460878 -0.563906
vn -0.591944 -0.423489 -0.685754
vn -0.714480 -0.446199 -0.538911
vn -0.332668 -0.422206 -0.843252
vn 0.076448 -0.516294 -0.852993
vn 0.343614 -0.636669 -0.690350
vn 0.271375 -0.781995 -0.561105
vn 0.433723 -0.644614 -0.629569
vn 0.187415 -0.608095 -0.771425
vn 0.374099 -0.751928 -0.542820
vn -0.345824 -0.524412 -0.778073
vn -0.662563 -0.441770 -0.604855
vn -0.742520 -0.451170 -0.495085
vn -0.727208 -0.485263 -0.485477
vn -0.661468 -0.595214 -0.456268
vn -0.619999 -0.635350 -0.460360
vn -0.539007 -0.567114 -0.622778
vn -0.435120 -0.399445 -0.806916
vn -0.277069 -0.198487 -0.940125
vn -0.262388 0.149570 -0.953300
vn -0.239503 0.349377 -0.905856
vn -0.242738 0.403609 -0.882144
vn -0.364715 0.051637 -0.929686
vn -0.276154 0.344342 -0.897311
vn -0.260961 0.417989 -0.870164
vn -0.620363 -0.443544 -0.646852
vn -0.493591 -0.039337 -0.868804
vn -0.671654 -0.582696 -0.457544
vn -0.671361 -0.615331 -0.413089
vn -0.630840 -0.608501 -0.481423
vn -0.745460 -0.497197 -0.443943
vn -0.633573 -0.591367 -0.498869
vn -0.561585 -0.592804 -0.577240
vn -0.781027 -0.455652 -0.427058
vn -0.707708 -0.440647 -0.552250
vn -0.753056 -0.443728 -0.485812
vn -0.786341 -0.438992 -0.434689
vn -0.337313 -0.578525 -0.742650
vn 0.260694 -0.637830 -0.724715
vn 0.324231 -0.666600 -0.671208
vn -0.346798 -0.599175 -0.721610
vn -0.739841 -0.429232 -0.518069
vn -0.757445 -0.462127 -0.461211
vn -0.798706 -0.427612 -0.423340
vn -0.843180 -0.466680 -0.266940
vn -0.849067 -0.482121 -0.215974
vn -0.802174 -0.466241 -0.373011
vn -0.714854 -0.549599 -0.432348
vn -0.527526 -0.655700 -0.540160
vn -0.480717 -0.609380 -0.630529
vn -0.628543 -0.486605 -0.606753
vn -0.652039 -0.536255 -0.535981
vn -0.582645 -0.485720 -0.651614
vn -0.711242 -0.530303 -0.461425
vn -0.738652 -0.556766 -0.380007
vn -0.760918 -0.392757 -0.516474
vn -0.769565 -0.446627 -0.456392
vn -0.705713 -0.453396 -0.544428
vn -0.757291 -0.431731 -0.490019
vn -0.679106 -0.409423 -0.609252
vn -0.723145 -0.394226 -0.567139
vn -0.712191 -0.388948 -0.584383
vn -0.423161 -0.669013 -0.611029
vn -0.576690 -0.541259 -0.611937
vn -0.696908 -0.429510 -0.574317
vn -0.390870 -0.728852 -0.562134
vn -0.611880 -0.648013 -0.453523
vn -0.782828 -0.541437 -0.306637
vn -0.833393 -0.520256 -0.186521
vn -0.850104 -0.521244 0.075015
vn -0.821813 -0.555881 0.124974
vn -0.797696 -0.602720 0.020234
vn -0.826471 -0.540249 -0.158354
vn -0.755401 -0.626373 0.192419
vn -0.677121 -0.623685 0.390544
vn -0.372133 -0.743961 0.555013
vn -0.763675 -0.573794 0.295909
vn -0.716088 -0.669275 0.198216
vn -0.584133 -0.795130 -0.162962
vn -0.445895 -0.889684 0.098179
vn -0.481777 -0.745141 -0.461147
vn -0.320438 -0.795938 -0.513617
vn -0.428286 -0.771367 -0.470706
vn -0.613091 -0.625756 -0.482233
vn -0.755301 -0.450098 -0.476374
vn -0.787876 -0.353975 -0.503939
vn -0.767920 -0.348727 -0.537297
vn -0.808343 -0.324125 -0.491451
vn -0.767764 -0.385835 -0.511537
vn -0.793192 -0.345860 -0.501226
vn -0.828542 -0.315273 -0.462732
vn -0.843717 -0.338287 -0.416777
vn -0.858907 -0.302059 -0.413569
vn -0.869864 -0.288144 -0.400386
vn -0.831181 -0.377962 -0.407778
vn -0.791088 -0.563332 -0.238406
vn -0.631102 -0.750182 -0.197326
vn -0.869935 -0.428895 -0.243439
vn -0.459498 -0.880483 -0.116667
vn -0.287140 -0.926270 -0.244079
vn -0.283383 -0.922048 -0.263669
vn -0.285675 -0.957886 -0.029052
vn -0.228241 -0.973451 0.017274
vn -0.207977 -0.952482 0.222541
vn -0.362888 -0.891702 0.270519
vn -0.609198 -0.721290 0.329573
vn -0.639314 -0.632661 0.437056
vn -0.514216 -0.678552 0.524547
vn -0.518004 -0.821349 0.238868
vn -0.321168 -0.847963 0.421675
vn -0.192814 -0.891588 0.409749
vn -0.263400 -0.947918 0.179085
vn -0.326207 -0.904310 0.275342
vn -0.510372 -0.836113 0.201085
vn -0.733246 -0.674164 0.088626
vn -0.859469 -0.510866 -0.018158
vn -0.897654 -0.347935 -0.270480
vn -0.911244 -0.400233 -0.097197
vn -0.906897 -0.300631 -0.295229
vn -0.901606 -0.270567 -0.337492
vn -0.926119 -0.099091 -0.363984
vn -0.893414 -0.163637 -0.418371
vn -0.946376 -0.047363 -0.319578
vn -0.925172 -0.289887 -0.244995
vn -0.929137 -0.261627 -0.261260
vn -0.965325 -0.014465 -0.260649
vn -0.926758 -0.349609 -0.137451
vn -0.935451 -0.317076 -0.156188
vn -0.848967 -0.502807 0.162603
vn -0.753228 -0.592921 0.284766
vn -0.899968 -0.431337 0.063296
vn -0.584247 -0.717209 0.379826
vn -0.381200 -0.824961 0.417285
vn -0.251677 -0.863275 0.437510
vn -0.199856 -0.875747 0.439459
vn -0.391757 -0.865181 0.313031
vn -0.670102 -0.742245 0.005921
vn -0.433198 -0.896365 0.094181
vn -0.629857 -0.745001 -0.219667
vn -0.666478 -0.636936 -0.387453
vn -0.336977 -0.886084 0.318280
vn -0.425627 -0.783567 0.452619
vn -0.519836 -0.672729 0.526505
vn -0.593569 -0.613161 0.521258
vn -0.675377 -0.580407 0.454965
vn -0.772186 -0.526550 0.355632
vn -0.933824 -0.357722 -0.002685
vn -0.870783 -0.431577 0.235540
vn -0.949793 -0.263426 -0.168822
vn -0.961855 -0.271912 -0.029999
vn -0.984231 -0.007507 -0.176729
vn -0.925265 0.282083 -0.253602
vn -0.929956 0.286841 -0.230009
vn -0.941940 0.289198 -0.170626
vn -0.998052 -0.027130 -0.056183
vn -0.958506 0.267192 -0.099366
vn -0.941774 -0.300690 0.150487
vn -0.992898 -0.086396 0.081790
vn -0.621894 -0.614783 0.485067
vn -0.739500 -0.549712 0.388531
vn -0.884094 -0.378998 0.273385
vn -0.573769 -0.624521 0.529870
vn -0.576664 -0.621983 0.529713
vn -0.620117 -0.622436 0.477523
vn -0.651609 -0.682645 0.330759
vn -0.652776 -0.756109 0.046724
vn -0.711113 -0.662713 -0.234799
vn -0.748343 -0.534173 -0.393245
vn -0.878535 -0.477628 0.006897
vn -0.858487 -0.504576 -0.091674
vn -0.857074 -0.496026 0.139224
vn -0.816314 -0.511505 0.268319
vn -0.747220 -0.540465 0.386730
vn -0.651465 -0.610205 0.450824
vn -0.580078 -0.671569 0.460982
vn -0.569092 -0.695466 0.438704
vn -0.653050 -0.639042 0.406387
vn -0.809072 -0.481226 0.337378
vn -0.969788 -0.166016 0.178747
vn -0.941348 -0.244508 0.232552
vn -0.981747 0.189855 -0.011322
vn -0.994219 0.071046 0.080507
vn -0.896997 0.408427 -0.169066
vn -0.903277 0.407935 -0.132963
vn -0.919427 0.383096 -0.088836
vn -0.950951 0.308265 -0.025787
vn -0.989475 -0.028748 0.141820
vn -0.980443 0.189948 0.051485
vn -0.737151 -0.550048 0.392498
vn -0.895882 -0.332034 0.295209
vn -0.977134 -0.094146 0.190648
vn -0.623530 -0.657649 0.422739
vn -0.525053 -0.727109 0.442303
vn -0.544521 -0.688868 0.478496
vn -0.668002 -0.557375 0.493059
vn -0.795843 -0.419223 0.436906
vn -0.846773 -0.394776 0.356549
vn -0.746941 -0.377438 0.547375
vn -0.775268 -0.398040 0.490432
vn -0.460143 -0.373077 0.805656
vn -0.453407 -0.420295 0.785986
vn -0.718408 -0.346585 0.603132
vn -0.585602 -0.357758 0.727379
vn -0.428740 -0.395079 0.812462
vn -0.607083 -0.350767 0.713031
vn -0.624912 -0.484409 0.612236
vn -0.482028 -0.673130 0.560842
vn -0.465851 -0.734375 0.493637
vn -0.587674 -0.669248 0.454694
vn -0.705207 -0.574041 0.416124
vn -0.843264 -0.408174 0.349713
vn -0.943133 -0.198423 0.266698
vn -0.990126 0.071231 0.120733
vn -0.981712 -0.033783 0.187352
vn -0.900070 0.433600 -0.043182
vn -0.876876 0.472448 -0.088774
vn -0.940480 0.339545 0.014344
vn -0.975533 0.203255 0.083805
vn -0.956535 -0.134642 0.258673
vn -0.860934 -0.370545 0.348553
vn -0.984927 0.050478 0.165441
vn -0.628107 -0.647913 0.430918
vn -0.468652 -0.734396 0.490945
vn -0.807183 -0.468715 0.358834
vn -0.418793 -0.744813 0.519487
vn -0.396517 -0.731418 0.554799
vn -0.513065 -0.569126 0.642541
vn -0.587586 -0.423615 0.689415
vn -0.434693 -0.670838 0.600849
vn -0.431920 -0.404789 0.805972
vn -0.450131 -0.428555 0.783405
vn -0.445960 -0.513985 0.732761
vn -0.424866 -0.624818 0.655051
vn -0.390439 -0.719203 0.574721
vn -0.353882 -0.755769 0.550982
vn -0.413843 -0.703604 0.577647
vn -0.364872 -0.775612 0.515067
vn -0.324775 -0.767930 0.552092
vn -0.514827 -0.721246 0.463420
vn -0.746339 -0.560548 0.358837
vn -0.942451 -0.203035 0.265635
vn -0.927267 -0.264890 0.264593
vn -0.974964 0.192661 0.111025
vn -0.894263 0.447405 -0.011047
vn -0.852662 0.519242 -0.057922
vn -0.835324 0.544113 -0.078583
vn -0.808658 0.581746 -0.087433
vn -0.816858 0.571516 -0.078186
vn -0.841927 0.536795 -0.054871
vn -0.891177 0.453445 -0.013825
vn -0.985860 0.051881 0.159336
vn -0.944820 0.325997 0.032258
vn -0.882055 -0.368197 0.293956
vn -0.605991 -0.690189 0.395492
vn -0.979555 -0.040192 0.197120
vn -0.381528 -0.773767 0.505688
vn -0.302126 -0.785466 0.540151
vn -0.304931 -0.770813 0.559343
vn -0.385133 -0.740603 0.550617
vn -0.384427 -0.750024 0.538220
vn -0.424410 -0.736178 0.527179
vn -0.340061 -0.665626 0.664304
vn -0.383911 -0.739441 0.553027
vn -0.427620 -0.764876 0.481774
vn -0.443390 -0.746735 0.495774
vn -0.463556 -0.763479 0.449685
vn -0.374020 -0.769737 0.517314
vn -0.458525 -0.746213 0.482618
vn -0.302432 -0.808784 0.504384
vn -0.289855 -0.808347 0.512405
vn -0.401491 -0.790410 0.462663
vn -0.388243 -0.814908 0.430340
vn -0.803936 -0.486823 0.341599
vn -0.970647 -0.076447 0.228036
vn -0.979234 0.172915 0.105837
vn -0.983170 0.046511 0.176675
vn -0.837751 0.541010 -0.074037
vn -0.816862 0.570695 -0.083923
vn -0.885495 0.464124 -0.022095
vn -0.808182 0.582862 -0.084349
vn -0.783009 0.615214 -0.091704
vn -0.784592 0.613716 -0.088133
vn -0.778022 0.621331 -0.092896
vn -0.771470 0.632362 -0.070372
vn -0.940223 0.333967 0.066683
vn -0.785770 0.618399 -0.012146
vn -0.939966 -0.164641 0.298927
vn -0.973532 -0.033325 0.226110
vn -0.969007 0.188363 0.159828
vn -0.743658 -0.535007 0.400925
vn -0.427644 -0.810611 0.400038
vn -0.276338 -0.851018 0.446549
vn -0.288149 -0.880682 0.375991
vn -0.340055 -0.835535 0.431560
vn -0.476571 -0.766585 0.430380
vn -0.502344 -0.798881 0.330817
vn -0.509833 -0.797069 0.323653
vn -0.396309 -0.849442 0.348406
vn -0.409543 -0.858301 0.309181
vn -0.330627 -0.899260 0.286386
vn -0.467077 -0.847056 0.253643
vn -0.842777 -0.398866 0.361432
vn -0.789944 -0.505552 0.346994
vn -0.958644 -0.066833 0.276649
vn -0.968720 0.042543 0.244484
vn -0.841648 0.535144 0.072451
vn -0.949715 0.240976 0.199929
vn -0.641261 0.766527 -0.034942
vn -0.627861 0.775832 -0.062255
vn -0.697606 0.716457 0.005982
vn -0.632815 0.769771 -0.083649
vn -0.641702 0.761569 -0.090730
vn -0.468657 0.879632 -0.081299
vn -0.454986 0.885921 -0.090180
vn -0.489748 0.869476 -0.064484
vn -0.519012 0.852931 -0.056000
vn -0.556514 0.829304 -0.050476
vn -0.789456 0.610429 0.064302
vn -0.598735 0.800362 -0.030610
vn -0.949475 -0.088838 0.301008
vn -0.966162 0.102970 0.236490
vn -0.944719 -0.115996 0.306676
vn -0.870836 0.477258 0.117773
vn -0.797580 -0.499026 0.338879
vn -0.450227 -0.853121 0.263589
vn -0.398166 -0.896767 0.193062
vn -0.537689 -0.828949 0.154058
vn -0.553987 -0.804568 0.213936
vn -0.590673 -0.796943 0.126440
vn -0.599788 -0.795648 0.084841
vn -0.588527 -0.802484 0.098269
vn -0.495205 -0.854821 0.155094
vn -0.591069 -0.757360 0.277568
vn -0.830316 -0.441769 0.339730
vn -0.941225 -0.138214 0.308207
vn -0.965879 0.006256 0.258918
vn -0.929078 0.330638 0.165807
vn -0.652446 0.757818 0.005127
vn -0.734440 0.676660 0.052248
vn -0.488334 0.870099 -0.066772
vn -0.455869 0.886435 -0.080108
vn -0.530553 0.846377 -0.046479
vn -0.425815 0.901158 -0.081208
vn -0.396729 0.914366 -0.080872
vn -0.370882 0.924165 -0.091462
vn -0.312679 0.944596 -0.099852
vn -0.292049 0.950792 -0.103453
vn -0.336003 0.936077 -0.104219
vn -0.362240 0.926227 -0.104339
vn -0.394404 0.913988 -0.095244
vn -0.429840 0.899380 -0.079712
vn -0.594306 0.804172 -0.010346
vn -0.467401 0.882401 -0.053894
vn -0.959389 0.168982 0.225870
vn -0.903314 0.400339 0.154117
vn -0.671445 0.740529 0.027894
vn -0.958402 -0.058624 0.279335
vn -0.941300 -0.148038 0.303380
vn -0.920254 -0.299773 0.251533
vn -0.771788 -0.616515 0.155736
vn -0.613523 -0.789670 0.003357
vn -0.725342 -0.674377 -0.138183
vn -0.895851 -0.441684 0.048647
vn -0.960575 -0.214265 0.177161
vn -0.966328 -0.072692 0.246831
vn -0.972813 -0.073151 0.219734
vn -0.952799 0.248973 0.173744
vn -0.749631 0.659167 0.059602
vn -0.504242 0.862850 -0.035065
vn -0.538939 0.842217 -0.014649
vn -0.371798 0.925173 -0.076295
vn -0.339293 0.935327 -0.100220
vn -0.400118 0.914675 -0.057221
vn -0.306154 0.944643 -0.117982
vn -0.275969 0.953211 -0.123413
vn -0.254304 0.959598 -0.120423
vn -0.238161 0.964270 -0.116029
vn -0.186432 0.973970 -0.128937
vn -0.176028 0.976330 -0.125673
vn -0.202483 0.970150 -0.133453
vn -0.223755 0.966063 -0.129059
vn -0.249267 0.961787 -0.113281
vn -0.277039 0.956298 -0.093506
vn -0.300992 0.950765 -0.073822
vn -0.423371 0.905150 -0.038208
vn -0.320859 0.945486 -0.055725
vn -0.577696 0.816246 0.003265
vn -0.820538 0.566859 0.073398
vn -0.446231 0.894564 -0.025177
vn -0.975514 0.155887 0.155154
vn -0.979778 -0.075684 0.185219
vn -0.973204 -0.155182 0.169683
vn -0.952343 -0.284672 0.109563
vn -0.964200 -0.230254 0.131535
vn -0.982738 -0.143373 0.116918
vn -0.990826 -0.077088 0.110997
vn -0.990263 0.100131 0.096713
vn -0.872436 0.486038 0.051210
vn -0.617762 0.786364 0.001587
vn -0.464939 0.885104 -0.020569
vn -0.337500 0.940445 -0.040711
vn -0.350399 0.936054 -0.031982
vn -0.221164 0.972701 -0.070283
vn -0.207886 0.974091 -0.089051
vn -0.232725 0.971122 -0.052551
vn -0.193086 0.975226 -0.107942
vn -0.177611 0.976282 -0.123809
vn -0.163970 0.977501 -0.132690
vn -0.153565 0.978914 -0.134705
vn -0.143859 0.980892 -0.130981
vn -0.116150 0.984013 -0.135011
vn -0.110320 0.985433 -0.129424
vn -0.120149 0.983591 -0.134584
vn -0.122773 0.983802 -0.130616
vn -0.126099 0.985137 -0.116638
vn -0.128754 0.986820 -0.098023
vn -0.132295 0.987988 -0.079866
vn -0.139863 0.988227 -0.062012
vn -0.242648 0.969217 -0.041718
vn -0.148681 0.987785 -0.046631
vn -0.358219 0.933175 -0.029389
vn -0.475702 0.879257 -0.024811
vn -0.246609 0.968644 -0.030212
vn -0.644961 0.764064 -0.015228
vn -0.899633 0.436631 0.003845
vn -0.996743 0.078830 0.016999
vn -0.906492 0.421734 -0.020294
vn -0.996161 0.083255 -0.027039
vn -0.658381 0.752337 -0.022888
vn -0.481476 0.876004 -0.028229
vn -0.355992 0.934152 -0.025086
vn -0.241423 0.970269 -0.017121
vn -0.149809 0.988362 -0.026428
vn -0.142730 0.989713 -0.009857
vn -0.092469 0.994789 -0.042939
vn -0.080598 0.994518 -0.066621
vn -0.087798 0.995961 -0.018799
vn -0.077515 0.993440 -0.084076
vn -0.076020 0.992100 -0.099793
vn -0.076173 0.990061 -0.118227
vn -0.077821 0.988261 -0.131471
vn -0.080657 0.987842 -0.132903
vn -0.083313 0.987485 -0.133911
vn -0.047394 0.990412 -0.129760
vn -0.052948 0.990266 -0.128724
vn -0.043915 0.990704 -0.128755
vn -0.040528 0.992383 -0.116335
vn -0.038940 0.994228 -0.099975
vn -0.040100 0.995398 -0.087037
vn -0.039032 0.996552 -0.073212
vn -0.054565 0.997063 -0.053741
vn -0.032868 0.997871 -0.056336
vn -0.057677 0.997756 -0.033996
vn -0.057738 0.998246 -0.013123
vn -0.080413 0.996755 -0.003540
vn -0.056029 0.998429 0.000152
vn -0.131469 0.991267 0.010254
vn -0.230130 0.973160 0.000366
vn -0.073424 0.997178 0.015625
vn -0.348478 0.937278 -0.008606
vn -0.216248 0.975922 0.028535
vn -0.342923 0.939169 0.019135
vn -0.117735 0.992297 0.038544
vn -0.068816 0.996811 0.040406
vn -0.050934 0.998542 0.017853
vn -0.044403 0.998279 0.038300
vn -0.031097 0.999510 0.003662
vn -0.033539 0.999365 -0.012024
vn -0.025147 0.999429 0.022553
vn -0.032502 0.998915 -0.033356
vn -0.010742 0.998424 -0.055085
vn -0.013764 0.997264 -0.072633
vn -0.009216 0.999352 -0.034790
vn -0.015320 0.995999 -0.088043
vn -0.016388 0.994940 -0.099122
vn -0.017365 0.993289 -0.114350
vn -0.019409 0.991913 -0.125428
vn 0.004242 0.993610 -0.112792
vn 0.000885 0.992566 -0.121706
vn 0.005707 0.995135 -0.098357
vn 0.007447 0.996322 -0.085359
vn 0.009430 0.997411 -0.071290
vn 0.010712 0.998635 -0.051118
vn 0.014039 0.999368 -0.032654
vn -0.008392 0.999901 -0.011322
vn 0.016846 0.999810 -0.009827
vn -0.004395 0.999948 0.009247
vn 0.000671 0.999616 0.027711
vn -0.019348 0.998992 0.040498
vn 0.003357 0.999039 0.043703
vn -0.036804 0.998005 0.051301
vn -0.054718 0.996555 0.062319
vn -0.016083 0.998313 0.055787
vn -0.108305 0.992326 0.059663
vn -0.017395 0.997369 0.070375
vn -0.051819 0.995428 0.080233
vn -0.106353 0.991116 0.079866
vn -0.015656 0.996352 0.083896
vn 0.005860 0.998265 0.058595
vn 0.010590 0.997338 0.072145
vn 0.020539 0.998662 0.047456
vn 0.020081 0.999320 0.030915
vn 0.021180 0.997920 0.060884
vn 0.018677 0.999734 0.013550
vn 0.032715 0.999102 -0.026916
vn 0.037812 0.999255 -0.007691
vn 0.039521 0.999102 0.015259
vn 0.029359 0.998485 -0.046540
vn 0.032716 0.997072 -0.069123
vn 0.032014 0.996203 -0.080962
vn 0.027955 0.994991 -0.095978
vn 0.053042 0.995739 -0.075441
vn 0.047944 0.994620 -0.091827
vn 0.059390 0.996653 -0.056184
vn 0.045412 0.998138 -0.040711
vn 0.050111 0.998496 -0.022247
vn 0.054354 0.998511 -0.004670
vn 0.056887 0.998232 0.017243
vn 0.039094 0.998656 0.034028
vn 0.057436 0.997620 0.038148
vn 0.037508 0.997784 0.054964
vn 0.033112 0.996760 0.073305
vn 0.012207 0.996144 0.086885
vn 0.033021 0.995740 0.086093
vn -0.012756 0.994402 0.104890
vn -0.051178 0.993265 0.103947
vn 0.010437 0.994541 0.103824
vn 0.029603 0.994592 0.099550
vn 0.047731 0.995156 0.085941
vn 0.049349 0.995944 0.075228
vn 0.047364 0.994247 0.096070
vn 0.054537 0.996775 0.058870
vn 0.072360 0.996554 0.040559
vn 0.072328 0.997185 0.019745
vn 0.071078 0.995793 0.057833
vn 0.071260 0.997454 -0.002808
vn 0.070253 0.997213 -0.025116
vn 0.087191 0.994961 -0.049500
vn 0.081117 0.994221 -0.070312
vn 0.094179 0.995231 -0.025391
vn 0.076755 0.993204 -0.087495
vn 0.119997 0.990620 -0.065368
vn 0.113284 0.990261 -0.080933
vn 0.124455 0.991246 -0.044068
vn 0.128027 0.991527 -0.022004
vn 0.097201 0.995261 -0.002625
vn 0.129948 0.991518 -0.002564
vn 0.096193 0.995163 0.019928
vn 0.094057 0.994743 0.040497
vn 0.093233 0.993976 0.057618
vn 0.069338 0.994896 0.073305
vn 0.092990 0.993041 0.072267
vn 0.067476 0.994050 0.085513
vn 0.064578 0.993539 0.093326
vn 0.043641 0.993881 0.101472
vn 0.024079 0.993945 0.107210
vn 0.058900 0.993762 0.094697
vn 0.005463 0.993544 0.113316
vn 0.016388 0.994039 0.107790
vn -0.003082 0.993043 0.117710
vn 0.035249 0.994610 0.097508
vn 0.049806 0.994989 0.086702
vn 0.078676 0.993184 0.086000
vn 0.086336 0.992335 0.088411
vn 0.068087 0.994821 0.075473
vn 0.090916 0.992413 0.082767
vn 0.123876 0.989790 0.070498
vn 0.125400 0.990444 0.057405
vn 0.120363 0.989610 0.078645
vn 0.126225 0.991218 0.039430
vn 0.128390 0.991563 0.017883
vn 0.175878 0.984407 -0.003266
vn 0.175848 0.984226 -0.019410
vn 0.174964 0.984444 0.016083
vn 0.173559 0.983979 -0.040772
vn 0.236948 0.971354 -0.018097
vn 0.233041 0.971777 -0.036622
vn 0.237497 0.971380 -0.004059
vn 0.236888 0.971418 0.015198
vn 0.174139 0.983981 0.038178
vn 0.234262 0.971504 0.036073
vn 0.170967 0.983775 0.054384
vn 0.165411 0.984015 0.065981
vn 0.159702 0.984426 0.073488
vn 0.114384 0.990087 0.081515
vn 0.152683 0.985557 0.073244
vn 0.105471 0.991536 0.075715
vn 0.094606 0.993483 0.063569
vn 0.056062 0.996878 0.055604
vn 0.038087 0.996936 0.068330
vn 0.081241 0.995824 0.041658
vn 0.020509 0.996251 0.084048
vn 0.020752 0.998865 0.042878
vn 0.001190 0.997961 0.063814
vn 0.039949 0.998959 0.022003
vn 0.065249 0.997863 0.003479
vn 0.114140 0.993137 0.025513
vn 0.130498 0.990147 0.050783
vn 0.097569 0.995157 -0.011933
vn 0.143040 0.987580 0.065004
vn 0.199438 0.977719 0.065492
vn 0.208443 0.975685 0.067751
vn 0.187383 0.980769 0.054597
vn 0.218113 0.974167 0.058533
vn 0.227852 0.972504 0.048158
vn 0.300397 0.953255 0.032655
vn 0.303904 0.952576 0.015534
vn 0.291608 0.955608 0.042177
vn 0.301521 0.953455 -0.003022
vn 0.384834 0.922839 0.016449
vn 0.383126 0.923696 0.000793
vn 0.378767 0.925083 0.027528
vn 0.367963 0.929138 0.036134
vn 0.354385 0.934029 0.044740
vn 0.282109 0.957993 0.051606
vn 0.269844 0.960996 0.060579
vn 0.252817 0.965885 0.056123
vn 0.232670 0.971637 0.042267
vn 0.170782 0.984590 0.037629
vn 0.213203 0.976716 0.023896
vn 0.151950 0.988334 0.010376
vn 0.135654 0.990443 -0.024903
vn 0.082920 0.995129 -0.053315
vn 0.047884 0.998150 -0.037476
vn 0.123418 0.990155 -0.066041
vn 0.019105 0.999661 -0.017700
vn 0.030092 0.996838 -0.073549
vn -0.001862 0.998492 -0.054870
vn 0.068393 0.993635 -0.089510
vn 0.112369 0.988337 -0.102783
vn 0.183934 0.982233 -0.037232
vn 0.173225 0.981822 -0.077577
vn 0.166385 0.979447 -0.114012
vn 0.197148 0.980370 -0.002747
vn 0.282297 0.959259 0.011414
vn 0.300333 0.953367 0.029847
vn 0.265203 0.964071 -0.015320
vn 0.319254 0.946653 0.043885
vn 0.337839 0.939845 0.050569
vn 0.430312 0.902067 0.033265
vn 0.444464 0.895337 0.028687
vn 0.412148 0.910297 0.038636
vn 0.454515 0.890505 0.020417
vn 0.527665 0.849147 0.022797
vn 0.533282 0.845823 0.013916
vn 0.519061 0.854460 0.021759
vn 0.503218 0.863824 0.024079
vn 0.395028 0.918081 0.032868
vn 0.484390 0.874631 0.019684
vn 0.376442 0.926288 0.016785
vn 0.357616 0.933868 -0.001068
vn 0.343027 0.938930 -0.027252
vn 0.248728 0.967171 -0.052094
vn 0.329018 0.941857 -0.068207
vn 0.235756 0.967593 -0.090455
vn 0.230291 0.965292 -0.123199
vn 0.102451 0.986666 -0.126466
vn 0.161384 0.977550 -0.135469
vn 0.229013 0.962532 -0.145204
vn 0.054445 0.991781 -0.115783
vn 0.095462 0.986298 -0.134552
vn 0.042634 0.991016 -0.126769
vn 0.156593 0.977644 -0.140322
vn 0.226720 0.962606 -0.148284
vn 0.308997 0.938313 -0.155211
vn 0.309760 0.941609 -0.131988
vn 0.308850 0.937414 -0.160829
vn 0.316177 0.942975 -0.104067
vn 0.424454 0.901583 -0.083588
vn 0.439044 0.897559 -0.040345
vn 0.410987 0.904220 -0.116088
vn 0.453050 0.891359 -0.015015
vn 0.467640 0.883917 0.002136
vn 0.599692 0.800230 0.001648
vn 0.619258 0.785158 0.006866
vn 0.582815 0.812529 -0.011109
vn 0.630171 0.776323 0.014404
vn 0.741538 0.670796 -0.012421
vn 0.767077 0.641555 -0.000916
vn 0.716643 0.697233 -0.017029
vn 0.694385 0.719074 -0.027619
vn 0.673847 0.737600 -0.043305
vn 0.570326 0.820912 -0.028839
vn 0.556137 0.829125 -0.057129
vn 0.542158 0.834707 -0.096588
vn 0.530926 0.837970 -0.126189
vn 0.403515 0.904324 -0.139191
vn 0.519450 0.841660 -0.147582
vn 0.401902 0.901158 -0.162447
vn 0.402628 0.899100 -0.171783
vn 0.304088 0.939732 -0.156312
vn 0.403266 0.899278 -0.169340
vn 0.221531 0.964588 -0.143157
vn 0.152196 0.978883 -0.136475
vn 0.216592 0.968024 -0.126558
vn 0.146671 0.981681 -0.121612
vn 0.299626 0.944746 -0.132963
vn 0.402904 0.903773 -0.144440
vn 0.504342 0.844466 -0.180326
vn 0.499858 0.847918 -0.176573
vn 0.499551 0.852828 -0.152098
vn 0.510477 0.843003 -0.169585
vn 0.664688 0.730821 -0.155212
vn 0.663879 0.736911 -0.127383
vn 0.660791 0.728939 -0.178895
vn 0.660061 0.744781 -0.098085
vn 0.661484 0.746843 -0.068298
vn 0.783496 0.618392 -0.061035
vn 0.803333 0.593520 -0.048889
vn 0.770911 0.632629 -0.074007
vn 0.825644 0.562972 -0.037079
vn 0.942941 0.324080 -0.076387
vn 0.959112 0.272837 -0.075257
vn 0.932244 0.353799 -0.075806
vn 0.925890 0.369544 -0.078521
vn 0.921442 0.379405 -0.083649
vn 0.773102 0.628260 -0.087190
vn 0.781668 0.612322 -0.118561
vn 0.784092 0.600765 -0.155825
vn 0.777633 0.600689 -0.185636
vn 0.767796 0.609708 -0.196841
vn 0.654443 0.731777 -0.190279
vn 0.650971 0.737035 -0.181705
vn 0.651640 0.742434 -0.155428
vn 0.652843 0.748364 -0.117247
vn 0.498493 0.860048 -0.108735
vn 0.399819 0.911364 -0.097778
vn 0.298473 0.950078 -0.090913
vn 0.395122 0.917932 -0.035767
vn 0.492996 0.868924 -0.043885
vn 0.297436 0.954230 -0.031251
vn 0.650402 0.757704 -0.053497
vn 0.783258 0.611164 -0.113953
vn 0.773162 0.616052 -0.150667
vn 0.788284 0.612377 -0.060028
vn 0.765893 0.617145 -0.180390
vn 0.822589 0.532208 -0.200255
vn 0.874489 0.437305 -0.209842
vn 0.814462 0.549780 -0.185452
vn 0.899648 0.400613 -0.173613
vn 0.914107 0.386768 -0.121737
vn 0.995517 -0.036804 -0.087128
vn 0.996007 -0.041962 -0.078797
vn 0.990583 -0.036500 -0.131960
vn 0.993851 -0.057740 -0.094484
vn 0.951302 -0.297915 -0.079194
vn 0.938941 -0.322726 -0.119325
vn 0.950783 -0.299991 -0.077576
vn 0.940500 -0.318302 -0.118928
vn 0.979632 -0.029388 -0.198637
vn 0.923966 -0.329982 -0.193387
vn 0.965996 -0.045715 -0.254484
vn 0.915107 0.323103 -0.241214
vn 0.955317 -0.069397 -0.287322
vn 0.889297 0.392981 -0.233914
vn 0.862131 0.455587 -0.221744
vn 0.811299 0.565169 -0.149596
vn 0.846273 0.503583 -0.173858
vn 0.813325 0.571616 -0.108430
vn 0.817059 0.573190 -0.062194
vn 0.818175 0.574942 0.005585
vn 0.776400 0.629940 0.019440
vn 0.632591 0.773343 0.042054
vn 0.818506 0.571337 -0.060181
vn 0.835172 0.534991 -0.127564
vn 0.818597 0.574358 0.003479
vn 0.956121 0.156530 -0.247652
vn 0.953988 0.084079 -0.287814
vn 0.955482 0.184944 -0.229891
vn 0.954888 0.004273 -0.296934
vn 0.901104 -0.315252 -0.297704
vn 0.908787 -0.326998 -0.259188
vn 0.902069 -0.297425 -0.312745
vn 0.921088 -0.336093 -0.196566
vn 0.938302 -0.331272 -0.099244
vn 0.905573 -0.321624 -0.276580
vn 0.948980 -0.309023 -0.062775
vn 0.948363 -0.303925 -0.090759
vn 0.946431 -0.319424 -0.047302
vn 0.936581 -0.330017 -0.117920
vn 0.938524 -0.335415 -0.081664
vn 0.923017 -0.325282 -0.205502
vn 0.908438 -0.301176 -0.289885
vn 0.898060 -0.315671 -0.306333
vn 0.906312 -0.298250 -0.299409
vn 0.892058 -0.323243 -0.315827
vn 0.910453 -0.270079 -0.313261
vn 0.884852 -0.329681 -0.329162
vn 0.923277 -0.232697 -0.305634
vn 0.936007 -0.189332 -0.296724
vn 0.965890 0.167579 -0.197420
vn 0.957496 -0.140046 -0.252169
vn 0.855508 0.503716 -0.119906
vn 0.847693 0.526360 -0.066041
vn 0.966282 0.221413 -0.131440
vn 0.977898 -0.083160 -0.191832
vn 0.916411 -0.277558 -0.288361
vn 0.890435 -0.310149 -0.333067
vn 0.943884 -0.240633 -0.226229
vn 0.882423 -0.325383 -0.339787
vn 0.885953 -0.338623 -0.316895
vn 0.901678 -0.315250 -0.295962
vn 0.870266 -0.352509 -0.344055
vn 0.915476 -0.283878 -0.285160
vn 0.909566 -0.284421 -0.302976
vn 0.911795 -0.312284 -0.266661
vn 0.911754 -0.334203 -0.238773
vn 0.919969 -0.382503 -0.085723
vn 0.922595 -0.384029 -0.036621
vn 0.690325 -0.714016 -0.116760
vn 0.701016 -0.713141 0.002411
vn 0.738858 -0.527774 -0.418979
vn 0.891488 -0.307499 -0.332707
vn 0.913679 -0.302638 -0.271297
vn 0.901184 -0.375093 -0.217194
vn 0.892820 -0.342896 -0.292054
vn 0.851648 -0.457641 -0.255462
vn 0.868914 -0.361721 -0.337856
vn 0.869959 -0.351745 -0.345611
vn 0.863775 -0.365422 -0.346928
vn 0.889484 -0.337338 -0.308255
vn 0.918518 -0.307374 -0.248688
vn 0.963746 -0.214386 -0.158844
vn 0.947283 -0.269833 -0.172758
vn 0.992499 -0.018646 -0.120820
vn 0.950579 0.305944 -0.052887
vn 0.987728 -0.156158 -0.002899
vn 0.995156 0.052370 0.083194
vn 0.931670 0.341899 0.122867
vn 0.969886 -0.231661 -0.075196
vn 0.936593 -0.300968 -0.179476
vn 0.908235 -0.339815 -0.244203
vn 0.950217 -0.290586 -0.112457
vn 0.878439 -0.357206 -0.317411
vn 0.831323 -0.420287 -0.363677
vn 0.814112 -0.460236 -0.354126
vn 0.863603 -0.386409 -0.323849
vn 0.657414 -0.735642 -0.163211
vn 0.813782 -0.574345 -0.088807
vn 0.552619 -0.743181 -0.377220
vn 0.891906 -0.395692 -0.218934
vn 0.763084 -0.415588 -0.494964
vn 0.581163 -0.517791 -0.627807
vn 0.211494 -0.599947 -0.771579
vn 0.266520 -0.629428 -0.729923
vn 0.720636 -0.523744 -0.454286
vn 0.286446 -0.719267 -0.632933
vn 0.763931 -0.638024 -0.096617
vn 0.621087 -0.773841 0.124181
vn 0.441514 -0.897253 -0.001251
vn 0.266216 -0.916392 -0.298923
vn 0.170047 -0.943166 -0.285519
vn 0.568255 -0.744660 -0.350098
vn 0.814508 -0.497528 -0.298401
vn 0.891200 -0.380401 -0.247100
vn 0.787581 -0.577965 -0.213712
vn 0.927910 -0.350157 -0.127959
vn 0.903717 -0.414796 -0.106018
vn 0.961166 -0.273586 0.036194
vn 0.897649 -0.426639 0.110478
vn 0.981196 -0.152587 0.118198
vn 0.841518 -0.505494 0.190588
vn 0.754910 -0.655125 -0.030365
vn 0.681505 -0.682613 0.263801
vn 0.425430 -0.891148 -0.157685
vn 0.345527 -0.936787 0.055147
vn 0.095127 -0.991041 -0.093751
vn 0.232886 -0.938840 -0.253661
vn 0.232950 -0.943550 -0.235475
vn 0.126957 -0.989565 -0.068146
vn 0.229773 -0.969752 0.082369
vn 0.298833 -0.920243 0.252690
vn 0.536207 -0.843744 -0.024047
vn 0.098362 -0.995060 -0.013427
vn -0.033020 -0.907691 -0.418338
vn 0.018830 -0.958918 0.283058
vn -0.166961 -0.977933 0.125584
vn -0.249268 -0.937289 0.243630
vn 0.094272 -0.994784 -0.038971
vn 0.339577 -0.883325 -0.323148
vn 0.483850 -0.789688 -0.377204
vn 0.518849 -0.827094 -0.216127
vn 0.606376 -0.725285 -0.325991
vn 0.542004 -0.830558 -0.128081
vn 0.187749 -0.978937 0.080202
vn 0.577496 -0.815208 0.043977
vn 0.036774 -0.995320 0.089358
vn 0.313575 -0.899071 0.305519
vn 0.094270 -0.963120 0.252018
vn 0.575602 -0.645560 0.501931
vn 0.338231 -0.768512 0.543129
vn 0.651532 -0.573632 0.496439
vn 0.194647 -0.830292 0.522233
vn 0.276864 -0.945923 0.169042
vn 0.428637 -0.794136 0.430834
vn 0.585407 -0.799928 0.131962
vn 0.740951 -0.671349 0.016785
vn 0.701110 -0.693001 -0.167910
vn 0.753078 -0.645632 0.126622
vn 0.518414 -0.686397 -0.510006
vn 0.456404 -0.717804 -0.525787
vn 0.646499 -0.681086 -0.343747
vn 0.604414 -0.649744 -0.460995
vn 0.718253 -0.659881 -0.220611
vn 0.378856 -0.786559 -0.487640
vn 0.197152 -0.925241 -0.324130
vn -0.087707 -0.981747 -0.168761
vn 0.246105 -0.810498 -0.531532
vn 0.097446 -0.883732 -0.457735
vn 0.324933 -0.742956 -0.585179
vn 0.369055 -0.688466 -0.624350
vn 0.426885 -0.641376 -0.637500
vn 0.487770 -0.609824 -0.624655
vn 0.649885 -0.605401 -0.459498
vn 0.574207 -0.589723 -0.567903
vn 0.718308 -0.637324 -0.279020
vn 0.716109 -0.617944 -0.324551
vn 0.796087 -0.603952 -0.038575
vn 0.794575 -0.596249 -0.114623
vn 0.842022 -0.530814 0.096101
vn 0.816893 -0.521334 0.246774
vn 0.741688 -0.644101 0.187169
vn 0.593620 -0.776465 0.211465
vn 0.588026 -0.668421 0.455455
vn 0.616625 -0.570647 0.542343
vn 0.577682 -0.554990 0.598557
vn 0.687842 -0.534931 0.490635
vn 0.778951 -0.532438 0.331277
vn 0.836278 -0.545356 0.056796
vn 0.597366 -0.509519 0.619309
vn 0.772821 -0.615204 -0.155792
vn 0.792264 -0.608798 0.041017
vn 0.705501 -0.612706 -0.356173
vn 0.750544 -0.639437 -0.166748
vn 0.413436 -0.552889 -0.723453
vn 0.366993 -0.569654 -0.735398
vn 0.592972 -0.593137 -0.544584
vn 0.495401 -0.563714 -0.660911
vn 0.683030 -0.618831 -0.387967
vn 0.308847 -0.588836 -0.746917
vn 0.248668 -0.657021 -0.711679
vn 0.033417 -0.567072 -0.822990
vn 0.019867 -0.643791 -0.764944
vn 0.060273 -0.560112 -0.826221
vn 0.084719 -0.567901 -0.818725
vn 0.055513 -0.562561 -0.824890
vn 0.502088 -0.587552 -0.634579
vn 0.045382 -0.634836 -0.771313
vn 0.657280 -0.632419 -0.409914
vn 0.586870 -0.707855 -0.393096
vn 0.696197 -0.707406 -0.122011
vn 0.731626 -0.664312 -0.153016
vn 0.745928 -0.663936 0.052736
vn 0.655990 -0.743585 0.129459
vn 0.733383 -0.567469 0.374337
vn 0.675896 -0.624514 0.391340
vn 0.602895 -0.494692 0.625937
vn 0.508806 -0.541658 0.669121
vn 0.492757 -0.748574 0.443653
vn 0.365644 -0.655947 0.660332
vn 0.579093 -0.780493 0.235544
vn 0.240089 -0.790223 0.563830
vn 0.567709 -0.822942 -0.021759
vn 0.410931 -0.828155 0.381176
vn 0.137211 -0.890169 -0.434479
vn 0.146763 -0.984954 0.091251
vn -0.398440 -0.574131 -0.715276
vn -0.385375 -0.560454 -0.733061
vn -0.378572 -0.824801 -0.419984
vn -0.321565 -0.571292 -0.755130
vn -0.260591 -0.569187 -0.779820
vn -0.191588 -0.593013 -0.782068
vn -0.455750 -0.626741 -0.632051
vn -0.317503 -0.708155 -0.630641
vn -0.543516 -0.571592 -0.614713
vn -0.588018 -0.564092 -0.579686
vn -0.652104 -0.564243 -0.506351
vn -0.652067 -0.671995 -0.351042
vn -0.316896 -0.942632 0.104985
vn -0.605173 -0.796094 0.000611
vn 0.067903 -0.867815 0.492226
vn -0.213441 -0.855319 0.472093
vn 0.191870 -0.770171 0.608294
vn 0.000763 -0.764642 0.644454
vn 0.012757 -0.771274 0.636375
vn 0.167700 -0.753420 0.635794
vn 0.054658 -0.814906 0.577010
vn 0.313030 -0.679508 0.663537
vn 0.142524 -0.809766 0.569180
vn 0.069064 -0.864474 0.497911
vn 0.001434 -0.818856 0.573998
vn 0.111972 -0.857019 0.502972
vn -0.093475 -0.780146 0.618575
vn -0.444794 -0.839570 0.311900
vn -0.226168 -0.821816 0.522940
vn -0.690916 -0.704405 -0.162628
vn -0.494134 -0.863636 0.099825
vn -0.712786 -0.565877 -0.414390
vn -0.615335 -0.664041 -0.424749
vn -0.690579 -0.664304 -0.286009
vn -0.494631 -0.703769 -0.509951
vn -0.329829 -0.810108 -0.484704
vn -0.188051 -0.869086 -0.457523
vn 0.054781 -0.915678 -0.398162
vn 0.069704 -0.914703 -0.398071
vn -0.027893 -0.910820 -0.411861
vn -0.154601 -0.935663 -0.317228
vn -0.632115 -0.696447 -0.339693
vn -0.258393 -0.919223 -0.297089
vn -0.534555 -0.838942 -0.102113
vn -0.613681 -0.748326 -0.251802
vn -0.112975 -0.922172 0.369912
vn -0.294252 -0.946722 0.130895
vn 0.067140 -0.904231 0.421733
vn 0.108555 -0.859043 0.500262
vn 0.106022 -0.786076 0.608970
vn 0.122808 -0.779976 0.613642
vn 0.231085 -0.719328 0.655109
vn 0.415021 -0.588836 0.693563
vn 0.146947 -0.700533 0.698327
vn 0.297162 -0.621161 0.725158
vn 0.457140 -0.525486 0.717557
vn 0.113957 -0.730137 0.673731
vn 0.048982 -0.803099 0.593828
vn 0.017365 -0.870777 0.491372
vn 0.079288 -0.758644 0.646663
vn -0.103331 -0.938343 0.329901
vn -0.536687 -0.842446 -0.047455
vn -0.406861 -0.897250 0.171484
vn -0.378205 -0.892731 -0.244934
vn -0.470212 -0.879664 -0.071349
vn 0.196815 -0.970497 -0.139283
vn 0.288676 -0.942326 -0.169373
vn 0.096043 -0.986157 -0.135164
vn 0.298071 -0.884299 -0.359402
vn 0.208044 -0.871914 -0.443266
vn 0.125216 -0.893271 -0.431727
vn 0.115665 -0.844632 -0.522703
vn 0.121921 -0.981812 -0.145538
vn 0.139590 -0.986010 -0.091094
vn 0.224739 -0.963595 -0.144837
vn 0.013855 -0.999833 -0.011901
vn 0.318190 -0.947582 -0.029053
vn -0.475153 -0.874623 0.096254
vn -0.055420 -0.993287 0.101535
vn -0.208193 -0.894508 0.395615
vn -0.242369 -0.891567 0.382578
vn -0.039215 -0.836207 0.547010
vn 0.094364 -0.672553 0.734008
vn 0.123172 -0.588620 0.798971
vn 0.139835 -0.535123 0.833120
vn 0.179600 -0.496640 0.849172
vn 0.145512 -0.308685 0.939968
vn 0.150732 -0.253999 0.955387
vn 0.169409 -0.236818 0.956670
vn 0.147528 -0.372410 0.916268
vn 0.139955 -0.754104 0.641669
vn 0.031983 -0.920004 0.390603
vn 0.176459 -0.410892 0.894444
vn -0.052124 -0.973046 0.224645
vn 0.347609 -0.929878 0.120397
vn 0.298716 -0.930971 0.209907
vn 0.250802 -0.946995 -0.200745
vn 0.170415 -0.939972 -0.295654
vn 0.305890 -0.952004 0.010926
vn 0.250159 -0.968014 -0.019226
vn 0.321729 -0.936684 0.138250
vn 0.018983 -0.979988 -0.198152
vn -0.109987 -0.973342 -0.201266
vn 0.110021 -0.911847 -0.395513
vn -0.069365 -0.933398 -0.352076
vn 0.266061 -0.857301 -0.440735
vn 0.354106 -0.882782 -0.308716
vn 0.376017 -0.926479 -0.015747
vn 0.196751 -0.971669 0.130954
vn 0.331189 -0.919745 0.210671
vn 0.128849 -0.962154 0.240119
vn 0.202979 -0.935945 0.287760
vn 0.256935 -0.906340 0.335459
vn 0.107945 -0.895879 0.430985
vn 0.222787 -0.754522 0.617303
vn 0.176548 -0.394345 0.901844
vn 0.168888 -0.167479 0.971302
vn 0.147374 -0.164643 0.975281
vn 0.159216 -0.160951 0.974036
vn 0.151798 -0.144835 0.977742
vn 0.163123 -0.083070 0.983102
vn 0.166904 -0.082275 0.982534
vn 0.153968 -0.081727 0.984690
vn 0.150915 -0.087983 0.984624
vn 0.064974 -0.201081 0.977418
vn 0.003906 -0.406561 0.913615
vn 0.115239 -0.110902 0.987128
vn 0.003601 -0.721140 0.692780
vn -0.148193 -0.800625 0.580551
vn 0.008637 -0.873538 0.486680
vn -0.249572 -0.646636 0.720816
vn 0.211339 -0.903192 0.373605
vn 0.369462 -0.848369 0.379167
vn 0.497578 -0.867409 -0.004181
vn 0.203498 -0.784122 0.586294
vn 0.460152 -0.774252 -0.434504
vn 0.496968 -0.867044 0.035463
vn 0.501089 -0.821970 -0.270694
vn 0.448411 -0.852728 0.267924
vn 0.439257 -0.844093 0.307507
vn 0.093357 -0.730014 0.677026
vn 0.203165 -0.893967 0.399433
vn -0.038513 -0.612641 0.789423
vn -0.020020 -0.710971 0.702936
vn -0.141599 -0.571402 0.808362
vn -0.172576 -0.658323 0.732686
vn -0.258209 -0.598327 0.758507
vn -0.208920 -0.478417 0.852918
vn -0.270263 -0.534117 0.801048
vn -0.092651 -0.317961 0.943566
vn 0.004425 -0.214601 0.976692
vn 0.148349 -0.024231 0.988638
vn 0.160405 -0.021667 0.986814
vn 0.114842 -0.085206 0.989723
vn 0.078036 -0.133638 0.987953
vn 0.132205 -0.027771 0.990833
vn -0.137635 -0.335451 0.931949
vn -0.221376 -0.437900 0.871341
vn -0.023498 -0.193784 0.980763
vn -0.316989 -0.522344 0.791628
vn -0.274660 -0.525364 0.805329
vn -0.321414 -0.471776 0.821048
vn -0.198365 -0.556765 0.806638
vn -0.514887 -0.410060 0.752823
vn -0.473690 -0.425625 0.771013
vn -0.352389 -0.473361 0.807311
vn -0.403387 -0.555184 0.727358
vn -0.241761 -0.854647 0.459488
vn -0.181792 -0.982658 0.036531
vn 0.247594 -0.967551 0.050416
vn -0.741329 -0.576657 0.343362
vn -0.772577 -0.633876 0.036409
vn -0.858672 -0.320434 0.400006
vn -0.868396 -0.256741 0.424232
vn -0.768398 -0.251067 0.588668
vn -0.724955 -0.293888 0.622953
vn -0.784710 -0.242283 0.570552
vn -0.493828 -0.414545 0.764386
vn -0.617249 -0.388489 0.684164
vn -0.506738 -0.419215 0.753310
vn -0.371732 -0.282927 0.884176
vn -0.565430 -0.237641 0.789820
vn -0.242619 -0.203098 0.948624
vn 0.015473 -0.046997 0.998775
vn -0.298276 -0.037140 0.953757
vn 0.108708 -0.041474 0.993208
vn -0.504942 -0.026184 0.862756
vn -0.551399 -0.050049 0.832739
vn -0.731994 -0.280212 0.621020
vn -0.664054 -0.154203 0.731611
vn -0.777928 -0.280977 0.562032
vn -0.781067 -0.312012 0.540910
vn -0.808256 -0.245056 0.535416
vn -0.898077 -0.236421 0.370894
vn -0.891944 -0.247438 0.378432
vn -0.815091 -0.223540 0.534469
vn -0.952527 -0.263187 0.153052
vn -0.949834 -0.296022 0.100925
vn -0.951395 -0.249209 0.180946
vn -0.699362 -0.651969 -0.292965
vn -0.213778 -0.883035 -0.417790
vn -0.834306 -0.458231 -0.306524
vn -0.931057 -0.332121 -0.151092
vn -0.944157 -0.322603 -0.067047
vn -0.944227 -0.265384 0.194955
vn -0.949971 -0.308773 0.047059
vn -0.873066 -0.304042 0.381202
vn -0.907845 -0.346500 0.236124
vn -0.801334 -0.300508 0.517261
vn -0.768282 -0.380525 0.514727
vn -0.728754 -0.297056 0.616988
vn -0.574641 -0.081084 0.814379
vn -0.545904 0.008728 0.837802
vn -0.501159 0.069704 0.862543
vn -0.490540 0.099765 0.865689
vn -0.316988 0.108769 0.942172
vn -0.418647 0.172829 0.891552
vn -0.341311 0.265085 0.901797
vn -0.287567 0.245094 0.925869
vn -0.470277 0.117039 0.874724
vn -0.510948 0.099763 0.853803
vn -0.672188 -0.202578 0.712127
vn -0.706792 -0.367984 0.604180
vn -0.645196 0.084017 0.759384
vn -0.715421 -0.436979 0.545181
vn -0.797415 -0.433375 0.419899
vn -0.683623 -0.533446 0.498092
vn -0.788876 -0.530240 0.310677
vn -0.914274 -0.398375 0.073489
vn -0.793523 -0.602146 0.087986
vn -0.909959 -0.346777 -0.227421
vn -0.782820 -0.408973 -0.468971
vn -0.875911 -0.403593 -0.264372
vn -0.715872 -0.400843 -0.571709
vn -0.582123 -0.454529 -0.674194
vn -0.573477 -0.450096 -0.684498
vn -0.727664 -0.464357 -0.504854
vn -0.606750 -0.512695 -0.607452
vn -0.758082 -0.594326 -0.268492
vn -0.677273 -0.588315 -0.441800
vn -0.682585 -0.719877 0.125919
vn -0.616759 -0.757048 -0.215606
vn -0.671657 -0.640438 0.372446
vn -0.727999 -0.449709 0.517474
vn -0.825438 -0.423004 0.373791
vn -0.718463 -0.317438 0.618905
vn -0.745084 0.091067 0.660724
vn -0.632074 0.334571 0.698959
vn -0.717075 0.390517 0.577321
vn -0.566195 0.342419 0.749782
vn -0.422338 0.310835 0.851477
vn -0.671017 0.439648 0.597031
vn -0.551483 0.474502 0.686086
vn -0.608000 0.483839 0.629473
vn -0.420468 0.483256 0.767900
vn -0.817632 0.428086 0.384993
vn -0.867132 0.385085 0.315899
vn -0.778045 0.368083 0.509079
vn -0.808289 0.153447 0.568438
vn -0.771099 0.456258 0.444112
vn -0.780297 -0.176909 0.599867
vn -0.898104 -0.154969 0.411574
vn -0.960521 -0.063538 0.270855
vn -0.858189 -0.471682 0.202553
vn -0.969700 -0.003754 0.244271
vn -0.685852 -0.714294 -0.139251
vn -0.552028 -0.712336 -0.433407
vn -0.602387 -0.645447 -0.469604
vn -0.934229 -0.355863 -0.024047
vn -0.812773 -0.425628 -0.397796
vn -0.941633 -0.241206 0.234836
vn -0.963048 0.041841 0.266062
vn -0.943543 0.247688 0.219947
vn -0.945396 0.277747 0.170536
vn -0.959360 0.214913 0.182869
vn -0.929733 0.189218 0.315902
vn -0.911141 0.379776 0.159979
vn -0.890023 0.413774 0.191444
vn -0.858638 0.453716 0.238501
vn -0.715180 0.500382 0.487991
vn -0.810602 0.520337 0.268652
vn -0.625854 0.583605 0.517410
vn -0.542568 0.527234 0.653946
vn -0.690981 0.671959 0.266488
vn -0.826300 0.542165 0.152594
vn -0.888909 0.430155 0.157505
vn -0.679134 0.723528 0.123630
vn -0.910487 0.387888 0.143375
vn -0.918579 0.371105 0.135991
vn -0.926936 0.336068 0.166874
vn -0.966942 0.240576 0.084536
vn -0.911902 0.360304 0.196510
vn -0.998142 0.048677 0.036653
vn -0.929889 -0.194974 -0.311916
vn -0.659163 -0.590802 -0.465250
vn -0.618145 -0.675031 -0.402778
vn -0.686645 -0.631347 -0.360443
vn -0.722019 -0.619816 -0.307436
vn -0.760619 -0.611876 -0.216949
vn -0.711998 -0.598077 -0.367916
vn -0.788684 -0.457634 -0.410546
vn -0.771712 -0.497903 -0.395667
vn -0.907739 -0.263487 -0.326474
vn -0.986076 0.159244 -0.047912
vn -0.981731 0.018616 -0.189363
vn -0.962774 0.254495 0.091098
vn -0.937926 0.305642 0.163945
vn -0.901668 0.380655 0.205175
vn -0.913175 0.355967 0.198492
vn -0.879459 0.434860 0.193519
vn -0.790112 0.592831 0.155799
vn -0.643969 0.757118 0.109895
vn -0.547860 0.829750 0.106603
vn -0.547337 0.832338 0.087375
vn -0.550168 0.800161 0.238867
vn -0.610169 0.786555 0.095004
vn -0.731038 0.666972 0.143984
vn -0.543372 0.835973 0.076785
vn -0.852664 0.481675 0.202369
vn -0.952810 0.301184 0.037965
vn -0.987983 0.137487 -0.070618
vn -0.849422 0.522169 0.076296
vn -0.986036 0.146399 -0.079377
vn -0.941504 -0.153962 -0.299776
vn -0.907809 -0.261872 -0.327576
vn -0.773426 -0.508293 -0.378748
vn -0.748407 -0.534420 -0.392788
vn -0.858274 -0.356261 -0.369383
vn -0.760067 -0.537809 -0.364774
vn -0.726829 -0.511896 -0.457911
vn -0.732294 -0.499905 -0.462429
vn -0.807337 -0.419828 -0.414670
vn -0.770726 -0.460086 -0.440798
vn -0.943199 -0.148955 -0.296964
vn -0.890020 -0.257173 -0.376467
vn -0.980487 -0.008270 -0.196409
vn -0.964245 0.242167 -0.107637
vn -0.845292 0.527309 -0.086183
vn -0.695162 0.715143 0.072939
vn -0.707244 0.703298 -0.071960
vn -0.597982 0.798229 0.072450
vn -0.540431 0.838213 0.073030
vn -0.510895 0.856747 0.070498
vn -0.506563 0.858703 0.077609
vn -0.497244 0.863200 0.087373
vn -0.566647 0.823354 0.031617
vn -0.637205 0.770407 -0.021027
vn -0.506929 0.860533 0.050050
vn -0.718299 0.674099 -0.172151
vn -0.829442 0.532490 -0.168763
vn -0.692559 0.707260 -0.141936
vn -0.962125 0.178167 -0.206329
vn -0.952153 0.069003 -0.297731
vn -0.850554 -0.318115 -0.418761
vn -0.915922 -0.039459 -0.399413
vn -0.729617 -0.485964 -0.481142
vn -0.682366 -0.521021 -0.512751
vn -0.816632 -0.348791 -0.459845
vn -0.658298 -0.493533 -0.568392
vn -0.623873 -0.549593 -0.555635
vn -0.595521 -0.540956 -0.593904
vn -0.681143 -0.517449 -0.517968
vn -0.790162 -0.389771 -0.472992
vn -0.917171 -0.097137 -0.386473
vn -0.910674 -0.205749 -0.358245
vn -0.879949 0.381514 -0.283083
vn -0.871306 0.465467 -0.155456
vn -0.837599 0.513421 -0.186618
vn -0.726356 0.673428 -0.137483
vn -0.722441 0.678730 -0.131927
vn -0.642788 0.762805 -0.070373
vn -0.720089 0.686449 -0.101287
vn -0.531373 0.847134 0.002472
vn -0.441163 0.896727 0.035432
vn -0.429539 0.902685 0.025605
vn -0.465844 0.883009 0.057313
vn -0.605463 0.795457 -0.025757
vn -0.451079 0.891839 0.033936
vn -0.757584 0.652717 -0.005188
vn -0.735957 0.676774 -0.018524
vn -0.669715 0.742217 0.024415
vn -0.959902 0.227730 -0.163483
vn -0.783777 0.619918 0.037354
vn -0.860350 -0.358886 -0.361938
vn -0.727573 -0.486696 -0.483492
vn -0.976501 -0.040833 -0.211609
vn -0.619141 -0.558442 -0.552094
vn -0.594123 -0.568397 -0.569160
vn -0.582341 -0.582463 -0.567112
vn -0.611471 -0.657613 -0.440056
vn -0.626711 -0.624513 -0.466065
vn -0.602091 -0.712017 -0.361273
vn -0.673463 -0.692476 -0.258698
vn -0.847802 -0.504268 -0.164152
vn -0.977144 -0.176361 -0.118683
vn -0.891815 0.452376 0.004761
vn -0.959418 0.272135 -0.073884
vn -0.757975 0.645506 0.093785
vn -0.764253 0.634786 0.113865
vn -0.686214 0.721514 0.092348
vn -0.492641 0.868122 0.060579
vn -0.518739 0.849760 0.093906
vn -0.373077 0.926236 0.053865
vn -0.379886 0.921576 0.079898
vn -0.369353 0.928920 0.026185
vn -0.390720 0.915167 0.099033
vn -0.530946 0.839902 0.112522
vn -0.680996 0.722675 0.118259
vn -0.409485 0.904232 0.121189
vn -0.802189 0.596945 -0.012207
vn -0.703767 0.709770 0.030641
vn -0.973187 0.205423 -0.103486
vn -0.993758 -0.105165 -0.037232
vn -0.831384 0.545728 -0.104797
vn -0.850095 -0.523650 0.055941
vn -0.609315 -0.790742 0.058840
vn -0.527923 -0.849273 -0.005798
vn -0.555979 -0.821669 -0.125490
vn -0.644072 -0.729643 -0.229766
vn -0.434637 -0.898481 0.061832
vn -0.566862 -0.823758 -0.009521
vn -0.448023 -0.887227 0.110018
vn -0.591433 -0.797092 0.121861
vn -0.905520 -0.419832 0.061434
vn -0.998208 0.036684 -0.047272
vn -0.982506 0.175541 -0.062194
vn -0.905172 0.423470 -0.036560
vn -0.784629 0.619946 -0.004944
vn -0.746825 0.660480 -0.077576
vn -0.579505 0.810764 0.082675
vn -0.684639 0.728851 0.006745
vn -0.442351 0.887140 0.131565
vn -0.328097 0.935278 0.132695
vn -0.340395 0.927616 0.153814
vn -0.321746 0.941187 0.103182
vn -0.318693 0.944357 0.081392
vn -0.257446 0.960934 0.101626
vn -0.255340 0.957425 0.134678
vn -0.264346 0.961497 0.075137
vn -0.255614 0.953792 0.157933
vn -0.360263 0.919163 0.159216
vn -0.510765 0.852155 0.113802
vn -0.261443 0.951226 0.163761
vn -0.768639 0.637922 0.047425
vn -0.598507 0.792042 0.120242
vn -0.821436 0.561872 0.097689
vn -0.937867 0.346904 0.007874
vn -0.786731 0.599893 0.145540
vn -0.993477 -0.024811 -0.111298
vn -0.994898 0.068239 -0.074310
vn -0.971649 -0.235474 -0.021210
vn -0.771992 -0.628470 -0.095152
vn -0.962676 -0.162964 -0.216095
vn -0.719929 -0.608542 -0.333735
vn -0.977278 0.210177 -0.027435
vn -0.875702 0.469985 0.110721
vn -0.778987 0.606674 0.158512
vn -0.646820 0.747184 0.152775
vn -0.654018 0.741931 0.147647
vn -0.428984 0.889550 0.157078
vn -0.392087 0.905722 0.161045
vn -0.274811 0.946837 0.167272
vn -0.193086 0.967931 0.160711
vn -0.187560 0.969568 0.157352
vn -0.185761 0.971191 0.149266
vn -0.191957 0.973089 0.127476
vn -0.202882 0.974795 0.092807
vn -0.136596 0.981193 0.136386
vn -0.149383 0.982328 0.112765
vn -0.168364 0.982624 0.078126
vn -0.132721 0.979859 0.149205
vn -0.130738 0.979341 0.154271
vn -0.199155 0.967058 0.158541
vn -0.293429 0.942665 0.159003
vn -0.125215 0.979994 0.154700
vn -0.449770 0.882660 0.136449
vn -0.312834 0.940057 0.135745
vn -0.648281 0.752765 0.114352
vn -0.783223 0.611430 0.112764
vn -0.456693 0.883354 0.105441
vn -0.927309 0.370709 0.051698
vn -0.993077 0.014649 -0.116547
vn -0.873108 -0.348694 -0.340728
vn -0.974570 -0.170103 -0.145872
vn -0.824741 -0.514711 -0.234254
vn -0.961873 0.269353 -0.047424
vn -0.816895 0.575701 0.035371
vn -0.646056 0.760002 0.070772
vn -0.464847 0.882357 0.073245
vn -0.324825 0.939775 0.106355
vn -0.329774 0.940796 0.078433
vn -0.206357 0.972522 0.107790
vn -0.204865 0.968688 0.140263
vn -0.116607 0.983667 0.137119
vn -0.065857 0.987404 0.143865
vn -0.054749 0.990152 0.128850
vn -0.077759 0.986210 0.146093
vn -0.087555 0.986507 0.138340
vn -0.101747 0.987528 0.120152
vn -0.057831 0.990546 0.124394
vn -0.042420 0.990006 0.134497
vn -0.077455 0.992077 0.098911
vn -0.027923 0.991140 0.129855
vn -0.016480 0.992530 0.120884
vn -0.109496 0.988360 0.105623
vn -0.204894 0.975488 0.080263
vn -0.336330 0.940417 0.049988
vn -0.475767 0.878564 0.042085
vn -0.206605 0.976812 0.056154
vn -0.652010 0.757380 0.035493
vn -0.862025 0.506848 -0.004181
vn -0.980553 0.183171 -0.070464
vn -0.972272 -0.217624 -0.085603
vn -0.990542 0.131138 -0.040375
vn -0.981018 -0.189362 -0.041778
vn -0.891537 0.452862 -0.008820
vn -0.660504 0.750739 0.011231
vn -0.482666 0.875667 0.015534
vn -0.483979 0.874998 -0.011963
vn -0.663939 0.747702 -0.011231
vn -0.903277 0.428718 -0.017090
vn -0.994305 0.101658 -0.031983
vn -0.987946 -0.153961 -0.016083
vn -0.939263 -0.340940 0.039308
vn -0.901976 -0.431579 0.013367
vn -0.850380 -0.525212 -0.031708
vn -0.778839 -0.625976 0.039552
vn -0.848390 -0.513855 0.127232
vn -0.712887 -0.652615 -0.256682
vn -0.916198 -0.383880 0.114963
vn -0.965281 -0.256259 0.050631
vn -0.942905 -0.315064 0.108006
vn -0.994127 -0.107848 -0.009002
vn -0.996485 -0.080169 0.024323
vn -0.982590 -0.177279 0.055575
vn -0.957679 -0.264437 0.113683
vn -0.888982 -0.423251 0.174842
vn -0.927313 -0.334322 0.168280
vn -0.815082 -0.537987 0.214970
vn -0.730711 -0.643553 0.227820
vn -0.703224 -0.707160 0.073490
vn -0.648521 -0.731650 -0.210019
vn -0.655269 -0.618221 -0.434079
vn -0.522430 -0.761474 -0.383697
vn -0.662810 -0.733031 -0.152801
vn -0.683072 -0.727933 0.059389
vn -0.534092 -0.800298 -0.272523
vn -0.636161 -0.726095 0.260930
vn -0.660948 -0.690580 0.293679
vn -0.739419 -0.618782 0.265270
vn -0.814398 -0.529331 0.237833
vn -0.928417 -0.354130 0.112401
vn -0.836620 -0.544471 0.060153
vn -0.862887 -0.504701 -0.026520
vn -0.739747 -0.652131 -0.165832
vn -0.619957 -0.747824 -0.237515
vn -0.655728 -0.754452 0.028688
vn -0.614076 -0.735109 0.287272
vn -0.585177 -0.748599 0.311718
vn -0.557832 -0.760865 0.331523
vn -0.601313 -0.767114 0.223516
vn -0.725365 -0.687829 -0.027130
vn -0.784091 -0.607119 -0.128876
vn -0.732852 -0.659884 -0.165772
vn -0.610288 -0.774778 -0.165130
vn -0.416170 -0.877444 -0.238526
vn -0.449189 -0.839601 -0.305451
vn -0.392424 -0.918453 -0.049468
vn -0.440064 -0.895966 -0.059906
vn -0.535409 -0.843855 -0.035309
vn -0.870150 -0.483186 -0.096802
vn -0.828745 -0.557013 -0.054016
vn -0.762685 -0.646720 0.008057
vn -0.840355 -0.514705 -0.169951
vn -0.738427 -0.647760 -0.187437
vn -0.601801 -0.789238 0.122226
vn -0.511474 -0.785461 0.348491
vn -0.524815 -0.791906 0.312176
vn -0.489073 -0.831906 0.262184
vn -0.456206 -0.889738 0.015595
vn -0.452640 -0.862463 -0.226442
vn -0.591393 -0.768606 -0.243924
vn -0.500158 -0.836099 -0.225344
vn -0.642173 -0.733633 -0.222256
vn -0.310002 -0.932630 -0.184664
vn -0.403015 -0.902466 -0.152099
vn -0.317075 -0.948388 -0.004821
vn -0.377015 -0.904909 0.197486
vn -0.415735 -0.858692 0.299688
vn -0.445560 -0.834784 0.323438
vn -0.603666 -0.797208 -0.006805
vn -0.712256 -0.615423 -0.337558
vn -0.825809 -0.516573 -0.226258
vn -0.868554 -0.487179 -0.090941
vn -0.863469 -0.504214 0.013764
vn -0.836821 -0.544585 0.056185
vn -0.793551 -0.608461 0.007142
vn -0.725571 -0.686723 -0.044249
vn -0.678650 -0.685700 -0.263153
vn -0.705105 -0.676083 -0.213866
vn -0.818186 -0.564765 0.107762
vn -0.754581 -0.649172 0.095829
vn -0.681832 -0.721017 -0.123445
vn -0.855128 -0.516964 0.038789
vn -0.850108 -0.515631 -0.106965
vn -0.794769 -0.538177 -0.280548
vn -0.722956 -0.573574 -0.385159
vn -0.509369 -0.723237 -0.466339
vn -0.506588 -0.856440 -0.099395
vn -0.509161 -0.684762 -0.521399
vn -0.377899 -0.888397 0.260659
vn -0.311893 -0.912944 0.263165
vn -0.265504 -0.954256 0.137487
vn -0.252444 -0.967447 -0.017822
vn -0.249453 -0.968272 0.014924
vn -0.215391 -0.970206 0.110934
vn -0.238678 -0.953432 0.184393
vn -0.293615 -0.929949 0.221325
vn -0.270814 -0.939029 0.211860
vn -0.195676 -0.964219 0.178867
vn -0.251371 -0.961080 -0.114622
vn -0.109985 -0.876948 -0.467831
vn 0.033570 -0.825346 -0.563628
vn 0.144717 -0.797692 -0.585444
vn -0.324279 -0.746519 -0.580992
vn -0.740394 -0.577825 -0.343417
vn -0.484078 -0.756879 -0.439094
vn -0.812166 -0.567048 -0.137268
vn -0.807988 -0.584659 0.073001
vn -0.726253 -0.662777 0.182439
vn -0.539890 -0.817663 0.199867
vn -0.473541 -0.880066 -0.035247
vn -0.477181 -0.831678 0.283919
vn -0.384009 -0.867507 0.316177
vn -0.041046 -0.972285 0.230170
vn -0.007843 -0.937972 0.346623
vn -0.092530 -0.995400 -0.024841
vn -0.559661 -0.819029 0.126377
vn -0.570039 -0.802339 -0.176941
vn 0.087863 -0.879275 -0.468141
vn 0.058992 -0.981322 -0.183105
vn 0.230993 -0.890924 -0.391019
vn 0.459360 -0.804314 -0.376919
vn 0.478347 -0.798309 -0.365905
vn 0.027497 -0.991906 -0.123961
vn -0.052643 -0.997434 0.048525
vn -0.123869 -0.957991 0.258671
vn -0.111848 -0.971170 0.210519
vn 0.113042 -0.990338 0.080326
vn 0.005371 -0.960834 0.277074
vn 0.268287 -0.937190 -0.222929
vn 0.455302 -0.857049 -0.241178
vn 0.606006 -0.784423 -0.132049
vn 0.541309 -0.829197 -0.139344
vn 0.487985 -0.860890 -0.144010
vn 0.056184 -0.988367 0.141331
vn 0.526477 -0.845432 0.089817
vn 0.029633 -0.947955 0.317022
vn 0.368938 -0.882385 0.292032
vn 0.456276 -0.859424 0.230656
vn 0.310064 -0.946154 0.093019
vn 0.114567 -0.980500 -0.159668
vn -0.012909 -0.906549 -0.421903
vn -0.150420 -0.918235 -0.366360
vn -0.436281 -0.823794 -0.361970
vn 0.063753 -0.937776 -0.341339
vn 0.207585 -0.970479 -0.122801
vn -0.066864 -0.846712 -0.527833
vn 0.506721 -0.853624 0.120668
vn 0.330699 -0.943696 0.008729
vn 0.594691 -0.803110 0.036836
vn 0.430976 -0.901843 -0.030639
vn 0.387833 -0.906290 -0.168001
vn 0.265543 -0.942968 -0.200745
vn 0.168068 -0.980482 -0.102021
vn 0.350811 -0.934329 -0.062927
vn 0.289500 -0.955724 0.052737
vn 0.391523 -0.919252 -0.041046
vn 0.364605 -0.918947 0.150335
vn 0.335092 -0.922879 -0.189757
vn 0.234166 -0.924886 -0.299587
vn -0.216708 -0.940898 -0.260287
vn -0.101135 -0.904207 -0.414948
vn -0.168001 -0.983715 -0.063874
vn 0.131198 -0.990015 -0.051544
vn -0.031555 -0.999024 0.030916
vn 0.133520 -0.969588 -0.205111
vn 0.110630 -0.881624 -0.458802
vn 0.011780 -0.751764 -0.659327
vn -0.095002 -0.850288 -0.517673
vn -0.189359 -0.741536 -0.643637
vn -0.116210 -0.614591 -0.780239
vn 0.186131 -0.862270 -0.471006
vn 0.154333 -0.641573 -0.751376
vn 0.063844 -0.504239 -0.861201
vn 0.107425 -0.984861 -0.136047
vn -0.195127 -0.945423 0.260961
vn -0.462066 -0.877014 0.131688
vn 0.045809 -0.997691 0.050143
vn -0.618049 -0.742958 -0.256960
vn -0.464184 -0.730273 -0.501233
vn 0.140751 -0.916565 -0.374298
vn -0.339231 -0.667934 -0.662410
vn 0.332381 -0.922343 -0.196993
vn 0.351212 -0.878521 0.323806
vn 0.226816 -0.912455 0.340560
vn 0.204473 -0.823695 0.528883
vn 0.195994 -0.808731 0.554563
vn 0.205053 -0.769131 0.605302
vn 0.306587 -0.924798 0.225286
vn 0.144686 -0.947616 0.284764
vn 0.310186 -0.945606 -0.098052
vn -0.118134 -0.796204 -0.593384
vn 0.032929 -0.970398 -0.239257
vn -0.404019 -0.465725 -0.787317
vn -0.359223 -0.584809 -0.727295
vn -0.378877 -0.484255 -0.788638
vn -0.606481 -0.493412 -0.623479
vn -0.653049 -0.582461 -0.484011
vn -0.659153 -0.750400 -0.049164
vn -0.504084 -0.809561 0.300848
vn -0.139132 -0.861218 0.488822
vn 0.075961 -0.953918 0.290292
vn 0.182287 -0.887938 -0.422301
vn 0.157446 -0.889866 -0.428194
vn 0.178474 -0.833380 0.523091
vn 0.222784 -0.762415 0.607528
vn 0.155889 -0.984656 0.078433
vn 0.104190 -0.991823 0.073703
vn 0.107027 -0.963460 -0.245541
vn -0.292694 -0.865266 0.406996
vn -0.131134 -0.816193 0.562701
vn 0.092503 -0.787304 0.609586
vn -0.360193 -0.932815 -0.010833
vn -0.352935 -0.719512 -0.598113
vn -0.108949 -0.553502 -0.825691
vn -0.014679 -0.597051 -0.802069
vn 0.055941 -0.794963 -0.604073
vn -0.187897 -0.563875 -0.804201
vn -0.211793 -0.892612 -0.397981
vn -0.160918 -0.802146 -0.575037
vn 0.139013 -0.632665 -0.761847
vn 0.115422 -0.763829 -0.635014
vn 0.215734 -0.625089 -0.750149
vn 0.427741 -0.717305 -0.550010
vn 0.426986 -0.763217 -0.484957
vn 0.088900 -0.996024 0.005677
vn 0.519676 -0.852123 0.061832
vn 0.089572 -0.876098 0.473739
vn 0.412580 -0.765748 0.493363
vn 0.426011 -0.721379 0.546010
vn 0.585718 -0.681343 0.438983
vn 0.312782 -0.808711 0.498151
vn 0.207376 -0.977000 0.049654
vn 0.013276 -0.952487 -0.304291
vn 0.026215 -0.943868 -0.329281
vn 0.066347 -0.874265 -0.480894
vn 0.017884 -0.908817 -0.416811
vn 0.022126 -0.986794 -0.160462
vn -0.044953 -0.932684 -0.357882
vn -0.056823 -0.919855 -0.388120
vn 0.463761 -0.817050 0.342572
vn 0.217689 -0.975099 0.042360
vn 0.637105 -0.686829 0.349804
vn 0.671682 -0.738770 0.055330
vn 0.694323 -0.716641 0.065889
vn 0.387618 -0.645786 -0.657810
vn 0.584673 -0.725493 -0.363067
vn 0.405132 -0.713132 -0.572111
vn 0.222388 -0.817962 -0.530548
vn 0.188025 -0.926121 -0.327027
vn 0.356215 -0.864998 -0.353397
vn 0.645426 -0.716816 -0.263820
vn 0.468207 -0.859514 -0.204983
vn 0.671590 -0.738159 0.063936
vn 0.506214 -0.845770 0.168586
vn 0.124669 -0.983470 -0.131318
vn -0.163237 -0.948691 -0.270810
vn -0.262208 -0.927067 -0.267945
vn -0.238005 -0.912927 -0.331540
vn -0.249571 -0.927819 -0.277250
vn -0.037751 -0.910682 -0.411380
vn 0.054629 -0.883863 -0.464545
vn -0.158845 -0.922123 -0.352785
vn 0.164858 -0.809374 -0.563681
vn 0.221288 -0.692379 -0.686763
vn 0.201574 -0.613980 -0.763149
vn 0.370311 -0.583342 -0.722898
vn 0.240855 -0.480718 -0.843148
vn 0.301827 -0.749448 -0.589261
vn 0.107091 -0.854655 -0.508032
vn -0.021271 -0.872256 -0.488587
vn -0.148407 -0.839630 -0.522491
vn -0.208954 -0.970764 -0.118133
vn -0.080781 -0.962294 -0.259739
vn -0.024658 -0.810616 -0.585058
vn -0.381866 -0.883819 -0.270263
vn -0.304259 -0.924525 -0.229521
vn -0.376561 -0.849468 -0.369603
vn -0.230315 -0.859522 -0.456265
vn -0.108796 -0.926640 -0.359865
vn -0.305600 -0.853872 -0.421321
vn 0.393784 -0.917702 -0.052521
vn 0.059663 -0.975855 -0.210112
vn 0.132817 -0.944554 -0.300294
vn 0.180030 -0.870398 -0.458255
vn 0.190804 -0.823651 -0.534035
vn 0.121310 -0.871999 -0.474238
vn 0.121007 -0.971075 -0.205842
vn 0.175266 -0.984516 0.003144
vn 0.247136 -0.956135 -0.157255
vn 0.284890 -0.769652 -0.571379
vn -0.091247 -0.714351 -0.693813
vn -0.225738 -0.779541 -0.584259
vn -0.049622 -0.854874 -0.516458
vn 0.158146 -0.844326 -0.511960
vn 0.428297 -0.706390 -0.563537
vn 0.517286 -0.526364 -0.674801
vn 0.509752 -0.713716 -0.480378
vn 0.668533 -0.495266 -0.554775
vn 0.192389 -0.859989 -0.472658
vn -0.089325 -0.863277 -0.496763
vn -0.302615 -0.778632 -0.549687
vn -0.195346 -0.706033 -0.680703
vn 0.720080 -0.672634 -0.170439
vn 0.660548 -0.653783 -0.369113
vn 0.767314 -0.544333 -0.339014
vn 0.661343 -0.659400 -0.357517
vn 0.558277 -0.779910 -0.282960
vn 0.806175 -0.544921 -0.230529
vn 0.849398 -0.463261 -0.252810
vn 0.896206 -0.387451 -0.216095
vn 0.904384 -0.400329 -0.147735
vn 0.931825 -0.328431 -0.154389
vn 0.909057 -0.369599 -0.192383
vn 0.894703 -0.405148 -0.188048
vn 0.399119 -0.878781 -0.261626
vn 0.758722 -0.608796 -0.231751
vn 0.884922 -0.430240 -0.178346
vn 0.111056 -0.972347 -0.205443
vn 0.184060 -0.951157 -0.247837
vn 0.194921 -0.954402 -0.226103
vn 0.409651 -0.876741 -0.252014
vn 0.166141 -0.969474 -0.180326
vn 0.710985 -0.665980 -0.225767
vn 0.868066 -0.472624 -0.151947
vn 0.910685 -0.380560 -0.160708
vn 0.941091 -0.315152 -0.122588
vn 0.911916 -0.372311 -0.172606
vn 0.921335 -0.353886 -0.160952
vn 0.987911 -0.095672 -0.121978
vn 0.979217 -0.150909 -0.135498
vn 0.969930 -0.202971 -0.134307
vn 0.964429 -0.202670 -0.169711
vn 0.844648 -0.528862 -0.082915
vn 0.951617 -0.302761 -0.052551
vn 0.954836 0.292277 -0.053498
vn 0.983034 0.181891 -0.023682
vn 0.989319 0.071841 -0.126831
vn 0.673491 -0.727305 -0.132051
vn 0.445970 -0.884192 -0.138978
vn 0.219521 -0.969457 -0.109375
vn 0.072054 -0.991209 -0.110961
vn 0.090824 -0.984747 -0.148408
vn 0.078584 -0.991264 0.105929
vn 0.081241 -0.995739 0.043642
vn 0.237589 -0.971354 0.004700
vn 0.463386 -0.886156 0.000916
vn 0.658345 -0.752715 0.001526
vn 0.826281 -0.563197 0.008301
vn 0.950343 -0.311034 0.010285
vn 0.985024 0.172401 0.002350
vn 0.783415 0.621452 0.007629
vn 0.791143 0.611631 0.000610
vn 0.953551 -0.294861 0.061617
vn 0.979895 0.198158 0.023225
vn 0.793425 0.608634 -0.006501
vn 0.824157 -0.560702 0.079867
vn 0.664361 -0.741643 0.092685
vn 0.452740 -0.887387 0.087008
vn 0.232581 -0.970487 0.063723
vn 0.132113 -0.989002 0.066499
vn 0.126072 -0.986880 0.100864
vn 0.182468 -0.969136 0.165775
vn 0.192296 -0.970910 0.142673
vn 0.142919 -0.978279 -0.150147
vn 0.027558 -0.999223 -0.028167
vn 0.199073 -0.928378 0.313823
vn 0.345379 -0.901951 0.259226
vn 0.388077 -0.898323 0.205941
vn 0.357401 -0.849118 0.388927
vn 0.392499 -0.909761 0.135198
vn 0.201573 -0.970909 0.129245
vn 0.156714 -0.980297 0.120245
vn 0.162114 -0.981353 0.103275
vn 0.217565 -0.971062 0.098513
vn 0.426776 -0.896250 0.120824
vn 0.673843 -0.726739 0.133365
vn 0.826015 -0.549500 0.125492
vn 0.944543 -0.308073 0.113711
vn 0.953445 0.297276 0.050690
vn 0.786273 0.617781 0.011017
vn 0.649469 0.760374 0.004608
vn 0.643637 0.765315 -0.004914
vn 0.636899 0.770908 0.007813
vn 0.891521 0.452764 0.013946
vn 0.771850 0.635523 0.018921
vn 0.647002 0.762456 0.007019
vn 0.991397 0.086734 0.098026
vn 0.991474 0.130129 -0.006806
vn 0.981476 -0.140747 0.129978
vn 0.824883 -0.545714 0.147526
vn 0.924305 -0.362911 0.118136
vn 0.992334 -0.117004 0.039796
vn 0.673704 -0.724008 0.148108
vn 0.414072 -0.898340 0.146732
vn 0.224737 -0.962427 0.152409
vn 0.189949 -0.966468 0.172797
vn 0.161838 -0.970144 0.180637
vn 0.153171 -0.977071 0.147891
vn 0.312813 -0.947718 0.063082
vn 0.153630 -0.985780 0.068087
vn 0.081637 -0.976077 0.201515
vn 0.163277 -0.957809 0.236522
vn 0.212161 -0.948410 0.235599
vn 0.265420 -0.939455 0.216743
vn 0.445356 -0.875701 0.186560
vn 0.680262 -0.716497 0.154516
vn 0.833515 -0.536983 0.130008
vn 0.950566 -0.299532 0.081882
vn 0.999333 -0.036530 0.000061
vn 0.994084 0.104526 -0.029511
vn 0.911130 0.411756 -0.017304
vn 0.764492 0.644523 -0.011933
vn 0.640546 0.767746 -0.016327
vn 0.540421 0.841394 -0.001435
vn 0.534624 0.844844 -0.020386
vn 0.544783 0.838552 0.006439
vn 0.765836 0.642174 -0.033295
vn 0.638489 0.768958 -0.032197
vn 0.531383 0.846483 -0.033142
vn 0.926849 0.374280 -0.029419
vn 0.996586 0.079226 -0.023224
vn 0.999613 0.023744 -0.014466
vn 0.974865 -0.218844 0.041780
vn 0.857444 -0.503690 0.105288
vn 0.720852 -0.673619 0.163123
vn 0.527876 -0.816708 0.233099
vn 0.331250 -0.898933 0.286693
vn 0.232921 -0.921007 0.312241
vn 0.162359 -0.936343 0.311290
vn 0.029542 -0.958997 0.281873
vn -0.039581 -0.916415 0.398268
vn 0.137426 -0.867197 0.478627
vn 0.297893 -0.812566 0.500995
vn 0.441783 -0.800867 0.404276
vn 0.651134 -0.706747 0.276647
vn 0.786222 -0.593753 0.171210
vn 0.894681 -0.435639 0.098819
vn 0.989021 -0.144502 0.030915
vn 0.999022 0.043641 -0.007141
vn 0.996476 0.081697 -0.018982
vn 0.930503 0.364694 -0.034088
vn 0.765400 0.642228 -0.041290
vn 0.637019 0.769624 -0.043427
vn 0.525959 0.849212 -0.046967
vn 0.435716 0.898502 -0.053345
vn 0.446819 0.893821 -0.037903
vn 0.454457 0.890450 -0.023804
vn 0.632002 0.773210 -0.052154
vn 0.517902 0.853485 -0.057801
vn 0.422194 0.904112 -0.065827
vn 0.758353 0.650318 -0.044586
vn 0.928076 0.370803 -0.034363
vn 0.994500 0.102938 -0.019318
vn 0.998467 0.055177 -0.004364
vn 0.996918 -0.073975 0.026124
vn 0.934057 -0.348147 0.079562
vn 0.850486 -0.507322 0.138920
vn 0.775552 -0.590802 0.222424
vn 0.639641 -0.682346 0.353925
vn 0.508312 -0.723993 0.466319
vn 0.667806 -0.719635 0.190161
vn 0.778459 -0.615228 0.124484
vn 0.836177 -0.542542 0.080355
vn 0.894153 -0.445369 0.046235
vn 0.959238 -0.281833 0.020814
vn 0.999807 -0.018707 0.006042
vn 0.997413 0.069796 -0.017212
vn 0.991915 0.121891 -0.035309
vn 0.926266 0.373699 -0.048798
vn 0.749981 0.659098 -0.055847
vn 0.624197 0.778865 -0.061219
vn 0.507893 0.858706 -0.068330
vn 0.408980 0.909394 -0.075745
vn 0.329416 0.940516 -0.083160
vn 0.344948 0.935781 -0.072967
vn 0.354379 0.933312 -0.057831
vn 0.398449 0.913357 -0.083771
vn 0.314280 0.945190 -0.088562
vn 0.499258 0.862860 -0.078828
vn 0.613672 0.786103 -0.073823
vn 0.743224 0.665585 -0.067933
vn 0.929025 0.364212 -0.065278
vn 0.991737 0.112919 -0.060883
vn 0.996109 0.075013 -0.046264
vn 0.999096 0.024049 -0.035065
vn 0.987089 -0.154571 -0.041992
vn 0.907841 -0.417972 -0.033539
vn 0.829435 -0.555758 -0.056305
vn 0.792055 -0.602973 -0.095246
vn 0.693110 -0.711247 -0.117158
vn 0.639797 -0.722939 -0.260806
vn 0.725984 -0.660440 -0.191744
vn 0.774120 -0.626272 -0.092314
vn 0.901426 -0.431458 -0.035706
vn 0.993950 -0.102355 -0.039825
vn 0.991773 0.113561 -0.059083
vn 0.927578 0.367564 -0.067047
vn 0.732903 0.676413 -0.072937
vn 0.603567 0.793271 -0.080170
vn 0.493392 0.865778 -0.083618
vn 0.389871 0.916494 -0.089660
vn 0.303965 0.947876 -0.095582
vn 0.230900 0.967972 -0.098571
vn 0.244237 0.965291 -0.092529
vn 0.256323 0.962545 -0.088348
vn 0.294775 0.951282 -0.090392
vn 0.221288 0.970756 -0.093078
vn 0.383768 0.919365 -0.086548
vn 0.488296 0.868556 -0.084717
vn 0.595381 0.799304 -0.081451
vn 0.718740 0.691609 -0.071350
vn 0.918335 0.392134 -0.053772
vn 0.991032 0.129857 -0.031494
vn 0.997312 -0.073059 -0.005493
vn 0.899391 -0.436559 0.022645
vn 0.727215 -0.685873 0.027131
vn 0.654498 -0.755857 -0.017700
vn 0.618125 -0.783207 -0.067139
vn 0.531756 -0.800661 -0.276002
vn 0.596984 -0.800644 -0.050782
vn 0.564956 -0.811581 -0.148864
vn 0.646919 -0.683459 0.338200
vn 0.607319 -0.746552 0.271707
vn 0.629363 -0.744061 0.224223
vn 0.740401 -0.651665 0.164737
vn 0.917585 -0.384363 0.101503
vn 0.998055 -0.037049 0.050142
vn 0.986850 0.161260 0.011078
vn 0.904052 0.426558 -0.027161
vn 0.704585 0.707362 -0.056550
vn 0.587817 0.806025 -0.069245
vn 0.482893 0.872492 -0.074646
vn 0.378428 0.922328 -0.078125
vn 0.289286 0.953890 -0.080048
vn 0.216374 0.973011 -0.080200
vn 0.286353 0.956017 -0.063507
vn 0.213080 0.974792 -0.066162
vn 0.371195 0.926629 -0.059784
vn 0.475442 0.878036 -0.054840
vn 0.578691 0.814172 -0.047333
vn 0.692988 0.720028 -0.036439
vn 0.875302 0.483536 0.006317
vn 0.974209 0.217322 0.060731
vn 0.992977 0.024720 0.115695
vn 0.911203 -0.358617 0.202737
vn 0.761203 -0.613289 0.210825
vn 0.687089 -0.635615 0.351998
vn 0.642109 -0.618041 0.453566
vn 0.660754 -0.532591 0.528915
vn 0.621640 -0.672647 0.401385
vn 0.619929 -0.514714 0.592248
vn 0.557302 -0.829167 0.043550
vn 0.722158 -0.431243 0.540848
vn 0.726435 -0.458101 0.512286
vn 0.737826 -0.506569 0.446095
vn 0.761024 -0.528910 0.375629
vn 0.793881 -0.514131 0.324688
vn 0.782983 -0.533447 0.319956
vn 0.866237 -0.413757 0.280068
vn 0.968560 -0.106506 0.224828
vn 0.971003 -0.105468 0.214544
vn 0.979428 0.050722 0.195318
vn 0.980025 0.102113 0.170657
vn 0.979217 0.147221 0.139500
vn 0.943139 0.318184 0.096163
vn 0.826500 0.561783 0.036011
vn 0.681173 0.732048 -0.010437
vn 0.565958 0.824049 -0.025207
vn 0.466018 0.884092 -0.034760
vn 0.365734 0.929901 -0.039032
vn 0.550001 0.835164 -0.000641
vn 0.452154 0.891827 -0.014191
vn 0.357307 0.933613 -0.026428
vn 0.663921 0.747601 0.017364
vn 0.780182 0.623895 0.045503
vn 0.897827 0.432205 0.084292
vn 0.967268 0.217777 0.130251
vn 0.981108 0.118534 0.152897
vn 0.979198 -0.068696 0.190926
vn 0.895846 -0.351900 0.271342
vn 0.816555 -0.472322 0.331890
vn 0.800827 -0.479700 0.358558
vn 0.805850 -0.455633 0.378159
vn 0.806901 -0.437343 0.397042
vn 0.794335 -0.444976 0.413556
vn 0.818529 -0.513637 0.257269
vn 0.813932 -0.482088 0.324200
vn 0.802024 -0.466216 0.373363
vn 0.803456 -0.454526 0.384531
vn 0.841891 -0.412266 0.348219
vn 0.940925 -0.237765 0.241098
vn 0.992765 -0.005035 0.119968
vn 0.988796 0.133854 0.066072
vn 0.961462 0.269603 0.053896
vn 0.871697 0.487043 0.054170
vn 0.756184 0.652238 0.052644
vn 0.643165 0.764779 0.038086
vn 0.530165 0.847709 0.017700
vn 0.433821 0.900998 0.001220
vn 0.344066 0.938872 -0.011750
vn 0.270668 0.962490 -0.018738
vn 0.275486 0.960738 -0.033020
vn 0.281043 0.958734 -0.042938
vn 0.417370 0.908717 0.006012
vn 0.333933 0.942593 -0.002655
vn 0.266640 0.963774 -0.006531
vn 0.507490 0.861412 0.020569
vn 0.621487 0.782353 0.040956
vn 0.754200 0.654924 0.047517
vn 0.883430 0.467946 0.024049
vn 0.960387 0.278634 0.004578
vn 0.985392 0.167579 0.030336
vn 0.991324 0.082765 0.102114
vn 0.970904 -0.093138 0.220615
vn 0.883393 -0.315950 0.346112
vn 0.805690 -0.423890 0.413740
vn 0.760439 -0.489325 0.426959
vn 0.759939 -0.459776 0.459455
vn 0.834467 -0.374267 0.404461
vn 0.922700 -0.211060 0.322612
vn 0.977912 0.023316 0.207710
vn 0.979547 0.153446 0.130161
vn 0.972476 0.218391 0.081210
vn 0.954778 0.294536 0.040590
vn 0.900769 0.433081 0.032501
vn 0.763895 0.643318 0.051056
vn 0.599803 0.798690 0.048279
vn 0.485362 0.873828 0.029114
vn 0.402234 0.915433 0.013794
vn 0.324720 0.945808 0.002105
vn 0.264782 0.964305 -0.002381
vn 0.210514 0.977588 -0.002259
vn 0.209538 0.977773 -0.007324
vn 0.208898 0.977717 -0.020752
vn 0.262461 0.964940 -0.002198
vn 0.208990 0.977900 -0.005982
vn 0.314156 0.949366 0.003143
vn 0.385048 0.922778 0.014770
vn 0.464306 0.885154 0.030365
vn 0.582023 0.811829 0.046724
vn 0.769954 0.635825 0.053835
vn 0.901762 0.428389 0.057527
vn 0.941013 0.328534 0.080996
vn 0.958665 0.260655 0.114107
vn 0.970448 0.192478 0.145541
vn 0.976396 0.088228 0.197147
vn 0.948433 -0.117830 0.294262
vn 0.866524 -0.316258 0.386156
vn 0.934656 -0.160735 0.317147
vn 0.971422 0.004883 0.237309
vn 0.976256 0.119236 0.180852
vn 0.972555 0.165409 0.163639
vn 0.969646 0.187996 0.156348
vn 0.959787 0.242167 0.142004
vn 0.947053 0.296397 0.123448
vn 0.926570 0.363475 0.096713
vn 0.888543 0.453961 0.066408
vn 0.760707 0.647605 0.043947
vn 0.566266 0.823748 0.027954
vn 0.445198 0.895340 0.012817
vn 0.370064 0.929006 0.001068
vn 0.306437 0.951873 -0.005890
vn 0.257486 0.966221 -0.010865
vn 0.204506 0.978736 -0.015931
vn 0.250157 0.967728 -0.030395
vn 0.200388 0.979079 -0.035340
vn 0.299627 0.953751 -0.024139
vn 0.358137 0.933506 -0.017456
vn 0.429668 0.902947 -0.008423
vn 0.545944 0.837792 0.007080
vn 0.734586 0.677669 0.033876
vn 0.867147 0.493267 0.068880
vn 0.912353 0.397047 0.099826
vn 0.936322 0.329422 0.121587
vn 0.952456 0.271860 0.137547
vn 0.964876 0.213691 0.152806
vn 0.975397 0.137058 0.172673
vn 0.973211 0.155737 0.169134
vn 0.976723 0.070865 0.202461
vn 0.979439 0.089451 0.180824
vn 0.997404 0.050447 0.051393
vn 0.982873 0.144321 0.114596
vn 0.963841 0.228676 0.136815
vn 0.945528 0.296885 0.133549
vn 0.925830 0.358436 0.119845
vn 0.897415 0.429817 0.099519
vn 0.838348 0.541279 0.064730
vn 0.693024 0.720735 0.016114
vn 0.520605 0.853586 -0.018982
vn 0.416768 0.908368 -0.034242
vn 0.348457 0.936452 -0.040436
vn 0.290352 0.955837 -0.045502
vn 0.241068 0.969063 -0.052949
vn 0.196144 0.978797 -0.059022
vn 0.231302 0.970009 -0.074708
vn 0.187994 0.978515 -0.084656
vn 0.282971 0.956643 -0.069001
vn 0.343027 0.936396 -0.074127
vn 0.402198 0.912766 -0.071380
vn 0.493945 0.867708 -0.055695
vn 0.639674 0.768402 -0.019379
vn 0.802822 0.595174 0.035279
vn 0.881114 0.466544 0.077304
vn 0.920091 0.378730 0.099977
vn 0.956529 0.285527 0.059388
vn 0.981055 0.192634 -0.020569
vn 0.990600 0.078097 -0.112305
vn 0.980059 -0.026092 -0.196989
vn 0.995520 -0.092011 -0.021759
vn 0.961683 -0.130312 -0.241215
vn 0.978668 -0.061523 0.196020
vn 0.940316 -0.130678 -0.314212
vn 0.938988 -0.059265 -0.338804
vn 0.944435 0.015961 -0.328311
vn 0.955632 0.119237 -0.269350
vn 0.957695 0.234228 -0.167205
vn 0.932917 0.358561 -0.033173
vn 0.898915 0.408029 -0.159575
vn 0.778191 0.621265 -0.091919
vn 0.592391 0.798359 -0.108154
vn 0.479725 0.868718 -0.123262
vn 0.390725 0.912556 -0.120727
vn 0.321512 0.938199 -0.128113
vn 0.277082 0.955580 -0.100466
vn 0.230259 0.966845 -0.110412
vn 0.244361 0.956903 -0.156921
vn 0.316174 0.929141 -0.191652
vn 0.250069 0.944609 -0.212555
vn 0.387160 0.902803 -0.187227
vn 0.487384 0.846406 -0.214601
vn 0.656095 0.691589 -0.302067
vn 0.766135 0.579698 -0.277466
vn 0.858102 0.350236 -0.375494
vn 0.912656 0.195319 -0.359040
vn 0.888311 0.185158 -0.420262
vn 0.914344 0.091465 -0.394474
vn 0.925707 0.013855 -0.377987
vn 0.934847 -0.048981 -0.351656
vn 0.939120 -0.109376 -0.325716
vn 0.938019 -0.213898 -0.272706
vn 0.938060 -0.192569 -0.288029
vn 0.943870 -0.226805 -0.240141
vn 0.934368 -0.091829 -0.344274
vn 0.929477 -0.032623 -0.367434
vn 0.933032 -0.165587 -0.319424
vn 0.918836 0.038209 -0.392785
vn 0.902421 0.107607 -0.417201
vn 0.891351 0.127140 -0.435118
vn 0.868704 0.192662 -0.456327
vn 0.819411 0.355628 -0.449549
vn 0.811997 0.357307 -0.461512
vn 0.682554 0.615505 -0.394048
vn 0.511304 0.799276 -0.315795
vn 0.390053 0.880359 -0.269865
vn 0.305310 0.914738 -0.264651
vn 0.241520 0.928087 -0.283413
vn 0.308938 0.878930 -0.363372
vn 0.232522 0.897312 -0.375186
vn 0.388903 0.850777 -0.353460
vn 0.548477 0.687976 -0.475249
vn 0.693258 0.540361 -0.476868
vn 0.779656 0.354808 -0.515991
vn 0.853569 0.213171 -0.475371
vn 0.829177 0.232334 -0.508416
vn 0.874997 0.148229 -0.460877
vn 0.908820 0.057467 -0.413212
vn 0.891331 0.076907 -0.446781
vn 0.920701 -0.015808 -0.389949
vn 0.926505 -0.077026 -0.368314
vn 0.925450 -0.144746 -0.350131
vn 0.925601 -0.241060 -0.291811
vn 0.902362 -0.229673 -0.364682
vn 0.929690 -0.266847 -0.253908
vn 0.868346 -0.210572 -0.449037
vn 0.893552 -0.144653 -0.425019
vn 0.905040 -0.068116 -0.419837
vn 0.902366 0.001709 -0.430967
vn 0.862855 -0.004059 -0.505435
vn 0.866041 0.085328 -0.492638
vn 0.853184 0.163550 -0.495306
vn 0.829460 0.178807 -0.529173
vn 0.800081 0.254069 -0.543432
vn 0.739715 0.387375 -0.550238
vn 0.674522 0.431869 -0.598757
vn 0.542288 0.618188 -0.569005
vn 0.375564 0.696713 -0.611181
vn 0.331705 0.810632 -0.482544
vn 0.753755 0.286389 -0.591468
vn 0.785339 0.191353 -0.588750
vn 0.842398 0.088961 -0.531461
vn 0.780579 0.067752 -0.621374
vn 0.763567 -0.093383 -0.638941
vn 0.835812 -0.099030 -0.540010
vn 0.667552 -0.201474 -0.716786
vn 0.778801 -0.195373 -0.596069
vn 0.624748 -0.349123 -0.698429
vn 0.648023 -0.402217 -0.646752
vn 0.894228 -0.302797 -0.329653
vn 0.683614 -0.480895 -0.549010
vn 0.899116 -0.335545 -0.281070
vn 0.916443 -0.325684 -0.232514
vn 0.682698 -0.584198 -0.438903
vn 0.866087 -0.423921 -0.264924
vn 0.634480 -0.695039 -0.338166
vn 0.876217 -0.428925 -0.219696
vn 0.344464 -0.608340 -0.715030
vn 0.336013 -0.500708 -0.797739
vn 0.331948 -0.771083 -0.543362
vn 0.325323 -0.467615 -0.821889
vn 0.323893 -0.431884 -0.841766
vn 0.445450 -0.374330 -0.813297
vn 0.554282 -0.291598 -0.779578
vn 0.361310 -0.384004 -0.849704
vn 0.427227 -0.339812 -0.837857
vn 0.474497 -0.317807 -0.820884
vn 0.520889 -0.244568 -0.817839
vn 0.725549 -0.096527 -0.681368
vn 0.616257 -0.037597 -0.786647
vn 0.663469 0.180516 -0.726101
vn 0.342452 -0.394566 -0.852669
vn 0.381511 -0.328856 -0.863888
vn 0.474739 -0.102019 -0.874194
vn 0.320774 -0.412621 -0.852554
vn 0.298651 -0.433590 -0.850181
vn 0.273633 -0.467201 -0.840742
vn 0.248083 -0.504176 -0.827201
vn 0.213872 -0.546413 -0.809748
vn 0.160436 -0.675660 -0.719544
vn 0.103913 -0.849104 -0.517903
vn 0.246684 -0.891885 -0.379062
vn 0.055056 -0.952794 -0.298585
vn 0.025941 -0.888553 -0.458040
vn 0.086399 -0.754797 -0.650243
vn -0.006683 -0.966877 -0.255154
vn 0.169288 -0.619849 -0.766243
vn 0.225317 -0.547178 -0.806119
vn 0.251842 -0.500769 -0.828134
vn 0.269691 -0.466002 -0.842679
vn 0.286511 -0.443487 -0.849253
vn 0.304207 -0.427824 -0.851131
vn 0.310033 -0.400415 -0.862292
vn 0.267891 -0.256714 -0.928619
vn 0.335248 -0.281038 -0.899237
vn 0.316171 -0.084686 -0.944915
vn 0.497787 0.151280 -0.854004
vn 0.259744 0.144079 -0.954869
vn 0.622667 0.326822 -0.710966
vn 0.349166 0.361893 -0.864359
vn 0.173163 0.309215 -0.935094
vn 0.170658 0.005951 -0.985312
vn 0.075472 0.214056 -0.973902
vn 0.017395 0.345163 -0.938382
vn 0.265355 -0.399226 -0.877613
vn 0.186562 -0.171511 -0.967357
vn 0.057467 0.119389 -0.991183
vn 0.273722 -0.452364 -0.848789
vn 0.262306 -0.467345 -0.844266
vn 0.250128 -0.491330 -0.834285
vn 0.238473 -0.525028 -0.816992
vn 0.220617 -0.589811 -0.776821
vn 0.169257 -0.698094 -0.695713
vn 0.078067 -0.825076 -0.559603
vn 0.204776 -0.750140 -0.628774
vn 0.150304 -0.868102 -0.473083
vn -0.034362 0.283881 -0.958244
vn -0.102479 0.324415 -0.940347
vn -0.070282 0.353069 -0.932954
vn -0.066436 0.383158 -0.921291
vn 0.030427 0.400403 -0.915834
vn -0.114441 0.352459 -0.928804
vn -0.111022 0.370493 -0.922176
vn -0.131195 0.340800 -0.930937
vn -0.140747 0.353617 -0.924741
vn -0.144380 0.366072 -0.919318
vn -0.103331 0.400917 -0.910268
vn -0.143615 0.389934 -0.909575
vn -0.049987 0.423197 -0.904657
vn 0.052125 0.452953 -0.890009
vn 0.299723 0.483415 -0.822482
vn 0.108891 0.589011 -0.800756
vn -0.005218 0.521346 -0.853330
vn 0.267925 0.616175 -0.740638
vn -0.084076 0.462540 -0.882603
vn -0.137268 0.430373 -0.892153
vn -0.167633 0.371196 -0.913298
vn -0.174013 0.385819 -0.906015
vn -0.173922 0.414264 -0.893385
vn -0.158021 0.363264 -0.918188
vn -0.146058 0.352552 -0.924323
vn -0.164734 0.362529 -0.917298
vn -0.174375 0.374915 -0.910512
vn -0.183442 0.381513 -0.905978
vn -0.193881 0.390734 -0.899854
vn -0.199984 0.408250 -0.890695
vn -0.193180 0.448478 -0.872668
vn -0.159422 0.474587 -0.865651
vn -0.110352 0.520585 -0.846649
vn -0.034485 0.596153 -0.802130
vn 0.071719 0.686184 -0.723884
vn 0.196174 0.746607 -0.635684
vn 0.538009 0.472822 -0.697844
vn 0.228949 0.835014 -0.500334
vn 0.136082 0.825312 -0.548035
vn 0.037813 0.778993 -0.625892
vn -0.048248 0.712235 -0.700281
vn -0.109618 0.641188 -0.759514
vn -0.160582 0.569898 -0.805872
vn -0.217618 0.411934 -0.884846
vn -0.219666 0.433760 -0.873842
vn -0.205749 0.508803 -0.835935
vn -0.208345 0.402634 -0.891335
vn -0.196259 0.392653 -0.898502
vn -0.210571 0.404126 -0.890136
vn -0.221985 0.413893 -0.882845
vn -0.230865 0.419965 -0.877685
vn -0.238985 0.432115 -0.869576
vn -0.239196 0.474440 -0.847167
vn -0.217989 0.601648 -0.768440
vn -0.170379 0.670245 -0.722318
vn -0.103516 0.757043 -0.645112
vn -0.041321 0.825508 -0.562875
vn 0.018891 0.869107 -0.494263
vn 0.094791 0.894043 -0.437838
vn 0.168433 0.901555 -0.398533
vn 0.181586 0.934453 -0.306307
vn 0.117313 0.937439 -0.327790
vn 0.054963 0.935044 -0.350246
vn 0.007874 0.922034 -0.387028
vn -0.042236 0.894852 -0.444361
vn -0.105897 0.847506 -0.520115
vn -0.164397 0.790517 -0.589963
vn -0.256717 0.464223 -0.847699
vn -0.248411 0.557721 -0.791985
vn -0.217679 0.739819 -0.636619
vn -0.250852 0.439188 -0.862663
vn -0.241612 0.429831 -0.869982
vn -0.232913 0.423633 -0.875378
vn -0.223665 0.415513 -0.881659
vn -0.232756 0.424449 -0.875025
vn -0.240446 0.432565 -0.868949
vn -0.249361 0.439530 -0.862921
vn -0.257508 0.447189 -0.856570
vn -0.263760 0.466042 -0.844533
vn -0.268677 0.538225 -0.798829
vn -0.259398 0.703113 -0.662076
vn -0.166290 0.889370 -0.425873
vn -0.222597 0.858830 -0.461369
vn -0.100861 0.917512 -0.384706
vn -0.047729 0.935816 -0.349242
vn -0.003601 0.947850 -0.318697
vn 0.032960 0.955815 -0.292116
vn 0.065553 0.960595 -0.270110
vn 0.117436 0.960210 -0.253389
vn 0.184972 0.953973 -0.236053
vn 0.077486 0.976468 -0.201263
vn 0.120365 0.975496 -0.184174
vn 0.179264 0.969016 -0.169921
vn 0.048493 0.974562 -0.218808
vn 0.016877 0.971556 -0.236206
vn -0.022064 0.967105 -0.253419
vn -0.070191 0.960052 -0.270875
vn -0.126923 0.948093 -0.291567
vn -0.185091 0.932383 -0.310490
vn -0.285276 0.682205 -0.673212
vn -0.266789 0.838510 -0.475106
vn -0.242095 0.918726 -0.311980
vn -0.282562 0.532945 -0.797577
vn -0.273045 0.471640 -0.838452
vn -0.264068 0.455122 -0.850372
vn -0.256375 0.448098 -0.856435
vn -0.248780 0.441299 -0.862185
vn -0.256255 0.449200 -0.855893
vn -0.265108 0.457232 -0.848915
vn -0.276670 0.467204 -0.839746
vn -0.289584 0.481250 -0.827369
vn -0.300566 0.530653 -0.792507
vn -0.308993 0.670160 -0.674840
vn -0.307919 0.828203 -0.468257
vn -0.299808 0.907723 -0.293522
vn -0.227146 0.948988 -0.218693
vn -0.287231 0.933897 -0.212921
vn -0.166684 0.961806 -0.217129
vn -0.109529 0.972177 -0.207064
vn -0.053955 0.979607 -0.193542
vn -0.005310 0.983882 -0.178741
vn 0.032959 0.985823 -0.164518
vn 0.061068 0.986359 -0.152863
vn 0.089845 0.985675 -0.142729
vn 0.069034 0.991407 -0.111116
vn 0.042360 0.992317 -0.116243
vn 0.099093 0.989590 -0.104370
vn 0.005371 0.992559 -0.121644
vn -0.043335 0.990789 -0.128297
vn -0.098663 0.985587 -0.137420
vn -0.157318 0.976564 -0.146882
vn -0.217435 0.964281 -0.151274
vn -0.268465 0.951147 -0.152467
vn -0.345609 0.896230 -0.278074
vn -0.333402 0.922628 -0.193907
vn -0.298582 0.942436 -0.150542
vn -0.350524 0.824455 -0.444304
vn -0.342130 0.668931 -0.659908
vn -0.327265 0.534340 -0.779345
vn -0.313477 0.494615 -0.810610
vn -0.338865 0.508863 -0.791347
vn -0.361086 0.549184 -0.753667
vn -0.396485 0.688224 -0.607575
vn -0.402866 0.818087 -0.410405
vn -0.384647 0.881444 -0.274051
vn -0.372859 0.906357 -0.198728
vn -0.332244 0.934200 -0.129944
vn -0.363957 0.920143 -0.144472
vn -0.295073 0.949212 -0.109222
vn -0.257813 0.961059 -0.099488
vn -0.211422 0.972853 -0.094115
vn -0.150787 0.984558 -0.088929
vn -0.092193 0.992086 -0.085235
vn -0.040406 0.995588 -0.084688
vn 0.008698 0.996396 -0.084381
vn 0.045838 0.995598 -0.081756
vn 0.008911 0.998492 -0.054168
vn -0.041381 0.997792 -0.051941
vn 0.047120 0.997546 -0.051788
vn -0.092346 0.994659 -0.046112
vn -0.147646 0.988110 -0.042878
vn -0.204683 0.977730 -0.046357
vn -0.248837 0.966966 -0.055297
vn -0.284786 0.956224 -0.067321
vn -0.317471 0.944539 -0.084014
vn -0.347959 0.932059 -0.100952
vn -0.418975 0.882747 -0.212646
vn -0.405456 0.900143 -0.159210
vn -0.387813 0.914262 -0.117156
vn -0.424961 0.864200 -0.269381
vn -0.469326 0.813434 -0.343595
vn -0.449708 0.709771 -0.542207
vn -0.402833 0.574787 -0.712282
vn -0.551115 0.604997 -0.574675
vn -0.528106 0.702535 -0.477020
vn -0.586758 0.742449 -0.323240
vn -0.500280 0.833195 -0.235598
vn -0.632935 0.739495 -0.229218
vn -0.506738 0.843734 -0.177000
vn -0.500063 0.855192 -0.136323
vn -0.368496 0.925221 -0.090423
vn -0.481721 0.869260 -0.111054
vn -0.326666 0.942214 -0.074312
vn -0.297795 0.953015 -0.055512
vn -0.270661 0.961884 -0.039002
vn -0.238096 0.970875 -0.026703
vn -0.197542 0.980141 -0.017365
vn -0.147675 0.988928 -0.014618
vn -0.096192 0.995186 -0.018738
vn -0.037994 0.998803 -0.030792
vn -0.062195 0.998013 -0.010071
vn -0.028687 0.999482 -0.014618
vn -0.110106 0.993914 0.003540
vn -0.147400 0.989076 0.001129
vn -0.065795 0.997821 0.004944
vn -0.189790 0.981815 -0.004517
vn -0.225645 0.974082 -0.015747
vn -0.254154 0.966717 -0.029389
vn -0.277648 0.959652 -0.044495
vn -0.307099 0.949769 -0.060242
vn -0.351445 0.933176 -0.075288
vn -0.460781 0.882375 -0.095367
vn -0.682739 0.715476 -0.148193
vn -0.677278 0.724084 -0.130372
vn -0.668270 0.734882 -0.115600
vn -0.671547 0.719238 -0.178103
vn -0.757987 0.622723 -0.194090
vn -0.779051 0.604388 -0.166717
vn -0.782599 0.604027 -0.150636
vn -0.780755 0.609846 -0.136046
vn -0.779661 0.614580 -0.120086
vn -0.660998 0.743387 -0.102263
vn -0.780646 0.616021 -0.105409
vn -0.443535 0.892163 -0.085570
vn -0.338474 0.938241 -0.071687
vn -0.291966 0.954510 -0.060548
vn -0.259434 0.964643 -0.046449
vn -0.236202 0.971206 -0.031097
vn -0.211057 0.977342 -0.016083
vn -0.179749 0.983708 -0.002991
vn -0.143004 0.989704 0.005920
vn -0.107696 0.994134 0.009979
vn -0.068604 0.997603 0.009033
vn -0.101899 0.994791 0.002685
vn -0.133913 0.990980 -0.005097
vn -0.069519 0.997557 0.006927
vn -0.169006 0.985499 -0.015106
vn -0.196654 0.980093 -0.027283
vn -0.217679 0.975086 -0.042694
vn -0.242709 0.968333 -0.058503
vn -0.279725 0.957398 -0.071717
vn -0.331426 0.940136 -0.079378
vn -0.434786 0.896577 -0.084321
vn -0.654148 0.750546 -0.093659
vn -0.783677 0.613618 -0.096560
vn -0.795502 0.593433 -0.122528
vn -0.795069 0.597487 -0.104278
vn -0.797568 0.596020 -0.092986
vn -0.798621 0.585197 -0.140535
vn -0.801509 0.577864 -0.153808
vn -0.807066 0.569017 -0.157684
vn -0.805083 0.574968 -0.145782
vn -0.804163 0.580794 -0.126495
vn -0.804890 0.584391 -0.103148
vn -0.801886 0.590995 -0.087769
vn -0.785496 0.612266 -0.090149
vn -0.649663 0.754880 -0.089967
vn -0.436430 0.895134 -0.090912
vn -0.329465 0.939689 -0.091857
vn -0.270356 0.958835 -0.086854
vn -0.229611 0.970201 -0.077392
vn -0.200776 0.977480 -0.064972
vn -0.181883 0.982074 -0.049499
vn -0.157196 0.986965 -0.034485
vn -0.123076 0.992147 -0.022278
vn -0.142608 0.988276 -0.054535
vn -0.164979 0.983737 -0.071015
vn -0.112457 0.992793 -0.041412
vn -0.187806 0.978551 -0.084657
vn -0.221254 0.970770 -0.093018
vn -0.268036 0.958375 -0.098359
vn -0.334839 0.937131 -0.098328
vn -0.444641 0.890773 -0.093903
vn -0.647372 0.756831 -0.090088
vn -0.349828 0.931866 -0.096163
vn -0.276338 0.955539 -0.102875
vn -0.219390 0.969966 -0.105041
vn -0.178041 0.978828 -0.100984
vn -0.149353 0.984680 -0.089997
vn -0.127989 0.988851 -0.076110
vn -0.103270 0.992634 -0.063354
vn -0.085906 0.995775 -0.032440
vn -0.093599 0.995526 -0.012909
vn -0.080169 0.995288 -0.054535
vn -0.065246 0.997850 -0.006134
vn -0.059296 0.997925 -0.025086
vn -0.053741 0.997497 -0.045960
vn -0.073181 0.993896 -0.082550
vn -0.094757 0.991145 -0.093017
vn -0.047485 0.996294 -0.071716
vn -0.115877 0.987899 -0.103090
vn -0.138765 0.983898 -0.112642
vn -0.172851 0.977901 -0.117615
vn -0.225584 0.967583 -0.113555
vn -0.136658 0.982422 -0.127167
vn -0.109223 0.986550 -0.121614
vn -0.088012 0.989682 -0.113068
vn -0.065856 0.992301 -0.104888
vn -0.040924 0.994524 -0.096160
vn -0.027191 0.997554 -0.064392
vn -0.030121 0.998776 -0.039246
vn -0.021851 0.995853 -0.088318
vn -0.032867 0.999269 -0.019532
vn -0.035492 0.999366 -0.002930
vn -0.034851 0.999376 0.005829
vn -0.031555 0.999487 0.005463
vn -0.002258 0.999993 0.002868
vn -0.004456 0.999982 0.004120
vn -0.005066 0.999985 -0.002136
vn -0.004211 0.999846 -0.017029
vn -0.003326 0.999300 -0.037262
vn -0.002197 0.998118 -0.061280
vn 0.001343 0.996629 -0.082030
vn -0.014710 0.994388 -0.104768
vn -0.033630 0.993094 -0.112396
vn 0.006500 0.995088 -0.098786
vn -0.059936 0.990904 -0.120484
vn -0.084931 0.988383 -0.126039
vn -0.026734 0.992169 -0.122011
vn -0.008331 0.993154 -0.116515
vn 0.011200 0.993696 -0.111544
vn 0.029878 0.994967 -0.095643
vn 0.028535 0.996490 -0.078705
vn 0.032044 0.993671 -0.107665
vn 0.027406 0.997785 -0.060609
vn 0.026307 0.998954 -0.037415
vn 0.025330 0.999537 -0.016846
vn 0.025392 0.999674 -0.002838
vn 0.026429 0.999646 0.002960
vn 0.027620 0.999618 0.001068
vn 0.055514 0.998458 0.000702
vn 0.058962 0.998260 -0.000275
vn 0.051698 0.998651 -0.004883
vn 0.049379 0.998600 -0.018952
vn 0.048739 0.998057 -0.038819
vn 0.051363 0.996856 -0.060334
vn 0.054903 0.995459 -0.077760
vn 0.057711 0.993936 -0.093599
vn 0.060061 0.992656 -0.105012
vn 0.036134 0.992825 -0.113983
vn 0.015931 0.992775 -0.118928
vn 0.062013 0.991963 -0.110290
vn -0.003449 0.992346 -0.123445
vn -0.022430 0.991663 -0.126892
vn 0.019990 0.992826 -0.117889
vn 0.040743 0.992629 -0.114138
vn 0.065187 0.991810 -0.109832
vn 0.096683 0.989531 -0.107147
vn 0.093020 0.990351 -0.102722
vn 0.101078 0.989324 -0.104981
vn 0.088443 0.991913 -0.091034
vn 0.082950 0.993572 -0.077028
vn 0.078066 0.995110 -0.060516
vn 0.076388 0.996192 -0.042023
vn 0.077975 0.996682 -0.023346
vn 0.081454 0.996640 -0.008576
vn 0.085146 0.996365 -0.002777
vn 0.115361 0.993231 -0.013581
vn 0.118871 0.992899 -0.004731
vn 0.110904 0.993433 -0.028137
vn 0.108523 0.993001 -0.046600
vn 0.108890 0.992039 -0.063264
vn 0.114049 0.990489 -0.076967
vn 0.122012 0.988487 -0.089477
vn 0.130010 0.986397 -0.100587
vn 0.137852 0.985169 -0.102173
vn 0.147344 0.984258 -0.097596
vn 0.106418 0.989840 -0.094300
vn 0.070864 0.992374 -0.100861
vn 0.155612 0.983876 -0.088165
vn 0.044435 0.993368 -0.106048
vn 0.023713 0.993684 -0.109681
vn 0.161995 0.984056 -0.073427
vn 0.206516 0.975024 -0.081725
vn 0.197787 0.976026 -0.090850
vn 0.216318 0.974072 -0.066255
vn 0.187293 0.977511 -0.096924
vn 0.174900 0.979572 -0.099242
vn 0.165839 0.981939 -0.091065
vn 0.159155 0.984106 -0.078767
vn 0.153814 0.985872 -0.066315
vn 0.151494 0.987210 -0.049652
vn 0.152347 0.987813 -0.031891
vn 0.155952 0.987593 -0.018433
vn 0.207679 0.977604 -0.034058
vn 0.209082 0.976715 -0.048096
vn 0.266062 0.960910 -0.076569
vn 0.276434 0.959158 -0.059997
vn 0.225563 0.972840 -0.052002
vn 0.168615 0.983917 -0.058960
vn 0.286020 0.957094 -0.046509
vn 0.293866 0.955300 -0.032319
vn 0.360947 0.931590 -0.043092
vn 0.368968 0.929012 -0.028260
vn 0.461737 0.886975 -0.008576
vn 0.376658 0.926232 -0.014923
vn 0.298557 0.954235 -0.017273
vn 0.468311 0.883550 0.004913
vn 0.540511 0.841330 0.003418
vn 0.464921 0.885285 0.010864
vn 0.633207 0.773746 0.019135
vn 0.850505 0.525202 -0.028352
vn 0.976761 0.203189 -0.068206
vn 0.159034 0.987254 -0.006226
vn 0.159185 0.987246 -0.002350
vn 0.119176 0.992868 -0.003327
vn 0.156804 0.987580 -0.009919
vn 0.118503 0.992888 -0.011444
vn 0.092257 0.995694 -0.009095
vn 0.088535 0.996070 -0.002594
vn 0.116182 0.992968 -0.022736
vn 0.082492 0.996223 -0.027100
vn 0.153906 0.987892 -0.019532
vn 0.151950 0.987657 -0.038025
vn 0.111881 0.992857 -0.041443
vn 0.079227 0.995764 -0.046662
vn 0.043611 0.998435 -0.035004
vn 0.057435 0.998191 -0.017761
vn 0.033601 0.999257 -0.018890
vn 0.059907 0.998192 -0.004944
vn 0.028596 0.999583 -0.004059
vn 0.007233 0.999469 -0.031769
vn 0.003906 0.999866 -0.015869
vn 0.000732 0.999998 -0.001892
vn 0.074710 0.994242 -0.076814
vn 0.106327 0.991825 -0.070557
vn 0.148413 0.986827 -0.064393
vn 0.140629 0.985473 -0.095215
vn 0.130010 0.982733 -0.131654
vn 0.179203 0.976463 -0.120025
vn -0.027619 0.999617 0.001495
vn -0.828701 0.550734 -0.099731
vn -0.824090 0.552014 -0.127105
vn -0.866382 0.484841 -0.119627
vn -0.821470 0.550644 -0.148254
vn -0.858363 0.492139 -0.144958
vn -0.856166 0.487653 -0.170806
vn -0.825045 0.540026 -0.166352
vn -0.834105 0.521286 -0.180359
vn -0.873361 0.444537 -0.199068
vn -0.810647 0.561089 -0.167421
vn -0.895932 0.395854 -0.201507
vn -0.880241 0.422281 -0.216459
vn -0.929347 0.240942 -0.279753
vn -0.842741 0.502700 -0.192565
vn -0.817093 0.547858 -0.179471
vn -0.802518 0.573776 -0.163543
vn -0.802030 0.570634 -0.176422
vn -0.827890 0.505483 -0.243075
vn -0.848085 0.481034 -0.222168
vn -0.779083 0.578570 -0.241425
vn -0.877445 0.402937 -0.260255
vn -0.924844 0.175147 -0.337619
vn -0.904110 0.115787 -0.411314
vn -0.851803 -0.232421 -0.469480
vn -0.861304 0.392959 -0.322085
vn -0.755532 0.505911 -0.416203
vn -0.799610 0.402289 -0.445855
vn -0.716885 0.578842 -0.388609
vn -0.704808 0.647027 -0.290865
vn -0.402648 0.531204 -0.745451
vn -0.404484 0.516134 -0.754982
vn -0.562413 0.520741 -0.642278
vn -0.366489 0.521933 -0.770241
vn -0.633330 0.439160 -0.637206
vn -0.774088 0.140112 -0.617378
vn -0.863892 0.091647 -0.495270
vn -0.827593 -0.268398 -0.493003
vn -0.811421 -0.261685 -0.522606
vn -0.618795 0.264530 -0.739673
vn -0.787127 -0.178776 -0.590314
vn -0.446050 0.473988 -0.759194
vn -0.366513 0.483104 -0.795160
vn -0.350281 0.506944 -0.787599
vn -0.322139 0.498818 -0.804616
vn -0.321687 0.491532 -0.809267
vn -0.322053 0.475937 -0.818392
vn -0.301270 0.482193 -0.822634
vn -0.355712 0.428937 -0.830351
vn -0.469698 0.375898 -0.798802
vn -0.697063 0.015687 -0.716838
vn -0.484861 0.253852 -0.836940
vn -0.643764 -0.085510 -0.760432
vn -0.297727 0.433085 -0.850762
vn -0.337037 0.333934 -0.880281
vn -0.287502 0.465492 -0.837054
vn -0.266626 0.457981 -0.848035
vn -0.279843 0.469369 -0.837485
vn -0.296997 0.483230 -0.823578
vn -0.253634 0.444292 -0.859229
vn -0.264041 0.451221 -0.852457
vn -0.247771 0.436657 -0.864835
vn -0.241700 0.430678 -0.869539
vn 0.201846 -0.777576 -0.595511
vn 0.189246 -0.878179 -0.439303
vn 0.174965 -0.789287 -0.588570
vn 0.173771 -0.875908 -0.450099
vn 0.180060 -0.922644 -0.341036
vn 0.186191 -0.931021 -0.313900
vn 0.097384 -0.937460 -0.334194
vn 0.002319 -0.918091 -0.396362
vn 0.190497 -0.959688 -0.206665
vn 0.059968 -0.975061 -0.213682
vn -0.037507 -0.971569 -0.233767
vn 0.199529 -0.948787 -0.244933
vn 0.170232 -0.908417 -0.381836
vn 0.185246 -0.943538 -0.274626
vn 0.179419 -0.873141 -0.453248
vn 0.290107 -0.889888 -0.352049
vn 0.328319 -0.932498 -0.150513
vn 0.181553 -0.971245 -0.154021
vn 0.229468 -0.963374 -0.138762
vn 0.193458 -0.974158 -0.116578
vn 0.043062 -0.991677 -0.121339
vn -0.036896 -0.991513 -0.124664
vn -0.029755 -0.989896 -0.138641
vn -0.033111 -0.998898 -0.033264
vn 0.042085 -0.998377 -0.038360
vn -0.055238 -0.997267 -0.049073
vn 0.181126 -0.982994 -0.030273
vn 0.238136 -0.971130 -0.014068
vn 0.189063 -0.981787 -0.018677
vn 0.324746 -0.945369 -0.028595
vn 0.565717 -0.808709 -0.161101
vn 0.499077 -0.795300 -0.344121
vn 0.562427 -0.826785 -0.010101
vn 0.505753 -0.728303 -0.462372
vn 0.507852 -0.644523 -0.571556
vn 0.579516 -0.661866 -0.475495
vn 0.615347 -0.748996 -0.245667
vn 0.620377 -0.784114 0.017274
vn 0.496085 -0.850506 0.174752
vn 0.578256 -0.783588 0.227177
vn 0.305464 -0.943983 0.124853
vn 0.207802 -0.971261 0.116063
vn 0.213784 -0.971596 0.101475
vn 0.157901 -0.985309 0.065065
vn 0.056459 -0.996677 0.058718
vn -0.038819 -0.997171 0.064364
vn -0.093170 -0.994960 0.037080
vn 0.017121 -0.984933 -0.172090
vn -0.012695 -0.996727 -0.079833
vn -0.042236 -0.999104 0.002900
vn -0.047089 -0.987397 0.151098
vn -0.139189 -0.985034 0.101656
vn -0.056611 -0.995861 0.071109
vn 0.070651 -0.983099 0.168891
vn 0.131871 -0.971165 0.198616
vn 0.190224 -0.951730 0.240885
vn 0.217842 -0.942720 0.252633
vn 0.258552 -0.927640 0.269508
vn 0.380441 -0.864832 0.327614
vn 0.493697 -0.770110 0.403973
vn 0.576741 -0.764957 0.286723
vn 0.649362 -0.758319 0.057282
vn 0.457876 -0.746074 0.483451
vn 0.676347 -0.725947 -0.124724
vn 0.659218 -0.708117 -0.252986
vn 0.657001 -0.744200 0.120487
vn 0.527906 -0.767146 0.364420
vn 0.380713 -0.746754 0.545358
vn 0.350872 -0.752871 0.556843
vn 0.269263 -0.746149 0.608900
vn 0.411515 -0.769964 0.487659
vn 0.265759 -0.861156 0.433338
vn 0.185673 -0.931419 0.313026
vn 0.199562 -0.948675 0.245340
vn 0.179054 -0.939857 0.290875
vn 0.107120 -0.948398 0.298442
vn 0.055635 -0.962678 0.264871
vn -0.064667 -0.973969 0.217262
vn -0.218628 -0.961151 0.168493
vn 0.029999 -0.961507 0.273138
vn -0.138946 -0.962733 0.232031
vn -0.266112 -0.949091 0.168553
vn 0.135534 -0.962961 0.233103
vn 0.193425 -0.970546 0.143620
vn 0.191322 -0.977150 0.092594
vn 0.120334 -0.984005 0.131352
vn 0.078006 -0.960456 0.267283
vn 0.177619 -0.982429 0.057314
vn 0.142981 -0.900799 0.410022
vn 0.289777 -0.784342 0.548486
vn 0.235479 -0.825678 0.512646
vn 0.234322 -0.763187 0.602194
vn 0.245488 -0.739798 0.626446
vn 0.302830 -0.747058 0.591775
vn 0.134192 -0.744882 0.653562
vn 0.158603 -0.738272 0.655591
vn 0.135653 -0.770347 0.623029
vn 0.441784 -0.770046 0.460278
vn 0.219734 -0.743077 0.632103
vn 0.345500 -0.792144 0.503128
vn -0.085631 -0.737632 0.669751
vn -0.299072 -0.729859 0.614704
vn -0.156863 -0.770460 0.617888
vn 0.196483 -0.832355 0.518247
vn -0.046509 -0.933561 0.355388
vn 0.217443 -0.799035 0.560590
vn 0.013855 -0.945342 0.325785
vn 0.145086 -0.873999 0.463763
vn 0.215979 -0.837796 0.501448
vn -0.052582 -0.977478 0.204383
vn 0.007965 -0.993063 0.117312
vn 0.058688 -0.986648 0.151924
vn 0.227695 -0.971056 0.072145
vn 0.226384 -0.968404 0.104617
vn -0.111114 -0.960961 0.253394
vn -0.000183 -0.937083 0.349106
vn -0.117432 -0.923220 0.365888
vn 0.175511 -0.943600 0.280739
vn -0.085815 -0.943237 0.320841
vn 0.060030 -0.921996 0.382519
vn 0.262643 -0.899845 0.348279
vn 0.353191 -0.904268 0.239907
vn 0.422218 -0.888996 0.177249
vn 0.192814 -0.980884 -0.026245
vn -0.328339 -0.893923 -0.305115
vn -0.451483 -0.837840 0.306898
vn -0.199981 -0.804410 0.559403
vn 0.146945 -0.771352 0.619212
vn -0.581931 -0.812243 -0.040221
vn 0.092289 -0.889233 0.448048
vn 0.006928 -0.994281 0.106570
vn 0.409922 -0.890802 0.196050
vn -0.640405 -0.677117 -0.362484
vn -0.117707 -0.918647 -0.377139
vn 0.403056 -0.870967 -0.281004
vn -0.284087 -0.687804 -0.667997
vn 0.359541 -0.726964 -0.585025
vn 0.665822 -0.739990 -0.095367
vn 0.608332 -0.766335 0.206552
vn -0.131988 -0.870328 -0.474455
vn -0.663233 -0.586604 -0.464778
vn 0.410227 -0.899529 -0.150206
vn 0.095951 -0.937692 -0.333957
vn -0.431766 -0.817603 -0.380923
vn 0.433668 -0.884582 -0.171600
vn -0.826967 -0.560548 -0.043731
vn -0.495333 -0.866277 0.064883
vn 0.164037 -0.971926 0.168676
vn 0.448311 -0.850574 0.274846
vn 0.530959 -0.808835 0.252723
vn 0.519637 -0.854275 -0.013855
vn 0.558882 -0.795802 0.233130
vn 0.410234 -0.692513 0.593409
vn 0.108188 -0.671510 0.733056
vn 0.488906 -0.693328 0.529404
vn 0.057497 -0.764431 0.642137
vn -0.329989 -0.740880 0.584983
vn -0.527397 -0.563072 0.636241
vn -0.796092 -0.458746 0.394701
vn -0.107421 -0.506769 0.855363
vn 0.233557 -0.588927 0.773703
vn 0.257517 -0.591434 0.764127
vn 0.533949 -0.690914 0.487378
vn 0.572410 -0.775245 0.267100
vn 0.464180 -0.627188 0.625437
vn 0.533100 -0.840153 0.099735
vn 0.372876 -0.896608 0.238869
vn 0.466045 -0.824823 0.320107
vn 0.487341 -0.741166 0.461706
vn 0.455454 -0.691766 0.560376
vn 0.125033 -0.551539 0.824725
vn 0.402843 -0.587676 0.701680
vn 0.398453 -0.666845 0.629724
vn -0.177369 -0.443636 0.878480
vn -0.218168 -0.464136 0.858476
vn -0.263157 -0.449835 0.853462
vn 0.041902 -0.518187 0.854241
vn 0.326729 -0.583736 0.743304
vn 0.332158 -0.673298 0.660562
vn 0.357983 -0.705049 0.612172
vn 0.315776 -0.736635 0.598042
vn 0.367193 -0.702565 0.609567
vn 0.239965 -0.803552 0.544721
vn 0.146581 -0.894533 0.422286
vn 0.068544 -0.936420 0.344122
vn -0.116728 -0.922414 0.368141
vn -0.084564 -0.854460 0.512588
vn 0.025972 -0.731396 0.681459
vn 0.157353 -0.670898 0.724662
vn 0.271218 -0.661988 0.698722
vn 0.350321 -0.681516 0.642504
vn 0.390145 -0.691370 0.608107
vn 0.371747 -0.711368 0.596456
vn 0.261847 -0.706447 0.657548
vn 0.228038 -0.610941 0.758123
vn -0.016693 -0.528626 0.848691
vn -0.279661 -0.468442 0.838064
vn -0.299290 -0.548133 0.781009
vn -0.064453 -0.620238 0.781761
vn 0.085329 -0.721921 0.686694
vn 0.117222 -0.860538 0.495715
vn 0.357400 -0.873317 0.331033
vn 0.463089 -0.809419 0.361096
vn 0.236243 -0.706083 0.667560
vn 0.185552 -0.644041 0.742147
vn 0.237066 -0.748681 0.619093
vn 0.111545 -0.582761 0.804952
vn 0.049134 -0.580135 0.813037
vn -0.004761 -0.638456 0.769644
vn -0.075195 -0.800257 0.594924
vn -0.015686 -0.767604 0.640732
vn 0.003479 -0.600307 0.799762
vn 0.017182 -0.545417 0.837988
vn 0.028596 -0.537602 0.842714
vn 0.048433 -0.598967 0.799308
vn 0.066806 -0.704936 0.706118
vn 0.052065 -0.784710 0.617673
vn 0.490770 -0.858493 0.148778
vn 0.293465 -0.887358 0.355632
vn 0.065859 -0.887537 0.456005
vn 0.497881 -0.862216 -0.093262
vn 0.239360 -0.970443 -0.030762
vn 0.535870 -0.839319 -0.091582
vn -0.127991 -0.978917 0.159186
vn -0.119903 -0.905693 0.406625
vn -0.131927 -0.796046 0.590682
vn -0.252959 -0.853694 0.455212
vn -0.315828 -0.928043 0.197456
vn -0.294984 -0.954991 0.031251
vn 0.113955 -0.989768 -0.085875
vn 0.502912 -0.855739 -0.121612
vn 0.587882 -0.806189 -0.066742
vn 0.435501 -0.899540 0.034151
vn 0.559985 -0.828493 -0.004028
vn 0.212558 -0.948502 0.234867
vn -0.149902 -0.863980 0.480696
vn -0.146821 -0.803229 0.577293
vn -0.157045 -0.903239 0.399370
vn -0.117188 -0.716615 0.687553
vn -0.076385 -0.609764 0.788894
vn -0.035064 -0.551569 0.833392
vn -0.009766 -0.547798 0.836554
vn 0.008972 -0.605186 0.796034
vn -0.055573 -0.616643 0.785279
vn 0.045686 -0.687136 0.725091
vn -0.156432 -0.612972 0.774464
vn -0.248717 -0.669400 0.700031
vn -0.307859 -0.726588 0.614242
vn -0.312898 -0.775606 0.548206
vn -0.295625 -0.827426 0.477464
vn -0.281033 -0.878101 0.387245
vn 0.109834 -0.971757 0.208866
vn -0.151885 -0.947382 0.281776
vn -0.263981 -0.917432 0.297712
vn 0.514665 -0.855196 0.061312
vn 0.254890 -0.955077 0.151189
vn 0.581632 -0.789412 0.196299
vn 0.634110 -0.748104 0.195562
vn 0.565112 -0.802735 0.190436
vn 0.524002 -0.835081 0.167516
vn 0.043276 -0.987618 0.150793
vn 0.454551 -0.765608 0.455223
vn 0.036591 -0.909508 0.414072
vn 0.569564 -0.715755 0.404093
vn 0.526176 -0.778024 0.343246
vn 0.529892 -0.789061 0.310800
vn 0.310195 -0.928817 0.202677
vn 0.291630 -0.916824 0.272739
vn -0.077760 -0.975599 0.205331
vn -0.044982 -0.978200 0.202733
vn -0.238036 -0.942469 0.234717
vn -0.365085 -0.834603 0.412493
vn -0.304103 -0.904192 0.299932
vn -0.275179 -0.931433 0.238138
vn -0.442330 -0.741805 0.504053
vn -0.520718 -0.665584 0.534650
vn -0.548030 -0.650141 0.526288
vn -0.497533 -0.666266 0.555473
vn -0.659429 -0.633397 0.404923
vn -0.518649 -0.610812 0.598257
vn -0.426724 -0.619167 0.659196
vn -0.341099 -0.675270 0.653958
vn -0.240204 -0.810456 0.534288
vn -0.150267 -0.917412 0.368478
vn -0.287417 -0.934336 0.210733
vn -0.106294 -0.972359 0.207894
vn -0.279052 -0.938809 0.201910
vn -0.229953 -0.952374 0.200265
vn -0.071717 -0.975048 0.210092
vn -0.235410 -0.955494 0.177799
vn 0.236487 -0.922604 0.304757
vn 0.487500 -0.798823 0.352456
vn -0.124909 -0.970248 0.207405
vn 0.496194 -0.785481 0.369880
vn 0.474436 -0.772025 0.422952
vn 0.391182 -0.801322 0.452615
vn 0.426220 -0.815153 0.392253
vn 0.443156 -0.827814 0.344002
vn 0.147803 -0.951214 0.270825
vn -0.165772 -0.969027 0.183051
vn -0.235929 -0.956928 0.169193
vn -0.221772 -0.957798 0.182868
vn -0.289460 -0.941958 0.170080
vn -0.314426 -0.935161 0.163124
vn -0.325931 -0.934458 0.143378
vn -0.160706 -0.985535 0.053804
vn 0.294928 -0.942434 0.157596
vn 0.323650 -0.841160 0.433243
vn 0.155551 -0.984056 -0.086241
vn 0.263711 -0.719881 0.642050
vn 0.191015 -0.615538 0.764609
vn 0.143130 -0.597953 0.788648
vn 0.540814 -0.486935 0.685868
vn 0.642895 -0.463038 0.610149
vn 0.399430 -0.889808 -0.220674
vn -0.278441 -0.959650 0.039277
vn 0.004822 -0.995883 -0.090515
vn 0.329870 -0.927782 -0.174375
vn -0.393100 -0.909615 0.134436
vn -0.314485 -0.923437 0.219918
vn -0.359797 -0.888111 0.286016
vn -0.191526 -0.959888 0.204777
vn -0.197844 -0.956508 0.214361
vn -0.259034 -0.919590 0.295390
vn 0.011048 -0.968086 0.250376
vn 0.301034 -0.909392 0.287026
vn -0.001465 -0.977557 0.210667
vn 0.336532 -0.924297 0.180062
vn -0.205111 -0.954326 0.217234
vn -0.171690 -0.955891 0.238317
vn -0.169953 -0.933106 0.316905
vn -0.284179 -0.868743 0.405621
vn -0.171449 -0.869179 0.463825
vn -0.329344 -0.926936 0.179784
vn -0.060853 -0.891153 0.449604
vn -0.079284 -0.977536 0.195288
vn -0.029388 -0.857603 0.513473
vn 0.269266 -0.957188 0.106236
vn 0.438060 -0.852077 0.286476
vn 0.325969 -0.781465 0.532030
vn 0.046846 -0.793267 0.607069
vn 0.267648 -0.721223 0.638906
vn -0.098908 -0.947515 0.304027
vn -0.107392 -0.968632 0.224099
vn -0.130614 -0.986502 0.098757
vn 0.061067 -0.997466 -0.036499
vn 0.339699 -0.934746 -0.104186
vn 0.468769 -0.863077 0.188027
vn 0.445203 -0.891234 -0.086578
vn 0.320018 -0.876893 -0.358673
vn 0.249401 -0.869429 -0.426489
vn 0.144809 -0.920431 -0.363094
vn 0.061708 -0.983576 -0.169616
vn 0.047915 -0.998211 0.035768
vn -0.002869 -0.981642 0.190713
vn 0.299815 -0.940312 -0.161011
vn 0.254589 -0.877760 -0.405859
vn 0.225073 -0.835079 -0.501981
vn 0.232459 -0.822629 -0.518888
vn 0.174292 -0.848179 -0.500215
vn 0.307774 -0.928452 -0.207974
vn 0.404590 -0.913373 -0.045350
vn 0.124393 -0.932064 -0.340269
vn 0.420240 -0.887726 0.187994
vn 0.280224 -0.948649 0.146765
vn 0.233377 -0.893043 0.384720
vn 0.251412 -0.967836 0.009278
vn 0.149569 -0.986770 -0.062560
vn -0.031036 -0.992973 -0.114196
vn -0.024658 -0.949458 -0.312925
vn -0.202604 -0.978718 -0.032592
vn 0.093998 -0.881847 -0.462072
vn 0.338512 -0.884311 -0.321565
vn 0.371103 -0.822078 -0.431821
vn 0.467060 -0.866372 -0.176790
vn 0.477306 -0.824518 -0.303892
vn 0.487352 -0.873051 -0.016418
vn 0.553634 -0.829740 -0.070861
vn 0.482623 -0.861150 0.159674
vn 0.493824 -0.855201 0.157385
vn 0.543449 -0.825876 0.150306
vn 0.224312 -0.958561 -0.175629
vn -0.024262 -0.980906 -0.192964
vn 0.258129 -0.949597 0.177864
vn -0.128542 -0.986248 -0.103883
vn -0.231843 -0.972753 -0.000549
vn -0.198762 -0.977820 0.066043
vn -0.140929 -0.989460 0.033296
vn -0.239257 -0.961909 0.132236
vn -0.232849 -0.953429 0.191717
vn -0.198180 -0.971096 0.133030
vn -0.048554 -0.997289 0.055300
vn 0.026917 -0.996578 0.078158
vn 0.065126 -0.990801 0.118624
vn -0.252197 -0.956449 0.146977
vn -0.202483 -0.967401 0.152104
vn -0.296110 -0.949670 0.102206
vn -0.262082 -0.964253 0.039094
vn -0.201632 -0.977552 0.061130
vn -0.172366 -0.978437 0.113805
vn -0.151215 -0.972323 0.178107
vn -0.166624 -0.975088 0.146427
vn -0.119874 -0.953746 0.275677
vn -0.165528 -0.926855 0.336957
vn -0.177397 -0.971394 0.157871
vn -0.075044 -0.900949 0.427386
vn -0.095275 -0.981468 0.166264
vn 0.160802 -0.872927 0.460587
vn -0.073304 -0.901987 0.425494
vn 0.287060 -0.820352 0.494589
vn 0.015442 -0.837460 0.546280
vn 0.070955 -0.898306 0.433603
vn 0.093539 -0.816711 0.569415
vn -0.354554 -0.933597 -0.051849
vn -0.468846 -0.880472 0.070377
vn -0.480661 -0.855760 0.191416
vn -0.465975 -0.865727 0.182715
vn -0.553369 -0.817495 0.159641
vn -0.632957 -0.756277 0.165561
vn -0.412753 -0.910376 -0.029175
vn -0.289582 -0.946598 -0.141754
vn -0.548154 -0.835536 0.037507
vn -0.638099 -0.760048 0.123113
vn -0.677665 -0.724753 0.124514
vn -0.510924 -0.843382 0.166326
vn -0.663552 -0.741526 0.099187
vn -0.268734 -0.944752 0.187687
vn -0.593929 -0.794520 0.126438
vn -0.374518 -0.904709 0.203074
vn -0.688414 -0.716765 0.111057
vn -0.634164 -0.759318 0.145850
vn -0.592216 -0.798847 0.105471
vn -0.554742 -0.811361 0.184269
vn -0.599707 -0.794472 0.095738
vn -0.565726 -0.823290 -0.046355
vn -0.598025 -0.798252 -0.071838
vn -0.551331 -0.783112 0.287698
vn -0.629113 -0.748710 0.208928
vn -0.634058 -0.757958 0.153202
vn -0.504762 -0.840150 0.198401
vn -0.425627 -0.864345 0.267860
vn -0.319189 -0.894210 0.313858
vn -0.199647 -0.941839 0.270335
vn -0.082459 -0.978644 0.188301
vn 0.036927 -0.957612 0.285684
vn -0.103149 -0.902679 0.417768
vn -0.239133 -0.868673 0.433846
vn -0.431617 -0.850967 0.299270
vn -0.456884 -0.864604 0.209085
vn -0.444271 -0.880364 0.166081
vn -0.513914 -0.804898 0.296700
vn -0.599366 -0.749665 0.280649
vn -0.523195 -0.763400 0.378797
vn -0.476772 -0.771569 0.421152
vn -0.409731 -0.822147 0.395216
vn -0.385496 -0.883113 0.267402
vn -0.347963 -0.925847 0.147406
vn -0.315008 -0.891799 0.324753
vn -0.186765 -0.860586 0.473825
vn 0.221722 -0.835223 0.503231
vn 0.039338 -0.858096 0.511980
vn 0.155494 -0.860301 0.485494
vn -0.624256 -0.779008 -0.058745
vn 0.209390 -0.775460 0.595666
vn 0.304876 -0.773703 0.555369
vn 0.419716 -0.816580 0.396278
vn 0.301585 -0.796513 0.524036
vn 0.180579 -0.853458 0.488878
vn 0.468176 -0.817948 0.334324
vn 0.475108 -0.834892 0.277899
vn 0.524337 -0.840512 0.136417
vn 0.013642 -0.984263 0.176185
vn 0.603797 -0.494497 0.625221
vn 0.778941 -0.514883 0.357976
vn 0.788981 -0.459129 0.408300
vn 0.080476 -0.574820 0.814313
vn 0.509382 -0.620480 0.596267
vn 0.588709 -0.759072 0.277905
vn 0.023804 -0.707170 0.706643
vn 0.517296 -0.854625 -0.044953
vn 0.757812 -0.647284 0.082126
vn 0.810068 -0.556508 0.184633
vn 0.665120 -0.731170 0.151677
vn 0.730423 -0.647272 0.217992
vn 0.730498 -0.609656 0.307721
vn 0.442851 -0.890192 0.106967
vn 0.078065 -0.996842 -0.014526
vn 0.187077 -0.974328 0.125247
vn 0.010590 -0.966119 0.257880
vn -0.421477 -0.683562 0.595903
vn -0.491972 -0.817471 0.299508
vn -0.282659 -0.920731 0.268995
vn -0.565975 -0.681514 0.463909
vn 0.010559 -0.969764 0.243815
vn 0.068118 -0.953838 0.292493
vn 0.189184 -0.891202 0.412273
vn 0.351292 -0.769640 0.533149
vn 0.531569 -0.639341 0.555587
vn 0.590505 -0.593783 0.546558
vn 0.610371 -0.585267 0.533770
vn 0.669824 -0.543216 0.506213
vn 0.732331 -0.558906 0.388994
vn 0.596849 -0.543578 0.590165
vn 0.643911 -0.532929 0.548968
vn 0.716646 -0.487739 0.498527
vn 0.522777 -0.591334 0.614027
vn 0.353068 -0.713408 0.605303
vn 0.190005 -0.799884 0.569284
vn 0.133853 -0.842707 0.521467
vn 0.045838 -0.871324 0.488563
vn -0.084779 -0.932657 0.350661
vn 0.118227 -0.971059 0.207524
vn 0.025910 -0.973072 0.229039
vn 0.031464 -0.888843 0.457131
vn -0.175539 -0.760536 0.625117
vn -0.365786 -0.666508 0.649591
vn 0.261179 -0.898534 0.352735
vn 0.300730 -0.935642 0.184760
vn 0.183141 -0.852720 0.489211
vn 0.139653 -0.972660 0.185553
vn -0.181060 -0.939936 0.289375
vn -0.101105 -0.914858 0.390913
vn -0.183474 -0.941874 0.281445
vn 0.075930 -0.899510 0.430252
vn 0.355814 -0.799467 0.483992
vn 0.590658 -0.620395 0.515979
vn 0.678998 -0.542962 0.494119
vn 0.715452 -0.516423 0.470569
vn 0.765990 -0.459415 0.449663
vn 0.738884 -0.522278 0.425764
vn 0.780959 -0.493677 0.382606
vn 0.828523 -0.444370 0.340711
vn 0.613452 -0.659484 0.434461
vn 0.365764 -0.866606 0.339427
vn 0.113256 -0.956159 0.270062
vn 0.094972 -0.976520 0.193363
vn 0.011750 -0.969435 0.245067
vn -0.117400 -0.971575 0.205570
vn -0.160340 -0.979281 0.123692
vn -0.188354 -0.950956 0.245369
vn 0.058534 -0.973533 0.220922
vn 0.277257 -0.954029 0.113833
vn 0.217538 -0.965921 0.140265
vn 0.275429 -0.939237 0.204871
vn 0.075625 -0.791929 0.605913
vn -0.037873 -0.990584 0.131567
vn 0.060335 -0.994162 0.089449
vn 0.270635 -0.950369 0.153476
vn 0.048097 -0.998743 -0.014099
vn 0.262184 -0.964385 -0.034942
vn 0.637745 -0.740082 0.213447
vn 0.668698 -0.739540 -0.076966
vn 0.051332 -0.994024 -0.096344
vn 0.302256 -0.944278 -0.130310
vn 0.705305 -0.681328 -0.195798
vn 0.100193 -0.970712 -0.218355
vn 0.310676 -0.920770 -0.235930
vn 0.881013 -0.459933 -0.110810
vn 0.843001 -0.505974 0.182590
vn 0.890628 -0.444217 0.097233
vn 0.917029 -0.367405 -0.155153
vn 0.929464 -0.306394 -0.205473
vn 0.914413 -0.402138 0.046206
vn 0.932927 -0.290072 -0.213319
vn 0.939180 -0.343202 0.012421
vn 0.878111 -0.373261 0.299326
vn 0.970368 -0.238617 -0.038056
vn 0.936431 -0.255066 0.240913
vn 0.819961 -0.382411 0.425941
vn 0.874289 -0.296354 0.384439
vn 0.953275 -0.098511 0.285592
vn 0.795032 -0.410581 0.446483
vn -0.328768 -0.754950 -0.567417
vn -0.354892 -0.816229 -0.455875
vn -0.359436 -0.822205 -0.441345
vn -0.408208 -0.899455 -0.156038
vn -0.361723 -0.929409 -0.073181
vn -0.299832 -0.916831 -0.263669
vn -0.108978 -0.881435 -0.459562
vn -0.043457 -0.900148 -0.433411
vn 0.159550 -0.863092 -0.479183
vn 0.191170 -0.875408 -0.443975
vn 0.142153 -0.822952 -0.550038
vn 0.524921 -0.759311 -0.384584
vn 0.410290 -0.837188 -0.361633
vn 0.202889 -0.861336 -0.465764
vn 0.154636 -0.764487 -0.625817
vn 0.073519 -0.782679 -0.618068
vn 0.405864 -0.900510 -0.156066
vn 0.654104 -0.751924 -0.082214
vn 0.327707 -0.922240 -0.205139
vn 0.750170 -0.595943 -0.286527
vn 0.807983 -0.572239 -0.140382
vn 0.751695 -0.460232 -0.472378
vn 0.656829 -0.730907 0.185342
vn 0.246833 -0.953611 0.172338
vn 0.597196 -0.718822 0.355882
vn 0.048707 -0.821342 -0.568353
vn -0.000336 -0.927825 -0.373016
vn 0.039918 -0.729371 -0.682953
vn 0.193428 -0.721685 -0.664647
vn -0.114408 -0.673144 -0.730608
vn -0.164063 -0.749025 -0.641908
vn -0.056489 -0.954264 -0.293582
vn -0.079651 -0.970397 0.228004
vn -0.079835 -0.841318 -0.534613
vn 0.170631 -0.750404 0.638576
vn 0.411112 -0.736781 0.536787
vn -0.085327 -0.733001 0.674855
vn 0.738636 -0.673703 -0.023254
vn 0.772106 -0.620993 0.134981
vn 0.554830 -0.400942 -0.728978
vn 0.449963 -0.356200 -0.818935
vn 0.617410 -0.518363 -0.591696
vn 0.327285 -0.409644 -0.851514
vn 0.015503 -0.270994 -0.962456
vn 0.011506 -0.366304 -0.930424
vn 0.045472 -0.326656 -0.944049
vn 0.063631 -0.451537 -0.889981
vn 0.602064 -0.724664 -0.335233
vn 0.093631 -0.843234 -0.529329
vn 0.548806 -0.794971 0.258519
vn 0.107120 -0.713778 0.692132
vn -0.357303 -0.781318 0.511739
vn -0.514129 -0.624298 0.588153
vn -0.142973 -0.987994 0.058534
vn 0.040834 -0.929935 -0.365449
vn 0.079958 -0.882227 -0.463986
vn 0.135320 -0.902805 -0.408205
vn 0.153877 -0.897749 -0.412756
vn 0.135319 -0.894622 -0.425841
vn -0.017212 -0.978177 -0.207061
vn -0.442013 -0.895745 0.047609
vn -0.741023 -0.561306 0.368539
vn -0.787995 -0.610535 0.079440
vn -0.554498 -0.826925 0.093416
vn -0.437349 -0.649142 0.622367
vn -0.850153 -0.525875 0.026368
vn -0.025207 -0.699370 0.714315
vn 0.101749 -0.972353 0.210182
vn -0.448550 -0.783422 -0.430178
vn -0.568849 -0.495363 -0.656526
vn -0.823815 -0.394680 -0.406887
vn -0.838923 -0.526425 -0.138152
vn -0.759600 -0.363198 -0.539532
vn -0.392768 -0.860519 -0.324407
vn -0.607083 -0.709134 -0.358580
vn 0.258885 -0.874560 -0.410028
vn 0.138248 -0.813320 -0.565152
vn 0.346540 -0.868659 -0.354037
vn 0.363694 -0.866375 -0.342229
vn 0.254036 -0.923218 -0.288330
vn 0.151248 -0.903981 -0.399928
vn 0.205479 -0.958057 -0.199765
vn 0.425972 -0.901631 -0.074889
vn -0.012115 -0.903593 -0.428221
vn 0.565024 -0.792303 -0.230226
vn 0.564378 -0.711150 -0.419219
vn 0.500531 -0.666225 -0.552822
vn 0.385261 -0.624321 -0.679557
vn -0.071380 -0.806967 -0.586267
vn 0.242892 -0.653858 -0.716570
vn -0.573306 -0.570010 -0.588565
vn -0.207249 -0.807878 -0.551708
vn -0.445032 -0.294887 -0.845570
vn -0.379577 -0.333068 -0.863126
vn -0.246613 -0.465424 -0.850037
vn -0.363131 -0.649418 -0.668126
vn -0.185543 -0.822980 -0.536914
vn 0.074221 -0.747130 -0.660521
vn -0.073792 -0.829387 -0.553779
vn -0.073334 -0.529513 -0.845126
vn -0.216189 -0.569861 -0.792794
vn 0.044007 -0.558065 -0.828629
vn 0.178840 -0.632055 -0.754004
vn 0.345348 -0.697479 -0.627899
vn 0.592702 -0.788120 -0.166047
vn 0.470712 -0.876607 0.099947
vn 0.222844 -0.972341 0.069948
vn 0.001892 -0.980329 -0.197360
vn 0.238228 -0.932925 0.269998
vn 0.308728 -0.927713 0.209848
vn -0.051392 -0.979954 0.192481
vn -0.012298 -0.958427 0.285071
vn -0.094575 -0.994422 -0.046692
vn 0.321878 -0.937497 -0.132263
vn 0.148199 -0.776462 -0.612490
vn -0.337005 -0.554625 -0.760801
vn -0.314731 -0.486212 -0.815195
vn -0.349976 -0.694368 -0.628785
vn -0.368101 -0.439939 -0.819118
vn -0.411960 -0.410831 -0.813331
vn -0.440400 -0.426759 -0.789889
vn -0.342039 -0.695888 -0.631466
vn -0.487246 -0.563114 -0.667453
vn -0.402277 -0.771108 -0.493523
vn -0.144409 -0.863186 -0.483793
vn -0.532193 -0.674129 -0.512173
vn -0.591853 -0.703730 -0.393032
vn -0.507598 -0.528167 -0.680723
vn -0.535944 -0.637292 -0.553735
vn -0.501651 -0.408267 -0.762669
vn -0.489649 -0.373775 -0.787741
vn -0.461123 -0.372500 -0.805363
vn -0.561765 -0.383696 -0.732937
vn -0.627868 -0.481689 -0.611358
vn -0.685846 -0.616725 -0.386349
vn -0.197295 -0.963069 -0.183226
vn -0.592924 -0.785275 -0.178283
vn -0.039428 -0.973346 0.225926
vn -0.491081 -0.863054 0.118227
vn -0.698642 -0.715365 -0.012359
vn -0.781504 -0.561927 -0.271091
vn -0.779292 -0.472440 -0.411710
vn -0.782741 -0.617612 -0.076629
vn -0.693606 -0.390657 -0.605226
vn -0.586342 -0.366002 -0.722666
vn -0.696013 -0.383666 -0.606932
vn -0.596061 -0.426325 -0.680410
vn -0.559175 -0.527162 -0.639863
vn -0.553073 -0.609927 -0.567538
vn -0.598939 -0.672761 -0.434357
vn -0.602817 -0.652042 -0.459841
vn -0.702177 -0.392028 -0.594358
vn -0.713318 -0.427735 -0.555176
vn -0.790892 -0.447295 -0.417632
vn -0.785046 -0.428321 -0.447486
vn -0.828108 -0.539865 -0.150942
vn -0.821292 -0.529543 -0.212281
vn -0.720702 -0.692686 0.027833
vn -0.482947 -0.863750 0.143866
vn -0.796629 -0.602050 -0.054016
vn -0.337492 -0.911312 0.235816
vn -0.374090 -0.921828 -0.101442
vn -0.643517 -0.738731 -0.200406
vn -0.743806 -0.621949 -0.244812
vn -0.792638 -0.600956 -0.102845
vn -0.719172 -0.617641 -0.318296
vn -0.814899 -0.512383 -0.270931
vn -0.785613 -0.599670 -0.152343
vn -0.765626 -0.452271 -0.457459
vn -0.792826 -0.516241 -0.323917
vn -0.729316 -0.582342 -0.359134
vn -0.627413 -0.538210 -0.562746
vn -0.492713 -0.605599 -0.624886
vn -0.218596 -0.812983 -0.539699
vn -0.083587 -0.918364 -0.386809
vn -0.143492 -0.925682 -0.350033
vn 0.042421 -0.831546 -0.553834
vn -0.059815 -0.695868 -0.715674
vn -0.355706 -0.555776 -0.751390
vn -0.282899 -0.528994 -0.800083
vn 0.083071 -0.671140 -0.736661
vn 0.193213 -0.789766 -0.582185
vn -0.140993 -0.900674 -0.410984
vn 0.331579 -0.751791 -0.569969
vn 0.210120 -0.674926 -0.707336
vn -0.242099 -0.609077 -0.755257
vn -0.660140 -0.459910 -0.593884
vn -0.236296 -0.705104 -0.668575
vn 0.252110 -0.699086 -0.669118
vn 0.248267 -0.893917 -0.373197
vn -0.016235 0.992693 0.119570
vn 0.002228 0.994732 0.102482
vn -0.035370 0.993806 0.105350
vn -0.017486 0.996298 0.084169
vn -0.039246 0.997785 0.053713
vn -0.057495 0.995428 0.076266
vn -0.021362 0.999323 0.029969
vn -0.101561 0.992206 0.072206
vn -0.082062 0.995491 0.047578
vn -0.065583 0.997661 0.019257
vn -0.047454 0.998829 -0.009400
vn -0.002319 0.999983 0.005371
vn -0.025360 0.999102 -0.033935
vn -0.073761 0.996485 -0.039703
vn -0.095305 0.995378 -0.011810
vn -0.047546 0.996821 -0.063934
vn -0.111115 0.993657 0.017273
vn -0.127198 0.990971 0.042390
vn -0.122896 0.987955 0.094028
vn -0.145631 0.987405 0.061831
vn -0.169160 0.985233 0.026459
vn -0.153841 0.988077 0.006103
vn -0.139191 0.990144 -0.015534
vn -0.122926 0.991614 -0.039887
vn -0.097871 0.993112 -0.064423
vn -0.068786 0.993915 -0.086028
vn -0.021149 0.996199 -0.084505
vn -0.036987 0.994022 -0.102723
vn 0.013336 0.994737 -0.101592
vn -0.000916 0.993303 -0.115538
vn -0.049470 0.992962 -0.107607
vn -0.086060 0.991832 -0.094148
vn -0.011230 0.993003 -0.117553
vn -0.117615 0.989989 -0.078034
vn -0.145080 0.987577 -0.060364
vn -0.163483 0.985660 -0.041810
vn -0.180358 0.983331 -0.023041
vn -0.194395 0.980916 -0.003662
vn -0.188017 0.981162 0.044404
vn -0.210297 0.977509 0.015839
vn -0.218139 0.973994 0.061250
vn -0.237154 0.970864 0.034364
vn -0.231510 0.972825 -0.003754
vn -0.254239 0.967089 0.010040
vn -0.216154 0.976184 -0.018494
vn -0.203033 0.978607 -0.033264
vn -0.183627 0.981823 -0.048005
vn -0.160919 0.985012 -0.062103
vn -0.132566 0.988297 -0.075469
vn -0.098144 0.991362 -0.087006
vn -0.059814 0.993552 -0.096313
vn -0.018951 0.994348 -0.104461
vn 0.033692 0.991562 -0.125181
vn 0.027650 0.993498 -0.110443
vn 0.089480 0.987266 -0.131530
vn 0.083317 0.989792 -0.115633
vn 0.023896 0.996679 -0.077851
vn -0.024292 0.996905 -0.074767
vn 0.078188 0.993616 -0.081329
vn -0.065582 0.995262 -0.071777
vn -0.106476 0.992067 -0.066834
vn -0.143709 0.987893 -0.058442
vn -0.172701 0.983774 -0.048615
vn -0.199156 0.979238 -0.037811
vn -0.219118 0.975318 -0.027253
vn -0.233091 0.972311 -0.016754
vn -0.246614 0.969092 -0.006440
vn -0.265381 0.964142 0.001770
vn -0.257816 0.966170 0.006867
vn -0.272249 0.962133 0.013428
vn -0.245027 0.969516 -0.001099
vn -0.228668 0.973478 -0.007233
vn -0.207307 0.978216 -0.010865
vn -0.179960 0.983570 -0.014282
vn -0.151062 0.988340 -0.019074
vn -0.111207 0.993535 -0.022858
vn -0.066711 0.997491 -0.023712
vn -0.025757 0.999398 -0.023255
vn 0.021058 0.999478 -0.024506
vn 0.075320 0.996800 -0.026764
vn 0.140475 0.986316 -0.086303
vn 0.137731 0.990088 -0.027497
vn 0.214421 0.972646 -0.089355
vn 0.212803 0.976674 -0.028687
vn 0.140385 0.988674 0.053071
vn 0.074923 0.995936 0.049989
vn 0.212315 0.975606 0.055817
vn 0.018586 0.998545 0.050630
vn -0.024719 0.998404 0.050782
vn -0.065612 0.996635 0.049134
vn -0.110077 0.992857 0.046022
vn -0.152923 0.987302 0.043000
vn -0.181670 0.982474 0.041718
vn -0.206696 0.977603 0.039613
vn -0.230527 0.972337 0.037659
vn -0.249451 0.967592 0.039247
vn -0.263552 0.963781 0.040834
vn -0.260315 0.960723 0.096164
vn -0.244628 0.964382 0.100619
vn -0.223509 0.969322 0.102267
vn -0.199614 0.974142 0.105837
vn -0.176057 0.977665 0.114780
vn -0.146303 0.981122 0.126470
vn -0.103943 0.985263 0.135838
vn -0.062500 0.987979 0.141392
vn -0.022217 0.989201 0.144872
vn 0.018861 0.988842 0.147772
vn 0.076053 0.985729 0.150183
vn 0.143683 0.977798 0.152534
vn 0.215186 0.963376 0.160008
vn 0.295452 0.953651 0.057070
vn 0.293617 0.939843 0.174595
vn 0.388526 0.919510 0.059571
vn 0.377885 0.906717 0.187264
vn 0.383892 0.818964 0.426526
vn 0.315284 0.874836 0.367775
vn 0.222236 0.930937 0.289773
vn 0.145634 0.952662 0.266883
vn 0.077762 0.961185 0.264719
vn 0.021210 0.964543 0.263071
vn -0.017060 0.965805 0.258709
vn -0.055786 0.966462 0.250679
vn -0.095092 0.966022 0.240330
vn -0.133730 0.965042 0.225413
vn -0.162874 0.965155 0.204811
vn -0.186585 0.963745 0.190741
vn -0.208436 0.957765 0.198096
vn -0.165132 0.946084 0.278667
vn -0.172457 0.914650 0.365615
vn -0.144808 0.941079 0.305615
vn -0.117248 0.934993 0.334726
vn -0.076599 0.925500 0.370920
vn -0.038299 0.912192 0.407969
vn -0.007965 0.902399 0.430828
vn 0.023133 0.899655 0.435987
vn 0.079500 0.898517 0.431680
vn 0.155308 0.888999 0.430766
vn 0.225199 0.874091 0.430407
vn 0.337411 0.694322 0.635666
vn 0.394202 0.608104 0.689068
vn 0.455328 0.758494 0.466223
vn 0.474351 0.857482 0.199286
vn 0.408554 0.582205 0.702937
vn 0.482283 0.874231 0.055879
vn 0.596570 0.777543 0.198826
vn 0.519670 0.695549 0.496140
vn 0.405741 0.513471 0.756122
vn 0.394208 0.481033 0.783075
vn 0.379160 0.501325 0.777760
vn 0.216101 0.736563 0.640918
vn 0.297221 0.584218 0.755214
vn 0.082706 0.785191 0.613705
vn 0.017853 0.783888 0.620646
vn -0.000031 0.779139 0.626851
vn -0.011078 0.789299 0.613909
vn -0.039886 0.817186 0.574993
vn -0.083313 0.854673 0.512438
vn -0.126097 0.884660 0.448861
vn -0.092896 0.800137 0.592580
vn -0.036560 0.751455 0.658771
vn -0.011200 0.717032 0.696950
vn -0.002594 0.709238 0.704965
vn -0.003693 0.715475 0.698629
vn 0.005035 0.726790 0.686841
vn 0.122379 0.693102 0.710375
vn 0.180608 0.605426 0.775139
vn 0.360695 0.457133 0.812975
vn 0.385814 0.429119 0.816703
vn 0.385696 0.440233 0.810823
vn 0.384472 0.449568 0.806269
vn 0.433516 0.513230 0.740715
vn 0.603173 0.633326 0.484852
vn 0.440508 0.477801 0.760039
vn 0.730014 0.663941 0.162056
vn 0.797218 0.592985 0.113195
vn 0.683094 0.589586 0.431012
vn 0.374373 0.418045 0.827698
vn 0.381664 0.428174 0.819146
vn 0.559618 0.481338 0.674642
vn 0.747499 0.549340 0.373459
vn 0.630022 0.369456 0.683063
vn 0.374001 0.406290 0.833698
vn 0.372992 0.392859 0.840559
vn 0.373148 0.377512 0.847494
vn 0.378184 0.394328 0.837546
vn 0.372210 0.356889 0.856790
vn 0.269052 0.481491 0.834133
vn 0.010071 0.683922 0.729486
vn 0.082643 0.609694 0.788317
vn -0.012177 0.693748 0.720115
vn -0.006317 0.687636 0.726028
vn -0.000763 0.686442 0.727184
vn -0.010529 0.671164 0.741234
vn 0.000092 0.668909 0.743344
vn -0.014130 0.671037 0.741290
vn 0.008484 0.627553 0.778528
vn 0.166904 0.526684 0.833515
vn 0.341109 0.378586 0.860417
vn 0.354324 0.319074 0.879003
vn 0.358105 0.333233 0.872191
vn 0.358141 0.347887 0.866435
vn 0.358414 0.362534 0.860296
vn 0.361589 0.377245 0.852608
vn 0.361772 0.390643 0.846474
vn 0.367229 0.401623 0.838953
vn 0.453261 0.370983 0.810510
vn 0.349404 0.355599 0.866872
vn 0.374582 0.351480 0.857992
vn 0.552854 0.291610 0.780587
vn 0.349166 0.343886 0.871679
vn 0.344980 0.330728 0.878412
vn 0.344799 0.317638 0.883300
vn 0.343577 0.303415 0.888760
vn 0.335706 0.283610 0.898257
vn 0.344460 0.293494 0.891745
vn 0.297889 0.236670 0.924797
vn 0.359447 0.329295 0.873134
vn 0.232643 0.387159 0.892180
vn 0.067537 0.464398 0.883048
vn -0.011780 0.653188 0.757104
vn 0.012604 0.521528 0.853141
vn -0.000366 0.653697 0.756756
vn 0.021394 0.562772 0.826335
vn 0.059114 0.350045 0.934866
vn 0.054445 0.286051 0.956666
vn 0.102177 0.255351 0.961434
vn 0.238438 0.264104 0.934557
vn 0.191536 0.168067 0.966989
vn 0.131412 0.076967 0.988335
vn 0.225561 0.140720 0.964013
vn 0.300058 0.205939 0.931426
vn 0.323249 0.248937 0.912984
vn 0.333814 0.273051 0.902226
vn 0.334968 0.284338 0.898303
vn 0.338204 0.296394 0.893179
vn 0.351211 0.303480 0.885749
vn 0.447583 0.267403 0.853326
vn 0.665023 0.182194 0.724258
vn 0.566056 0.007477 0.824333
vn 0.727564 -0.051880 0.684075
vn 0.367843 0.079776 0.926459
vn 0.322645 0.025575 0.946175
vn 0.359325 0.022156 0.932950
vn 0.362225 0.091251 0.927613
vn 0.317396 0.096531 0.943367
vn 0.263011 0.066897 0.962471
vn 0.169287 0.032747 0.985023
vn 0.103519 0.013367 0.994538
vn 0.094577 0.055056 0.993994
vn 0.102237 0.014130 0.994660
vn 0.099400 0.123815 0.987314
vn 0.083497 0.124818 0.988660
vn 0.085084 0.165530 0.982528
vn 0.101078 0.061770 0.992959
vn 0.096255 0.105258 0.989776
vn 0.109776 0.069888 0.991496
vn 0.099611 0.119631 0.987809
vn 0.112401 0.018861 0.993484
vn 0.110601 -0.019776 0.993668
vn 0.115727 -0.036957 0.992593
vn 0.117984 -0.013916 0.992918
vn 0.180031 -0.077149 0.980631
vn 0.293952 -0.143828 0.944937
vn 0.375742 -0.209502 0.902733
vn 0.413886 -0.221463 0.882979
vn 0.401467 -0.406734 0.820604
vn 0.278570 -0.420345 0.863544
vn 0.295784 -0.336393 0.894065
vn 0.424699 -0.457157 0.781433
vn 0.248605 -0.603947 0.757261
vn 0.426345 -0.536195 0.728509
vn 0.449873 -0.427978 0.783868
vn 0.490560 -0.474492 0.730896
vn 0.393657 -0.347594 0.851007
vn 0.277843 -0.225375 0.933815
vn 0.171575 -0.118164 0.978059
vn 0.130497 -0.067658 0.989138
vn 0.127871 -0.050079 0.990526
vn 0.129886 -0.010162 0.991477
vn 0.135290 -0.038483 0.990059
vn 0.122381 0.024934 0.992170
vn 0.112096 0.084568 0.990092
vn 0.127200 0.038178 0.991142
vn 0.088931 0.210487 0.973543
vn 0.106326 0.134067 0.985252
vn 0.114871 0.098727 0.988462
vn 0.127903 0.055422 0.990237
vn 0.142642 0.004639 0.989764
vn 0.139531 -0.005157 0.990204
vn 0.143803 -0.036835 0.988921
vn 0.139834 -0.069244 0.987751
vn 0.144689 -0.110291 0.983311
vn 0.144352 -0.076813 0.986540
vn 0.179541 -0.147522 0.972627
vn 0.280556 -0.247558 0.927364
vn 0.397506 -0.365053 0.841858
vn 0.463270 -0.434448 0.772422
vn 0.497418 -0.463041 0.733600
vn 0.516708 -0.494475 0.698933
vn 0.474830 -0.565635 0.674235
vn 0.228095 -0.653442 0.721793
vn 0.392005 -0.622551 0.677320
vn 0.535425 -0.509957 0.673249
vn 0.216586 -0.682146 0.698403
vn 0.525227 -0.488468 0.696804
vn 0.465381 -0.424778 0.776520
vn 0.501357 -0.461150 0.732107
vn 0.392958 -0.360353 0.846008
vn 0.261053 -0.278501 0.924277
vn 0.146885 -0.130370 0.980525
vn 0.151524 -0.035461 0.987817
vn 0.158515 -0.028290 0.986951
vn 0.147284 0.017945 0.988932
vn 0.164526 -0.021088 0.986147
vn 0.156468 0.030488 0.987212
vn 0.134465 0.070101 0.988436
vn 0.142642 0.083712 0.986228
vn 0.158666 0.040986 0.986481
vn 0.146214 0.098758 0.984311
vn 0.153599 0.042817 0.987205
vn 0.120518 0.137425 0.983153
vn 0.044100 0.248363 0.967663
vn 0.110782 0.167760 0.979584
vn 0.124514 0.128176 0.983904
vn 0.121953 0.111027 0.986306
vn 0.104923 0.156866 0.982031
vn 0.087740 0.206334 0.974540
vn 0.042055 0.289014 0.956401
vn -0.038970 0.370093 0.928177
vn -0.079835 0.340530 0.936838
vn -0.019562 0.268896 0.962971
vn -0.119048 0.406411 0.905902
vn 0.140387 0.089939 0.986003
vn 0.142096 0.031221 0.989361
vn 0.064241 0.151828 0.986317
vn 0.107760 0.035127 0.993556
vn -0.157776 0.348705 0.923857
vn -0.079438 0.231516 0.969582
vn -0.004211 0.063723 0.997959
vn -0.173154 0.374976 0.910720
vn -0.169496 0.404923 0.898503
vn -0.122712 0.442735 0.888216
vn -0.180453 0.442068 0.878642
vn -0.078155 0.447090 0.891068
vn -0.028595 0.419961 0.907092
vn 0.025117 0.353129 0.935237
vn 0.071596 0.274270 0.958984
vn 0.034486 0.491747 0.870055
vn -0.010376 0.525346 0.850826
vn 0.056093 0.426957 0.902530
vn -0.050689 0.528448 0.847451
vn -0.084991 0.525679 0.846427
vn -0.129243 0.531330 0.837249
vn -0.187715 0.534962 0.823759
vn -0.281527 0.566885 0.774199
vn -0.257414 0.440898 0.859853
vn -0.208530 0.394734 0.894819
vn -0.250002 0.353438 0.901433
vn -0.317685 0.327399 0.889880
vn -0.397550 0.544814 0.738330
vn -0.342870 0.682496 0.645476
vn -0.461026 0.594406 0.658891
vn -0.229977 0.692822 0.683453
vn -0.239592 0.746051 0.621292
vn -0.190336 0.686354 0.701919
vn -0.148316 0.673212 0.724422
vn -0.103362 0.652173 0.750991
vn -0.055968 0.635509 0.770063
vn -0.013062 0.631377 0.775366
vn -0.081696 0.715659 0.693655
vn -0.131411 0.745000 0.653992
vn -0.027771 0.681966 0.730856
vn -0.166472 0.760547 0.627579
vn -0.199493 0.763631 0.614060
vn -0.240388 0.786314 0.569143
vn -0.401766 0.779995 0.479783
vn -0.205140 0.788113 0.580342
vn -0.516878 0.695795 0.498705
vn -0.490994 0.846181 0.207128
vn -0.376741 0.861998 0.339153
vn -0.436948 0.880423 0.184208
vn -0.279450 0.857754 0.431471
vn -0.231418 0.843054 0.485495
vn -0.179871 0.784389 0.593617
vn -0.210787 0.826878 0.521384
vn -0.154723 0.774647 0.613174
vn -0.120820 0.752468 0.647453
vn -0.066346 0.715789 0.695158
vn -0.016327 0.683469 0.729797
vn 0.000031 0.660139 0.751144
vn 0.013916 0.623037 0.782069
vn 0.007111 0.653498 0.756895
vn 0.023835 0.598862 0.800497
vn 0.004822 0.670922 0.741512
vn -0.044616 0.716718 0.695935
vn -0.108825 0.748219 0.654466
vn -0.003418 0.693672 0.720283
vn -0.148469 0.770780 0.619560
vn -0.168549 0.784053 0.597371
vn -0.262202 0.914072 0.309390
vn -0.287998 0.909798 0.298871
vn -0.224184 0.867098 0.444841
vn -0.246946 0.927509 0.280615
vn -0.188660 0.856197 0.480972
vn -0.358794 0.903559 0.234198
vn -0.455259 0.882714 0.116427
vn -0.489746 0.865077 0.108585
vn -0.414737 0.899937 0.134557
vn -0.339871 0.927784 0.153964
vn -0.280916 0.946475 0.158971
vn -0.259548 0.951676 0.164157
vn -0.247283 0.952176 0.179479
vn -0.220825 0.929564 0.295206
vn -0.170226 0.845938 0.505383
vn -0.198702 0.921668 0.333235
vn -0.146026 0.831260 0.536361
vn -0.228029 0.953649 0.196357
vn -0.271427 0.958262 0.089786
vn -0.291566 0.952729 0.085421
vn -0.350951 0.931636 0.094271
vn -0.431854 0.895902 0.104221
vn -0.335995 0.940632 0.048157
vn -0.420558 0.904680 0.068452
vn -0.295199 0.954565 0.040773
vn -0.275180 0.960520 0.040956
vn -0.294734 0.955429 0.016937
vn -0.325748 0.945259 0.019318
vn -0.394589 0.918173 0.035462
vn -0.480018 0.873666 0.079319
vn -0.472045 0.876063 0.098422
vn -0.374028 0.927193 0.020386
vn -0.322511 0.946475 0.013092
vn -0.290439 0.956858 0.008270
vn -0.283021 0.958895 0.020478
vn -0.319920 0.947094 0.025758
vn -0.318390 0.946409 0.054201
vn -0.274262 0.960450 0.048128
vn 0.317574 -0.464322 0.826772
vn 0.450820 -0.446504 0.772914
vn 0.522051 -0.493288 0.695794
vn 0.522234 -0.509310 0.684014
vn 0.544624 -0.500724 0.672800
vn 0.351543 -0.676972 0.646627
vn 0.329905 -0.627624 0.705160
vn 0.580153 -0.550350 0.600448
vn 0.674403 -0.346286 0.652125
vn 0.800666 -0.357489 0.480766
vn 0.934678 -0.198575 0.294866
vn 0.824406 -0.033173 0.565026
vn 0.915836 -0.041840 0.399368
vn 0.818655 0.106387 0.564345
vn 0.884335 0.056490 0.463423
vn 0.966117 -0.045135 0.254126
vn 0.855191 0.140569 0.498887
vn 0.932395 0.107058 0.345223
vn 0.759667 0.197150 0.619709
vn 0.833030 0.225256 0.505293
vn 0.887196 0.291541 0.357613
vn 0.847964 0.518972 0.107823
vn 0.841837 0.539729 -0.001984
vn 0.824850 0.445507 0.348061
vn 0.813992 0.573200 0.094119
vn -0.216737 -0.167939 -0.961676
vn -0.111816 -0.715298 -0.689816
vn -0.280214 -0.607639 -0.743138
vn -0.377869 -0.100861 -0.920349
vn -0.036590 -0.308104 -0.950649
vn 0.106632 -0.782871 -0.612979
vn -0.239197 0.317821 -0.917483
vn -0.339141 0.388744 -0.856657
vn -0.143250 0.239998 -0.960146
vn -0.034332 -0.857870 -0.512720
vn -0.316435 -0.721036 -0.616422
vn 0.186532 -0.873730 -0.449224
vn -0.451626 -0.169127 -0.876031
vn -0.376318 0.393664 -0.838697
vn -0.220918 0.578053 -0.785525
vn -0.272649 0.605376 -0.747785
vn -0.296935 0.605210 -0.738614
vn -0.190338 0.557175 -0.808287
vn 0.064211 0.127598 -0.989745
vn 0.228860 -0.468997 -0.853033
vn -0.072753 0.498633 -0.863755
vn 0.315531 -0.797486 -0.514252
vn 0.280070 -0.841375 -0.462222
vn 0.009674 -0.856560 -0.515956
vn 0.239112 -0.869170 -0.432861
vn 0.233984 -0.890865 -0.389372
vn -0.257022 -0.810892 -0.525732
vn -0.443752 -0.667810 -0.597590
vn -0.480016 -0.188265 -0.856820
vn -0.430785 -0.790159 -0.435973
vn -0.410527 0.385667 -0.826274
vn -0.337498 0.597041 -0.727762
vn -0.286376 0.575057 -0.766354
vn -0.278717 0.584459 -0.762053
vn -0.331942 0.629815 -0.702245
vn -0.228481 0.584755 -0.778368
vn -0.247738 0.584238 -0.772847
vn -0.142610 0.568597 -0.810160
vn 0.303875 -0.036713 -0.952004
vn 0.119024 0.379962 -0.917313
vn 0.028962 0.540578 -0.840795
vn 0.441269 -0.563113 -0.698703
vn 0.402785 -0.736759 -0.543093
vn 0.249915 -0.744961 -0.618527
vn 0.131626 -0.896877 -0.422239
vn 0.259709 -0.933490 -0.247280
vn 0.214639 -0.968912 -0.123048
vn 0.095950 -0.989107 -0.111633
vn 0.062930 -0.944804 -0.321536
vn -0.222562 -0.903067 -0.367336
vn -0.410244 -0.847861 -0.335903
vn -0.526917 -0.735627 -0.425690
vn -0.635837 -0.398867 -0.660770
vn -0.422028 -0.875795 -0.234253
vn -0.376342 -0.917357 -0.129699
vn -0.485250 -0.829695 -0.275934
vn -0.581270 -0.059998 -0.811496
vn -0.530579 0.377972 -0.758698
vn -0.429866 0.589001 -0.684319
vn -0.411311 0.641705 -0.647331
vn -0.285584 0.636526 -0.716433
vn -0.325286 0.770529 -0.548155
vn -0.278929 0.805197 -0.523313
vn -0.431858 0.725950 -0.535253
vn -0.559081 0.571855 -0.600341
vn -0.503381 0.638134 -0.582574
vn -0.595190 0.659328 -0.459386
vn -0.634492 0.305643 -0.709931
vn -0.792389 -0.185730 -0.581054
vn -0.782566 0.230843 -0.578189
vn -0.854911 -0.381741 -0.351284
vn -0.640814 -0.727943 -0.243837
vn -0.445679 -0.895082 0.014100
vn -0.660067 -0.751131 -0.010681
vn -0.362090 -0.931973 0.017823
vn -0.294341 -0.953945 0.057894
vn -0.167542 -0.984591 -0.050110
vn -0.106230 -0.982986 0.149844
vn 0.088686 -0.995968 -0.013549
vn 0.100071 -0.975925 0.193794
vn -0.203339 -0.947817 0.245553
vn -0.036010 -0.950302 0.309239
vn 0.111942 -0.934081 0.339060
vn -0.252502 -0.922088 0.293252
vn -0.405092 -0.877171 0.257822
vn -0.620059 -0.742496 0.253427
vn -0.940527 -0.325472 -0.097351
vn -0.887665 -0.421692 0.185004
vn -0.928043 0.187445 -0.321870
vn -0.973494 0.164436 -0.158968
vn -0.699738 0.488968 -0.520844
vn -0.794860 0.504135 -0.337707
vn -0.681459 0.620596 -0.387910
vn -0.759275 0.611284 -0.223235
vn -0.661342 0.698350 -0.273741
vn -0.415312 0.812949 -0.408202
vn -0.850314 0.492997 -0.184174
vn -0.995967 0.077730 0.044801
vn -0.890575 0.450611 -0.061860
vn -0.733650 -0.518469 0.439258
vn -0.554466 -0.684866 0.472786
vn -0.954218 -0.122863 0.272712
vn -0.380035 -0.820952 0.426160
vn -0.205963 -0.880461 0.427045
vn -0.011719 -0.923215 0.384105
vn -0.001770 -0.891050 0.453901
vn 0.117495 -0.910607 0.396219
vn 0.173923 -0.928977 0.326729
vn 0.215489 -0.956044 0.198857
vn 0.159641 -0.924250 0.346810
vn 0.114932 -0.882288 0.456463
vn 0.124486 -0.892222 0.434100
vn -0.200162 -0.799917 0.565745
vn -0.000458 -0.833041 0.553211
vn 0.103763 -0.842287 0.528948
vn -0.368930 -0.739232 0.563406
vn -0.453981 -0.651797 0.607504
vn -0.587858 -0.580015 0.563919
vn -0.823995 -0.337368 0.455209
vn -0.932289 0.354933 0.069705
vn -0.958870 0.166480 0.229898
vn -0.786284 0.610308 -0.096344
vn -0.780500 0.625121 -0.006561
vn -0.707450 0.702650 -0.076141
vn -0.698730 0.715384 -0.001373
vn -0.806615 0.589926 0.036867
vn -0.695371 0.718159 -0.026581
vn -0.694767 -0.474490 0.540517
vn -0.856986 -0.136962 0.496806
vn -0.883015 0.375373 0.281743
vn -0.474424 -0.617398 0.627488
vn -0.405518 -0.645996 0.646718
vn -0.248323 -0.727512 0.639580
vn -0.300414 -0.689879 0.658649
vn -0.049103 -0.800573 0.597221
vn 0.080324 -0.838281 0.539289
vn 0.106326 -0.848753 0.517990
vn 0.104923 -0.847599 0.520160
vn 0.128116 -0.943448 0.305764
vn 0.096073 -0.911930 0.398940
vn 0.056186 -0.865068 0.498499
vn 0.036622 -0.855675 0.516216
vn 0.097599 -0.842292 0.530111
vn 0.045930 -0.823211 0.565874
vn 0.034852 -0.851020 0.523976
vn -0.124573 -0.770903 0.624652
vn -0.361666 -0.679997 0.637810
vn -0.232571 -0.786702 0.571848
vn -0.669285 -0.489139 0.559286
vn -0.408560 -0.726425 0.552617
vn -0.924680 0.314523 0.214575
vn -0.600583 0.798452 -0.042114
vn -0.572201 0.820057 -0.009644
vn -0.641513 0.765652 -0.047303
vn -0.579340 0.814135 -0.039367
vn -0.357420 0.933679 -0.022217
vn -0.347201 0.937262 -0.031495
vn -0.385198 0.919565 -0.077607
vn -0.439570 0.892350 -0.102416
vn -0.707418 0.706707 0.011200
vn -0.713476 0.700192 0.026124
vn -0.969095 0.133276 0.207589
vn -0.505852 0.859237 -0.076324
vn -0.691015 -0.611455 0.385513
vn -0.458126 -0.772515 0.439707
vn -0.335939 -0.835330 0.435165
vn -0.461142 -0.786361 0.411076
vn -0.020660 -0.871116 0.490642
vn -0.093994 -0.935946 0.339367
vn 0.077699 -0.897572 0.433968
vn 0.045534 -0.898503 0.436600
vn 0.019867 -0.839687 0.542708
vn 0.016999 -0.867042 0.497945
vn 0.076265 -0.872707 0.482251
vn 0.066317 -0.951274 0.301130
vn 0.063416 -0.954910 0.290043
vn 0.106358 -0.937874 0.330274
vn -0.361544 -0.895239 0.260447
vn -0.116669 -0.960479 0.252724
vn 0.069796 -0.967384 0.243509
vn -0.482933 -0.836504 0.258915
vn -0.525918 -0.801283 0.285231
vn -0.591253 -0.755042 0.283428
vn -0.975995 -0.124910 0.178414
vn -0.792400 0.609921 -0.009888
vn -0.558522 0.824381 -0.091917
vn -0.260376 0.959686 -0.105866
vn -0.218569 0.968729 -0.117433
vn -0.341488 0.932148 -0.120360
vn -0.218200 0.971922 -0.088074
vn -0.114197 0.987973 -0.104248
vn -0.130401 0.988915 -0.071014
vn -0.125824 0.984342 -0.123444
vn -0.153562 0.978042 -0.140898
vn -0.393708 0.911498 -0.119019
vn -0.580227 0.805958 -0.117339
vn -0.182374 0.974218 -0.132814
vn -0.862246 0.503526 -0.054718
vn -0.945248 -0.309172 0.104495
vn -0.578055 -0.799640 0.162570
vn -0.576807 -0.806236 0.131442
vn -0.493835 -0.862730 0.108738
vn -0.350194 -0.928692 0.122045
vn -0.100312 -0.984660 0.142767
vn 0.097874 -0.982041 0.161293
vn 0.076236 -0.965095 0.250559
vn 0.076938 -0.966595 0.244487
vn 0.156135 -0.983352 0.092961
vn 0.109135 -0.977118 0.182563
vn 0.106082 -0.993714 0.035768
vn -0.103822 -0.992167 0.069461
vn 0.188179 -0.981974 0.017762
vn -0.309932 -0.946519 0.089693
vn -0.493784 -0.864366 0.095128
vn -0.603915 -0.789921 0.106358
vn -0.606816 -0.785497 0.121526
vn -0.909323 -0.406154 0.090395
vn -0.919252 0.392927 -0.024170
vn -0.589600 0.803767 -0.079560
vn -0.402802 0.912535 -0.070923
vn -0.205687 0.976005 -0.071472
vn -0.071837 0.988539 -0.132780
vn -0.089234 0.986177 -0.139618
vn -0.051910 0.996488 -0.065704
vn -0.203551 0.979026 -0.008698
vn -0.398658 0.916883 -0.019929
vn -0.025605 0.999527 0.017060
vn -0.611460 0.791143 -0.014466
vn -0.953606 0.300544 0.017579
vn -0.880613 -0.469817 0.061586
vn -0.605072 -0.791748 0.083804
vn -0.605891 -0.789209 0.100222
vn -0.500155 -0.860356 0.098148
vn -0.300354 -0.949767 0.087924
vn -0.112029 -0.989862 0.087313
vn 0.073031 -0.993686 0.085178
vn 0.152717 -0.986067 0.065952
vn 0.183143 -0.980597 0.069919
vn 0.213291 -0.975816 0.047853
vn 0.096956 -0.995286 0.002137
vn 0.071596 -0.997431 -0.002472
vn 0.192969 -0.979832 -0.051880
vn -0.090515 -0.995574 -0.025268
vn -0.314237 -0.949149 -0.019256
vn -0.525333 -0.850896 0.000702
vn -0.603113 -0.797539 0.013642
vn -0.603146 -0.797390 0.019593
vn -0.881265 -0.468724 0.060580
vn -0.965365 0.244210 0.091830
vn -0.640138 0.762689 0.092349
vn -0.428163 0.901245 0.066591
vn -0.194125 0.980053 0.042574
vn 0.003327 0.998418 0.056124
vn 0.034761 0.998905 0.031312
vn 0.040254 0.997419 -0.059449
vn 0.035767 0.996790 0.071626
vn 0.011231 0.995845 0.090365
vn -0.199584 0.973873 0.108340
vn 0.040101 0.995411 0.086885
vn -0.479372 0.864379 0.151830
vn -0.824925 0.514759 0.233498
vn -0.962895 0.140203 0.230599
vn -0.929110 -0.325746 0.175055
vn -0.856566 -0.505554 0.103488
vn -0.643015 -0.762463 -0.071992
vn -0.552524 -0.822485 -0.135041
vn -0.338987 -0.929437 -0.145720
vn -0.093413 -0.983936 -0.152128
vn 0.047090 -0.985754 -0.161469
vn 0.049745 -0.987207 -0.151488
vn 0.100193 -0.978915 -0.178009
vn 0.142582 -0.971034 -0.191741
vn 0.035127 -0.981379 -0.188842
vn -0.136505 -0.973421 -0.183899
vn 0.105625 -0.978305 -0.178223
vn -0.364384 -0.915325 -0.171480
vn -0.567283 -0.803394 -0.180966
vn -0.721251 -0.680113 -0.131316
vn -0.963857 -0.266080 0.013459
vn -0.869194 0.477733 0.127566
vn -0.499821 0.854464 0.141668
vn -0.205995 0.969577 0.132237
vn -0.007873 0.994494 0.104494
vn 0.041444 0.995167 0.089021
vn 0.057924 0.994234 0.090243
vn 0.060641 0.995702 0.070009
vn 0.056185 0.994752 0.085513
vn 0.036133 0.995804 0.084077
vn -0.037262 0.993541 0.107182
vn 0.039186 0.996951 0.067476
vn -0.200443 0.970719 0.132391
vn -0.437841 0.893136 0.102971
vn -0.783730 0.620600 -0.024964
vn -0.961000 -0.197357 -0.193726
vn -0.766755 -0.592042 -0.248139
vn -0.582954 -0.759043 -0.289859
vn -0.390625 -0.874391 -0.287842
vn -0.178738 -0.937392 -0.298914
vn 0.030671 -0.951233 -0.306946
vn 0.131414 -0.944069 -0.302431
vn 0.201818 -0.958005 -0.203704
vn 0.159642 -0.970154 -0.182525
vn 0.152746 -0.941897 -0.299164
vn 0.148443 -0.883521 -0.444247
vn 0.026612 -0.890741 -0.453732
vn 0.170048 -0.889521 -0.424070
vn -0.182493 -0.864128 -0.469020
vn -0.402895 -0.783146 -0.473665
vn -0.564400 -0.663309 -0.491401
vn -0.734558 -0.509979 -0.447601
vn -0.911798 -0.169036 -0.374234
vn -0.887354 0.412242 -0.206542
vn -0.518730 0.853499 0.049592
vn -0.757161 0.644023 -0.109282
vn -0.329039 0.938318 0.106265
vn -0.203980 0.970552 0.128147
vn -0.084289 0.993094 0.081606
vn 0.012909 0.999409 0.031861
vn -0.230284 0.970602 0.070009
vn -0.162994 0.986445 0.018982
vn -0.043305 0.997690 -0.052338
vn -0.268618 0.960518 0.072451
vn -0.440978 0.896632 0.039857
vn -0.648530 0.758935 -0.058533
vn -0.893797 0.123966 -0.430999
vn -0.843269 0.441881 -0.306003
vn -0.750978 -0.321869 -0.576569
vn -0.717989 -0.426698 -0.549928
vn -0.379120 -0.732971 -0.564819
vn -0.539593 -0.657943 -0.525310
vn -0.642540 -0.620721 -0.449275
vn -0.126128 -0.840814 -0.526424
vn 0.030365 -0.879562 -0.474814
vn 0.147588 -0.869082 -0.472138
vn 0.020447 -0.905698 -0.423430
vn -0.045867 -0.890858 -0.451960
vn 0.120241 -0.881211 -0.457176
vn -0.311189 -0.796086 -0.519046
vn -0.537899 -0.672969 -0.507717
vn -0.671787 -0.611911 -0.417452
vn -0.938062 -0.257847 -0.231418
vn -0.895821 -0.207369 -0.393070
vn -0.814205 -0.491850 -0.308470
vn -0.923008 0.269510 -0.274629
vn -0.710257 0.703626 -0.021118
vn -0.915588 0.401562 -0.021118
vn -0.578212 0.815723 -0.016327
vn -0.393041 0.919229 0.023194
vn -0.266332 0.963365 0.031556
vn -0.251345 0.967660 0.021424
vn -0.282619 0.958387 0.040253
vn -0.362239 0.931383 0.036164
vn -0.255918 0.966236 0.029908
vn -0.547983 0.836343 0.015656
vn -0.759857 0.648915 0.039064
vn -0.901033 0.431288 0.046144
vn -0.984812 0.141821 -0.100160
vn -0.867823 -0.407926 -0.283689
vn -0.731051 -0.614779 -0.295991
vn -0.507017 -0.730679 -0.457212
vn -0.647860 -0.633272 -0.423372
vn -0.719357 -0.622739 -0.307768
vn -0.209566 -0.872290 -0.441806
vn 0.003235 -0.925764 -0.378088
vn -0.002106 -0.927342 -0.374208
vn 0.016236 -0.939588 -0.341923
vn -0.084595 -0.929963 -0.357788
vn -0.022522 -0.934461 -0.355351
vn -0.312163 -0.866420 -0.389707
vn -0.599385 -0.716174 -0.357537
vn -0.324187 -0.872068 -0.366606
vn -0.707129 -0.692358 -0.143556
vn -0.787313 -0.611351 -0.079924
vn -0.731806 -0.676234 -0.084655
vn -0.928478 -0.359684 -0.092500
vn -0.942333 0.333083 0.032625
vn -0.877638 0.463065 0.123785
vn -0.792572 0.595294 0.132115
vn -0.528935 0.838503 0.130925
vn -0.334292 0.932011 0.140020
vn -0.284087 0.945306 0.160282
vn -0.498646 0.804328 0.323123
vn -0.304753 0.910350 0.279981
vn -0.252682 0.916336 0.310613
vn -0.750803 0.554651 0.358689
vn -0.857530 0.312485 0.408651
vn -0.878625 0.332130 0.343086
vn -0.922065 -0.197420 0.332899
vn -0.852237 -0.389009 0.349805
vn -0.770352 -0.598997 0.218542
vn -0.700624 -0.663880 0.261514
vn -0.354156 -0.915802 -0.189422
vn -0.362032 -0.893896 0.264353
vn -0.043091 -0.945126 -0.323851
vn -0.018493 -0.986655 -0.161772
vn 0.016694 -0.952267 -0.304808
vn 0.042909 -0.992023 -0.118529
vn -0.034454 -0.984091 0.174290
vn 0.068972 -0.988738 0.132817
vn -0.326051 -0.792240 0.515796
vn -0.142823 -0.894995 0.422593
vn -0.524475 -0.710724 0.468826
vn -0.713307 -0.590414 0.377630
vn -0.870007 -0.169375 0.463033
vn -0.801059 0.258981 0.539661
vn -0.649660 0.477402 0.591633
vn -0.441556 0.715440 0.541455
vn -0.277921 0.897968 0.341194
vn -0.203766 0.897550 0.391003
vn -0.236666 0.953957 0.184272
vn -0.183106 0.913541 0.363201
vn -0.114502 0.875150 0.470108
vn -0.181519 0.789819 0.585864
vn -0.038239 0.762206 0.646204
vn -0.410891 0.467882 0.782468
vn -0.433105 0.320596 0.842401
vn -0.168120 0.479443 0.861319
vn -0.650474 0.290533 0.701765
vn -0.689147 -0.044952 0.723226
vn -0.637331 -0.511263 0.576558
vn -0.389866 -0.565588 0.726715
vn -0.266359 -0.565890 0.780270
vn -0.232760 -0.835152 0.498342
vn 0.050721 -0.958908 0.279148
vn -0.029785 -0.881535 0.471178
vn -0.030029 -0.996341 -0.080017
vn 0.048005 -0.976405 0.210546
vn 0.155126 -0.943242 0.293651
vn 0.189398 -0.897340 0.398634
vn -0.113770 -0.458863 0.881193
vn 0.126499 -0.534635 0.835562
vn -0.186129 -0.017395 0.982371
vn -0.341338 -0.018768 0.939753
vn -0.094819 0.030214 0.995036
vn -0.151888 0.251079 0.955975
vn 0.002289 0.465104 0.885253
vn -0.022522 0.272930 0.961770
vn -0.076812 0.843584 0.531474
vn -0.040467 0.711060 0.701966
vn -0.005585 0.436628 0.899625
vn -0.122132 0.899326 0.419877
vn -0.006653 0.857442 0.514538
vn 0.010498 0.826299 0.563134
vn 0.033997 0.676587 0.735578
vn 0.076845 0.382761 0.920646
vn 0.002533 0.307231 0.951632
vn 0.158729 0.267835 0.950300
vn 0.033876 0.042757 0.998511
vn 0.362133 -0.584046 0.726464
vn 0.337532 -0.853296 0.397440
vn 0.273572 -0.023712 0.961559
vn 0.236459 -0.872869 0.426834
vn 0.106479 -0.935393 0.337199
vn 0.009644 -0.998911 -0.045654
vn -0.037597 -0.950342 -0.308927
vn -0.013641 -0.946260 -0.323120
vn 0.246220 -0.969193 -0.006408
vn 0.218851 -0.922466 -0.318058
vn 0.308084 -0.865203 0.395611
vn 0.371259 -0.767458 0.522662
vn 0.449631 -0.738925 0.501818
vn 0.485374 -0.595712 0.639953
vn 0.467050 -0.240781 0.850816
vn 0.324260 0.176367 0.929382
vn 0.263742 0.317455 0.910858
vn 0.267711 0.603020 0.751464
vn 0.225930 0.743007 0.629997
vn 0.148901 0.793153 0.590539
vn -0.120605 0.934686 0.334390
vn -0.038055 0.922758 0.383496
vn 0.040528 0.897631 0.438881
vn 0.135531 0.867721 0.478218
vn 0.304697 0.725303 0.617329
vn 0.393500 0.567941 0.722911
vn 0.420790 0.441878 0.792262
vn 0.392466 0.283668 0.874930
vn 0.412917 0.081607 0.907105
vn 0.463429 -0.216708 0.859227
vn 0.499009 -0.644898 0.578876
vn 0.511399 -0.491272 0.705069
vn 0.512981 -0.721185 0.465556
vn 0.502369 -0.786871 0.358412
vn 0.525498 -0.849884 0.039369
vn 0.486254 -0.837163 -0.250429
vn 0.023957 -0.916165 -0.400084
vn 0.251684 -0.872888 -0.417996
vn 0.465738 -0.837607 -0.285489
vn 0.564046 -0.819523 0.101169
vn 0.495678 -0.735957 0.461162
vn 0.570057 -0.814791 0.105595
vn 0.489797 -0.448461 0.747651
vn 0.483655 -0.755582 0.441784
vn 0.482252 0.096316 0.870722
vn 0.483692 0.174934 0.857578
vn 0.425953 0.647185 0.632231
vn 0.447190 0.517475 0.729549
vn 0.502663 0.205112 0.839797
vn 0.508600 0.807229 0.299514
vn 0.336683 0.893010 0.298626
vn 0.161258 0.964557 0.208866
vn 0.015625 0.981964 0.188421
vn 0.183234 0.981847 -0.049012
vn 0.042116 0.998910 -0.020112
vn 0.338605 0.938114 -0.072724
vn 0.545574 0.831713 -0.102966
vn 0.663136 0.720175 0.203955
vn 0.697562 0.702109 -0.143006
vn 0.511702 0.628831 0.585434
vn 0.579209 0.508162 0.637407
vn 0.623313 0.125615 0.771817
vn 0.501454 -0.337955 0.796449
vn 0.596731 -0.601871 0.530720
vn 0.618915 -0.785278 -0.016846
vn 0.612833 -0.752186 -0.242184
vn 0.610317 -0.747019 -0.263584
vn 0.713215 -0.587279 -0.382659
vn 0.627611 -0.628751 -0.459104
vn 0.816865 -0.394199 -0.421116
vn 0.747402 -0.450686 -0.488131
vn 0.822807 -0.564268 0.067751
vn 0.748222 -0.663086 -0.021942
vn 0.982686 -0.184111 0.020783
vn 0.775509 -0.451815 0.440964
vn 0.844818 0.009888 0.534962
vn 0.800164 0.332255 0.499343
vn 0.946933 0.292735 0.132756
vn 0.754707 0.631140 0.179109
vn 0.894852 0.332892 -0.297360
vn 0.935760 0.213447 -0.280701
vn 0.705377 0.674065 -0.219270
vn 0.541429 0.812525 -0.216004
vn 0.337627 0.916290 -0.215455
vn 0.201883 0.959180 -0.198032
vn 0.524374 0.839846 -0.140321
vn 0.328624 0.933318 -0.144654
vn 0.228553 0.964505 -0.132263
vn 0.714383 0.688687 -0.123964
vn 0.971792 0.209813 -0.107696
vn 0.849320 -0.454462 -0.268551
vn 0.897477 -0.435450 -0.070129
vn 0.745712 -0.631372 -0.212797
vn 0.954192 0.087344 -0.286163
vn 0.731095 -0.629664 -0.262723
vn 0.625076 -0.689570 -0.365750
vn 0.419511 -0.815438 -0.398838
vn 0.406871 -0.831294 -0.378690
vn 0.331886 -0.874870 -0.352780
vn 0.636278 -0.748868 -0.185332
vn 0.756495 -0.650271 -0.069733
vn 0.673333 -0.713962 -0.192048
vn 0.870801 -0.475456 -0.125089
vn 0.980287 0.180517 -0.080323
vn 0.726721 0.685154 -0.049409
vn 0.511732 0.857994 -0.044464
vn 0.341684 0.939113 -0.036316
vn 0.256907 0.966376 -0.010773
vn 0.100529 0.989111 -0.107484
vn 0.114138 0.993431 0.008209
vn 0.077241 0.983078 -0.166105
vn 0.021271 0.995629 -0.090942
vn -0.019012 0.993043 -0.116211
vn -0.070465 0.997399 0.015198
vn 0.026216 0.999551 0.014527
vn 0.272779 0.961440 0.035005
vn 0.136388 0.989480 0.048250
vn 0.366340 0.930162 0.024353
vn 0.557054 0.830256 -0.019135
vn 0.784632 0.615559 -0.073761
vn 0.988032 0.082155 -0.130554
vn 0.799684 -0.568579 -0.192934
vn 0.512983 -0.823696 -0.241606
vn 0.502667 -0.809717 -0.302793
vn 0.402448 -0.863099 -0.305115
vn 0.243321 -0.890368 -0.384760
vn 0.214725 -0.925219 -0.312831
vn 0.275092 -0.932367 -0.234556
vn 0.329390 -0.911632 -0.245822
vn 0.595319 -0.756554 -0.270597
vn 0.776380 -0.568931 -0.271206
vn 0.953056 -0.147399 -0.264494
vn 0.970934 0.136263 -0.196775
vn 0.675745 0.737088 -0.008362
vn 0.390241 0.917298 0.079226
vn 0.274698 0.957734 0.085360
vn 0.154453 0.984489 0.083223
vn -0.223879 0.974617 0.000946
vn -0.119417 0.991559 -0.050507
vn -0.161100 0.986195 0.038300
vn -0.226381 0.973335 0.037019
vn -0.197019 0.962540 0.186282
vn -0.155486 0.973964 0.164982
vn -0.075683 0.980986 0.178716
vn 0.168738 0.981880 0.086246
vn 0.185337 0.980734 0.061738
vn 0.298169 0.952461 0.062563
vn 0.343544 0.938193 0.042084
vn 0.170566 0.985279 0.011536
vn 0.083315 0.996448 0.012268
vn 0.357131 0.933236 0.039094
vn 0.111452 0.991076 -0.073119
vn 0.130588 0.989130 -0.067596
vn 0.304915 0.952191 -0.018952
vn 0.635396 0.772180 -0.003266
vn 0.680747 0.732140 0.023560
vn 0.516949 0.855519 -0.029175
vn 0.430616 0.902127 0.027131
vn 0.788855 0.609404 -0.079591
vn 0.870361 0.468156 -0.152650
vn 0.924014 0.375990 -0.069489
vn 0.931500 0.361955 0.036012
vn 0.917084 0.397108 0.035523
vn 0.624254 0.781119 -0.012665
vn 0.216040 0.973418 -0.076050
vn 0.102024 0.988925 -0.107789
vn 0.118135 0.985946 -0.118132
vn 0.042787 0.991508 -0.122802
vn 0.037263 0.991541 -0.124328
vn 0.107091 0.988079 -0.110597
vn 0.085664 0.991593 -0.096984
vn 0.146336 0.985961 -0.080414
vn 0.522509 0.850829 -0.055451
vn 0.884891 0.465777 -0.004486
vn 0.992534 -0.091920 0.080173
vn 0.997384 -0.009918 0.071597
vn 0.985461 -0.154753 0.070131
vn 0.973610 -0.222078 -0.052582
vn 0.947452 -0.234864 -0.217195
vn 0.964761 -0.134889 -0.225924
vn 0.600627 -0.753133 -0.268398
vn 0.585190 -0.791165 -0.177795
vn 0.640511 -0.767351 0.030304
vn 0.699599 -0.700463 0.141116
vn 0.771606 -0.613805 0.166938
vn 0.850072 -0.501104 0.162086
vn 0.888148 -0.386077 0.249275
vn 0.984081 0.104130 0.144018
vn 0.826806 0.562425 0.008362
vn 0.440594 0.895348 -0.065033
vn 0.108311 0.991917 -0.066102
vn 0.069338 0.994725 -0.075593
vn 0.087375 0.991644 -0.094911
vn 0.022278 0.992701 -0.118530
vn -0.095062 0.986452 -0.133698
vn -0.097443 0.990456 -0.097474
vn 0.002625 0.996880 -0.078888
vn 0.068179 0.995856 -0.060181
vn 0.057405 0.997164 -0.048676
vn 0.105503 0.992557 -0.060822
vn 0.379378 0.923525 -0.056336
vn 0.729968 0.681382 0.053529
vn 0.932972 0.277777 0.228917
vn 0.857444 -0.353880 0.373575
vn 0.642562 -0.703272 0.304176
vn 0.667357 -0.615486 0.419299
vn 0.594195 -0.775146 0.214667
vn 0.439255 -0.863743 0.246988
vn 0.406320 -0.895531 0.181462
vn 0.398210 -0.914743 0.068362
vn 0.240702 -0.959513 0.146277
vn 0.175939 -0.953245 0.245704
vn 0.287146 -0.956016 0.059846
vn 0.256778 -0.929242 0.265659
vn 0.309851 -0.920796 0.236913
vn 0.111545 -0.958949 0.260719
vn 0.345622 -0.872984 0.344157
vn 0.407724 -0.768152 0.493664
vn 0.558577 -0.669826 0.489209
vn 0.670243 -0.562923 0.483624
vn 0.797753 -0.406707 0.445173
vn 0.919164 -0.101289 0.380630
vn 0.948384 -0.032684 0.315436
vn 0.932839 0.180885 0.311597
vn 0.932542 0.328528 0.149783
vn 0.829255 0.550314 0.097416
vn 0.613052 0.789539 0.028199
vn 0.327468 0.943766 -0.045503
vn 0.130068 0.990221 -0.050445
vn 0.061007 0.997774 -0.026917
vn 0.141363 0.989878 -0.012574
vn 0.072084 0.997365 -0.008240
vn 0.300820 0.953608 -0.011811
vn 0.545149 0.838338 0.001465
vn 0.789078 0.613568 0.029846
vn 0.907881 0.411414 0.080567
vn 0.958577 0.164127 0.232793
vn 0.853757 -0.272980 0.443374
vn 0.657403 -0.560855 0.503253
vn 0.535542 -0.690922 0.485614
vn 0.276437 -0.823427 0.495530
vn 0.253761 -0.852721 0.456587
vn 0.213174 -0.804420 0.554496
vn 0.103946 -0.963957 0.244911
vn 0.290479 -0.951888 -0.097627
vn 0.373974 -0.917694 -0.134094
vn 0.251841 -0.938300 -0.237001
vn 0.346202 -0.900086 -0.264557
vn 0.203436 -0.869811 -0.449492
vn 0.234384 -0.859016 -0.455143
vn 0.079989 -0.902735 -0.422696
vn 0.255655 -0.864264 -0.433230
vn 0.047701 -0.888959 0.455496
vn 0.063235 -0.923467 0.378432
vn 0.154699 -0.898625 0.410537
vn 0.359720 -0.809018 0.464856
vn 0.061678 -0.956173 0.286232
vn 0.082979 -0.947167 0.309822
vn 0.351083 -0.855464 0.380686
vn 0.163855 -0.971562 0.170935
vn 0.077213 -0.988021 0.133612
vn 0.061525 -0.990563 0.122470
vn 0.342905 -0.927518 0.148747
vn 0.733237 -0.664856 0.142583
vn 0.633563 -0.667387 0.391399
vn 0.757135 -0.563477 0.330516
vn 0.870057 -0.490847 0.045503
vn 0.394122 -0.901138 -0.180606
vn 0.751392 -0.649808 -0.114715
vn 0.839696 -0.513830 -0.175753
vn 0.098056 -0.984409 -0.146027
vn 0.219059 -0.954366 0.202977
vn 0.245307 -0.968716 0.037599
vn 0.241313 -0.970381 0.011353
vn 0.178410 -0.850366 -0.495022
vn 0.441209 -0.774817 -0.452762
vn 0.340438 -0.708230 -0.618476
vn 0.755579 -0.522066 -0.395661
vn 0.991878 -0.052978 -0.115631
vn 0.944136 0.016602 -0.329138
vn 0.997151 -0.075011 -0.007996
vn 0.964363 -0.139528 0.224801
vn 0.949841 0.295210 0.103215
vn 0.947362 0.320080 -0.007294
vn 0.940283 0.319135 -0.118409
vn 0.877307 0.347938 -0.330563
vn 0.575003 -0.455630 -0.679539
vn 0.715083 0.042329 -0.697757
vn 0.703948 0.361252 -0.611518
vn 0.246776 -0.603494 -0.758220
vn 0.219121 -0.659144 -0.719385
vn 0.263622 -0.658332 -0.705055
vn 0.343093 -0.598822 -0.723671
vn 0.424820 -0.245759 -0.871281
vn 0.536602 0.370949 -0.757928
vn 0.462357 0.616659 -0.637148
vn 0.650219 0.610332 -0.452448
vn 0.844295 0.435896 -0.311707
vn 0.882101 0.451976 -0.132720
vn 0.892472 0.451088 0.003753
vn 0.892296 0.447552 0.059205
vn 0.724175 0.689476 -0.013916
vn 0.756462 0.652516 0.044587
vn 0.685658 0.708882 -0.165405
vn 0.434709 0.843111 -0.316531
vn 0.320507 0.855315 -0.407076
vn 0.456163 0.870790 -0.183412
vn 0.257086 0.481517 -0.837883
vn 0.222541 0.622213 -0.750551
vn 0.195443 0.746585 -0.635935
vn 0.386363 -0.154235 -0.909360
vn 0.420236 0.203770 -0.884239
vn 0.280585 0.268317 -0.921563
vn 0.360244 -0.200258 -0.911110
vn 0.012909 0.605387 -0.795826
vn 0.053744 0.716245 -0.695776
vn 0.127262 0.897520 -0.422211
vn 0.322187 0.929419 -0.179934
vn 0.144780 0.974550 -0.171143
vn 0.488420 0.871276 -0.048218
vn 0.303508 0.951326 -0.053498
vn 0.518165 0.855084 0.018311
vn 0.295851 0.955212 0.006500
vn 0.130528 0.990663 -0.039368
vn 0.130804 0.991408 -0.000641
vn -0.107817 0.882643 -0.457513
vn -0.065003 0.979617 -0.190064
vn -0.012665 0.998040 -0.061279
vn -0.139312 0.678392 -0.721371
vn -0.150392 0.587150 -0.795385
vn -0.249083 0.644395 -0.722989
vn -0.228210 0.841059 -0.490448
vn -0.180878 0.953522 -0.240998
vn -0.125550 0.985021 -0.118196
vn 0.038300 0.998918 -0.026367
vn -0.101776 0.992586 -0.066437
vn 0.046907 0.998687 -0.020569
vn -0.015320 0.999480 -0.028382
vn 0.063509 0.997951 -0.007813
vn -0.165191 0.972500 -0.164184
vn -0.149568 0.986183 -0.071229
vn -0.126801 0.991337 -0.034241
vn -0.148192 0.988029 -0.042877
vn -0.020935 0.999594 -0.019318
vn -0.219546 0.927223 -0.303409
vn -0.260441 0.886484 -0.382513
vn -0.199006 0.958684 -0.203279
vn -0.188874 0.980594 -0.052552
vn -0.212494 0.976470 -0.036774
vn -0.114289 0.992073 -0.052247
vn -0.012726 0.999430 -0.031281
vn 0.063936 0.997705 -0.022309
vn -0.365748 0.908128 -0.203794
vn -0.589205 0.795925 -0.139069
s 1
g IceBridge_LOW
usemtl initialShadingGroup
f 1/1/1 2/2/2 3/3/3 4/4/4
f 5/5/5 6/6/6 2/2/2 1/1/1
f 7/7/7 1/1/1 4/4/4 8/8/8
f 9/9/9 5/5/5 1/1/1 7/7/7
f 11/10/10 3/3/3 2/2/2 10/11/11
f 12/12/12 10/11/11 2/2/2 6/6/6
f 13/13/13 14/14/14 4/4/4 3/3/3
f 3/3/3 11/10/10 15/15/15 13/13/13
f 8/8/8 4/4/4 14/14/14 16/16/16
f 8/8/8 16/16/16 18/17/17 17/18/18
f 19/19/19 7/7/7 8/8/8 17/18/18
f 20/20/20 9/9/9 7/7/7 19/19/19
f 21/21/21 22/22/22 5/5/5 9/9/9
f 23/23/23 21/21/21 9/9/9 20/20/20
f 24/24/24 6/6/6 5/5/5 22/22/22
f 25/25/25 12/12/12 6/6/6 24/24/24
f 26/26/26 27/27/27 10/11/11 12/12/12
f 28/28/28 26/26/26 12/12/12 25/25/25
f 10/11/11 27/27/27 29/29/29 11/10/10
f 11/10/10 29/29/29 30/30/30 15/15/15
f 15/15/15 30/30/30 31/31/31 32/32/32
f 13/13/13 15/15/15 32/32/32 33/33/33
f 13/13/13 33/33/33 34/34/34 14/14/14
f 16/16/16 14/14/14 34/34/34 35/35/35
f 16/16/16 35/35/35 36/36/36 18/17/17
f 17/18/18 18/17/17 38/37/37 37/38/38
f 38/37/37 18/17/17 36/36/36 39/39/39
f 19/19/19 17/18/18 37/38/38 40/40/40
f 41/41/41 20/20/20 19/19/19 40/40/40
f 42/42/42 23/23/23 20/20/20 41/41/41
f 43/43/43 44/44/44 21/21/21 23/23/23
f 45/45/45 43/43/43 23/23/23 42/42/42
f 46/46/46 22/22/22 21/21/21 44/44/44
f 47/47/47 24/24/24 22/22/22 46/46/46
f 48/48/48 25/25/25 24/24/24 47/47/47
f 49/49/49 28/28/28 25/25/25 48/48/48
f 50/50/50 51/51/51 26/26/26 28/28/28
f 52/52/52 50/50/50 28/28/28 49/49/49
f 51/51/51 53/53/53 27/27/27 26/26/26
f 27/27/27 53/53/53 54/54/54 29/29/29
f 29/29/29 54/54/54 55/55/55 30/30/30
f 30/30/30 55/55/55 56/56/56 31/31/31
f 32/32/32 31/31/31 57/57/57 58/58/58
f 59/59/59 57/57/57 31/31/31 56/56/56
f 33/33/33 32/32/32 58/58/58 60/60/60
f 61/61/61 35/35/35 34/34/34 33/33/33
f 61/61/61 33/33/33 60/60/60 62/62/62
f 63/63/63 36/36/36 35/35/35 61/61/61
f 36/36/36 63/63/63 64/64/64 39/39/39
f 65/65/65 37/38/38 38/37/37 39/39/39
f 66/66/66 39/39/39 64/64/64 67/67/67
f 65/65/65 39/39/39 66/66/66 68/68/68
f 63/63/63 69/69/69 70/70/70 64/64/64
f 64/64/64 70/70/70 71/71/71 67/67/67
f 63/63/63 61/61/61 62/62/62 69/69/69
f 62/62/62 60/60/60 72/72/72 73/73/73
f 69/69/69 62/62/62 73/73/73 74/74/74
f 60/60/60 58/58/58 75/75/75 72/72/72
f 58/58/58 57/57/57 76/76/76 75/75/75
f 77/77/77 76/76/76 57/57/57 59/59/59
f 59/59/59 78/78/78 79/79/79 77/77/77
f 56/56/56 80/80/80 78/78/78 59/59/59
f 80/80/80 56/56/56 55/55/55 81/81/81
f 82/82/82 81/81/81 55/55/55 54/54/54
f 83/83/83 82/82/82 54/54/54 53/53/53
f 84/84/84 85/85/85 81/81/81 82/82/82
f 84/84/84 82/82/82 83/83/83 86/86/86
f 81/81/81 85/85/85 87/87/87 80/80/80
f 80/80/80 87/87/87 88/88/88 78/78/78
f 78/78/78 88/88/88 89/89/89 79/79/79
f 77/77/77 79/79/79 90/90/90 91/91/91
f 92/92/92 90/90/90 79/79/79 89/89/89
f 76/76/76 77/77/77 91/91/91 93/93/93
f 93/93/93 94/94/94 75/75/75 76/76/76
f 72/72/72 75/75/75 94/94/94 95/95/95
f 73/73/73 72/72/72 95/95/95 96/96/96
f 73/73/73 96/96/96 97/97/97 74/74/74
f 74/74/74 97/97/97 99/98/98 98/99/99
f 69/69/69 74/74/74 98/99/99 70/70/70
f 70/70/70 98/99/99 100/100/100 71/71/71
f 100/100/100 98/99/99 99/98/98 101/101/101
f 99/98/98 97/97/97 102/102/102 101/101/101
f 96/96/96 103/103/103 102/102/102 97/97/97
f 96/96/96 95/95/95 104/104/104 103/103/103
f 105/105/105 104/104/104 95/95/95 94/94/94
f 94/94/94 93/93/93 106/106/106 105/105/105
f 93/93/93 91/91/91 107/107/107 106/106/106
f 108/108/108 107/107/107 91/91/91 90/90/90
f 90/90/90 92/92/92 109/109/109 108/108/108
f 92/92/92 110/110/110 111/111/111 109/109/109
f 89/89/89 112/112/112 110/110/110 92/92/92
f 112/112/112 89/89/89 88/88/88 113/113/113
f 114/114/114 113/115/113 88/116/88 87/117/87
f 114/118/114 87/87/87 85/85/85 115/119/115
f 114/114/114 1617/120/116 116/121/117 113/115/113
f 1617/120/116 114/114/114 115/122/115 1618/123/118
f 113/113/113 116/124/117 117/125/119 112/112/112
f 112/112/112 117/125/119 118/126/120 110/110/110
f 118/127/120 1619/128/121 111/129/111 110/130/110
f 119/131/122 109/132/109 111/129/111 1619/128/121
f 108/133/108 109/134/109 119/135/122 120/136/123
f 107/137/107 108/133/108 120/136/123 121/138/124
f 121/138/124 122/139/125 106/140/106 107/137/107
f 105/105/105 106/106/106 122/141/125 123/142/126
f 105/105/105 123/142/126 124/143/127 104/104/104
f 103/103/103 104/104/104 124/143/127 125/144/128
f 126/145/129 102/102/102 103/103/103 125/144/128
f 102/102/102 126/145/129 127/146/130 101/101/101
f 125/144/128 128/147/131 129/148/132 126/145/129
f 126/145/129 129/148/132 130/149/133 127/146/130
f 128/147/131 125/144/128 124/143/127 123/142/126
f 128/147/131 123/142/126 131/150/134 132/151/135
f 122/141/125 133/152/136 131/150/134 123/142/126
f 122/139/125 121/138/124 134/153/137 133/154/136
f 135/155/138 134/153/137 121/138/124 120/136/123
f 119/131/122 1620/156/139 1621/157/140 120/158/123
f 1621/157/140 1622/159/141 135/160/138 120/158/123
f 1620/156/139 119/131/122 1619/128/121 1623/161/142
f 118/127/120 136/162/143 1624/163/144 1619/128/121
f 1623/161/142 1619/128/121 1624/163/144 1625/164/145
f 136/165/143 118/126/120 117/125/119 137/166/146
f 116/121/117 1626/167/147 137/168/146 117/169/119
f 1627/170/148 1628/171/149 137/168/146 1626/167/147
f 137/168/146 1628/171/149 1629/172/150 136/162/143
f 1629/172/150 1625/164/145 1624/163/144 136/162/143
f 1629/172/150 1630/173/151 1631/174/152 1625/164/145
f 1632/175/153 1625/164/145 1631/174/152 1633/176/154
f 1634/177/155 1623/161/142 1625/164/145 1632/175/153
f 1623/161/142 1634/177/155 1635/178/156 1620/156/139
f 1636/179/157 1621/157/140 1620/156/139 1635/178/156
f 1636/179/157 138/180/158 1622/159/141 1621/157/140
f 1622/159/141 139/181/159 140/182/160 135/160/138
f 1622/159/141 138/180/158 141/183/161 139/181/159
f 134/153/137 135/155/138 140/184/160 142/185/162
f 134/153/137 142/185/162 143/186/163 133/154/136
f 131/187/134 133/154/136 143/186/163 144/188/164
f 145/189/165 144/188/164 143/186/163 142/185/162
f 146/190/166 142/185/162 140/184/160 139/191/159
f 147/192/167 145/189/165 142/185/162 146/190/166
f 146/190/166 139/191/159 148/193/168 149/194/169
f 141/195/161 150/196/170 148/193/168 139/191/159
f 151/197/171 152/198/172 141/195/161 138/199/158
f 141/195/161 152/198/172 153/200/173 150/196/170
f 138/180/158 1636/179/157 1637/201/174 151/202/171
f 1637/201/174 1636/179/157 1635/178/156 1638/203/175
f 1638/203/175 1635/178/156 1634/177/155 1639/204/176
f 1634/177/155 1632/175/153 1640/205/177 1639/204/176
f 1641/206/178 1632/175/153 1633/176/154 1642/207/179
f 1641/206/178 1643/208/180 1640/205/177 1632/175/153
f 1644/209/181 1633/176/154 1631/174/152 1630/173/151
f 1645/210/182 1642/207/179 1633/176/154 1644/209/181
f 1646/211/183 1642/207/179 1645/210/182 1647/212/184
f 1648/213/185 1641/206/178 1642/207/179 1646/211/183
f 1649/214/186 1643/208/180 1641/206/178 1648/213/185
f 1650/215/187 1639/204/176 1640/205/177 1643/208/180
f 1651/216/188 1650/215/187 1643/208/180 1649/214/186
f 1652/217/189 1638/203/175 1639/204/176 1650/215/187
f 1652/217/189 1653/218/190 1637/201/174 1638/203/175
f 1653/218/190 1654/219/191 151/202/171 1637/201/174
f 154/220/192 152/221/172 151/202/171 1654/219/191
f 154/222/192 155/223/193 153/200/173 152/198/172
f 156/224/194 150/196/170 153/200/173 155/223/193
f 157/225/195 149/194/169 148/193/168 150/196/170
f 158/226/196 157/225/195 150/196/170 156/224/194
f 147/192/167 146/190/166 149/194/169 159/227/197
f 160/228/198 159/227/197 149/194/169 157/225/195
f 157/225/195 158/226/196 161/229/199 160/228/198
f 158/226/196 156/224/194 162/230/200 163/231/201
f 164/232/202 161/229/199 158/226/196 163/231/201
f 156/224/194 155/223/193 165/233/203 162/230/200
f 166/234/204 155/235/193 154/220/192 1655/236/205
f 166/237/204 167/238/206 165/233/203 155/223/193
f 1656/239/207 1655/236/205 154/220/192 1654/219/191
f 1653/218/190 1657/240/208 1658/241/209 1654/219/191
f 1656/239/207 1654/219/191 1658/241/209 1659/242/210
f 1652/217/189 1650/215/187 1657/240/208 1653/218/190
f 1651/216/188 1660/243/211 1657/240/208 1650/215/187
f 1661/244/212 1660/243/211 1651/216/188 1662/245/213
f 1662/245/213 1651/216/188 1649/214/186 1663/246/214
f 1649/214/186 1648/213/185 1664/247/215 1663/246/214
f 1663/246/214 1664/247/215 1665/248/216 1666/249/217
f 1667/250/218 1662/245/213 1663/246/214 1666/249/217
f 1668/251/219 1661/244/212 1662/245/213 1667/250/218
f 1669/252/220 1659/242/210 1660/243/211 1661/244/212
f 1668/251/219 1670/253/221 1669/252/220 1661/244/212
f 1660/243/211 1659/242/210 1658/241/209 1657/240/208
f 1656/239/207 1659/242/210 1669/252/220 1670/253/221
f 1671/254/222 1655/236/205 1656/239/207 1670/253/221
f 1672/255/223 166/234/204 1655/236/205 1671/254/222
f 1672/255/223 1673/256/224 167/257/206 166/234/204
f 168/258/225 162/259/200 165/260/203 167/257/206
f 169/261/226 168/258/225 167/257/206 1673/256/224
f 170/262/227 163/231/201 162/230/200 168/263/225
f 171/264/228 164/232/202 163/231/201 170/262/227
f 172/265/229 173/266/230 161/229/199 164/232/202
f 172/265/229 164/232/202 171/264/228 174/267/231
f 171/264/228 170/262/227 175/268/232 176/269/233
f 177/270/234 174/267/231 171/264/228 176/269/233
f 178/271/235 170/262/227 168/263/225 169/272/226
f 178/271/235 179/273/236 175/268/232 170/262/227
f 1674/274/237 169/261/226 1673/256/224 1675/275/238
f 1676/276/239 178/277/235 169/261/226 1674/274/237
f 1675/275/238 1673/256/224 1672/255/223 1677/278/240
f 1677/278/240 1672/255/223 1671/254/222 1678/279/241
f 1679/280/242 1678/279/241 1671/254/222 1670/253/221
f 1679/280/242 1670/253/221 1668/251/219 1680/281/243
f 1680/281/243 1668/251/219 1667/250/218 1681/282/244
f 1682/283/245 1681/282/244 1667/250/218 1666/249/217
f 1683/284/246 1680/281/243 1681/282/244 1684/285/247
f 1684/285/247 1681/282/244 1682/283/245 1685/286/248
f 1686/287/249 1679/280/242 1680/281/243 1683/284/246
f 1687/288/250 1678/279/241 1679/280/242 1686/287/249
f 1688/289/251 1677/278/240 1678/279/241 1687/288/250
f 1689/290/252 1675/275/238 1677/278/240 1688/289/251
f 1674/274/237 1675/275/238 1689/290/252 1690/291/253
f 1691/292/254 1676/276/239 1674/274/237 1690/291/253
f 1676/276/239 1692/293/255 179/294/236 178/277/235
f 1691/292/254 1693/295/256 1692/293/255 1676/276/239
f 180/296/257 176/269/233 175/268/232 179/273/236
f 181/297/258 180/298/257 179/294/236 1692/293/255
f 182/299/259 177/270/234 176/269/233 180/296/257
f 184/300/260 174/267/231 177/270/234 183/301/261
f 183/301/261 177/270/234 182/299/259 185/302/262
f 186/303/263 182/299/259 180/296/257 181/304/258
f 187/305/264 185/302/262 182/299/259 186/303/263
f 181/297/258 1692/293/255 1693/295/256 188/306/265
f 189/307/266 186/303/263 181/304/258 188/308/265
f 1694/309/267 1695/310/268 1693/295/256 1691/292/254
f 188/306/265 1693/295/256 1695/310/268 190/311/269
f 1691/292/254 1690/291/253 1696/312/270 1694/309/267
f 1697/313/271 1696/312/270 1690/291/253 1689/290/252
f 1697/313/271 1689/290/252 1688/289/251 1698/314/272
f 1698/314/272 1688/289/251 1687/288/250 1699/315/273
f 1699/315/273 1687/288/250 1686/287/249 1700/316/274
f 1700/316/274 1686/287/249 1683/284/246 1701/317/275
f 1701/317/275 1683/284/246 1684/285/247 1702/318/276
f 1703/319/277 1701/317/275 1702/318/276 1704/320/278
f 1705/321/279 1700/316/274 1701/317/275 1703/319/277
f 1706/322/280 1699/315/273 1700/316/274 1705/321/279
f 1707/323/281 1698/314/272 1699/315/273 1706/322/280
f 1707/323/281 1708/324/282 1697/313/271 1698/314/272
f 1696/312/270 1697/313/271 1708/324/282 1709/325/283
f 1709/325/283 1710/326/284 1694/309/267 1696/312/270
f 1711/327/285 1695/310/268 1694/309/267 1710/326/284
f 1711/327/285 1712/328/286 190/311/269 1695/310/268
f 189/307/266 188/308/265 190/329/269 191/330/287
f 191/331/287 190/311/269 1712/328/286 192/332/288
f 193/333/289 187/305/264 186/303/263 189/307/266
f 194/334/290 193/333/289 189/307/266 191/330/287
f 196/335/291 185/302/262 187/305/264 195/336/292
f 195/336/292 187/305/264 193/333/289 197/337/293
f 198/338/294 197/337/293 193/333/289 194/334/290
f 194/334/290 191/330/287 192/339/288 199/340/295
f 200/341/296 198/338/294 194/334/290 199/340/295
f 1713/342/297 1714/343/298 192/332/288 1712/328/286
f 199/344/295 192/332/288 1714/343/298 201/345/299
f 1712/328/286 1711/327/285 1715/346/300 1713/342/297
f 1715/346/300 1711/327/285 1710/326/284 1716/347/301
f 1716/347/301 1710/326/284 1709/325/283 1717/348/302
f 1718/349/303 1717/348/302 1709/325/283 1708/324/282
f 1708/324/282 1707/323/281 1719/350/304 1718/349/303
f 1707/323/281 1706/322/280 1720/351/305 1719/350/304
f 1720/351/305 1706/322/280 1705/321/279 1721/352/306
f 1705/321/279 1703/319/277 1722/353/307 1721/352/306
f 1723/354/308 1721/352/306 1722/353/307 1724/355/309
f 1725/356/310 1719/350/304 1720/351/305 1721/352/306
f 1726/357/311 1721/352/306 1723/354/308 1727/358/312
f 1725/356/310 1721/352/306 1726/357/311 1728/359/313
f 1729/360/314 1718/349/303 1719/350/304 1725/356/310
f 1717/348/302 1718/349/303 1729/360/314 1730/361/315
f 1731/362/316 1716/347/301 1717/348/302 1730/361/315
f 1731/362/316 1732/363/317 1715/346/300 1716/347/301
f 1713/342/297 1715/346/300 1732/363/317 1733/364/318
f 1734/365/319 1714/343/298 1713/342/297 1733/364/318
f 201/345/299 1714/343/298 1734/365/319 202/366/320
f 200/341/296 199/340/295 201/367/299 203/368/321
f 203/369/321 201/345/299 202/366/320 204/370/322
f 205/371/323 206/372/324 198/338/294 200/341/296
f 207/373/325 205/371/323 200/341/296 203/368/321
f 208/374/326 207/373/325 203/368/321 204/375/322
f 209/376/327 204/375/322 202/377/320 210/378/328
f 211/379/329 208/374/326 204/375/322 209/376/327
f 210/380/328 202/366/320 1734/365/319 1733/364/318
f 1735/381/330 1733/364/318 1732/363/317 1736/382/331
f 210/380/328 1733/364/318 1735/381/330 1737/383/332
f 1732/363/317 1731/362/316 1738/384/333 1736/382/331
f 1739/385/334 1738/384/333 1731/362/316 1730/361/315
f 1740/386/335 1730/361/315 1729/360/314 1741/387/336
f 1739/385/334 1730/361/315 1740/386/335 1742/388/337
f 1741/387/336 1729/360/314 1725/356/310 1728/359/313
f 1743/389/338 1728/359/313 1726/357/311 1727/358/312
f 1744/390/339 1741/387/336 1728/359/313 1743/389/338
f 1745/391/340 1740/386/335 1741/387/336 1744/390/339
f 1742/388/337 1740/386/335 1745/391/340 1746/392/341
f 1747/393/342 1748/394/343 1739/385/334 1742/388/337
f 1749/395/344 1747/393/342 1742/388/337 1746/392/341
f 1748/394/343 1736/382/331 1738/384/333 1739/385/334
f 1750/396/345 1736/382/331 1748/394/343 1751/397/346
f 1752/398/347 1735/381/330 1736/382/331 1750/396/345
f 1752/398/347 1753/399/348 1737/383/332 1735/381/330
f 209/400/327 210/380/328 1737/383/332 212/401/349
f 213/402/350 212/401/349 1737/383/332 1753/399/348
f 211/379/329 209/376/327 212/403/349 214/404/351
f 215/405/352 208/374/326 211/379/329 214/404/351
f 215/405/352 216/406/353 207/373/325 208/374/326
f 216/406/353 217/407/354 205/371/323 207/373/325
f 219/408/355 217/407/354 216/406/353 218/409/356
f 220/410/357 218/409/356 216/406/353 215/405/352
f 221/411/358 220/410/357 215/405/352 214/404/351
f 222/412/359 214/404/351 212/403/349 213/413/350
f 221/411/358 214/404/351 222/412/359 223/414/360
f 224/415/361 213/402/350 1753/399/348 1754/416/362
f 225/417/363 222/412/359 213/413/350 224/418/361
f 1755/419/364 1754/416/362 1753/399/348 1752/398/347
f 1755/419/364 1752/398/347 1750/396/345 1756/420/365
f 1750/421/345 1751/422/346 1757/423/366 1756/424/365
f 1751/422/346 1748/425/343 1747/426/342 1758/427/367
f 1757/423/366 1751/422/346 1758/427/367 1759/428/368
f 1758/427/367 1747/426/342 1749/429/344 1760/430/369
f 1749/395/344 1746/392/341 1761/431/370 1762/432/371
f 1760/430/369 1749/429/344 1762/433/371 1763/434/372
f 1759/428/368 1758/427/367 1760/430/369 1764/435/373
f 1765/436/374 1764/435/373 1760/430/369 1763/434/372
f 1766/437/375 1756/424/365 1757/423/366 1759/428/368
f 1767/438/376 1766/437/375 1759/428/368 1764/435/373
f 1768/439/377 1755/440/364 1756/424/365 1769/441/378
f 1769/441/378 1756/424/365 1766/437/375 1770/442/379
f 1754/443/362 1755/440/364 1768/439/377 1771/444/380
f 226/445/381 224/415/361 1754/416/362 1771/446/380
f 225/417/363 224/418/361 226/447/381 227/448/382
f 228/449/383 223/414/360 222/412/359 225/417/363
f 228/449/383 225/417/363 227/448/382 229/450/384
f 230/451/385 231/452/386 221/411/358 223/414/360
f 232/453/387 230/451/385 223/414/360 228/449/383
f 231/452/386 233/454/388 220/410/357 221/411/358
f 234/455/389 235/456/390 233/454/388 231/452/386
f 236/457/391 234/455/389 231/452/386 230/451/385
f 237/458/392 236/457/391 230/451/385 232/453/387
f 238/459/393 232/453/387 228/449/383 229/450/384
f 239/460/394 237/458/392 232/453/387 238/459/393
f 229/450/384 227/448/382 241/461/395 240/462/396
f 242/463/397 238/459/393 229/450/384 240/462/396
f 227/464/382 226/465/381 1772/466/398 241/467/395
f 1772/466/398 226/465/381 1771/444/380 1773/468/399
f 1774/469/400 1771/444/380 1768/439/377 1769/441/378
f 1773/468/399 1771/444/380 1774/469/400 1775/470/401
f 1776/471/402 1774/469/400 1769/441/378 1770/442/379
f 1777/472/403 1770/442/379 1766/437/375 1767/438/376
f 1778/473/404 1770/442/379 1777/472/403 1779/474/405
f 1776/471/402 1770/442/379 1778/473/404 1780/475/406
f 1775/470/401 1774/469/400 1776/471/402 1780/475/406
f 1781/476/407 1773/468/399 1775/470/401 1782/477/408
f 1782/477/408 1775/470/401 1780/475/406 1783/478/409
f 243/479/410 241/467/395 1772/466/398 1773/468/399
f 243/479/410 1773/468/399 1781/476/407 244/480/411
f 245/481/412 240/462/396 241/461/395 243/482/410
f 246/483/413 242/463/397 240/462/396 245/481/412
f 247/484/414 239/460/394 238/459/393 242/463/397
f 247/484/414 242/463/397 246/483/413 248/485/415
f 249/486/416 250/487/417 237/458/392 239/460/394
f 251/488/418 249/486/416 239/460/394 247/484/414
f 250/487/417 252/489/419 236/457/391 237/458/392
f 253/490/420 234/455/389 236/457/391 252/489/419
f 254/491/421 1784/492/422 253/493/420 252/494/419
f 255/495/423 254/496/421 252/489/419 250/487/417
f 256/497/424 255/495/423 250/487/417 249/486/416
f 257/498/425 256/497/424 249/486/416 251/488/418
f 258/499/426 251/488/418 247/484/414 248/485/415
f 259/500/427 257/498/425 251/488/418 258/499/426
f 246/483/413 245/481/412 260/501/428 248/485/415
f 261/502/429 248/485/415 260/501/428 262/503/430
f 258/499/426 248/485/415 261/502/429 263/504/431
f 260/501/428 245/481/412 243/482/410 244/505/411
f 264/506/432 244/480/411 1781/476/407 1785/507/433
f 262/503/430 260/501/428 244/505/411 264/508/432
f 1785/507/433 1781/476/407 1782/477/408 1786/509/434
f 1786/509/434 1782/477/408 1783/478/409 1787/510/435
f 1780/475/406 1778/473/404 1788/511/436 1783/478/409
f 1789/512/437 1787/510/435 1783/478/409 1788/511/436
f 1790/513/438 1791/514/439 1787/510/435 1789/512/437
f 1792/515/440 1786/509/434 1787/510/435 1791/514/439
f 1792/515/440 1793/516/441 1785/507/433 1786/509/434
f 1793/516/441 1794/517/442 264/506/432 1785/507/433
f 262/518/430 264/506/432 1794/517/442 265/519/443
f 261/502/429 262/503/430 265/520/443 266/521/444
f 267/522/445 263/504/431 261/502/429 266/521/444
f 268/523/446 259/500/427 258/499/426 263/504/431
f 269/524/447 268/523/446 263/504/431 267/522/445
f 1795/525/448 1796/526/449 257/527/425 259/528/427
f 1797/529/450 1795/525/448 259/528/427 268/530/446
f 1796/526/449 1798/531/451 256/532/424 257/527/425
f 1798/531/451 1799/533/452 255/534/423 256/532/424
f 1799/533/452 1800/535/453 254/491/421 255/534/423
f 1801/536/454 1802/537/455 1800/535/453 1799/533/452
f 1803/538/456 1801/536/454 1799/533/452 1798/531/451
f 1804/539/457 1803/538/456 1798/531/451 1796/526/449
f 1805/540/458 1804/539/457 1796/526/449 1795/525/448
f 1806/541/459 1805/540/458 1795/525/448 1797/529/450
f 270/542/460 1797/529/450 268/530/446 269/543/447
f 271/544/461 1806/541/459 1797/529/450 270/542/460
f 269/524/447 267/522/445 273/545/462 272/546/463
f 274/547/464 270/548/460 269/549/447 272/550/463
f 273/545/462 267/522/445 266/521/444 275/551/465
f 266/521/444 265/520/443 276/552/466 275/551/465
f 276/553/466 265/519/443 1794/517/442 277/554/467
f 1794/517/442 1793/516/441 1807/555/468 277/554/467
f 1808/556/469 1807/555/468 1793/516/441 1792/515/440
f 1809/557/470 1810/558/471 1807/555/468 1808/556/469
f 278/559/472 277/554/467 1807/555/468 1810/558/471
f 279/560/473 275/551/465 276/552/466 277/561/467
f 279/562/473 277/563/467 278/564/472 280/565/474
f 273/545/462 275/551/465 279/560/473 272/546/463
f 281/566/475 272/550/463 279/562/473 280/565/474
f 274/547/464 272/550/463 281/566/475 282/567/476
f 283/568/477 271/569/461 270/548/460 274/547/464
f 284/570/478 283/568/477 274/547/464 282/567/476
f 285/571/479 1811/572/480 1806/541/459 271/544/461
f 286/573/481 285/574/479 271/569/461 283/568/477
f 1811/572/480 1812/575/482 1805/540/458 1806/541/459
f 1812/575/482 1813/576/483 1804/539/457 1805/540/458
f 1813/576/483 1814/577/484 1803/538/456 1804/539/457
f 1815/578/485 1801/536/454 1803/538/456 1814/577/484
f 1816/579/486 1817/580/487 1815/578/485 1814/577/484
f 1818/581/488 1816/579/486 1814/577/484 1813/576/483
f 1819/582/489 1818/581/488 1813/576/483 1812/575/482
f 1820/583/490 1819/582/489 1812/575/482 1811/572/480
f 1821/584/491 1820/583/490 1811/572/480 285/571/479
f 1822/585/492 1821/584/491 285/571/479 286/586/481
f 1823/587/493 286/586/481 283/588/477 284/589/478
f 1824/590/494 1822/585/492 286/586/481 1823/587/493
f 1825/591/495 284/589/478 282/592/476 287/593/496
f 1826/594/497 1823/587/493 284/589/478 1825/591/495
f 287/595/496 282/567/476 281/566/475 288/596/498
f 288/596/498 281/566/475 280/565/474 289/597/499
f 289/597/499 280/565/474 278/564/472 290/598/500
f 290/599/500 278/559/472 1810/558/471 1827/600/501
f 290/599/500 1827/600/501 292/601/502 291/602/503
f 293/603/504 289/597/499 290/598/500 291/604/503
f 294/605/505 288/596/498 289/597/499 293/603/504
f 295/606/506 287/595/496 288/596/498 294/605/505
f 296/607/507 1825/591/495 287/593/496 295/608/506
f 1828/609/508 1826/594/497 1825/591/495 296/607/507
f 1829/610/509 1824/590/494 1823/587/493 1826/594/497
f 1830/611/510 1829/610/509 1826/594/497 1828/609/508
f 1831/612/511 1832/613/512 1822/585/492 1824/590/494
f 1833/614/513 1831/612/511 1824/590/494 1829/610/509
f 1832/613/512 1834/615/514 1821/584/491 1822/585/492
f 1834/615/514 1835/616/515 1820/583/490 1821/584/491
f 1835/616/515 1836/617/516 1819/582/489 1820/583/490
f 1836/617/516 1837/618/517 1818/581/488 1819/582/489
f 1837/618/517 1838/619/518 1816/579/486 1818/581/488
f 1839/620/519 1840/621/520 1838/619/518 1837/618/517
f 1841/622/521 1839/620/519 1837/618/517 1836/617/516
f 1842/623/522 1841/622/521 1836/617/516 1835/616/515
f 1843/624/523 1842/623/522 1835/616/515 1834/615/514
f 1844/625/524 1843/624/523 1834/615/514 1832/613/512
f 1845/626/525 1844/625/524 1832/613/512 1831/612/511
f 1846/627/526 1845/626/525 1831/612/511 1833/614/513
f 1847/628/527 1833/614/513 1829/610/509 1830/611/510
f 1848/629/528 1846/627/526 1833/614/513 1847/628/527
f 1849/630/529 1830/611/510 1828/609/508 1850/631/530
f 1851/632/531 1847/628/527 1830/611/510 1849/630/529
f 1850/631/530 1828/609/508 296/607/507 297/633/532
f 297/634/532 296/635/507 295/606/506 298/636/533
f 298/636/533 295/606/506 294/605/505 299/637/534
f 300/638/535 298/636/533 299/637/534 301/639/536
f 302/640/537 297/634/532 298/636/533 300/638/535
f 1852/641/538 1850/631/530 297/633/532 302/642/537
f 1853/643/539 1849/630/529 1850/631/530 1852/641/538
f 1854/644/540 1851/632/531 1849/630/529 1853/643/539
f 1855/645/541 1848/629/528 1847/628/527 1851/632/531
f 1856/646/542 1855/645/541 1851/632/531 1854/644/540
f 1857/647/543 1858/648/544 1846/627/526 1848/629/528
f 1859/649/545 1857/647/543 1848/629/528 1855/645/541
f 1860/650/546 1845/626/525 1846/627/526 1858/648/544
f 1860/650/546 1861/651/547 1844/625/524 1845/626/525
f 1861/651/547 1862/652/548 1843/624/523 1844/625/524
f 1862/652/548 1863/653/549 1842/623/522 1843/624/523
f 1864/654/550 1841/622/521 1842/623/522 1863/653/549
f 1864/654/550 1865/655/551 1839/620/519 1841/622/521
f 1866/656/552 1867/657/553 1865/655/551 1864/654/550
f 1868/658/554 1866/656/552 1864/654/550 1863/653/549
f 1869/659/555 1868/658/554 1863/653/549 1862/652/548
f 1870/660/556 1869/659/555 1862/652/548 1861/651/547
f 1871/661/557 1870/660/556 1861/651/547 1860/650/546
f 1872/662/558 1871/661/557 1860/650/546 1858/648/544
f 1872/662/558 1858/648/544 1873/663/559 1874/664/560
f 1873/663/559 1858/648/544 1857/647/543 1875/665/561
f 1876/666/562 1875/665/561 1857/647/543 1859/649/545
f 1877/667/563 1859/649/545 1855/645/541 1856/646/542
f 1878/668/564 1876/666/562 1859/649/545 1877/667/563
f 1879/669/565 1856/646/542 1854/644/540 1880/670/566
f 1881/671/567 1877/667/563 1856/646/542 1879/669/565
f 1880/670/566 1854/644/540 1853/643/539 1882/672/568
f 1883/673/569 1880/670/566 1882/672/568 1884/674/570
f 1885/675/571 1879/669/565 1880/670/566 1883/673/569
f 1881/671/567 1879/669/565 1885/675/571 1886/676/572
f 1878/668/564 1877/667/563 1881/671/567 1887/677/573
f 1887/677/573 1881/671/567 1886/676/572 1888/678/574
f 1889/679/575 1890/680/576 1876/666/562 1878/668/564
f 1891/681/577 1889/679/575 1878/668/564 1887/677/573
f 1890/680/576 1892/682/578 1875/665/561 1876/666/562
f 1892/682/578 1874/664/560 1873/663/559 1875/665/561
f 1893/683/579 1894/684/580 1872/662/558 1874/664/560
f 1895/685/581 1893/683/579 1874/664/560 1892/682/578
f 1894/684/580 1896/686/582 1871/661/557 1872/662/558
f 1896/686/582 1897/687/583 1870/660/556 1871/661/557
f 1897/687/583 1898/688/584 1869/659/555 1870/660/556
f 1898/688/584 1899/689/585 1868/658/554 1869/659/555
f 1900/690/586 1901/691/587 1899/689/585 1898/688/584
f 1902/692/588 1900/690/586 1898/688/584 1897/687/583
f 1903/693/589 1902/692/588 1897/687/583 1896/686/582
f 1904/694/590 1903/693/589 1896/686/582 1894/684/580
f 1905/695/591 1904/694/590 1894/684/580 1893/683/579
f 1906/696/592 1905/695/591 1893/683/579 1895/685/581
f 1907/697/593 1895/685/581 1892/682/578 1890/680/576
f 1908/698/594 1906/696/592 1895/685/581 1907/697/593
f 1909/699/595 1907/697/593 1890/680/576 1889/679/575
f 1910/700/596 1909/699/595 1889/679/575 1891/681/577
f 1891/681/577 1887/677/573 1888/678/574 1911/701/597
f 1910/700/596 1891/681/577 1911/701/597 1912/702/598
f 1913/703/599 1888/678/574 1886/676/572 1914/704/600
f 1911/701/597 1888/678/574 1913/703/599 1915/705/601
f 1886/676/572 1885/675/571 1916/706/602 1914/704/600
f 1913/703/599 1914/704/600 1917/707/603 1915/705/601
f 1918/708/604 1914/704/600 1916/706/602 1919/709/605
f 1917/707/603 1914/704/600 1918/708/604 1920/710/606
f 1921/711/607 1912/702/598 1911/701/597 1915/705/601
f 1921/711/607 1915/705/601 1917/707/603 1922/712/608
f 1923/713/609 1924/714/610 1910/700/596 1912/702/598
f 1925/715/611 1923/713/609 1912/702/598 1921/711/607
f 1926/716/612 1909/699/595 1910/700/596 1924/714/610
f 1926/716/612 1908/698/594 1907/697/593 1909/699/595
f 1927/717/613 1906/696/592 1908/698/594 1928/718/614
f 1929/719/615 1928/718/614 1908/698/594 1926/716/612
f 1930/720/616 1905/695/591 1906/696/592 1927/717/613
f 1931/721/617 1904/694/590 1905/695/591 1930/720/616
f 1932/722/618 1903/693/589 1904/694/590 1931/721/617
f 1932/722/618 1933/723/619 1902/692/588 1903/693/589
f 1934/724/620 1935/725/621 1933/723/619 1932/722/618
f 1934/724/620 1932/722/618 1931/721/617 1936/726/622
f 1937/727/623 1936/726/622 1931/721/617 1930/720/616
f 1937/727/623 1930/720/616 1927/717/613 1938/728/624
f 1938/728/624 1927/717/613 1928/718/614 1939/729/625
f 1940/730/626 1939/729/625 1928/718/614 1929/719/615
f 1941/731/627 1929/719/615 1926/716/612 1924/714/610
f 1942/732/628 1940/730/626 1929/719/615 1941/731/627
f 1943/733/629 1941/731/627 1924/714/610 1923/713/609
f 1925/715/611 1944/734/630 1943/733/629 1923/713/609
f 1925/715/611 1921/711/607 1922/712/608 1944/734/630
f 1945/735/631 1922/712/608 1917/707/603 1920/710/606
f 1946/736/632 1944/734/630 1922/712/608 1945/735/631
f 1947/737/633 1920/710/606 1918/708/604 1948/738/634
f 1949/739/635 1945/735/631 1920/710/606 1947/737/633
f 1950/740/636 1946/736/632 1945/735/631 1949/739/635
f 1951/741/637 1952/742/638 1944/734/630 1946/736/632
f 1953/743/639 1951/741/637 1946/736/632 1950/740/636
f 1952/742/638 1954/744/640 1943/733/629 1944/734/630
f 1954/744/640 1942/732/628 1941/731/627 1943/733/629
f 1955/745/641 1956/746/642 1940/730/626 1942/732/628
f 1957/747/643 1955/745/641 1942/732/628 1954/744/640
f 1956/746/642 1958/748/644 1939/729/625 1940/730/626
f 1939/729/625 1958/748/644 1959/749/645 1938/728/624
f 1959/749/645 1936/726/622 1937/727/623 1938/728/624
f 1960/750/646 1961/751/647 1934/724/620 1936/726/622
f 1960/750/646 1936/726/622 1959/749/645 1962/752/648
f 1961/751/647 1963/753/649 1935/725/621 1934/724/620
f 1964/754/650 1965/755/651 1963/753/649 1961/751/647
f 1966/756/652 1964/754/650 1961/751/647 1960/750/646
f 1967/757/653 1966/756/652 1960/750/646 1962/752/648
f 1962/752/648 1959/749/645 1958/748/644 1968/758/654
f 1969/759/655 1967/757/653 1962/752/648 1968/758/654
f 1970/760/656 1968/758/654 1958/748/644 1956/746/642
f 1971/761/657 1970/760/656 1956/746/642 1955/745/641
f 1972/762/658 1971/761/657 1955/745/641 1957/747/643
f 1973/763/659 1957/747/643 1954/744/640 1952/742/638
f 1974/764/660 1972/762/658 1957/747/643 1973/763/659
f 1975/765/661 1973/763/659 1952/742/638 1951/741/637
f 1976/766/662 1975/765/661 1951/741/637 1953/743/639
f 1977/767/663 1953/743/639 1950/740/636 1978/768/664
f 1979/769/665 1976/766/662 1953/743/639 1977/767/663
f 1978/768/664 1950/740/636 1949/739/635 1980/770/666
f 1981/771/667 1978/768/664 1980/770/666 1982/772/668
f 1983/773/669 1977/767/663 1978/768/664 1981/771/667
f 1984/774/670 1979/769/665 1977/767/663 1983/773/669
f 1985/775/671 1986/776/672 1976/766/662 1979/769/665
f 1987/777/673 1985/775/671 1979/769/665 1984/774/670
f 1986/776/672 1988/778/674 1975/765/661 1976/766/662
f 1988/778/674 1974/764/660 1973/763/659 1975/765/661
f 1989/779/675 1990/780/676 1972/762/658 1974/764/660
f 1991/781/677 1989/779/675 1974/764/660 1988/778/674
f 1990/780/676 1992/782/678 1971/761/657 1972/762/658
f 1992/782/678 1993/783/679 1970/760/656 1971/761/657
f 1993/783/679 1969/759/655 1968/758/654 1970/760/656
f 1994/784/680 1995/785/681 1967/757/653 1969/759/655
f 1996/786/682 1994/784/680 1969/759/655 1993/783/679
f 1995/785/681 1997/787/683 1966/756/652 1967/757/653
f 1998/788/684 1999/789/685 1997/787/683 1995/785/681
f 2000/790/686 1998/788/684 1995/785/681 1994/784/680
f 2001/791/687 2000/790/686 1994/784/680 1996/786/682
f 2002/792/688 1996/786/682 1993/783/679 1992/782/678
f 2003/793/689 2001/791/687 1996/786/682 2002/792/688
f 2004/794/690 2002/792/688 1992/782/678 1990/780/676
f 2005/795/691 2004/794/690 1990/780/676 1989/779/675
f 2006/796/692 2005/795/691 1989/779/675 1991/781/677
f 2007/797/693 1991/781/677 1988/778/674 1986/776/672
f 2008/798/694 2006/796/692 1991/781/677 2007/797/693
f 2009/799/695 2007/797/693 1986/776/672 1985/775/671
f 2010/800/696 2009/799/695 1985/775/671 1987/777/673
f 2011/801/697 1987/777/673 1984/774/670 2012/802/698
f 2013/803/699 2010/800/696 1987/777/673 2011/801/697
f 2012/802/698 1984/774/670 1983/773/669 2014/804/700
f 2015/805/701 2012/802/698 2014/804/700 2016/806/702
f 2017/807/703 2011/801/697 2012/802/698 2015/805/701
f 2018/808/704 2013/803/699 2011/801/697 2017/807/703
f 2019/809/705 2020/810/706 2010/800/696 2013/803/699
f 2021/811/707 2019/809/705 2013/803/699 2018/808/704
f 2020/810/706 2022/812/708 2009/799/695 2010/800/696
f 2022/812/708 2008/798/694 2007/797/693 2009/799/695
f 2023/813/709 2024/814/710 2006/796/692 2008/798/694
f 2025/815/711 2023/813/709 2008/798/694 2022/812/708
f 2024/814/710 2026/816/712 2005/795/691 2006/796/692
f 2026/816/712 2027/817/713 2004/794/690 2005/795/691
f 2027/817/713 2003/793/689 2002/792/688 2004/794/690
f 2028/818/714 2029/819/715 2001/791/687 2003/793/689
f 2030/820/716 2028/818/714 2003/793/689 2027/817/713
f 2029/819/715 2031/821/717 2000/790/686 2001/791/687
f 2032/822/718 2033/823/719 2031/821/717 2029/819/715
f 2034/824/720 2032/822/718 2029/819/715 2028/818/714
f 2035/825/721 2034/824/720 2028/818/714 2030/820/716
f 2036/826/722 2035/825/721 2030/820/716 2037/827/723
f 2037/827/723 2030/820/716 2027/817/713 2026/816/712
f 2038/828/724 2037/827/723 2026/816/712 2024/814/710
f 2039/829/725 2038/828/724 2024/814/710 2023/813/709
f 2040/830/726 2039/829/725 2023/813/709 2025/815/711
f 2041/831/727 2025/815/711 2022/812/708 2020/810/706
f 2042/832/728 2040/830/726 2025/815/711 2041/831/727
f 2043/833/729 2041/831/727 2020/810/706 2019/809/705
f 2044/834/730 2043/833/729 2019/809/705 2021/811/707
f 2045/835/731 2021/811/707 2018/808/704 2046/836/732
f 2047/837/733 2044/834/730 2021/811/707 2045/835/731
f 2046/836/732 2018/808/704 2017/807/703 2048/838/734
f 2049/839/735 2046/836/732 2048/838/734 2050/840/736
f 2051/841/737 2045/835/731 2046/836/732 2049/839/735
f 2052/842/738 2047/837/733 2045/835/731 2051/841/737
f 2053/843/739 2044/834/730 2047/837/733 2054/844/740
f 2054/844/740 2047/837/733 2052/842/738 2055/845/741
f 2044/834/730 2053/843/739 2056/846/742 2043/833/729
f 2043/833/729 2056/846/742 2042/832/728 2041/831/727
f 2057/847/743 2058/848/744 2040/830/726 2042/832/728
f 2059/849/745 2057/847/743 2042/832/728 2056/846/742
f 2058/848/744 2060/850/746 2039/829/725 2040/830/726
f 2060/850/746 2061/851/747 2038/828/724 2039/829/725
f 2061/851/747 2036/826/722 2037/827/723 2038/828/724
f 2062/852/748 2063/853/749 2035/825/721 2036/826/722
f 2064/854/750 2062/852/748 2036/826/722 2061/851/747
f 2063/853/749 2065/855/751 2034/824/720 2035/825/721
f 2066/856/752 2067/857/753 2065/855/751 2063/853/749
f 2068/858/754 2066/856/752 2063/853/749 2062/852/748
f 2069/859/755 2068/858/754 2062/852/748 2064/854/750
f 2070/860/756 2064/854/750 2061/851/747 2060/850/746
f 2071/861/757 2069/859/755 2064/854/750 2070/860/756
f 2072/862/758 2070/860/756 2060/850/746 2058/848/744
f 2073/863/759 2072/862/758 2058/848/744 2057/847/743
f 2074/864/760 2073/863/759 2057/847/743 2059/849/745
f 2059/849/745 2056/846/742 2053/843/739 2075/865/761
f 2074/864/760 2059/849/745 2075/865/761 2076/866/762
f 2054/844/740 2077/867/763 2075/865/761 2053/843/739
f 2055/845/741 2078/868/764 2077/867/763 2054/844/740
f 2055/845/741 2052/842/738 2079/869/765 2080/870/766
f 2078/868/764 2055/845/741 2080/870/766 2081/871/767
f 2079/869/765 2052/842/738 2051/841/737 2082/872/768
f 2083/873/769 2079/869/765 2082/872/768 2084/874/770
f 2085/875/771 2080/870/766 2079/869/765 2083/873/769
f 2081/871/767 2080/870/766 2085/875/771 2086/876/772
f 2081/871/767 2087/877/773 2088/878/774 2078/868/764
f 2086/876/772 2089/879/775 2087/877/773 2081/871/767
f 2090/880/776 2077/867/763 2078/868/764 2088/878/774
f 2076/866/762 2075/865/761 2077/867/763 2090/880/776
f 2091/881/777 2092/882/778 2074/864/760 2076/866/762
f 2093/883/779 2091/881/777 2076/866/762 2090/880/776
f 2092/882/778 2094/884/780 2073/863/759 2074/864/760
f 2094/884/780 2095/885/781 2072/862/758 2073/863/759
f 2095/885/781 2071/861/757 2070/860/756 2072/862/758
f 2071/861/757 2096/886/782 2097/887/783 2069/859/755
f 2095/885/781 303/888/784 2096/886/782 2071/861/757
f 2069/859/755 2097/887/783 2098/889/785 2068/858/754
f 304/890/786 305/891/787 2098/889/785 2097/887/783
f 306/892/788 304/890/786 2097/887/783 2096/886/782
f 307/893/789 306/892/788 2096/886/782 303/888/784
f 308/894/790 307/895/789 303/896/784 309/897/791
f 2094/884/780 309/898/791 303/888/784 2095/885/781
f 2092/882/778 2099/899/792 309/898/791 2094/884/780
f 2091/881/777 310/900/793 2099/899/792 2092/882/778
f 2093/883/779 311/901/794 310/900/793 2091/881/777
f 2100/902/795 2093/883/779 2090/880/776 2088/878/774
f 312/903/796 311/901/794 2093/883/779 2100/902/795
f 2100/902/795 2088/878/774 2087/877/773 2101/904/797
f 2101/904/797 2087/877/773 2089/879/775 2102/905/798
f 2103/906/799 313/907/800 2102/905/798 2089/879/775
f 2089/879/775 2086/876/772 2104/908/801 2103/906/799
f 2104/908/801 2086/876/772 2085/875/771 2105/909/802
f 2106/910/803 2104/908/801 2105/909/802 2107/911/804
f 2103/906/799 2104/908/801 2106/910/803 2108/912/805
f 2108/912/805 314/913/806 313/907/800 2103/906/799
f 316/914/807 2102/905/798 313/907/800 315/915/808
f 315/916/808 313/917/800 314/918/806 317/919/809
f 2109/920/810 2101/904/797 2102/905/798 316/914/807
f 2109/920/810 312/903/796 2100/902/795 2101/904/797
f 312/921/796 318/922/811 319/923/812 311/924/794
f 2109/920/810 320/925/813 318/926/811 312/903/796
f 319/923/812 321/927/814 310/928/793 311/924/794
f 321/929/814 322/930/815 2099/899/792 310/900/793
f 322/930/815 308/931/790 309/898/791 2099/899/792
f 308/894/790 323/932/816 324/933/817 307/895/789
f 322/934/815 325/935/818 323/932/816 308/894/790
f 307/893/789 324/936/817 326/937/819 306/892/788
f 327/938/820 328/939/821 326/940/819 324/933/817
f 329/941/822 327/938/820 324/933/817 323/932/816
f 330/942/823 329/941/822 323/932/816 325/935/818
f 331/943/824 330/942/823 325/935/818 332/944/825
f 321/927/814 332/944/825 325/935/818 322/934/815
f 333/945/826 332/944/825 321/927/814 319/923/812
f 333/945/826 319/923/812 318/922/811 334/946/827
f 335/947/828 334/948/827 318/926/811 320/925/813
f 336/949/829 335/950/828 320/951/813 337/952/830
f 316/914/807 337/953/830 320/925/813 2109/920/810
f 337/952/830 316/954/807 315/916/808 338/955/831
f 339/956/832 338/955/831 315/916/808 317/919/809
f 340/957/833 339/956/832 317/919/809 341/958/834
f 342/959/835 341/958/834 317/919/809 314/918/806
f 314/913/806 2108/912/805 2110/960/836 342/961/835
f 343/962/837 344/963/838 341/958/834 342/959/835
f 343/964/837 342/961/835 2110/960/836 2111/965/839
f 340/957/833 341/958/834 344/963/838 345/966/840
f 340/957/833 346/967/841 347/968/842 339/956/832
f 345/966/840 348/969/843 346/967/841 340/957/833
f 347/968/842 349/970/844 338/955/831 339/956/832
f 338/955/831 349/970/844 336/949/829 337/952/830
f 350/971/845 351/972/846 335/950/828 336/949/829
f 352/973/847 350/971/845 336/949/829 349/970/844
f 335/950/828 351/972/846 353/974/848 334/946/827
f 334/946/827 353/974/848 354/975/849 333/945/826
f 333/945/826 354/975/849 331/943/824 332/944/825
f 331/943/824 355/976/850 356/977/851 330/942/823
f 354/975/849 357/978/852 355/976/850 331/943/824
f 356/977/851 358/979/853 329/941/822 330/942/823
f 356/977/851 359/980/854 360/981/855 358/979/853
f 355/976/850 361/982/856 359/980/854 356/977/851
f 357/978/852 362/983/857 361/982/856 355/976/850
f 363/984/858 364/985/859 362/983/857 357/978/852
f 353/974/848 363/984/858 357/978/852 354/975/849
f 365/986/860 363/984/858 353/974/848 351/972/846
f 366/987/861 367/988/862 365/986/860 351/972/846
f 366/987/861 351/972/846 350/971/845 368/989/863
f 369/990/864 368/989/863 350/971/845 352/973/847
f 370/991/865 371/992/866 369/990/864 352/973/847
f 370/991/865 352/973/847 349/970/844 347/968/842
f 372/993/867 370/991/865 347/968/842 346/967/841
f 373/994/868 372/993/867 346/967/841 348/969/843
f 374/995/869 373/994/868 348/969/843 375/996/870
f 376/997/871 375/996/870 348/969/843 345/966/840
f 377/998/872 378/999/873 372/993/867 373/994/868
f 379/1000/874 377/998/872 373/994/868 374/995/869
f 372/993/867 378/999/873 371/992/866 370/991/865
f 380/1001/875 381/1002/876 369/990/864 371/992/866
f 382/1003/877 380/1001/875 371/992/866 378/999/873
f 381/1002/876 383/1004/878 368/989/863 369/990/864
f 383/1004/878 367/988/862 366/987/861 368/989/863
f 367/988/862 384/1005/879 385/1006/880 365/986/860
f 383/1004/878 386/1007/881 384/1005/879 367/988/862
f 365/986/860 385/1006/880 364/985/859 363/984/858
f 364/985/859 387/1008/882 388/1009/883 362/983/857
f 385/1006/880 389/1010/884 387/1008/882 364/985/859
f 362/983/857 388/1009/883 390/1011/885 361/982/856
f 361/982/856 390/1011/885 391/1012/886 359/980/854
f 390/1011/885 392/1013/887 393/1014/888 391/1012/886
f 388/1009/883 394/1015/889 392/1013/887 390/1011/885
f 387/1008/882 395/1016/890 394/1015/889 388/1009/883
f 389/1010/884 396/1017/891 395/1016/890 387/1008/882
f 397/1018/892 398/1019/893 396/1017/891 389/1010/884
f 384/1005/879 397/1018/892 389/1010/884 385/1006/880
f 386/1007/881 399/1020/894 397/1018/892 384/1005/879
f 400/1021/895 401/1022/896 399/1020/894 386/1007/881
f 381/1002/876 400/1021/895 386/1007/881 383/1004/878
f 402/1023/897 400/1021/895 381/1002/876 380/1001/875
f 382/1003/877 403/1024/898 402/1023/897 380/1001/875
f 404/1025/899 405/1026/900 403/1024/898 382/1003/877
f 406/1027/901 404/1025/899 382/1003/877 378/999/873
f 406/1027/901 378/999/873 377/998/872 407/1028/902
f 408/1029/903 404/1025/899 406/1027/901 407/1028/902
f 408/1029/903 409/1030/904 405/1026/900 404/1025/899
f 405/1026/900 410/1031/905 411/1032/906 403/1024/898
f 409/1030/904 412/1033/907 410/1031/905 405/1026/900
f 403/1024/898 411/1032/906 413/1034/908 402/1023/897
f 402/1023/897 413/1034/908 401/1022/896 400/1021/895
f 401/1022/896 414/1035/909 415/1036/910 399/1020/894
f 413/1034/908 416/1037/911 414/1035/909 401/1022/896
f 399/1020/894 415/1036/910 398/1019/893 397/1018/892
f 398/1019/893 417/1038/912 418/1039/913 396/1017/891
f 415/1040/910 2112/1041/914 417/1042/912 398/1043/893
f 396/1044/891 418/1045/913 2113/1046/915 395/1047/890
f 395/1047/890 2113/1046/915 2114/1048/916 394/1049/889
f 394/1049/889 2114/1048/916 419/1050/917 392/1051/887
f 2114/1048/916 2115/1052/918 2116/1053/919 419/1050/917
f 2113/1046/915 2117/1054/920 2115/1052/918 2114/1048/916
f 418/1045/913 420/1055/921 2117/1054/920 2113/1046/915
f 417/1038/912 421/1056/922 420/1057/921 418/1039/913
f 2112/1041/914 2118/1058/923 421/1059/922 417/1042/912
f 2119/1060/924 2120/1061/925 2118/1058/923 2112/1041/914
f 414/1062/909 2119/1060/924 2112/1041/914 415/1040/910
f 416/1063/911 2121/1064/926 2119/1060/924 414/1062/909
f 422/1065/927 423/1066/928 2121/1064/926 416/1063/911
f 411/1032/906 422/1067/927 416/1037/911 413/1034/908
f 410/1031/905 424/1068/929 422/1067/927 411/1032/906
f 412/1033/907 425/1069/930 424/1068/929 410/1031/905
f 426/1070/931 427/1071/932 425/1069/930 412/1033/907
f 428/1072/933 426/1070/931 412/1033/907 409/1030/904
f 429/1073/934 428/1072/933 409/1030/904 408/1029/903
f 431/1074/935 426/1070/931 428/1072/933 430/1075/936
f 432/1076/937 430/1075/936 428/1072/933 429/1073/934
f 431/1074/935 433/1077/938 427/1071/932 426/1070/931
f 434/1078/939 435/1079/940 425/1069/930 427/1071/932
f 433/1077/938 436/1080/941 434/1078/939 427/1071/932
f 425/1069/930 435/1079/940 437/1081/942 424/1068/929
f 424/1068/929 437/1081/942 423/1082/928 422/1067/927
f 423/1066/928 2122/1083/943 2123/1084/944 2121/1064/926
f 437/1085/942 2124/1086/945 2122/1083/943 423/1066/928
f 2121/1064/926 2123/1084/944 2120/1061/925 2119/1060/924
f 2120/1061/925 2125/1087/946 2126/1088/947 2118/1058/923
f 2123/1084/944 2127/1089/948 2125/1087/946 2120/1061/925
f 2118/1058/923 2126/1088/947 2128/1090/949 421/1059/922
f 421/1059/922 2128/1090/949 2129/1091/950 420/1055/921
f 420/1055/921 2129/1091/950 2130/1092/951 2117/1054/920
f 2131/1093/952 2132/1094/953 2130/1092/951 2129/1091/950
f 2133/1095/954 2134/1096/955 2131/1093/952 2129/1091/950
f 2128/1090/949 2135/1097/956 2133/1095/954 2129/1091/950
f 2126/1088/947 2136/1098/957 2135/1097/956 2128/1090/949
f 2125/1087/946 2137/1099/958 2136/1098/957 2126/1088/947
f 2138/1100/959 2137/1099/958 2125/1087/946 2127/1089/948
f 2139/1101/960 2138/1100/959 2127/1089/948 2140/1102/961
f 2122/1083/943 2140/1102/961 2127/1089/948 2123/1084/944
f 2141/1103/962 2140/1102/961 2122/1083/943 2124/1086/945
f 2142/1104/963 2143/1105/964 2141/1103/962 2124/1086/945
f 435/1106/940 2142/1104/963 2124/1086/945 437/1085/942
f 438/1107/965 2144/1108/966 2142/1104/963 435/1106/940
f 438/1109/965 435/1079/940 434/1078/939 436/1080/941
f 439/1110/967 440/1111/968 438/1109/965 436/1080/941
f 441/1112/969 439/1110/967 436/1080/941 433/1077/938
f 440/1113/968 2145/1114/970 2144/1108/966 438/1107/965
f 2144/1108/966 2146/1115/971 2143/1105/964 2142/1104/963
f 2147/1116/972 2146/1115/971 2144/1108/966 2145/1114/970
f 2148/1117/973 2140/1102/961 2141/1103/962 2143/1105/964
f 2149/1118/974 2148/1117/973 2143/1105/964 2146/1115/971
f 2148/1117/973 2150/1119/975 2139/1101/960 2140/1102/961
f 2151/1120/976 2152/1121/977 2138/1100/959 2139/1101/960
f 2153/1122/978 2151/1123/976 2139/1124/960 2150/1125/975
f 2138/1100/959 2152/1121/977 2154/1126/979 2137/1099/958
f 2154/1126/979 2155/1127/980 2136/1098/957 2137/1099/958
f 2136/1098/957 2155/1127/980 2156/1128/981 2135/1097/956
f 2156/1128/981 2134/1096/955 2133/1095/954 2135/1097/956
f 2156/1128/981 2157/1129/982 2158/1130/983 2134/1096/955
f 2159/1131/984 2157/1129/982 2156/1128/981 2155/1127/980
f 2160/1132/985 2161/1133/986 2159/1131/984 2155/1127/980
f 2154/1126/979 2162/1134/987 2160/1132/985 2155/1127/980
f 2163/1135/988 2162/1134/987 2154/1126/979 2152/1121/977
f 2164/1136/989 2163/1135/988 2152/1121/977 2151/1120/976
f 2165/1137/990 2166/1138/991 2164/1136/989 2151/1120/976
f 2153/1122/978 2167/1139/992 2165/1140/990 2151/1123/976
f 2168/1141/993 2169/1142/994 2167/1139/992 2153/1122/978
f 2170/1143/995 2168/1141/993 2153/1122/978 2150/1125/975
f 2149/1118/974 2170/1144/995 2150/1119/975 2148/1117/973
f 2171/1145/996 2172/1146/997 2170/1143/995 2149/1147/974
f 2147/1148/972 2171/1145/996 2149/1147/974 2146/1149/971
f 2173/1150/998 2174/1151/999 2171/1145/996 2147/1148/972
f 2173/1152/998 2147/1116/972 2145/1114/970 2175/1153/1000
f 2174/1151/999 2176/1154/1001 2172/1146/997 2171/1145/996
f 2172/1146/997 2177/1155/1002 2168/1141/993 2170/1143/995
f 2176/1154/1001 2178/1156/1003 2177/1155/1002 2172/1146/997
f 2177/1155/1002 2179/1157/1004 2169/1142/994 2168/1141/993
f 2180/1158/1005 2181/1159/1006 2167/1139/992 2169/1142/994
f 2179/1157/1004 2182/1160/1007 2180/1158/1005 2169/1142/994
f 2181/1161/1006 2166/1138/991 2165/1137/990 2167/1162/992
f 2183/1163/1008 2184/1164/1009 2164/1136/989 2166/1138/991
f 2185/1165/1010 2186/1166/1011 2183/1163/1008 2166/1138/991
f 2181/1161/1006 2187/1167/1012 2185/1165/1010 2166/1138/991
f 2163/1135/988 2164/1136/989 2184/1164/1009 2188/1168/1013
f 2188/1168/1013 2189/1169/1014 2162/1134/987 2163/1135/988
f 2189/1169/1014 2190/1170/1015 2160/1132/985 2162/1134/987
f 2191/1171/1016 2192/1172/1017 2190/1170/1015 2189/1169/1014
f 2189/1169/1014 2188/1168/1013 2193/1173/1018 2191/1171/1016
f 2194/1174/1019 2193/1173/1018 2188/1168/1013 2184/1164/1009
f 2184/1164/1009 2183/1163/1008 2195/1175/1020 2194/1174/1019
f 2186/1166/1011 2196/1176/1021 2195/1175/1020 2183/1163/1008
f 2197/1177/1022 2198/1178/1023 2196/1176/1021 2186/1166/1011
f 2199/1179/1024 2200/1180/1025 2197/1177/1022 2186/1166/1011
f 2199/1179/1024 2186/1166/1011 2185/1165/1010 2187/1167/1012
f 2201/1181/1026 2202/1182/1027 2199/1183/1024 2187/1184/1012
f 2180/1158/1005 2201/1181/1026 2187/1184/1012 2181/1159/1006
f 2182/1160/1007 2203/1185/1028 2201/1181/1026 2180/1158/1005
f 2204/1186/1029 2203/1185/1028 2182/1160/1007 2205/1187/1030
f 2206/1188/1031 2205/1187/1030 2182/1160/1007 2179/1157/1004
f 2206/1188/1031 2179/1157/1004 2177/1155/1002 2178/1156/1003
f 442/1189/1032 443/1190/1033 2205/1187/1030 2206/1188/1031
f 442/1189/1032 2206/1188/1031 2178/1156/1003 444/1191/1034
f 2207/1192/1035 2204/1186/1029 2205/1187/1030 443/1190/1033
f 2204/1186/1029 2208/1193/1036 2209/1194/1037 2203/1185/1028
f 2207/1192/1035 445/1195/1038 2208/1193/1036 2204/1186/1029
f 2203/1185/1028 2209/1194/1037 2202/1182/1027 2201/1181/1026
f 2202/1182/1027 2210/1196/1039 2200/1197/1025 2199/1183/1024
f 2209/1194/1037 2211/1198/1040 2210/1196/1039 2202/1182/1027
f 2212/1199/1041 2198/1178/1023 2197/1177/1022 2200/1180/1025
f 2210/1196/1039 2213/1200/1042 2212/1201/1041 2200/1197/1025
f 2198/1178/1023 2214/1202/1043 2215/1203/1044 2196/1176/1021
f 2216/1204/1045 2217/1205/1046 2214/1202/1043 2198/1178/1023
f 2212/1199/1041 2218/1206/1047 2216/1204/1045 2198/1178/1023
f 2195/1175/1020 2196/1176/1021 2215/1203/1044 2219/1207/1048
f 2195/1175/1020 2219/1207/1048 2220/1208/1049 2194/1174/1019
f 2219/1207/1048 2221/1209/1050 2222/1210/1051 2220/1208/1049
f 2215/1203/1044 2223/1211/1052 2221/1209/1050 2219/1207/1048
f 2214/1202/1043 2224/1212/1053 2223/1211/1052 2215/1203/1044
f 2214/1202/1043 2217/1205/1046 2225/1213/1054 2224/1212/1053
f 2226/1214/1055 2227/1215/1056 2225/1213/1054 2217/1205/1046
f 2228/1216/1057 2229/1217/1058 2226/1214/1055 2217/1205/1046
f 2228/1216/1057 2217/1205/1046 2216/1204/1045 2218/1206/1047
f 2230/1218/1059 2228/1219/1057 2218/1220/1047 2231/1221/1060
f 2213/1200/1042 2231/1221/1060 2218/1220/1047 2212/1201/1041
f 2232/1222/1061 2233/1223/1062 2231/1221/1060 2213/1200/1042
f 2211/1198/1040 2232/1222/1061 2213/1200/1042 2210/1196/1039
f 2234/1224/1063 2235/1225/1064 2232/1222/1061 2211/1198/1040
f 2234/1224/1063 2211/1198/1040 2209/1194/1037 2208/1193/1036
f 446/1226/1065 2234/1224/1063 2208/1193/1036 445/1195/1038
f 446/1226/1065 447/1227/1066 2235/1225/1064 2234/1224/1063
f 2235/1225/1064 2236/1228/1067 2233/1223/1062 2232/1222/1061
f 2237/1229/1068 2236/1228/1067 2235/1225/1064 447/1227/1066
f 2233/1223/1062 2238/1230/1069 2230/1218/1059 2231/1221/1060
f 2236/1228/1067 2239/1231/1070 2238/1230/1069 2233/1223/1062
f 2230/1232/1059 2240/1233/1071 2229/1217/1058 2228/1216/1057
f 2238/1230/1069 2241/1234/1072 2240/1235/1071 2230/1218/1059
f 2242/1236/1073 2227/1215/1056 2226/1214/1055 2229/1217/1058
f 2243/1237/1074 2242/1236/1073 2229/1217/1058 2240/1233/1071
f 2225/1213/1054 2227/1215/1056 2244/1238/1075 2245/1239/1076
f 2246/1240/1077 2244/1238/1075 2227/1215/1056 2242/1236/1073
f 2225/1213/1054 2245/1239/1076 2247/1241/1078 2224/1212/1053
f 2223/1211/1052 2224/1212/1053 2247/1241/1078 2248/1242/1079
f 2221/1209/1050 2223/1211/1052 2248/1242/1079 2249/1243/1080
f 2249/1243/1080 2248/1242/1079 2250/1244/1081 2251/1245/1082
f 2247/1241/1078 2252/1246/1083 2250/1244/1081 2248/1242/1079
f 2247/1241/1078 2245/1239/1076 2253/1247/1084 2252/1246/1083
f 2244/1238/1075 2254/1248/1085 2253/1247/1084 2245/1239/1076
f 2244/1238/1075 2246/1240/1077 2255/1249/1086 2254/1248/1085
f 2256/1250/1087 2257/1251/1088 2255/1249/1086 2246/1240/1077
f 2256/1250/1087 2246/1240/1077 2242/1236/1073 2243/1237/1074
f 2258/1252/1089 2259/1253/1090 2256/1250/1087 2243/1237/1074
f 2241/1254/1072 2258/1252/1089 2243/1237/1074 2240/1233/1071
f 2260/1255/1091 2261/1256/1092 2258/1252/1089 2241/1254/1072
f 2260/1257/1091 2241/1234/1072 2238/1230/1069 2239/1231/1070
f 2262/1258/1093 2261/1256/1092 2260/1255/1091 2239/1259/1070
f 2263/1260/1094 2264/1261/1095 2262/1258/1093 2239/1259/1070
f 2237/1229/1068 2263/1262/1094 2239/1231/1070 2236/1228/1067
f 448/1263/1096 2263/1262/1094 2237/1229/1068 447/1227/1066
f 2265/1264/1097 2264/1261/1095 2263/1260/1094 448/1265/1096
f 2264/1261/1095 2266/1266/1098 2267/1267/1099 2262/1258/1093
f 2265/1264/1097 2268/1268/1100 2266/1266/1098 2264/1261/1095
f 2262/1258/1093 2267/1267/1099 2269/1269/1101 2261/1256/1092
f 2261/1256/1092 2269/1269/1101 2259/1253/1090 2258/1252/1089
f 2259/1253/1090 2270/1270/1102 2257/1251/1088 2256/1250/1087
f 2271/1271/1103 2270/1270/1102 2259/1253/1090 2269/1269/1101
f 2272/1272/1104 2254/1248/1085 2255/1249/1086 2257/1251/1088
f 2273/1273/1105 2272/1272/1104 2257/1251/1088 2270/1270/1102
f 2253/1247/1084 2254/1248/1085 2274/1274/1106 2275/1275/1107
f 2272/1272/1104 2276/1276/1108 2274/1274/1106 2254/1248/1085
f 2253/1247/1084 2275/1275/1107 2277/1277/1109 2252/1246/1083
f 2250/1244/1081 2252/1246/1083 2277/1277/1109 2278/1278/1110
f 2250/1244/1081 2278/1278/1110 2279/1279/1111 2251/1245/1082
f 2280/1280/1112 2281/1281/1113 2279/1279/1111 2278/1278/1110
f 2277/1277/1109 2282/1282/1114 2280/1280/1112 2278/1278/1110
f 2277/1277/1109 2275/1275/1107 2283/1283/1115 2282/1282/1114
f 2284/1284/1116 2275/1275/1107 2274/1274/1106 2276/1276/1108
f 2284/1284/1116 2285/1285/1117 2283/1283/1115 2275/1275/1107
f 2273/1273/1105 2286/1286/1118 2276/1276/1108 2272/1272/1104
f 2287/1287/1119 2284/1284/1116 2276/1276/1108 2286/1286/1118
f 2273/1273/1105 2270/1270/1102 2271/1271/1103 2288/1288/1120
f 2289/1289/1121 2286/1286/1118 2273/1273/1105 2288/1288/1120
f 2267/1267/1099 2288/1288/1120 2271/1271/1103 2269/1269/1101
f 2266/1266/1098 2290/1290/1122 2288/1288/1120 2267/1267/1099
f 2268/1268/1100 2291/1291/1123 2290/1290/1122 2266/1266/1098
f 450/1292/1124 2291/1291/1123 2268/1268/1100 449/1293/1125
f 449/1293/1125 2268/1268/1100 2265/1264/1097 451/1294/1126
f 451/1294/1126 2265/1264/1097 448/1265/1096 452/1295/1127
f 454/1296/1128 449/1297/1125 451/1298/1126 453/1299/1129
f 453/1299/1129 451/1298/1126 452/1300/1127 455/1301/1130
f 456/1302/1131 450/1303/1124 449/1297/1125 454/1296/1128
f 450/1292/1124 457/1304/1132 2292/1305/1133 2291/1291/1123
f 456/1302/1131 458/1306/1134 457/1307/1132 450/1303/1124
f 2291/1291/1123 2292/1305/1133 2293/1308/1135 2290/1290/1122
f 2290/1309/1122 2293/1310/1135 2289/1311/1121 2288/1312/1120
f 2294/1313/1136 2287/1287/1119 2286/1286/1118 2289/1289/1121
f 2293/1310/1135 2295/1314/1137 2294/1315/1136 2289/1311/1121
f 2287/1287/1119 2296/1316/1138 2285/1285/1117 2284/1284/1116
f 2296/1316/1138 2287/1287/1119 2294/1313/1136 2297/1317/1139
f 2298/1318/1140 2299/1319/1141 2283/1283/1115 2285/1285/1117
f 2296/1316/1138 2300/1320/1142 2298/1318/1140 2285/1285/1117
f 2282/1282/1114 2283/1283/1115 2299/1319/1141 2301/1321/1143
f 2301/1321/1143 2302/1322/1144 2280/1280/1112 2282/1282/1114
f 2302/1322/1144 2301/1321/1143 2303/1323/1145 2304/1324/1146
f 2305/1325/1147 2303/1323/1145 2301/1321/1143 2299/1319/1141
f 2306/1326/1148 2305/1325/1147 2299/1319/1141 2298/1318/1140
f 2300/1327/1142 2307/1328/1149 2306/1329/1148 2298/1330/1140
f 2308/1331/1150 2309/1332/1151 2307/1328/1149 2300/1327/1142
f 2297/1333/1139 2308/1331/1150 2300/1327/1142 2296/1334/1138
f 2297/1333/1139 2294/1315/1136 2295/1314/1137 2310/1335/1152
f 2311/1336/1153 2308/1331/1150 2297/1333/1139 2310/1335/1152
f 2312/1337/1154 2295/1314/1137 2293/1310/1135 2292/1338/1133
f 2310/1335/1152 2295/1314/1137 2312/1337/1154 2313/1339/1155
f 457/1340/1132 2313/1339/1155 2312/1337/1154 2292/1338/1133
f 459/1341/1156 2313/1339/1155 457/1340/1132 458/1342/1134
f 461/1343/1157 459/1344/1156 458/1306/1134 460/1345/1158
f 460/1345/1158 458/1306/1134 456/1302/1131 462/1346/1159
f 462/1346/1159 456/1302/1131 454/1296/1128 463/1347/1160
f 465/1348/1161 460/1345/1158 462/1346/1159 464/1349/1162
f 464/1349/1162 462/1346/1159 463/1347/1160 466/1350/1163
f 467/1351/1164 461/1343/1157 460/1345/1158 465/1348/1161
f 461/1352/1157 468/1353/1165 2314/1354/1166 459/1341/1156
f 469/1355/1167 468/1356/1165 461/1343/1157 467/1351/1164
f 459/1341/1156 2314/1354/1166 2315/1357/1168 2313/1339/1155
f 2315/1357/1168 2311/1336/1153 2310/1335/1152 2313/1339/1155
f 2316/1358/1169 2309/1332/1151 2308/1331/1150 2311/1336/1153
f 2315/1357/1168 2317/1359/1170 2316/1358/1169 2311/1336/1153
f 2318/1360/1171 2319/1361/1172 2307/1328/1149 2309/1332/1151
f 2320/1362/1173 2321/1363/1174 2318/1360/1171 2309/1332/1151
f 2316/1358/1169 2322/1364/1175 2320/1362/1173 2309/1332/1151
f 2319/1365/1172 2323/1366/1176 2306/1326/1148 2307/1367/1149
f 2306/1326/1148 2323/1366/1176 2324/1368/1177 2305/1325/1147
f 2323/1366/1176 2325/1369/1178 2326/1370/1179 2324/1368/1177
f 2327/1371/1180 2325/1369/1178 2323/1366/1176 2319/1365/1172
f 2319/1365/1172 2318/1372/1171 2328/1373/1181 2327/1371/1180
f 2329/1374/1182 2328/1373/1181 2318/1372/1171 2321/1375/1174
f 2330/1376/1183 2331/1377/1184 2329/1378/1182 2321/1363/1174
f 2330/1376/1183 2321/1363/1174 2320/1362/1173 2322/1364/1175
f 2332/1379/1185 2330/1376/1183 2322/1364/1175 2333/1380/1186
f 2317/1359/1170 2333/1380/1186 2322/1364/1175 2316/1358/1169
f 470/1381/1187 471/1382/1188 2333/1380/1186 2317/1359/1170
f 2314/1354/1166 470/1381/1187 2317/1359/1170 2315/1357/1168
f 468/1353/1165 472/1383/1189 470/1381/1187 2314/1354/1166
f 469/1384/1167 473/1385/1190 472/1383/1189 468/1353/1165
f 474/1386/1191 475/1387/1192 473/1388/1190 469/1355/1167
f 474/1386/1191 469/1355/1167 467/1351/1164 476/1389/1193
f 476/1389/1193 467/1351/1164 465/1348/1161 477/1390/1194
f 478/1391/1195 479/1392/1196 474/1386/1191 476/1389/1193
f 480/1393/1197 478/1391/1195 476/1389/1193 477/1390/1194
f 479/1392/1196 481/1394/1198 475/1387/1192 474/1386/1191
f 475/1387/1192 482/1395/1199 483/1396/1200 473/1388/1190
f 481/1394/1198 484/1397/1201 482/1395/1199 475/1387/1192
f 473/1388/1190 483/1396/1200 485/1398/1202 472/1399/1189
f 472/1399/1189 485/1398/1202 471/1400/1188 470/1401/1187
f 471/1382/1188 486/1402/1203 487/1403/1204 2333/1380/1186
f 485/1398/1202 488/1404/1205 486/1405/1203 471/1400/1188
f 487/1403/1204 2334/1406/1206 2332/1379/1185 2333/1380/1186
f 2332/1379/1185 2334/1406/1206 2331/1377/1184 2330/1376/1183
f 2331/1377/1184 2335/1407/1207 2336/1408/1208 2329/1378/1182
f 2334/1406/1206 2337/1409/1209 2335/1407/1207 2331/1377/1184
f 2336/1410/1208 2338/1411/1210 2328/1373/1181 2329/1374/1182
f 2336/1410/1208 2339/1412/1211 2340/1413/1212 2338/1411/1210
f 2341/1414/1213 2339/1412/1211 2336/1410/1208 4166/1415/1214
f 489/1416/1215 2342/1417/1216 2341/1414/1213 4166/1415/1214
f 2337/1409/1209 490/1418/1217 489/1419/1215 2335/1407/1207
f 491/1420/1218 492/1421/1219 490/1418/1217 2337/1409/1209
f 491/1420/1218 2337/1409/1209 2334/1406/1206 487/1403/1204
f 486/1405/1203 493/1422/1220 491/1423/1218 487/1424/1204
f 488/1404/1205 494/1425/1221 493/1422/1220 486/1405/1203
f 495/1426/1222 496/1427/1223 494/1425/1221 488/1404/1205
f 483/1396/1200 495/1426/1222 488/1404/1205 485/1398/1202
f 482/1395/1199 497/1428/1224 495/1426/1222 483/1396/1200
f 498/1429/1225 497/1428/1224 482/1395/1199 484/1397/1201
f 500/1430/1226 484/1397/1201 481/1394/1198 499/1431/1227
f 501/1432/1228 502/1433/1229 498/1429/1225 484/1397/1201
f 501/1432/1228 484/1397/1201 500/1430/1226 503/1434/1230
f 498/1429/1225 504/1435/1231 505/1436/1232 497/1428/1224
f 506/1437/1233 504/1435/1231 498/1429/1225 502/1433/1229
f 497/1428/1224 505/1436/1232 496/1427/1223 495/1426/1222
f 496/1427/1223 507/1438/1234 508/1439/1235 494/1425/1221
f 505/1436/1232 509/1440/1236 507/1438/1234 496/1427/1223
f 494/1425/1221 508/1439/1235 510/1441/1237 493/1422/1220
f 510/1441/1237 492/1442/1219 491/1423/1218 493/1422/1220
f 492/1442/1219 511/1443/1238 512/1444/1239 490/1445/1217
f 513/1446/1240 511/1443/1238 492/1442/1219 510/1441/1237
f 490/1445/1217 512/1444/1239 514/1447/1241 489/1448/1215
f 489/1416/1215 514/1449/1241 2343/1450/1242 2342/1417/1216
f 2342/1417/1216 2343/1450/1242 2344/1451/1243 2345/1452/1244
f 2341/1414/1213 2342/1417/1216 2345/1452/1244 2339/1412/1211
f 2346/1453/1245 2347/1454/1246 2344/1455/1243 2343/1456/1242
f 514/1457/1241 2348/1458/1247 2346/1453/1245 2343/1456/1242
f 512/1459/1239 2349/1460/1248 2348/1458/1247 514/1457/1241
f 2350/1461/1249 2349/1460/1248 512/1459/1239 511/1462/1238
f 515/1463/1250 516/1464/1251 2350/1465/1249 511/1443/1238
f 515/1463/1250 511/1443/1238 513/1446/1240 517/1466/1252
f 508/1439/1235 517/1466/1252 513/1446/1240 510/1441/1237
f 507/1438/1234 518/1467/1253 517/1466/1252 508/1439/1235
f 519/1468/1254 518/1467/1253 507/1438/1234 509/1440/1236
f 520/1469/1255 521/1470/1256 519/1468/1254 509/1440/1236
f 504/1435/1231 520/1469/1255 509/1440/1236 505/1436/1232
f 522/1471/1257 520/1469/1255 504/1435/1231 506/1437/1233
f 523/1472/1258 524/1473/1259 522/1471/1257 506/1437/1233
f 525/1474/1260 523/1472/1258 506/1437/1233 502/1433/1229
f 526/1475/1261 520/1469/1255 522/1471/1257 524/1473/1259
f 526/1475/1261 527/1476/1262 521/1470/1256 520/1469/1255
f 528/1477/1263 518/1467/1253 519/1468/1254 521/1470/1256
f 527/1476/1262 529/1478/1264 528/1477/1263 521/1470/1256
f 530/1479/1265 515/1463/1250 517/1466/1252 518/1467/1253
f 528/1477/1263 531/1480/1266 530/1479/1265 518/1467/1253
f 530/1479/1265 532/1481/1267 516/1464/1251 515/1463/1250
f 2351/1482/1268 2349/1460/1248 2350/1461/1249 516/1483/1251
f 533/1484/1269 2351/1485/1268 4167/1486/1270 532/1481/1267
f 2352/1487/1271 2353/1488/1272 2348/1458/1247 2349/1460/1248
f 2351/1482/1268 2354/1489/1273 2352/1487/1271 2349/1460/1248
f 2353/1488/1272 2347/1454/1246 2346/1453/1245 2348/1458/1247
f 2344/1455/1243 2347/1454/1246 2355/1490/1274 2356/1491/1275
f 2353/1488/1272 2357/1492/1276 2355/1490/1274 2347/1454/1246
f 2358/1493/1277 2357/1492/1276 2353/1488/1272 2352/1487/1271
f 2359/1494/1278 2358/1493/1277 2352/1487/1271 2354/1489/1273
f 2354/1489/1273 2360/1495/1279 2361/1496/1280 2359/1494/1278
f 2360/1495/1279 2354/1489/1273 2351/1482/1268 533/1497/1269
f 533/1497/1269 534/1498/1281 2362/1499/1282 2360/1495/1279
f 534/1500/1281 533/1484/1269 532/1481/1267 535/1501/1283
f 535/1501/1283 532/1481/1267 530/1479/1265 531/1480/1266
f 537/1502/1284 535/1501/1283 531/1480/1266 536/1503/1285
f 529/1478/1264 536/1503/1285 531/1480/1266 528/1477/1263
f 539/1504/1286 536/1503/1285 529/1478/1264 538/1505/1287
f 540/1506/1288 538/1505/1287 529/1478/1264 527/1476/1262
f 541/1507/1289 540/1506/1288 527/1476/1262 526/1475/1261
f 542/1508/1290 541/1507/1289 526/1475/1261 524/1473/1259
f 544/1509/1291 540/1506/1288 541/1507/1289 543/1510/1292
f 545/1511/1293 543/1510/1292 541/1507/1289 542/1508/1290
f 546/1512/1294 538/1505/1287 540/1506/1288 544/1509/1291
f 547/1513/1295 539/1504/1286 538/1505/1287 546/1512/1294
f 539/1504/1286 548/1514/1296 549/1515/1297 536/1503/1285
f 547/1513/1295 550/1516/1298 548/1514/1296 539/1504/1286
f 549/1515/1297 551/1517/1299 537/1502/1284 536/1503/1285
f 535/1518/1283 537/1519/1284 2363/1520/1300 534/1521/1281
f 552/1522/1301 2363/1520/1300 537/1519/1284 551/1523/1299
f 2364/1524/1302 2362/1525/1282 534/1521/1281 2363/1520/1300
f 2365/1526/1303 2361/1496/1280 2360/1495/1279 2362/1499/1282
f 2366/1527/1304 2365/1528/1303 2362/1525/1282 2364/1524/1302
f 2359/1529/1278 2361/1530/1280 2367/1531/1305 2368/1532/1306
f 2365/1528/1303 2369/1533/1307 2367/1531/1305 2361/1530/1280
f 2359/1529/1278 2368/1532/1306 2370/1534/1308 2358/1535/1277
f 2368/1532/1306 2371/1536/1309 2372/1537/1310 2370/1534/1308
f 2373/1538/1311 2374/1539/1312 2371/1536/1309 2368/1532/1306
f 2368/1532/1306 2367/1531/1305 2369/1533/1307 2373/1538/1311
f 2375/1540/1313 2376/1541/1314 2373/1538/1311 2369/1533/1307
f 2366/1527/1304 2375/1540/1313 2369/1533/1307 2365/1528/1303
f 2366/1527/1304 2377/1542/1315 2378/1543/1316 2375/1540/1313
f 2364/1524/1302 553/1544/1317 2377/1542/1315 2366/1527/1304
f 553/1544/1317 2364/1524/1302 2363/1520/1300 552/1522/1301
f 552/1545/1301 554/1546/1318 555/1547/1319 553/1548/1317
f 554/1549/1318 552/1522/1301 551/1523/1299 556/1550/1320
f 556/1551/1320 551/1517/1299 549/1515/1297 548/1514/1296
f 557/1552/1321 556/1551/1320 548/1514/1296 550/1516/1298
f 558/1553/1322 559/1554/1323 557/1555/1321 550/1556/1298
f 558/1557/1322 550/1516/1298 547/1513/1295 560/1558/1324
f 561/1559/1325 560/1558/1324 547/1513/1295 546/1512/1294
f 562/1560/1326 559/1554/1323 558/1553/1322 560/1561/1324
f 563/1562/1327 564/1563/1328 562/1560/1326 560/1561/1324
f 563/1562/1327 560/1561/1324 561/1564/1325 565/1565/1329
f 566/1566/1330 567/1567/1331 568/1568/1332 559/1554/1323
f 568/1568/1332 569/1569/1333 557/1555/1321 559/1554/1323
f 562/1560/1326 570/1570/1334 566/1566/1330 559/1554/1323
f 557/1555/1321 569/1569/1333 571/1571/1335 556/1572/1320
f 571/1571/1335 572/1573/1336 554/1546/1318 556/1572/1320
f 573/1574/1337 555/1547/1319 554/1546/1318 572/1573/1336
f 574/1575/1338 2377/1542/1315 553/1544/1317 555/1576/1319
f 575/1577/1339 574/1575/1338 555/1576/1319 573/1578/1337
f 2379/1579/1340 2378/1543/1316 2377/1542/1315 574/1575/1338
f 2375/1540/1313 2378/1543/1316 2380/1580/1341 2376/1541/1314
f 2381/1581/1342 2380/1580/1341 2378/1543/1316 2379/1579/1340
f 2379/1579/1340 576/1582/1343 577/1583/1344 2381/1581/1342
f 578/1584/1345 576/1582/1343 2379/1579/1340 574/1575/1338
f 575/1585/1339 579/1586/1346 578/1587/1345 574/1588/1338
f 581/1589/1347 579/1586/1346 575/1585/1339 580/1590/1348
f 582/1591/1349 580/1590/1348 575/1585/1339 573/1574/1337
f 583/1592/1350 582/1591/1349 573/1574/1337 572/1573/1336
f 583/1592/1350 572/1573/1336 571/1571/1335 569/1569/1333
f 568/1568/1332 567/1567/1331 583/1592/1350 569/1569/1333
f 567/1567/1331 584/1593/1351 582/1591/1349 583/1592/1350
f 566/1566/1330 585/1594/1352 584/1593/1351 567/1567/1331
f 570/1570/1334 586/1595/1353 585/1594/1352 566/1566/1330
f 587/1596/1354 588/1597/1355 586/1595/1353 570/1570/1334
f 564/1563/1328 587/1596/1354 570/1570/1334 562/1560/1326
f 590/1598/1356 587/1596/1354 564/1563/1328 589/1599/1357
f 589/1599/1357 564/1563/1328 563/1562/1327 565/1565/1329
f 590/1598/1356 591/1600/1358 588/1597/1355 587/1596/1354
f 588/1597/1355 592/1601/1359 593/1602/1360 586/1595/1353
f 591/1600/1358 594/1603/1361 592/1601/1359 588/1597/1355
f 586/1595/1353 593/1602/1360 595/1604/1362 585/1594/1352
f 585/1594/1352 595/1604/1362 596/1605/1363 584/1593/1351
f 584/1593/1351 596/1605/1363 580/1590/1348 582/1591/1349
f 597/1606/1364 598/1607/1365 581/1589/1347 580/1590/1348
f 596/1605/1363 599/1608/1366 597/1606/1364 580/1590/1348
f 581/1589/1347 598/1607/1365 600/1609/1367 579/1586/1346
f 600/1609/1367 576/1610/1343 578/1587/1345 579/1586/1346
f 600/1609/1367 601/1611/1368 577/1612/1344 576/1610/1343
f 2381/1581/1342 577/1583/1344 601/1613/1368 2382/1614/1369
f 2380/1580/1341 2381/1581/1342 2382/1614/1369 2383/1615/1370
f 2380/1580/1341 2383/1615/1370 2384/1616/1371 2376/1541/1314
f 2384/1616/1371 2383/1615/1370 2385/1617/1372 2386/1618/1373
f 2387/1619/1374 2385/1617/1372 2383/1615/1370 2382/1614/1369
f 2388/1620/1375 2389/1621/1376 2387/1619/1374 2382/1614/1369
f 2382/1614/1369 601/1613/1368 602/1622/1377 2388/1620/1375
f 603/1623/1378 604/1624/1379 602/1625/1377 601/1611/1368
f 598/1607/1365 603/1623/1378 601/1611/1368 600/1609/1367
f 597/1606/1364 605/1626/1380 603/1623/1378 598/1607/1365
f 599/1608/1366 606/1627/1381 605/1626/1380 597/1606/1364
f 607/1628/1382 608/1629/1383 606/1627/1381 599/1608/1366
f 595/1604/1362 607/1628/1382 599/1608/1366 596/1605/1363
f 593/1602/1360 609/1630/1384 607/1628/1382 595/1604/1362
f 592/1601/1359 610/1631/1385 609/1630/1384 593/1602/1360
f 594/1603/1361 611/1632/1386 610/1631/1385 592/1601/1359
f 612/1633/1387 613/1634/1388 611/1632/1386 594/1603/1361
f 614/1635/1389 612/1633/1387 594/1603/1361 591/1600/1358
f 611/1632/1386 615/1636/1390 616/1637/1391 610/1631/1385
f 613/1634/1388 617/1638/1392 615/1636/1390 611/1632/1386
f 610/1631/1385 616/1637/1391 618/1639/1393 609/1630/1384
f 609/1630/1384 618/1639/1393 608/1629/1383 607/1628/1382
f 619/1640/1394 620/1641/1395 606/1627/1381 608/1629/1383
f 618/1639/1393 621/1642/1396 619/1640/1394 608/1629/1383
f 606/1627/1381 620/1641/1395 622/1643/1397 605/1626/1380
f 622/1643/1397 604/1624/1379 603/1623/1378 605/1626/1380
f 623/1644/1398 2388/1620/1375 602/1622/1377 604/1645/1379
f 623/1646/1398 604/1624/1379 622/1643/1397 620/1641/1395
f 623/1644/1398 624/1647/1399 2389/1621/1376 2388/1620/1375
f 2387/1619/1374 2389/1621/1376 2390/1648/1400 2391/1649/1401
f 624/1647/1399 2392/1650/1402 2390/1648/1400 2389/1621/1376
f 2387/1619/1374 2391/1649/1401 2393/1651/1403 2385/1617/1372
f 2393/1651/1403 2391/1649/1401 2394/1652/1404 2395/1653/1405
f 2396/1654/1406 2397/1655/1407 2394/1652/1404 2391/1649/1401
f 2396/1654/1406 2391/1649/1401 2390/1648/1400 2392/1650/1402
f 625/1656/1408 626/1657/1409 2396/1654/1406 2392/1650/1402
f 627/1658/1410 625/1656/1408 2392/1650/1402 624/1647/1399
f 627/1659/1410 624/1660/1399 623/1646/1398 620/1641/1395
f 619/1640/1394 628/1661/1411 627/1659/1410 620/1641/1395
f 621/1642/1396 629/1662/1412 628/1661/1411 619/1640/1394
f 630/1663/1413 631/1664/1414 629/1662/1412 621/1642/1396
f 616/1637/1391 630/1663/1413 621/1642/1396 618/1639/1393
f 615/1636/1390 632/1665/1415 630/1663/1413 616/1637/1391
f 617/1638/1392 633/1666/1416 632/1665/1415 615/1636/1390
f 635/1667/1417 633/1668/1416 617/1669/1392 634/1670/1418
f 636/1671/1419 634/1672/1418 617/1638/1392 613/1634/1388
f 633/1666/1416 637/1673/1420 638/1674/1421 632/1665/1415
f 635/1675/1417 639/1676/1422 637/1673/1420 633/1666/1416
f 632/1665/1415 638/1674/1421 631/1664/1414 630/1663/1413
f 631/1664/1414 640/1677/1423 641/1678/1424 629/1662/1412
f 638/1674/1421 642/1679/1425 640/1677/1423 631/1664/1414
f 641/1678/1424 643/1680/1426 628/1661/1411 629/1662/1412
f 628/1661/1411 643/1680/1426 625/1681/1408 627/1659/1410
f 643/1680/1426 644/1682/1427 626/1683/1409 625/1681/1408
f 2397/1655/1407 2396/1654/1406 626/1657/1409 645/1684/1428
f 644/1682/1427 646/1685/1429 645/1686/1428 626/1683/1409
f 2397/1655/1407 2398/1687/1430 2399/1688/1431 2394/1652/1404
f 645/1684/1428 2400/1689/1432 2398/1687/1430 2397/1655/1407
f 2395/1653/1405 2394/1652/1404 2399/1688/1431 2401/1690/1433
f 2399/1688/1431 2402/1691/1434 2403/1692/1435 2401/1690/1433
f 2398/1687/1430 2404/1693/1436 2402/1691/1434 2399/1688/1431
f 2400/1689/1432 2405/1694/1437 2404/1693/1436 2398/1687/1430
f 647/1695/1438 648/1696/1439 2405/1694/1437 2400/1689/1432
f 2400/1689/1432 645/1684/1428 646/1697/1429 647/1695/1438
f 647/1698/1438 646/1685/1429 650/1699/1440 649/1700/1441
f 650/1699/1440 646/1685/1429 644/1682/1427 651/1701/1442
f 651/1701/1442 644/1682/1427 643/1680/1426 641/1678/1424
f 640/1677/1423 652/1702/1443 651/1701/1442 641/1678/1424
f 642/1679/1425 653/1703/1444 652/1702/1443 640/1677/1423
f 654/1704/1445 655/1705/1446 653/1703/1444 642/1679/1425
f 637/1673/1420 654/1704/1445 642/1679/1425 638/1674/1421
f 639/1676/1422 656/1706/1447 654/1704/1445 637/1673/1420
f 657/1707/1448 658/1708/1449 656/1706/1447 639/1676/1422
f 2406/1709/1450 657/1710/1448 639/1711/1422 635/1667/1417
f 656/1706/1447 659/1712/1451 655/1705/1446 654/1704/1445
f 658/1708/1449 660/1713/1452 659/1712/1451 656/1706/1447
f 655/1705/1446 661/1714/1453 662/1715/1454 653/1703/1444
f 659/1712/1451 663/1716/1455 661/1714/1453 655/1705/1446
f 662/1715/1454 649/1700/1441 652/1702/1443 653/1703/1444
f 664/1717/1456 648/1718/1439 647/1698/1438 649/1700/1441
f 662/1715/1454 665/1719/1457 664/1717/1456 649/1700/1441
f 652/1702/1443 649/1700/1441 650/1699/1440 651/1701/1442
f 648/1696/1439 666/1720/1458 2407/1721/1459 2405/1694/1437
f 664/1722/1456 667/1723/1460 666/1720/1458 648/1696/1439
f 2405/1694/1437 2407/1721/1459 2408/1724/1461 2404/1693/1436
f 2404/1693/1436 2408/1724/1461 2409/1725/1462 2402/1691/1434
f 2403/1692/1435 2402/1691/1434 2409/1725/1462 2410/1726/1463
f 2409/1725/1462 2411/1727/1464 2412/1728/1465 2410/1726/1463
f 2409/1725/1462 2408/1724/1461 2413/1729/1466 2411/1727/1464
f 2407/1721/1459 2414/1730/1467 2413/1729/1466 2408/1724/1461
f 666/1720/1458 668/1731/1468 2414/1730/1467 2407/1721/1459
f 667/1732/1460 669/1733/1469 668/1734/1468 666/1735/1458
f 670/1736/1470 671/1737/1471 669/1733/1469 667/1732/1460
f 665/1719/1457 670/1738/1470 667/1739/1460 664/1717/1456
f 672/1740/1472 673/1741/1473 670/1738/1470 665/1719/1457
f 661/1714/1453 672/1740/1472 665/1719/1457 662/1715/1454
f 663/1716/1455 674/1742/1474 672/1740/1472 661/1714/1453
f 675/1743/1475 676/1744/1476 674/1742/1474 663/1716/1455
f 660/1745/1452 675/1746/1475 663/1747/1455 659/1748/1451
f 2415/1749/1477 2416/1750/1478 675/1746/1475 660/1745/1452
f 2417/1751/1479 2415/1749/1477 660/1745/1452 658/1752/1449
f 2416/1750/1478 2418/1753/1480 676/1754/1476 675/1746/1475
f 676/1754/1476 2419/1755/1481 677/1756/1482 674/1757/1474
f 2420/1758/1483 2419/1755/1481 676/1754/1476 2418/1753/1480
f 674/1757/1474 677/1756/1482 673/1759/1473 672/1760/1472
f 673/1761/1473 678/1762/1484 671/1737/1471 670/1736/1470
f 677/1763/1482 679/1764/1485 678/1762/1484 673/1761/1473
f 680/1765/1486 681/1766/1487 669/1733/1469 671/1737/1471
f 678/1762/1484 682/1767/1488 680/1765/1486 671/1737/1471
f 669/1733/1469 681/1766/1487 683/1768/1489 668/1734/1468
f 668/1731/1468 683/1769/1489 2421/1770/1490 2414/1730/1467
f 2413/1729/1466 2414/1730/1467 2421/1770/1490 2422/1771/1491
f 2413/1729/1466 2422/1771/1491 2423/1772/1492 2411/1727/1464
f 2412/1728/1465 2411/1727/1464 2423/1772/1492 2424/1773/1493
f 2424/1773/1493 2423/1772/1492 2425/1774/1494 2426/1775/1495
f 2422/1771/1491 2427/1776/1496 2425/1774/1494 2423/1772/1492
f 2421/1770/1490 684/1777/1497 2427/1776/1496 2422/1771/1491
f 2421/1770/1490 683/1769/1489 685/1778/1498 684/1777/1497
f 686/1779/1499 685/1780/1498 683/1768/1489 681/1766/1487
f 687/1781/1500 686/1779/1499 681/1766/1487 680/1765/1486
f 682/1767/1488 688/1782/1501 687/1781/1500 680/1765/1486
f 690/1783/1502 688/1782/1501 682/1767/1488 689/1784/1503
f 689/1784/1503 682/1767/1488 678/1762/1484 679/1764/1485
f 691/1785/1504 692/1786/1505 689/1784/1503 679/1764/1485
f 691/1787/1504 679/1788/1485 677/1756/1482 2419/1755/1481
f 693/1789/1506 691/1787/1504 2419/1755/1481 2420/1758/1483
f 2428/1790/1507 2429/1791/1508 693/1789/1506 2420/1758/1483
f 2428/1790/1507 2420/1758/1483 2418/1753/1480 2430/1792/1509
f 2430/1792/1509 2418/1753/1480 2416/1750/1478 2431/1793/1510
f 2432/1794/1511 2433/1795/1512 2428/1790/1507 2430/1792/1509
f 2432/1794/1511 2430/1792/1509 2431/1793/1510 2434/1796/1513
f 2433/1795/1512 2435/1797/1514 2429/1791/1508 2428/1790/1507
f 2429/1791/1508 2436/1798/1515 694/1799/1516 693/1789/1506
f 2437/1800/1517 2436/1798/1515 2429/1791/1508 2435/1797/1514
f 694/1801/1516 692/1786/1505 691/1785/1504 693/1802/1506
f 692/1803/1505 695/1804/1518 690/1805/1502 689/1806/1503
f 694/1799/1516 2438/1807/1519 695/1804/1518 692/1803/1505
f 690/1783/1502 696/1808/1520 697/1809/1521 688/1782/1501
f 695/1810/1518 698/1811/1522 696/1808/1520 690/1783/1502
f 697/1809/1521 699/1812/1523 700/1813/1524 688/1782/1501
f 700/1813/1524 686/1779/1499 687/1781/1500 688/1782/1501
f 700/1813/1524 701/1814/1525 685/1780/1498 686/1779/1499
f 684/1815/1497 685/1780/1498 701/1814/1525 702/1816/1526
f 699/1812/1523 702/1816/1526 701/1814/1525 700/1813/1524
f 699/1812/1523 703/1817/1527 704/1818/1528 702/1816/1526
f 705/1819/1529 703/1817/1527 699/1812/1523 697/1809/1521
f 696/1808/1520 706/1820/1530 705/1819/1529 697/1809/1521
f 698/1811/1522 707/1821/1531 706/1820/1530 696/1808/1520
f 2439/1822/1532 708/1823/1533 707/1824/1531 698/1825/1522
f 2438/1807/1519 2439/1822/1532 698/1825/1522 695/1804/1518
f 2440/1826/1534 2439/1822/1532 2438/1807/1519 2441/1827/1535
f 2441/1827/1535 2438/1807/1519 694/1799/1516 2436/1798/1515
f 2442/1828/1536 2441/1827/1535 2436/1798/1515 2437/1800/1517
f 2443/1829/1537 2442/1828/1536 2437/1800/1517 2444/1830/1538
f 2444/1830/1538 2437/1800/1517 2435/1797/1514 2445/1831/1539
f 2445/1831/1539 2435/1797/1514 2433/1795/1512 2446/1832/1540
f 2447/1833/1541 2446/1832/1540 2433/1795/1512 2432/1794/1511
f 2448/1834/1542 2445/1831/1539 2446/1832/1540 2449/1835/1543
f 2449/1835/1543 2446/1832/1540 2447/1833/1541 2450/1836/1544
f 2451/1837/1545 2444/1830/1538 2445/1831/1539 2448/1834/1542
f 2452/1838/1546 2443/1829/1537 2444/1830/1538 2451/1837/1545
f 2453/1839/1547 2454/1840/1548 2442/1828/1536 2443/1829/1537
f 2455/1841/1549 2453/1839/1547 2443/1829/1537 2452/1838/1546
f 2454/1840/1548 2440/1826/1534 2441/1827/1535 2442/1828/1536
f 709/1842/1550 708/1823/1533 2439/1822/1532 2440/1826/1534
f 2456/1843/1551 709/1842/1550 2440/1826/1534 2454/1840/1548
f 708/1844/1533 710/1845/1552 711/1846/1553 707/1821/1531
f 709/1847/1550 712/1848/1554 710/1845/1552 708/1844/1533
f 707/1821/1531 711/1846/1553 713/1849/1555 706/1820/1530
f 713/1849/1555 714/1850/1556 705/1819/1529 706/1820/1530
f 714/1850/1556 715/1851/1557 703/1817/1527 705/1819/1529
f 714/1852/1556 716/1853/1558 2457/1854/1559 715/1855/1557
f 713/1849/1555 717/1856/1560 716/1857/1558 714/1850/1556
f 711/1846/1553 718/1858/1561 717/1856/1560 713/1849/1555
f 710/1845/1552 719/1859/1562 718/1858/1561 711/1846/1553
f 712/1848/1554 720/1860/1563 719/1859/1562 710/1845/1552
f 2458/1861/1564 2459/1862/1565 720/1863/1563 712/1864/1554
f 2458/1861/1564 712/1864/1554 709/1842/1550 2456/1843/1551
f 2460/1865/1566 2458/1861/1564 2456/1843/1551 2461/1866/1567
f 2461/1866/1567 2456/1843/1551 2454/1840/1548 2453/1839/1547
f 2455/1841/1549 2462/1867/1568 2461/1866/1567 2453/1839/1547
f 2463/1868/1569 2464/1869/1570 2462/1867/1568 2455/1841/1549
f 2465/1870/1571 2463/1868/1569 2455/1841/1549 2452/1838/1546
f 2465/1870/1571 2452/1838/1546 2451/1837/1545 2466/1871/1572
f 2466/1871/1572 2451/1837/1545 2448/1834/1542 2467/1872/1573
f 2468/1873/1574 2469/1874/1575 2465/1870/1571 2466/1871/1572
f 2468/1873/1574 2466/1871/1572 2467/1872/1573 2470/1875/1576
f 2469/1874/1575 2471/1876/1577 2463/1868/1569 2465/1870/1571
f 2471/1876/1577 2472/1877/1578 2464/1869/1570 2463/1868/1569
f 2464/1869/1570 1948/738/634 2473/1878/1579 2462/1867/1568
f 2472/1877/1578 1947/737/633 1948/738/634 2464/1869/1570
f 2462/1867/1568 2473/1878/1579 2460/1865/1566 2461/1866/1567
f 2460/1865/1566 2474/1879/1580 2459/1862/1565 2458/1861/1564
f 2473/1878/1579 1919/709/605 2474/1879/1580 2460/1865/1566
f 2459/1862/1565 2475/1880/1581 721/1881/1582 720/1863/1563
f 2474/1879/1580 2476/1882/1583 2475/1880/1581 2459/1862/1565
f 720/1860/1563 721/1883/1582 722/1884/1584 719/1859/1562
f 719/1859/1562 722/1884/1584 723/1885/1585 718/1858/1561
f 718/1858/1561 723/1885/1585 724/1886/1586 717/1856/1560
f 717/1856/1560 724/1886/1586 725/1887/1587 716/1857/1558
f 724/1886/1586 726/1888/1588 727/1889/1589 725/1887/1587
f 723/1885/1585 728/1890/1590 726/1888/1588 724/1886/1586
f 722/1891/1584 2477/1892/1591 728/1893/1590 723/1894/1585
f 721/1881/1582 2478/1895/1592 2477/1892/1591 722/1891/1584
f 2475/1880/1581 1884/674/570 2478/1895/1592 721/1881/1582
f 2476/1882/1583 1883/673/569 1884/674/570 2475/1880/1581
f 1916/706/602 1885/675/571 1883/673/569 2476/1882/1583
f 1919/709/605 1916/706/602 2476/1882/1583 2474/1879/1580
f 1948/738/634 1918/708/604 1919/709/605 2473/1878/1579
f 1884/674/570 1882/672/568 2479/1896/1593 2478/1895/1592
f 2478/1895/1592 2479/1896/1593 2480/1897/1594 2477/1892/1591
f 2477/1892/1591 2480/1897/1594 729/1898/1595 728/1893/1590
f 728/1890/1590 729/1899/1595 730/1900/1596 726/1888/1588
f 726/1888/1588 730/1900/1596 731/1901/1597 727/1889/1589
f 731/1901/1597 732/1902/1598 733/1903/1599 727/1889/1589
f 725/1904/1587 727/1905/1589 733/1906/1599 2481/1907/1600
f 716/1853/1558 725/1904/1587 2481/1907/1600 2457/1854/1559
f 2482/1908/1601 2481/1907/1600 733/1906/1599 2483/1909/1602
f 2484/1910/1603 2457/1854/1559 2481/1907/1600 2482/1908/1601
f 2483/1909/1602 733/1906/1599 732/1911/1598 734/1912/1604
f 734/1913/1604 732/1902/1598 735/1914/1605 736/1915/1606
f 737/1916/1607 735/1914/1605 732/1902/1598 731/1901/1597
f 301/639/536 737/1916/1607 731/1901/1597 730/1900/1596
f 729/1899/1595 300/638/535 301/639/536 730/1900/1596
f 2480/1897/1594 302/642/537 300/1917/535 729/1898/1595
f 2479/1896/1593 1852/641/538 302/642/537 2480/1897/1594
f 1882/672/568 1853/643/539 1852/641/538 2479/1896/1593
f 301/639/536 299/637/534 738/1918/1608 737/1916/1607
f 738/1918/1608 739/1919/1609 735/1914/1605 737/1916/1607
f 739/1919/1609 740/1920/1610 736/1915/1606 735/1914/1605
f 2485/1921/1611 736/1922/1606 740/1923/1610 741/1924/1612
f 734/1912/1604 736/1922/1606 2485/1921/1611 2486/1925/1613
f 2483/1909/1602 734/1912/1604 2486/1925/1613 2487/1926/1614
f 2482/1908/1601 2483/1909/1602 2487/1926/1614 2488/1927/1615
f 2484/1910/1603 2482/1908/1601 2488/1927/1615 2489/1928/1616
f 2490/1929/1617 2484/1910/1603 2489/1928/1616 2491/1930/1618
f 2490/1929/1617 715/1855/1557 2457/1854/1559 2484/1910/1603
f 2492/1931/1619 2489/1928/1616 2488/1927/1615 2493/1932/1620
f 2494/1933/1621 2491/1930/1618 2489/1928/1616 2492/1931/1619
f 2493/1932/1620 2488/1927/1615 2487/1926/1614 2495/1934/1622
f 2487/1926/1614 2486/1925/1613 2496/1935/1623 2495/1934/1622
f 2486/1925/1613 2485/1921/1611 2497/1936/1624 2496/1935/1623
f 2485/1921/1611 741/1924/1612 2498/1937/1625 2497/1936/1624
f 742/1938/1626 2499/1939/1627 2498/1937/1625 741/1924/1612
f 741/1940/1612 740/1920/1610 292/1941/502 742/1942/1626
f 291/604/503 292/1941/502 740/1920/1610 739/1919/1609
f 293/603/504 291/604/503 739/1919/1609 738/1918/1608
f 299/637/534 294/605/505 293/603/504 738/1918/1608
f 1827/600/501 2500/1943/1628 742/1938/1626 292/601/502
f 2499/1939/1627 742/1938/1626 2500/1943/1628 2501/1944/1629
f 2499/1939/1627 2501/1944/1629 2502/1945/1630 2503/1946/1631
f 2498/1937/1625 2499/1939/1627 2503/1946/1631 2504/1947/1632
f 2505/1948/1633 2497/1936/1624 2498/1937/1625 2504/1947/1632
f 2506/1949/1634 2496/1935/1623 2497/1936/1624 2505/1948/1633
f 2496/1935/1623 2506/1949/1634 2507/1950/1635 2495/1934/1622
f 2493/1932/1620 2495/1934/1622 2507/1950/1635 2508/1951/1636
f 2492/1931/1619 2493/1932/1620 2508/1951/1636 2509/1952/1637
f 2494/1933/1621 2492/1931/1619 2509/1952/1637 2510/1953/1638
f 2511/1954/1639 2512/1955/1640 2494/1933/1621 2510/1953/1638
f 2491/1930/1618 2494/1933/1621 2512/1955/1640 2513/1956/1641
f 2513/1956/1641 704/1957/1528 2490/1929/1617 2491/1930/1618
f 2513/1956/1641 2512/1955/1640 2514/1958/1642 2515/1959/1643
f 2515/1959/1643 702/1960/1526 704/1957/1528 2513/1956/1641
f 2516/1961/1644 2514/1958/1642 2512/1955/1640 2511/1954/1639
f 2511/1954/1639 2510/1953/1638 2517/1962/1645 2518/1963/1646
f 2516/1961/1644 2511/1954/1639 2518/1963/1646 2519/1964/1647
f 2517/1962/1645 2510/1953/1638 2509/1952/1637 2520/1965/1648
f 2520/1965/1648 2509/1952/1637 2508/1951/1636 2521/1966/1649
f 2521/1966/1649 2508/1951/1636 2507/1950/1635 2522/1967/1650
f 2507/1950/1635 2506/1949/1634 2523/1968/1651 2522/1967/1650
f 2506/1949/1634 2505/1948/1633 2524/1969/1652 2523/1968/1651
f 2505/1948/1633 2504/1947/1632 2525/1970/1653 2524/1969/1652
f 2504/1947/1632 2503/1946/1631 2526/1971/1654 2525/1970/1653
f 2526/1971/1654 2503/1946/1631 2502/1945/1630 2527/1972/1655
f 2502/1945/1630 2528/1973/1656 2529/1974/1657 2527/1972/1655
f 2502/1945/1630 2501/1944/1629 2530/1975/1658 2528/1973/1656
f 2531/1976/1659 2527/1972/1655 2529/1974/1657 2532/1977/1660
f 2533/1978/1661 2526/1971/1654 2527/1972/1655 2531/1976/1659
f 2525/1970/1653 2526/1971/1654 2533/1978/1661 2534/1979/1662
f 2524/1969/1652 2525/1970/1653 2534/1979/1662 2535/1980/1663
f 2523/1968/1651 2524/1969/1652 2535/1980/1663 2536/1981/1664
f 2522/1967/1650 2523/1968/1651 2536/1981/1664 2537/1982/1665
f 2521/1966/1649 2522/1967/1650 2537/1982/1665 2538/1983/1666
f 2521/1966/1649 2538/1983/1666 2539/1984/1667 2520/1965/1648
f 2517/1962/1645 2520/1965/1648 2539/1984/1667 2540/1985/1668
f 2541/1986/1669 2518/1963/1646 2517/1962/1645 2540/1985/1668
f 2542/1987/1670 2519/1964/1647 2518/1963/1646 2541/1986/1669
f 2543/1988/1671 2544/1989/1672 2519/1964/1647 2542/1987/1670
f 2426/1775/1495 2516/1961/1644 2519/1964/1647 2544/1989/1672
f 2425/1774/1494 2514/1958/1642 2516/1961/1644 2426/1775/1495
f 2424/1773/1493 2426/1775/1495 2544/1989/1672 2545/1990/1673
f 2545/1990/1673 2544/1989/1672 2543/1988/1671 2546/1991/1674
f 2543/1988/1671 2542/1987/1670 2547/1992/1675 2548/1993/1676
f 2543/1988/1671 2548/1993/1676 2549/1994/1677 2546/1991/1674
f 2542/1987/1670 2541/1986/1669 2550/1995/1678 2547/1992/1675
f 2541/1986/1669 2540/1985/1668 2551/1996/1679 2550/1995/1678
f 2540/1985/1668 2539/1984/1667 2552/1997/1680 2551/1996/1679
f 2539/1984/1667 2538/1983/1666 2553/1998/1681 2552/1997/1680
f 2554/1999/1682 2538/1983/1666 2537/1982/1665 2555/2000/1683
f 2554/1999/1682 2556/2001/1684 2553/1998/1681 2538/1983/1666
f 2555/2000/1683 2537/1982/1665 2536/1981/1664 2557/2002/1685
f 2536/1981/1664 2535/1980/1663 2558/2003/1686 2557/2002/1685
f 2535/1980/1663 2534/1979/1662 2559/2004/1687 2558/2003/1686
f 2534/1979/1662 2533/1978/1661 2560/2005/1688 2559/2004/1687
f 2559/2004/1687 2560/2005/1688 2561/2006/1689 2562/2007/1690
f 2558/2003/1686 2559/2004/1687 2562/2007/1690 2563/2008/1691
f 2558/2003/1686 2563/2008/1691 2564/2009/1692 2557/2002/1685
f 2565/2010/1693 2557/2002/1685 2564/2009/1692 2566/2011/1694
f 2555/2000/1683 2557/2002/1685 2565/2010/1693 2567/2012/1695
f 2568/2013/1696 2554/1999/1682 2555/2000/1683 2567/2012/1695
f 2569/2014/1697 2556/2001/1684 2554/1999/1682 2568/2013/1696
f 2569/2014/1697 2570/2015/1698 2571/2016/1699 2556/2001/1684
f 2572/2017/1700 2556/2001/1684 2571/2016/1699 2573/2018/1701
f 2572/2017/1700 2552/1997/1680 2553/1998/1681 2556/2001/1684
f 2574/2019/1702 2551/1996/1679 2552/1997/1680 2572/2017/1700
f 2550/1995/1678 2551/1996/1679 2574/2019/1702 2575/2020/1703
f 2576/2021/1704 2547/1992/1675 2550/1995/1678 2575/2020/1703
f 2548/1993/1676 2547/1992/1675 2576/2021/1704 2577/2022/1705
f 2578/2023/1706 2549/1994/1677 2548/1993/1676 2577/2022/1705
f 2576/2021/1704 2579/2024/1707 2580/2025/1708 2577/2022/1705
f 2581/2026/1709 2577/2022/1705 2580/2025/1708 2582/2027/1710
f 2578/2023/1706 2577/2022/1705 2581/2026/1709 2583/2028/1711
f 2576/2021/1704 2575/2020/1703 2584/2029/1712 2579/2024/1707
f 2575/2020/1703 2574/2019/1702 2585/2030/1713 2584/2029/1712
f 2574/2019/1702 2572/2017/1700 2573/2018/1701 2585/2030/1713
f 2586/2031/1714 2573/2018/1701 2571/2016/1699 2570/2015/1698
f 2587/2032/1715 2585/2030/1713 2573/2018/1701 2586/2031/1714
f 2570/2015/1698 2569/2014/1697 2588/2033/1716 2589/2034/1717
f 2590/2035/1718 2586/2031/1714 2570/2015/1698 2589/2034/1717
f 2588/2033/1716 2569/2014/1697 2568/2013/1696 2591/2036/1719
f 2592/2037/1720 2591/2036/1719 2568/2013/1696 2567/2012/1695
f 2567/2012/1695 2565/2010/1693 2593/2038/1721 2592/2037/1720
f 2593/2038/1721 2565/2010/1693 2566/2011/1694 2594/2039/1722
f 2592/2037/1720 2593/2038/1721 2594/2039/1722 2591/2036/1719
f 2595/2040/1723 2591/2036/1719 2594/2039/1722 2596/2041/1724
f 2597/2042/1725 2588/2033/1716 2591/2036/1719 2595/2040/1723
f 2598/2043/1726 2589/2034/1717 2588/2033/1716 2597/2042/1725
f 2599/2044/1727 2600/2045/1728 2590/2035/1718 2589/2034/1717
f 2599/2044/1727 2589/2034/1717 2598/2043/1726 2601/2046/1729
f 2587/2032/1715 2586/2031/1714 2590/2035/1718 2600/2045/1728
f 2602/2047/1730 2584/2029/1712 2585/2030/1713 2587/2032/1715
f 2602/2047/1730 2587/2032/1715 2600/2045/1728 2603/2048/1731
f 2604/2049/1732 2579/2024/1707 2584/2029/1712 2602/2047/1730
f 2580/2025/1708 2579/2024/1707 2604/2049/1732 2582/2027/1710
f 2605/2050/1733 2582/2027/1710 2604/2049/1732 2606/2051/1734
f 2581/2026/1709 2582/2027/1710 2605/2050/1733 2607/2052/1735
f 2608/2053/1736 2583/2028/1711 2581/2026/1709 2607/2052/1735
f 2609/2054/1737 2610/2055/1738 2583/2028/1711 2608/2053/1736
f 2610/2055/1738 2611/2056/1739 2578/2023/1706 2583/2028/1711
f 2612/2057/1740 2608/2053/1736 2607/2052/1735 2613/2058/1741
f 2612/2057/1740 2614/2059/1742 2609/2054/1737 2608/2053/1736
f 2605/2050/1733 2606/2051/1734 2615/2060/1743 2607/2052/1735
f 2613/2058/1741 2607/2052/1735 2615/2060/1743 2616/2061/1744
f 2604/2049/1732 2602/2047/1730 2603/2048/1731 2606/2051/1734
f 2615/2060/1743 2606/2051/1734 2603/2048/1731 2617/2062/1745
f 2617/2062/1745 2603/2048/1731 2600/2045/1728 2599/2044/1727
f 2618/2063/1746 2617/2062/1745 2599/2044/1727 2601/2046/1729
f 2601/2046/1729 2598/2043/1726 2619/2064/1747 2620/2065/1748
f 2621/2066/1749 2618/2063/1746 2601/2046/1729 2620/2065/1748
f 2598/2043/1726 2597/2042/1725 2622/2067/1750 2619/2064/1747
f 2597/2042/1725 2595/2040/1723 2623/2068/1751 2622/2067/1750
f 2624/2069/1752 2622/2067/1750 2623/2068/1751 2625/2070/1753
f 2619/2064/1747 2622/2067/1750 2624/2069/1752 2626/2071/1754
f 2627/2072/1755 2620/2065/1748 2619/2064/1747 2626/2071/1754
f 2628/2073/1756 2620/2065/1748 2627/2072/1755 2629/2074/1757
f 2621/2066/1749 2620/2065/1748 2628/2073/1756 2630/2075/1758
f 2631/2076/1759 2616/2061/1744 2618/2063/1746 2621/2066/1749
f 2632/2077/1760 2631/2076/1759 2621/2066/1749 2630/2075/1758
f 2616/2061/1744 2615/2060/1743 2617/2062/1745 2618/2063/1746
f 2633/2078/1761 2613/2058/1741 2616/2061/1744 2631/2076/1759
f 2634/2079/1762 2612/2057/1740 2613/2058/1741 2633/2078/1761
f 2634/2079/1762 2635/2080/1763 2614/2059/1742 2612/2057/1740
f 2636/2081/1764 2609/2054/1737 2614/2059/1742 2637/2082/1765
f 2638/2083/1766 2637/2082/1765 2614/2059/1742 2635/2080/1763
f 2639/2084/1767 2640/2085/1768 2635/2080/1763 2634/2079/1762
f 2641/2086/1769 2638/2083/1766 2635/2080/1763 2640/2085/1768
f 2634/2079/1762 2633/2078/1761 2642/2087/1770 2639/2084/1767
f 2642/2087/1770 2633/2078/1761 2631/2076/1759 2632/2077/1760
f 2643/2088/1771 2632/2077/1760 2630/2075/1758 2644/2089/1772
f 2645/2090/1773 2642/2087/1770 2632/2077/1760 2643/2088/1771
f 2644/2089/1772 2630/2075/1758 2628/2073/1756 2646/2091/1774
f 2647/2092/1775 2646/2091/1774 2628/2073/1756 2629/2074/1757
f 2627/2072/1755 2626/2071/1754 2648/2093/1776 2629/2074/1757
f 2647/2092/1775 2629/2074/1757 2648/2093/1776 2649/2094/1777
f 2648/2093/1776 2626/2071/1754 2624/2069/1752 2650/2095/1778
f 2650/2095/1778 2624/2069/1752 2625/2070/1753 2651/2096/1779
f 2623/2068/1751 2595/2040/1723 2652/2097/1780 2625/2070/1753
f 2625/2070/1753 2652/2097/1780 2653/2098/1781 2651/2096/1779
f 2654/2099/1782 2651/2096/1779 2653/2098/1781 2655/2100/1783
f 2656/2101/1784 2651/2096/1779 2654/2099/1782 2657/2102/1785
f 2650/2095/1778 2651/2096/1779 2656/2101/1784 2658/2103/1786
f 2659/2104/1787 2650/2095/1778 2658/2103/1786 2660/2105/1788
f 2648/2093/1776 2650/2095/1778 2659/2104/1787 2649/2094/1777
f 2661/2106/1789 2649/2094/1777 2659/2104/1787 2662/2107/1790
f 2661/2106/1789 2663/2108/1791 2664/2109/1792 2649/2094/1777
f 2647/2092/1775 2649/2094/1777 2664/2109/1792 2646/2091/1774
f 2646/2091/1774 2664/2109/1792 2665/2110/1793 2666/2111/1794
f 2644/2089/1772 2646/2091/1774 2666/2111/1794 2667/2112/1795
f 2643/2088/1771 2644/2089/1772 2667/2112/1795 2668/2113/1796
f 2669/2114/1797 2645/2090/1773 2643/2088/1771 2668/2113/1796
f 2670/2115/1798 2639/2084/1767 2642/2087/1770 2645/2090/1773
f 2671/2116/1799 2670/2115/1798 2645/2090/1773 2669/2114/1797
f 2672/2117/1800 2669/2114/1797 2668/2113/1796 2673/2118/1801
f 2674/2119/1802 2669/2114/1797 2672/2117/1800 2675/2120/1803
f 2676/2121/1804 2671/2116/1799 2669/2114/1797 2674/2119/1802
f 2667/2112/1795 2677/2122/1805 2678/2123/1806 2668/2113/1796
f 2673/2118/1801 2668/2113/1796 2678/2123/1806 2679/2124/1807
f 2677/2122/1805 2667/2112/1795 2666/2111/1794 2680/2125/1808
f 2680/2125/1808 2666/2111/1794 2665/2110/1793 2681/2126/1809
f 2663/2108/1791 2681/2126/1809 2665/2110/1793 2664/2109/1792
f 2663/2108/1791 2661/2106/1789 2682/2127/1810 2683/2128/1811
f 2683/2128/1811 2684/2129/1812 2681/2126/1809 2663/2108/1791
f 2685/2130/1813 2682/2127/1810 2661/2106/1789 2662/2107/1790
f 2662/2107/1790 2659/2104/1787 2660/2105/1788 2686/2131/1814
f 2687/2132/1815 2685/2130/1813 2662/2107/1790 2686/2131/1814
f 2688/2133/1816 2685/2130/1813 2687/2132/1815 2689/2134/1817
f 2688/2133/1816 2690/2135/1818 2682/2127/1810 2685/2130/1813
f 2683/2128/1811 2682/2127/1810 2690/2135/1818 2691/2136/1819
f 2692/2137/1820 2684/2129/1812 2683/2128/1811 2691/2136/1819
f 2680/2125/1808 2681/2126/1809 2684/2129/1812 2693/2138/1821
f 2693/2138/1821 2684/2129/1812 2692/2137/1820 2694/2139/1822
f 2695/2140/1823 2677/2122/1805 2680/2125/1808 2693/2138/1821
f 2678/2123/1806 2677/2122/1805 2695/2140/1823 2679/2124/1807
f 2679/2124/1807 2695/2140/1823 2696/2141/1824 2673/2118/1801
f 2697/2142/1825 2673/2118/1801 2696/2141/1824 2698/2143/1826
f 2699/2144/1827 2672/2117/1800 2673/2118/1801 2697/2142/1825
f 2675/2120/1803 2672/2117/1800 2699/2144/1827 2700/2145/1828
f 2701/2146/1829 2676/2121/1804 2674/2119/1802 2675/2120/1803
f 2702/2147/1830 2701/2146/1829 2675/2120/1803 2700/2145/1828
f 2703/2148/1831 2671/2116/1799 2676/2121/1804 2701/2146/1829
f 2704/2149/1832 2703/2148/1831 2701/2146/1829 2702/2147/1830
f 2702/2147/1830 2700/2145/1828 2705/2150/1833 2706/2151/1834
f 2706/2151/1834 2707/2152/1835 2704/2149/1832 2702/2147/1830
f 2699/2144/1827 2697/2142/1825 2708/2153/1836 2700/2145/1828
f 2705/2150/1833 2700/2145/1828 2708/2153/1836 2709/2154/1837
f 2708/2153/1836 2697/2142/1825 2698/2143/1826 2710/2155/1838
f 2698/2143/1826 2696/2141/1824 2694/2139/1822 2711/2156/1839
f 2710/2155/1838 2698/2143/1826 2711/2156/1839 2712/2157/1840
f 2711/2156/1839 2694/2139/1822 2692/2137/1820 2691/2136/1819
f 2695/2140/1823 2693/2138/1821 2694/2139/1822 2696/2141/1824
f 2691/2136/1819 2690/2135/1818 2713/2158/1841 2714/2159/1842
f 2711/2156/1839 2691/2136/1819 2714/2159/1842 2712/2157/1840
f 2713/2158/1841 2690/2135/1818 2688/2133/1816 2715/2160/1843
f 2688/2133/1816 2689/2134/1817 2716/2161/1844 2715/2160/1843
f 2717/2162/1845 2718/2163/1846 2715/2160/1843 2716/2161/1844
f 2719/2164/1847 2714/2159/1842 2713/2158/1841 2715/2160/1843
f 2719/2164/1847 2715/2160/1843 2718/2163/1846 2720/2165/1848
f 2721/2166/1849 2712/2157/1840 2714/2159/1842 2719/2164/1847
f 2722/2167/1850 2710/2155/1838 2712/2157/1840 2721/2166/1849
f 2709/2154/1837 2708/2153/1836 2710/2155/1838 2722/2167/1850
f 2709/2154/1837 2722/2167/1850 2723/2168/1851 2724/2169/1852
f 2725/2170/1853 2705/2150/1833 2709/2154/1837 2724/2169/1852
f 2726/2171/1854 2706/2151/1834 2705/2150/1833 2725/2170/1853
f 2726/2171/1854 2727/2172/1855 2707/2152/1835 2706/2151/1834
f 2728/2173/1856 2729/2174/1857 2704/2149/1832 2707/2152/1835
f 2730/2175/1858 2728/2173/1856 2707/2152/1835 2727/2172/1855
f 2731/2176/1859 2703/2148/1831 2704/2149/1832 2729/2174/1857
f 2732/2177/1860 2671/2116/1799 2703/2148/1831 2731/2176/1859
f 2732/2177/1860 2733/2178/1861 2670/2115/1798 2671/2116/1799
f 2734/2179/1862 2735/2180/1863 2733/2178/1861 2732/2177/1860
f 2731/2176/1859 2736/2181/1864 2734/2179/1862 2732/2177/1860
f 2737/2182/1865 2736/2181/1864 2731/2176/1859 2729/2174/1857
f 2738/2183/1866 2737/2182/1865 2729/2174/1857 2728/2173/1856
f 2739/2184/1867 2738/2183/1866 2728/2173/1856 2730/2175/1858
f 2730/2175/1858 2727/2172/1855 2740/2185/1868 2741/2186/1869
f 2742/2187/1870 2739/2184/1867 2730/2175/1858 2741/2186/1869
f 2740/2185/1868 2727/2172/1855 2743/2188/1871 2744/2189/1872
f 2726/2171/1854 2725/2170/1853 2743/2188/1871 2727/2172/1855
f 2725/2170/1853 2724/2169/1852 2745/2190/1873 2743/2188/1871
f 2746/2191/1874 2724/2169/1852 2723/2168/1851 2747/2192/1875
f 2746/2191/1874 2748/2193/1876 2745/2190/1873 2724/2169/1852
f 2723/2168/1851 2722/2167/1850 2721/2166/1849 2749/2194/1877
f 2747/2192/1875 2723/2168/1851 2749/2194/1877 2750/2195/1878
f 2747/2192/1875 2750/2195/1878 2751/2196/1879 2752/2197/1880
f 2753/2198/1881 2746/2191/1874 2747/2192/1875 2752/2197/1880
f 2754/2199/1882 2748/2193/1876 2746/2191/1874 2753/2198/1881
f 2744/2189/1872 2743/2188/1871 2745/2190/1873 2748/2193/1876
f 2755/2200/1883 2744/2189/1872 2748/2193/1876 2754/2199/1882
f 2756/2201/1884 2740/2185/1868 2744/2189/1872 2755/2200/1883
f 2757/2202/1885 2741/2186/1869 2740/2185/1868 2756/2201/1884
f 2757/2202/1885 2758/2203/1886 2742/2187/1870 2741/2186/1869
f 2132/1094/953 2759/2204/1887 2742/2187/1870 2758/2203/1886
f 2742/2187/1870 2759/2204/1887 2760/2205/1888 2739/2184/1867
f 2739/2184/1867 2760/2205/1888 2761/2206/1889 2738/2183/1866
f 2738/2183/1866 2761/2206/1889 2762/2207/1890 2737/2182/1865
f 2762/2207/1890 2763/2208/1891 2736/2181/1864 2737/2182/1865
f 2763/2208/1891 2764/2209/1892 2734/2179/1862 2736/2181/1864
f 2765/2210/1893 2766/2211/1894 2764/2209/1892 2763/2208/1891
f 2765/2210/1893 2763/2208/1891 2762/2207/1890 2767/2212/1895
f 2768/2213/1896 2767/2212/1895 2762/2207/1890 2761/2206/1889
f 2769/2214/1897 2768/2213/1896 2761/2206/1889 2760/2205/1888
f 2770/2215/1898 2769/2214/1897 2760/2205/1888 2759/2204/1887
f 2132/1094/953 2131/1093/952 2770/2215/1898 2759/2204/1887
f 2130/1092/951 2132/1094/953 2758/2203/1886 2117/1054/920
f 2758/2203/1886 2757/2202/1885 2115/1052/918 2117/1054/920
f 2115/1052/918 2757/2202/1885 2756/2201/1884 2116/1053/919
f 2756/2201/1884 2755/2200/1883 2771/2216/1899 2116/1053/919
f 2755/2200/1883 2754/2199/1882 2772/2217/1900 2771/2216/1899
f 2772/2217/1900 2754/2199/1882 2753/2198/1881 2773/2218/1901
f 2753/2198/1881 2752/2197/1880 2774/2219/1902 2773/2218/1901
f 2752/2197/1880 2751/2196/1879 2775/2220/1903 2774/2219/1902
f 2774/2219/1902 2775/2220/1903 2776/2221/1904 743/2222/1905
f 744/2223/1906 2773/2218/1901 2774/2219/1902 743/2222/1905
f 745/2224/1907 2771/2216/1899 2772/2217/1900 2773/2218/1901
f 745/2224/1907 2773/2218/1901 744/2223/1906 393/2225/888
f 419/1050/917 2116/1053/919 2771/2216/1899 745/2224/1907
f 392/1013/887 419/2226/917 745/2227/1907 393/1014/888
f 391/2228/886 393/2225/888 744/2223/1906 746/2229/1908
f 746/2230/1908 744/2231/1906 743/2232/1905 747/2233/1909
f 747/2234/1909 743/2222/1905 2776/2221/1904 748/2235/1910
f 2775/2220/1903 2777/2236/1911 2778/2237/1912 2776/2221/1904
f 748/2235/1910 2776/2221/1904 2778/2237/1912 749/2238/1913
f 2775/2220/1903 2751/2196/1879 2779/2239/1914 2777/2236/1911
f 2780/2240/1915 2781/2241/1916 2782/2242/1917 2777/2236/1911
f 2779/2239/1914 2783/2243/1918 2780/2240/1915 2777/2236/1911
f 2778/2237/1912 2777/2236/1911 2782/2242/1917 2784/2244/1919
f 749/2238/1913 2778/2237/1912 2784/2244/1919 750/2245/1920
f 751/2246/1921 749/2247/1913 750/2248/1920 752/2249/1922
f 753/2250/1923 748/2251/1910 749/2247/1913 751/2246/1921
f 754/2252/1924 747/2233/1909 748/2251/1910 753/2250/1923
f 360/981/855 746/2230/1908 747/2233/1909 754/2252/1924
f 359/980/854 391/1012/886 746/2230/1908 360/981/855
f 358/979/853 360/981/855 754/2252/1924 755/2253/1925
f 755/2253/1925 754/2252/1924 753/2250/1923 756/2254/1926
f 756/2254/1926 753/2250/1923 751/2246/1921 757/2255/1927
f 751/2246/1921 752/2249/1922 758/2256/1928 757/2255/1927
f 750/2245/1920 759/2257/1929 760/2258/1930 752/2259/1922
f 761/2260/1931 752/2261/1922 760/2262/1930 762/2263/1932
f 763/2264/1933 758/2256/1928 752/2249/1922 761/2265/1931
f 750/2245/1920 2784/2244/1919 2785/2266/1934 759/2257/1929
f 2784/2244/1919 2782/2242/1917 2786/2267/1935 2785/2266/1934
f 2782/2242/1917 2781/2241/1916 2787/2268/1936 2786/2267/1935
f 2717/2162/1845 2788/2269/1937 2787/2268/1936 2781/2241/1916
f 2718/2163/1846 2717/2162/1845 2781/2241/1916 2780/2240/1915
f 2780/2240/1915 2783/2243/1918 2720/2165/1848 2718/2163/1846
f 2749/2194/1877 2720/2165/1848 2783/2243/1918 2750/2195/1878
f 2750/2195/1878 2783/2243/1918 2779/2239/1914 2751/2196/1879
f 2721/2166/1849 2719/2164/1847 2720/2165/1848 2749/2194/1877
f 2716/2161/1844 2789/2270/1938 2788/2269/1937 2717/2162/1845
f 2788/2269/1937 2789/2270/1938 2790/2271/1939 2791/2272/1940
f 2787/2268/1936 2788/2269/1937 2791/2272/1940 2792/2273/1941
f 2786/2267/1935 2787/2268/1936 2792/2273/1941 2793/2274/1942
f 2785/2266/1934 2786/2267/1935 2793/2274/1942 2794/2275/1943
f 759/2257/1929 2785/2266/1934 2794/2275/1943 764/2276/1944
f 760/2262/1930 759/2277/1929 764/2278/1944 765/2279/1945
f 762/2263/1932 760/2262/1930 765/2279/1945 766/2280/1946
f 767/2281/1947 762/2263/1932 766/2280/1946 768/2282/1948
f 305/2283/787 761/2260/1931 762/2263/1932 767/2281/1947
f 766/2280/1946 765/2279/1945 769/2284/1949 770/2285/1950
f 768/2282/1948 766/2280/1946 770/2285/1950 771/2286/1951
f 765/2279/1945 764/2278/1944 772/2287/1952 769/2284/1949
f 764/2276/1944 2794/2275/1943 2795/2288/1953 772/2289/1952
f 2794/2275/1943 2793/2274/1942 2796/2290/1954 2795/2288/1953
f 2793/2274/1942 2792/2273/1941 2797/2291/1955 2796/2290/1954
f 2792/2273/1941 2791/2272/1940 2798/2292/1956 2797/2291/1955
f 2791/2272/1940 2790/2271/1939 2799/2293/1957 2798/2292/1956
f 2790/2271/1939 2800/2294/1958 2801/2295/1959 2799/2293/1957
f 2802/2296/1960 2800/2294/1958 2790/2271/1939 2789/2270/1938
f 2789/2270/1938 2716/2161/1844 2689/2134/1817 2802/2296/1960
f 2802/2296/1960 2803/2297/1961 2804/2298/1962 2800/2294/1958
f 2689/2134/1817 2687/2132/1815 2803/2297/1961 2802/2296/1960
f 2805/2299/1963 2806/2300/1964 2801/2295/1959 2800/2294/1958
f 2804/2298/1962 2807/2301/1965 2805/2299/1963 2800/2294/1958
f 2801/2295/1959 2806/2300/1964 2808/2302/1966 2809/2303/1967
f 2799/2293/1957 2801/2295/1959 2809/2303/1967 2810/2304/1968
f 2798/2292/1956 2799/2293/1957 2810/2304/1968 2811/2305/1969
f 2797/2291/1955 2798/2292/1956 2811/2305/1969 2812/2306/1970
f 2796/2290/1954 2797/2291/1955 2812/2306/1970 2813/2307/1971
f 2795/2288/1953 2796/2290/1954 2813/2307/1971 2814/2308/1972
f 772/2289/1952 2795/2288/1953 2814/2308/1972 773/2309/1973
f 769/2284/1949 772/2287/1952 773/2310/1973 774/2311/1974
f 770/2285/1950 769/2284/1949 774/2311/1974 775/2312/1975
f 770/2285/1950 775/2312/1975 776/2313/1976 771/2286/1951
f 771/2314/1951 776/2315/1976 777/2316/1977 2815/2317/1978
f 768/2318/1948 771/2314/1951 2815/2317/1978 2816/2319/1979
f 776/2313/1976 775/2312/1975 778/2320/1980 779/2321/1981
f 776/2313/1976 779/2321/1981 780/2322/1982 777/2323/1977
f 781/2324/1983 782/2325/1984 778/2320/1980 775/2312/1975
f 781/2324/1983 775/2312/1975 774/2311/1974 783/2326/1985
f 773/2310/1973 784/2327/1986 785/2328/1987 774/2311/1974
f 783/2326/1985 774/2311/1974 785/2328/1987 786/2329/1988
f 773/2309/1973 2814/2308/1972 2817/2330/1989 784/2331/1986
f 2814/2308/1972 2813/2307/1971 2818/2332/1990 2817/2330/1989
f 2813/2307/1971 2812/2306/1970 2819/2333/1991 2818/2332/1990
f 2812/2306/1970 2811/2305/1969 2820/2334/1992 2819/2333/1991
f 2811/2305/1969 2810/2304/1968 2821/2335/1993 2820/2334/1992
f 2810/2304/1968 2809/2303/1967 2822/2336/1994 2821/2335/1993
f 2809/2303/1967 2808/2302/1966 2823/2337/1995 2822/2336/1994
f 2822/2336/1994 2823/2337/1995 2824/2338/1996 2825/2339/1997
f 2821/2335/1993 2822/2336/1994 2825/2339/1997 2826/2340/1998
f 2820/2334/1992 2821/2335/1993 2826/2340/1998 2827/2341/1999
f 2819/2333/1991 2820/2334/1992 2827/2341/1999 2828/2342/2000
f 2818/2332/1990 2819/2333/1991 2828/2342/2000 2829/2343/2001
f 2817/2330/1989 2818/2332/1990 2829/2343/2001 787/2344/2002
f 784/2331/1986 2817/2330/1989 787/2344/2002 788/2345/2003
f 784/2327/1986 788/2346/2003 789/2347/2004 785/2328/1987
f 785/2328/1987 789/2347/2004 790/2348/2005 786/2329/1988
f 786/2329/1988 790/2348/2005 791/2349/2006 782/2325/1984
f 783/2326/1985 786/2329/1988 782/2325/1984 781/2324/1983
f 782/2325/1984 791/2349/2006 792/2350/2007 778/2320/1980
f 779/2321/1981 778/2320/1980 792/2350/2007 793/2351/2008
f 779/2321/1981 793/2351/2008 794/2352/2009 780/2322/1982
f 795/2353/2010 780/2322/1982 794/2352/2009 796/2354/2011
f 797/2355/2012 777/2323/1977 780/2322/1982 795/2353/2010
f 793/2351/2008 798/2356/2013 799/2357/2014 794/2352/2009
f 796/2358/2011 794/2359/2009 799/2360/2014 2830/2361/2015
f 793/2351/2008 792/2350/2007 800/2362/2016 798/2356/2013
f 791/2349/2006 801/2363/2017 800/2362/2016 792/2350/2007
f 790/2348/2005 802/2364/2018 801/2363/2017 791/2349/2006
f 789/2347/2004 803/2365/2019 802/2364/2018 790/2348/2005
f 788/2346/2003 804/2366/2020 803/2365/2019 789/2347/2004
f 788/2346/2003 787/2367/2002 805/2368/2021 804/2366/2020
f 787/2344/2002 2829/2343/2001 2831/2369/2022 805/2370/2021
f 2829/2343/2001 2828/2342/2000 2832/2371/2023 2831/2369/2022
f 2828/2342/2000 2827/2341/1999 2833/2372/2024 2832/2371/2023
f 2827/2341/1999 2826/2340/1998 2834/2373/2025 2833/2372/2024
f 2826/2340/1998 2825/2339/1997 2835/2374/2026 2834/2373/2025
f 2835/2374/2026 2836/2375/2027 2837/2376/2028 2834/2373/2025
f 2833/2372/2024 2834/2373/2025 2837/2376/2028 2838/2377/2029
f 2832/2371/2023 2833/2372/2024 2838/2377/2029 2839/2378/2030
f 2831/2369/2022 2832/2371/2023 2839/2378/2030 2840/2379/2031
f 805/2370/2021 2831/2369/2022 2840/2379/2031 2841/2380/2032
f 804/2381/2020 805/2370/2021 2841/2380/2032 806/2382/2033
f 804/2381/2020 806/2382/2033 807/2383/2034 803/2384/2019
f 803/2365/2019 807/2385/2034 808/2386/2035 802/2364/2018
f 802/2364/2018 808/2386/2035 809/2387/2036 801/2363/2017
f 801/2363/2017 809/2387/2036 810/2388/2037 800/2362/2016
f 798/2356/2013 800/2362/2016 810/2388/2037 811/2389/2038
f 798/2356/2013 811/2389/2038 812/2390/2039 799/2357/2014
f 2830/2361/2015 799/2360/2014 812/2391/2039 2842/2392/2040
f 2830/2361/2015 2842/2392/2040 2843/2393/2041 2844/2394/2042
f 796/2358/2011 2830/2361/2015 2844/2394/2042 2845/2395/2043
f 2842/2392/2040 812/2391/2039 813/2396/2044 2846/2397/2045
f 2842/2392/2040 2846/2397/2045 2847/2398/2046 2843/2393/2041
f 811/2389/2038 814/2399/2047 813/2400/2044 812/2390/2039
f 811/2389/2038 810/2388/2037 815/2401/2048 814/2399/2047
f 810/2388/2037 809/2387/2036 816/2402/2049 815/2401/2048
f 808/2386/2035 817/2403/2050 816/2402/2049 809/2387/2036
f 807/2385/2034 818/2404/2051 817/2403/2050 808/2386/2035
f 807/2385/2034 806/2405/2033 819/2406/2052 818/2404/2051
f 806/2382/2033 2841/2380/2032 820/2407/2053 819/2408/2052
f 2841/2380/2032 2840/2379/2031 2848/2409/2054 820/2407/2053
f 2840/2379/2031 2839/2378/2030 2849/2410/2055 2848/2409/2054
f 2839/2378/2030 2838/2377/2029 2850/2411/2056 2849/2410/2055
f 2849/2410/2055 2850/2411/2056 2851/2412/2057 2852/2413/2058
f 2848/2409/2054 2849/2410/2055 2852/2413/2058 2853/2414/2059
f 820/2407/2053 2848/2409/2054 2853/2414/2059 821/2415/2060
f 819/2406/2052 820/2416/2053 821/2417/2060 822/2418/2061
f 819/2406/2052 822/2418/2061 823/2419/2062 818/2404/2051
f 817/2403/2050 818/2404/2051 823/2419/2062 824/2420/2063
f 817/2403/2050 824/2420/2063 825/2421/2064 816/2402/2049
f 815/2401/2048 816/2402/2049 825/2421/2064 826/2422/2065
f 814/2399/2047 815/2401/2048 826/2422/2065 827/2423/2066
f 814/2424/2047 827/2425/2066 2854/2426/2067 813/2396/2044
f 2846/2397/2045 813/2396/2044 2854/2426/2067 2855/2427/2068
f 2846/2397/2045 2855/2427/2068 2856/2428/2069 2847/2398/2046
f 2856/2428/2069 2857/2429/2070 2858/2430/2071 2847/2398/2046
f 2847/2398/2046 2858/2430/2071 2859/2431/2072 2843/2393/2041
f 2856/2428/2069 2860/2432/2073 2861/2433/2074 2857/2429/2070
f 2855/2427/2068 2862/2434/2075 2860/2432/2073 2856/2428/2069
f 2855/2427/2068 2854/2426/2067 828/2435/2076 2862/2434/2075
f 827/2425/2066 829/2436/2077 828/2435/2076 2854/2426/2067
f 827/2425/2066 826/2437/2065 830/2438/2078 829/2436/2077
f 825/2421/2064 831/2439/2079 830/2440/2078 826/2422/2065
f 832/2441/2080 831/2439/2079 825/2421/2064 824/2420/2063
f 824/2420/2063 823/2419/2062 833/2442/2081 832/2441/2080
f 822/2418/2061 834/2443/2082 833/2442/2081 823/2419/2062
f 822/2444/2061 821/2415/2060 835/2445/2083 834/2446/2082
f 821/2415/2060 2853/2414/2059 2863/2447/2084 835/2445/2083
f 2853/2414/2059 2852/2413/2058 2864/2448/2085 2863/2447/2084
f 2852/2413/2058 2851/2412/2057 2865/2449/2086 2864/2448/2085
f 2864/2448/2085 2865/2449/2086 2866/2450/2087 2867/2451/2088
f 2863/2447/2084 2864/2448/2085 2867/2451/2088 2868/2452/2089
f 835/2445/2083 2863/2447/2084 2868/2452/2089 836/2453/2090
f 835/2454/2083 836/2455/2090 837/2456/2091 834/2457/2082
f 831/2458/2079 834/2457/2082 837/2456/2091 838/2459/2092
f 832/2441/2080 833/2442/2081 834/2443/2082 831/2439/2079
f 830/2460/2078 831/2458/2079 838/2459/2092 839/2461/2093
f 829/2462/2077 830/2460/2078 839/2461/2093 840/2463/2094
f 829/2462/2077 840/2463/2094 841/2464/2095 828/2465/2076
f 2862/2434/2075 828/2435/2076 841/2466/2095 2869/2467/2096
f 2862/2434/2075 2869/2467/2096 2870/2468/2097 2860/2432/2073
f 2860/2432/2073 2870/2468/2097 2871/2469/2098 2861/2433/2074
f 2871/2469/2098 2872/2470/2099 2873/2471/2100 2861/2433/2074
f 2874/2472/2101 2857/2429/2070 2861/2433/2074 2873/2471/2100
f 2871/2469/2098 2875/2473/2102 2876/2474/2103 2872/2470/2099
f 2870/2468/2097 2877/2475/2104 2875/2473/2102 2871/2469/2098
f 2869/2467/2096 2878/2476/2105 2877/2475/2104 2870/2468/2097
f 2869/2467/2096 841/2466/2095 2879/2477/2106 2878/2476/2105
f 840/2478/2094 842/2479/2107 2879/2477/2106 841/2466/2095
f 840/2463/2094 839/2461/2093 843/2480/2108 842/2481/2107
f 839/2461/2093 838/2459/2092 844/2482/2109 843/2480/2108
f 838/2459/2092 837/2456/2091 845/2483/2110 844/2482/2109
f 837/2456/2091 836/2455/2090 846/2484/2111 845/2483/2110
f 836/2453/2090 2868/2452/2089 2880/2485/2112 846/2486/2111
f 2868/2452/2089 2867/2451/2088 2881/2487/2113 2880/2485/2112
f 2867/2451/2088 2866/2450/2087 2882/2488/2114 2881/2487/2113
f 2866/2450/2087 2883/2489/2115 2884/2490/2116 2882/2488/2114
f 2865/2449/2086 2885/2491/2117 2883/2489/2115 2866/2450/2087
f 2882/2488/2114 2884/2490/2116 2886/2492/2118 2887/2493/2119
f 2881/2487/2113 2882/2488/2114 2887/2493/2119 2888/2494/2120
f 2880/2485/2112 2881/2487/2113 2888/2494/2120 847/2495/2121
f 846/2486/2111 2880/2485/2112 847/2495/2121 848/2496/2122
f 845/2483/2110 846/2484/2111 848/2497/2122 849/2498/2123
f 844/2482/2109 845/2483/2110 849/2498/2123 850/2499/2124
f 843/2480/2108 844/2482/2109 850/2499/2124 851/2500/2125
f 842/2479/2107 843/2501/2108 851/2502/2125 2889/2503/2126
f 842/2479/2107 2889/2503/2126 2890/2504/2127 2879/2477/2106
f 2879/2477/2106 2890/2504/2127 2891/2505/2128 2878/2476/2105
f 2877/2475/2104 2878/2476/2105 2891/2505/2128 2892/2506/2129
f 2877/2475/2104 2892/2506/2129 2893/2507/2130 2875/2473/2102
f 2893/2507/2130 2894/2508/2131 2876/2474/2103 2875/2473/2102
f 2893/2507/2130 2895/2509/2132 2896/2510/2133 2894/2508/2131
f 2897/2511/2134 2895/2509/2132 2893/2507/2130 2892/2506/2129
f 2892/2506/2129 2891/2505/2128 2898/2512/2135 2897/2511/2134
f 2890/2504/2127 2899/2513/2136 2898/2512/2135 2891/2505/2128
f 2889/2503/2126 2900/2514/2137 2899/2513/2136 2890/2504/2127
f 2889/2503/2126 851/2502/2125 852/2515/2138 2900/2514/2137
f 851/2500/2125 850/2499/2124 853/2516/2139 852/2517/2138
f 850/2499/2124 849/2498/2123 854/2518/2140 853/2516/2139
f 849/2498/2123 848/2497/2122 855/2519/2141 854/2518/2140
f 848/2497/2122 847/2520/2121 856/2521/2142 855/2519/2141
f 847/2495/2121 2888/2494/2120 857/2522/2143 856/2523/2142
f 2888/2494/2120 2887/2493/2119 858/2524/2144 857/2522/2143
f 2887/2493/2119 2886/2492/2118 2901/2525/2145 858/2524/2144
f 2902/2526/2146 2903/2527/2147 2901/2525/2145 2886/2492/2118
f 2884/2490/2116 2904/2528/2148 2902/2526/2146 2886/2492/2118
f 2901/2525/2145 2903/2527/2147 859/2529/2149 860/2530/2150
f 2901/2525/2145 860/2530/2150 861/2531/2151 858/2524/2144
f 857/2532/2143 858/2533/2144 861/2534/2151 862/2535/2152
f 857/2532/2143 862/2535/2152 863/2536/2153 4165/2537/2154
f 4165/2537/2154 863/2536/2153 864/2538/2155 855/2519/2141
f 865/2539/2156 855/2519/2141 864/2538/2155 866/2540/2157
f 854/2518/2140 855/2519/2141 865/2539/2156 867/2541/2158
f 867/2541/2158 868/2542/2159 869/2543/2160 854/2518/2140
f 853/2516/2139 854/2518/2140 869/2543/2160 870/2544/2161
f 852/2517/2138 853/2516/2139 870/2544/2161 871/2545/2162
f 2900/2514/2137 852/2515/2138 871/2546/2162 2905/2547/2163
f 2900/2514/2137 2905/2547/2163 2906/2548/2164 2899/2513/2136
f 2899/2513/2136 2906/2548/2164 2907/2549/2165 2898/2512/2135
f 2897/2511/2134 2898/2512/2135 2907/2549/2165 2908/2550/2166
f 2906/2548/2164 2909/2551/2167 2910/2552/2168 2907/2549/2165
f 2908/2550/2166 2907/2549/2165 2910/2552/2168 2911/2553/2169
f 2905/2547/2163 2912/2554/2170 2909/2551/2167 2906/2548/2164
f 2905/2547/2163 871/2546/2162 872/2555/2171 2912/2554/2170
f 871/2545/2162 870/2544/2161 873/2556/2172 872/2557/2171
f 874/2558/2173 873/2556/2172 870/2544/2161 869/2543/2160
f 869/2543/2160 868/2542/2159 875/2559/2174 874/2558/2173
f 866/2540/2157 876/2560/2175 875/2559/2174 868/2542/2159
f 865/2539/2156 866/2540/2157 868/2542/2159 867/2541/2158
f 864/2538/2155 877/2561/2176 876/2560/2175 866/2540/2157
f 863/2536/2153 878/2562/2177 877/2561/2176 864/2538/2155
f 862/2535/2152 879/2563/2178 878/2562/2177 863/2536/2153
f 861/2534/2151 880/2564/2179 879/2563/2178 862/2535/2152
f 860/2565/2150 881/2566/2180 880/2564/2179 861/2534/2151
f 859/2567/2149 882/2568/2181 881/2566/2180 860/2565/2150
f 882/2568/2181 883/2569/2182 884/2570/2183 881/2566/2180
f 881/2566/2180 884/2570/2183 885/2571/2184 880/2564/2179
f 880/2564/2179 885/2571/2184 886/2572/2185 879/2563/2178
f 879/2563/2178 886/2572/2185 887/2573/2186 878/2562/2177
f 878/2562/2177 887/2573/2186 888/2574/2187 877/2561/2176
f 877/2561/2176 888/2574/2187 889/2575/2188 876/2560/2175
f 875/2559/2174 876/2560/2175 889/2575/2188 890/2576/2189
f 874/2558/2173 875/2559/2174 890/2576/2189 891/2577/2190
f 891/2577/2190 892/2578/2191 873/2556/2172 874/2558/2173
f 872/2557/2171 873/2556/2172 892/2578/2191 893/2579/2192
f 2912/2554/2170 872/2555/2171 893/2580/2192 2913/2581/2193
f 2912/2554/2170 2913/2581/2193 2914/2582/2194 2909/2551/2167
f 2909/2551/2167 2914/2582/2194 2915/2583/2195 2910/2552/2168
f 2911/2553/2169 2910/2552/2168 2915/2583/2195 2916/2584/2196
f 2911/2553/2169 2916/2584/2196 2917/2585/2197 2918/2586/2198
f 2908/2550/2166 2911/2553/2169 2918/2586/2198 2919/2587/2199
f 2916/2584/2196 2915/2583/2195 2920/2588/2200 2921/2589/2201
f 2916/2584/2196 2921/2589/2201 2922/2590/2202 2917/2585/2197
f 2914/2582/2194 2923/2591/2203 2920/2588/2200 2915/2583/2195
f 2913/2581/2193 2924/2592/2204 2923/2591/2203 2914/2582/2194
f 2913/2581/2193 893/2580/2192 894/2593/2205 2924/2592/2204
f 892/2578/2191 895/2594/2206 894/2595/2205 893/2579/2192
f 892/2578/2191 891/2577/2190 896/2596/2207 895/2594/2206
f 891/2577/2190 890/2576/2189 897/2597/2208 896/2596/2207
f 890/2576/2189 889/2575/2188 898/2598/2209 897/2597/2208
f 889/2575/2188 888/2574/2187 899/2599/2210 898/2598/2209
f 887/2573/2186 900/2600/2211 899/2599/2210 888/2574/2187
f 886/2572/2185 901/2601/2212 900/2600/2211 887/2573/2186
f 885/2571/2184 902/2602/2213 901/2601/2212 886/2572/2185
f 902/2602/2213 903/2603/2214 904/2604/2215 901/2601/2212
f 901/2601/2212 904/2604/2215 905/2605/2216 900/2600/2211
f 899/2599/2210 900/2600/2211 905/2605/2216 906/2606/2217
f 898/2598/2209 899/2599/2210 906/2606/2217 907/2607/2218
f 898/2598/2209 907/2607/2218 908/2608/2219 897/2597/2208
f 896/2596/2207 897/2597/2208 908/2608/2219 909/2609/2220
f 895/2610/2206 896/2611/2207 909/2612/2220 910/2613/2221
f 895/2610/2206 910/2613/2221 2925/2614/2222 894/2593/2205
f 2924/2592/2204 894/2593/2205 2925/2614/2222 2926/2615/2223
f 2924/2592/2204 2926/2615/2223 2927/2616/2224 2923/2591/2203
f 2923/2591/2203 2927/2616/2224 2928/2617/2225 2920/2588/2200
f 2921/2589/2201 2920/2588/2200 2928/2617/2225 2929/2618/2226
f 2921/2589/2201 2929/2618/2226 2930/2619/2227 2922/2590/2202
f 2922/2590/2202 2930/2619/2227 2931/2620/2228 2932/2621/2229
f 2917/2585/2197 2922/2590/2202 2932/2621/2229 2933/2622/2230
f 2930/2619/2227 2934/2623/2231 2935/2624/2232 2931/2620/2228
f 2929/2618/2226 2936/2625/2233 2934/2623/2231 2930/2619/2227
f 2929/2618/2226 2928/2617/2225 2937/2626/2234 2936/2625/2233
f 2927/2616/2224 2938/2627/2235 2937/2626/2234 2928/2617/2225
f 2926/2615/2223 2939/2628/2236 2938/2627/2235 2927/2616/2224
f 2926/2615/2223 2925/2614/2222 2940/2629/2237 2939/2628/2236
f 910/2613/2221 911/2630/2238 2940/2629/2237 2925/2614/2222
f 910/2631/2221 909/2609/2220 912/2632/2239 911/2633/2238
f 908/2608/2219 913/2634/2240 912/2632/2239 909/2609/2220
f 907/2607/2218 914/2635/2241 913/2634/2240 908/2608/2219
f 907/2607/2218 906/2606/2217 915/2636/2242 914/2635/2241
f 906/2606/2217 905/2605/2216 916/2637/2243 915/2636/2242
f 904/2604/2215 917/2638/2244 916/2637/2243 905/2605/2216
f 916/2637/2243 917/2638/2244 919/2639/2245 918/2640/2246
f 915/2636/2242 916/2637/2243 918/2640/2246 920/2641/2247
f 921/2642/2248 914/2635/2241 915/2636/2242 920/2641/2247
f 921/2642/2248 922/2643/2249 923/2644/2250 914/2635/2241
f 913/2634/2240 914/2635/2241 923/2644/2250 924/2645/2251
f 912/2632/2239 913/2634/2240 924/2645/2251 925/2646/2252
f 911/2633/2238 912/2632/2239 925/2646/2252 926/2647/2253
f 911/2630/2238 926/2648/2253 2941/2649/2254 2940/2629/2237
f 2939/2628/2236 2940/2629/2237 2941/2649/2254 2942/2650/2255
f 2939/2628/2236 2942/2650/2255 2943/2651/2256 2938/2627/2235
f 2938/2627/2235 2943/2651/2256 2944/2652/2257 2937/2626/2234
f 2936/2625/2233 2937/2626/2234 2944/2652/2257 2945/2653/2258
f 2936/2625/2233 2945/2653/2258 2946/2654/2259 2934/2623/2231
f 2934/2623/2231 2946/2654/2259 2947/2655/2260 2935/2624/2232
f 2946/2654/2259 2948/2656/2261 2949/2657/2262 2947/2655/2260
f 2945/2653/2258 2950/2658/2263 2948/2656/2261 2946/2654/2259
f 2945/2653/2258 2944/2652/2257 2951/2659/2264 2950/2658/2263
f 2943/2651/2256 2952/2660/2265 2951/2659/2264 2944/2652/2257
f 2942/2650/2255 2953/2661/2266 2952/2660/2265 2943/2651/2256
f 2942/2650/2255 2941/2649/2254 2954/2662/2267 2953/2661/2266
f 926/2648/2253 2955/2663/2268 2954/2662/2267 2941/2649/2254
f 926/2648/2253 925/2664/2252 927/2665/2269 2955/2663/2268
f 925/2646/2252 924/2645/2251 928/2666/2270 927/2667/2269
f 924/2645/2251 923/2644/2250 929/2668/2271 928/2666/2270
f 930/2669/2272 929/2668/2271 923/2644/2250 922/2643/2249
f 922/2643/2249 931/2670/2273 932/2671/2274 930/2669/2272
f 921/2642/2248 920/2641/2247 931/2670/2273 922/2643/2249
f 920/2641/2247 918/2640/2246 933/2672/2275 931/2670/2273
f 931/2670/2273 933/2672/2275 934/2673/2276 932/2671/2274
f 934/2673/2276 935/2674/2277 936/2675/2278 932/2671/2274
f 930/2669/2272 932/2671/2274 936/2675/2278 937/2676/2279
f 929/2668/2271 930/2669/2272 937/2676/2279 938/2677/2280
f 938/2677/2280 939/2678/2281 928/2666/2270 929/2668/2271
f 927/2667/2269 928/2666/2270 939/2678/2281 940/2679/2282
f 2955/2663/2268 927/2665/2269 940/2680/2282 941/2681/2283
f 2955/2663/2268 941/2681/2283 2956/2682/2284 2954/2662/2267
f 2953/2661/2266 2954/2662/2267 2956/2682/2284 2957/2683/2285
f 2953/2661/2266 2957/2683/2285 2958/2684/2286 2952/2660/2265
f 2952/2660/2265 2958/2684/2286 2959/2685/2287 2951/2659/2264
f 2950/2658/2263 2951/2659/2264 2959/2685/2287 2960/2686/2288
f 2950/2658/2263 2960/2686/2288 2961/2687/2289 2948/2656/2261
f 2948/2656/2261 2961/2687/2289 2962/2688/2290 2949/2657/2262
f 2961/2687/2289 2963/2689/2291 2964/2690/2292 2962/2688/2290
f 2965/2691/2293 2963/2689/2291 2961/2687/2289 2960/2686/2288
f 2960/2686/2288 2959/2685/2287 2966/2692/2294 2965/2691/2293
f 2958/2684/2286 2967/2693/2295 2966/2692/2294 2959/2685/2287
f 2957/2683/2285 2968/2694/2296 2967/2693/2295 2958/2684/2286
f 2957/2683/2285 2956/2682/2284 2969/2695/2297 2968/2694/2296
f 941/2681/2283 942/2696/2298 2969/2695/2297 2956/2682/2284
f 940/2679/2282 943/2697/2299 942/2698/2298 941/2699/2283
f 940/2679/2282 939/2678/2281 944/2700/2300 943/2697/2299
f 945/2701/2301 944/2700/2300 939/2678/2281 938/2677/2280
f 938/2677/2280 937/2676/2279 946/2702/2302 945/2701/2301
f 937/2676/2279 936/2675/2278 947/2703/2303 946/2702/2302
f 936/2675/2278 935/2674/2277 948/2704/2304 947/2703/2303
f 935/2674/2277 949/2705/2305 950/2706/2306 948/2704/2304
f 934/2673/2276 951/2707/2307 949/2705/2305 935/2674/2277
f 948/2704/2304 950/2706/2306 952/2708/2308 953/2709/2309
f 947/2703/2303 948/2704/2304 953/2709/2309 954/2710/2310
f 946/2702/2302 947/2703/2303 954/2710/2310 955/2711/2311
f 946/2702/2302 955/2711/2311 956/2712/2312 945/2701/2301
f 945/2701/2301 956/2712/2312 957/2713/2313 944/2700/2300
f 957/2713/2313 958/2714/2314 943/2697/2299 944/2700/2300
f 943/2715/2299 958/2716/2314 2970/2717/2315 942/2696/2298
f 2970/2717/2315 2971/2718/2316 2969/2695/2297 942/2696/2298
f 2968/2694/2296 2969/2695/2297 2971/2718/2316 2972/2719/2317
f 2968/2694/2296 2972/2719/2317 2973/2720/2318 2967/2693/2295
f 2973/2720/2318 2974/2721/2319 2966/2692/2294 2967/2693/2295
f 2966/2692/2294 2974/2721/2319 2975/2722/2320 2965/2691/2293
f 2975/2722/2320 2976/2723/2321 2963/2689/2291 2965/2691/2293
f 2975/2722/2320 2974/2721/2319 2977/2724/2322 2976/2723/2321
f 2978/2725/2323 2979/2726/2324 2977/2724/2322 2974/2721/2319
f 2973/2720/2318 2980/2727/2325 2978/2725/2323 2974/2721/2319
f 2972/2719/2317 2981/2728/2326 2980/2727/2325 2973/2720/2318
f 2971/2718/2316 2982/2729/2327 2981/2728/2326 2972/2719/2317
f 2983/2730/2328 2982/2729/2327 2971/2718/2316 2970/2717/2315
f 2970/2717/2315 958/2716/2314 959/2731/2329 2983/2730/2328
f 960/2732/2330 961/2733/2331 959/2734/2329 958/2714/2314
f 957/2713/2313 956/2712/2312 960/2732/2330 958/2714/2314
f 955/2711/2311 962/2735/2332 960/2732/2330 956/2712/2312
f 954/2710/2310 963/2736/2333 962/2735/2332 955/2711/2311
f 954/2710/2310 953/2709/2309 964/2737/2334 963/2736/2333
f 953/2709/2309 952/2708/2308 965/2738/2335 964/2737/2334
f 952/2708/2308 966/2739/2336 967/2740/2337 965/2738/2335
f 950/2706/2306 968/2741/2338 966/2739/2336 952/2708/2308
f 964/2737/2334 965/2738/2335 969/2742/2339 970/2743/2340
f 965/2738/2335 967/2740/2337 971/2744/2341 969/2742/2339
f 963/2736/2333 964/2737/2334 970/2743/2340 972/2745/2342
f 962/2735/2332 963/2736/2333 972/2745/2342 973/2746/2343
f 962/2735/2332 973/2746/2343 961/2733/2331 960/2732/2330
f 961/2733/2331 973/2746/2343 974/2747/2344 975/2748/2345
f 959/2731/2329 961/2749/2331 975/2750/2345 2984/2751/2346
f 2983/2730/2328 959/2731/2329 2984/2751/2346 2982/2729/2327
f 2984/2751/2346 2985/2752/2347 2986/2753/2348 2982/2729/2327
f 2986/2753/2348 2987/2754/2349 2981/2728/2326 2982/2729/2327
f 2980/2727/2325 2981/2728/2326 2987/2754/2349 2988/2755/2350
f 2988/2755/2350 2989/2756/2351 2978/2725/2323 2980/2727/2325
f 2989/2756/2351 2990/2757/2352 2979/2726/2324 2978/2725/2323
f 2991/2758/2353 2992/2759/2354 2990/2757/2352 2989/2756/2351
f 2993/2760/2355 2991/2758/2353 2989/2756/2351 2988/2755/2350
f 2987/2754/2349 2994/2761/2356 2993/2760/2355 2988/2755/2350
f 2995/2762/2357 2994/2761/2356 2987/2754/2349 2986/2753/2348
f 2985/2752/2347 976/2763/2358 2995/2762/2357 2986/2753/2348
f 977/2764/2359 978/2765/2360 976/2763/2358 2985/2752/2347
f 975/2750/2345 977/2764/2359 2985/2752/2347 2984/2751/2346
f 974/2747/2344 979/2766/2361 977/2767/2359 975/2748/2345
f 980/2768/2362 981/2769/2363 979/2766/2361 974/2747/2344
f 973/2746/2343 972/2745/2342 980/2768/2362 974/2747/2344
f 972/2745/2342 970/2743/2340 982/2770/2364 980/2768/2362
f 970/2743/2340 969/2742/2339 983/2771/2365 982/2770/2364
f 969/2742/2339 971/2744/2341 984/2772/2366 983/2771/2365
f 985/2773/2367 986/2774/2368 984/2772/2366 971/2744/2341
f 967/2740/2337 987/2775/2369 985/2773/2367 971/2744/2341
f 984/2772/2366 986/2774/2368 988/2776/2370 989/2777/2371
f 983/2771/2365 984/2772/2366 989/2777/2371 990/2778/2372
f 982/2770/2364 983/2771/2365 990/2778/2372 991/2779/2373
f 980/2768/2362 982/2770/2364 991/2779/2373 981/2769/2363
f 991/2779/2373 992/2780/2374 993/2781/2375 981/2769/2363
f 981/2769/2363 993/2781/2375 994/2782/2376 979/2766/2361
f 979/2766/2361 994/2782/2376 978/2783/2360 977/2767/2359
f 994/2782/2376 995/2784/2377 996/2785/2378 978/2783/2360
f 976/2786/2358 978/2783/2360 996/2785/2378 997/2787/2379
f 2995/2762/2357 976/2763/2358 997/2788/2379 2994/2761/2356
f 997/2788/2379 998/2789/2380 2996/2790/2381 2994/2761/2356
f 2996/2790/2381 2997/2791/2382 2998/2792/2383 2994/2761/2356
f 2993/2760/2355 2994/2761/2356 2998/2792/2383 2991/2758/2353
f 996/2793/2378 999/2794/2384 998/2789/2380 997/2788/2379
f 995/2784/2377 1000/2795/2385 999/2796/2384 996/2785/2378
f 995/2784/2377 1001/2797/2386 1002/2798/2387 1000/2795/2385
f 993/2781/2375 1001/2797/2386 995/2784/2377 994/2782/2376
f 992/2780/2374 1003/2799/2388 1001/2797/2386 993/2781/2375
f 992/2780/2374 1004/2800/2389 1005/2801/2390 1003/2799/2388
f 991/2779/2373 990/2778/2372 1004/2800/2389 992/2780/2374
f 989/2777/2371 1006/2802/2391 1004/2800/2389 990/2778/2372
f 988/2776/2370 1007/2803/2392 1006/2802/2391 989/2777/2371
f 1008/2804/2393 1007/2803/2392 988/2776/2370 986/2774/2368
f 1009/2805/2394 1010/2806/2395 1008/2804/2393 986/2774/2368
f 985/2773/2367 1011/2807/2396 1009/2805/2394 986/2774/2368
f 1012/2808/2397 1011/2807/2396 985/2773/2367 987/2775/2369
f 1013/2809/2398 1010/2806/2395 1009/2805/2394 1011/2807/2396
f 1014/2810/2399 1015/2811/2400 1013/2809/2398 1011/2807/2396
f 1012/2808/2397 1016/2812/2401 1014/2810/2399 1011/2807/2396
f 1010/2806/2395 1017/2813/2402 1018/2814/2403 1008/2804/2393
f 1013/2809/2398 1019/2815/2404 1017/2813/2402 1010/2806/2395
f 1008/2804/2393 1018/2814/2403 1020/2816/2405 1007/2803/2392
f 1020/2816/2405 1021/2817/2406 1022/2818/2407 1007/2803/2392
f 1006/2802/2391 1007/2803/2392 1022/2818/2407 1023/2819/2408
f 1004/2800/2389 1006/2802/2391 1023/2819/2408 1005/2801/2390
f 1023/2819/2408 1024/2820/2409 1025/2821/2410 1005/2801/2390
f 1005/2801/2390 1025/2821/2410 1026/2822/2411 1003/2799/2388
f 1026/2822/2411 1027/2823/2412 1028/2824/2413 1003/2799/2388
f 1001/2797/2386 1003/2799/2388 1028/2824/2413 1002/2798/2387
f 1028/2824/2413 1027/2823/2412 1029/2825/2414 1002/2798/2387
f 1002/2798/2387 1029/2825/2414 1030/2826/2415 1000/2795/2385
f 1026/2822/2411 1031/2827/2416 1032/2828/2417 1027/2823/2412
f 1027/2823/2412 1032/2828/2417 1033/2829/2418 1029/2825/2414
f 1025/2821/2410 1034/2830/2419 1031/2827/2416 1026/2822/2411
f 1024/2820/2409 1035/2831/2420 1034/2830/2419 1025/2821/2410
f 1021/2817/2406 1036/2832/2421 1035/2831/2420 1024/2820/2409
f 1022/2818/2407 1021/2817/2406 1024/2820/2409 1023/2819/2408
f 1037/2833/2422 1036/2832/2421 1021/2817/2406 1020/2816/2405
f 1020/2816/2405 1018/2814/2403 1038/2834/2423 1037/2833/2422
f 1017/2813/2402 1039/2835/2424 1038/2834/2423 1018/2814/2403
f 1019/2815/2404 1040/2836/2425 1039/2835/2424 1017/2813/2402
f 1041/2837/2426 1042/2838/2427 1040/2839/2425 1019/2840/2404
f 1041/2841/2426 1019/2815/2404 1013/2809/2398 1015/2811/2400
f 1040/2836/2425 1043/2842/2428 1044/2843/2429 1039/2835/2424
f 1042/2838/2427 1045/2844/2430 1043/2845/2428 1040/2839/2425
f 1038/2834/2423 1039/2835/2424 1044/2843/2429 1046/2846/2431
f 1038/2834/2423 1046/2846/2431 1047/2847/2432 1037/2833/2422
f 1037/2833/2422 1047/2847/2432 1048/2848/2433 1036/2832/2421
f 1036/2832/2421 1048/2848/2433 1049/2849/2434 1035/2831/2420
f 1035/2831/2420 1049/2849/2434 1050/2850/2435 1034/2830/2419
f 1034/2830/2419 1050/2850/2435 1051/2851/2436 1031/2827/2416
f 1031/2827/2416 1051/2851/2436 1052/2852/2437 1032/2828/2417
f 1052/2852/2437 1053/2853/2438 1054/2854/2439 1032/2828/2417
f 1033/2829/2418 1032/2828/2417 1054/2854/2439 1055/2855/2440
f 1056/2856/2441 1033/2829/2418 1055/2855/2440 1057/2857/2442
f 1030/2826/2415 1029/2825/2414 1033/2829/2418 1056/2856/2441
f 1058/2858/2443 1030/2826/2415 1056/2856/2441 1059/2859/2444
f 999/2796/2384 1000/2795/2385 1030/2826/2415 1058/2858/2443
f 1056/2856/2441 1057/2857/2442 1060/2860/2445 1059/2859/2444
f 1057/2857/2442 1055/2855/2440 1061/2861/2446 1062/2862/2447
f 1060/2860/2445 1057/2857/2442 1062/2862/2447 1063/2863/2448
f 1054/2854/2439 1053/2853/2438 1061/2861/2446 1055/2855/2440
f 1052/2852/2437 1064/2864/2449 1065/2865/2450 1053/2853/2438
f 1053/2853/2438 1065/2865/2450 1066/2866/2451 1061/2861/2446
f 1051/2851/2436 1067/2867/2452 1064/2864/2449 1052/2852/2437
f 1050/2850/2435 1068/2868/2453 1067/2867/2452 1051/2851/2436
f 1049/2849/2434 1069/2869/2454 1068/2868/2453 1050/2850/2435
f 1048/2848/2433 1070/2870/2455 1069/2869/2454 1049/2849/2434
f 1048/2848/2433 1047/2847/2432 1071/2871/2456 1070/2870/2455
f 1046/2846/2431 1072/2872/2457 1071/2871/2456 1047/2847/2432
f 1046/2846/2431 1044/2843/2429 1073/2873/2458 1072/2872/2457
f 1074/2874/2459 52/52/52 1071/2871/2456 1072/2872/2457
f 1072/2872/2457 1073/2873/2458 1075/2875/2460 1074/2874/2459
f 1070/2870/2455 1071/2871/2456 52/52/52 49/49/49
f 1070/2870/2455 49/49/49 48/48/48 1069/2869/2454
f 1069/2869/2454 48/48/48 47/47/47 1068/2868/2453
f 1068/2868/2453 47/47/47 46/46/46 1067/2867/2452
f 1067/2867/2452 46/46/46 44/44/44 1064/2864/2449
f 1065/2865/2450 1064/2864/2449 44/44/44 43/43/43
f 1066/2866/2451 1065/2865/2450 43/43/43 45/45/45
f 1076/2876/2461 1066/2866/2451 45/45/45 1077/2877/2462
f 1062/2862/2447 1061/2861/2446 1066/2866/2451 1076/2876/2461
f 1063/2863/2448 1062/2862/2447 1076/2876/2461 1078/2878/2463
f 1063/2863/2448 1078/2878/2463 1080/2879/2464 1079/2880/2465
f 1060/2860/2445 1063/2863/2448 1079/2880/2465 1059/2859/2444
f 1076/2876/2461 1077/2877/2462 1081/2881/2466 1078/2878/2463
f 1078/2878/2463 1081/2881/2466 1082/2882/2467 1080/2879/2464
f 45/45/45 42/42/42 1083/2883/2468 1077/2877/2462
f 1077/2877/2462 1083/2883/2468 1084/2884/2469 1081/2881/2466
f 1081/2881/2466 1084/2884/2469 1085/2885/2470 1082/2882/2467
f 1086/2886/2471 1082/2882/2467 1085/2885/2470 1087/2887/2472
f 1088/2888/2473 1080/2879/2464 1082/2882/2467 1086/2886/2471
f 1089/2889/2474 1079/2880/2465 1080/2879/2464 1088/2888/2473
f 1090/2890/2475 1059/2859/2444 1079/2880/2465 1089/2889/2474
f 1091/2891/2476 1089/2889/2474 1088/2888/2473 1092/2892/2477
f 1093/2893/2478 1090/2890/2475 1089/2889/2474 1091/2891/2476
f 1092/2894/2477 1088/2895/2473 1086/2896/2471 2999/2897/2479
f 2999/2897/2479 1086/2896/2471 1087/2898/2472 1094/2899/2480
f 1085/2885/2470 1095/2900/2481 1096/2901/2482 1087/2887/2472
f 1087/2887/2472 1096/2901/2482 1097/2902/2483 1094/2903/2480
f 1084/2884/2469 1098/2904/2484 1095/2900/2481 1085/2885/2470
f 1083/2883/2468 1099/2905/2485 1098/2904/2484 1084/2884/2469
f 42/42/42 41/41/41 1099/2905/2485 1083/2883/2468
f 41/41/41 40/40/40 1100/2906/2486 1099/2905/2485
f 1099/2905/2485 1100/2906/2486 1101/2907/2487 1098/2904/2484
f 1095/2900/2481 1098/2904/2484 1101/2907/2487 1102/2908/2488
f 1095/2900/2481 1102/2908/2488 1103/2909/2489 1096/2901/2482
f 1096/2901/2482 1103/2909/2489 1104/2910/2490 1097/2902/2483
f 1097/2902/2483 1104/2910/2490 1106/2911/2491 1105/2912/2492
f 1094/2903/2480 1097/2902/2483 1105/2912/2492 1107/2913/2493
f 2999/2897/2479 1094/2899/2480 1107/2914/2493 3000/2915/2494
f 1092/2894/2477 2999/2897/2479 3000/2915/2494 3001/2916/2495
f 1091/2917/2476 1092/2894/2477 3001/2916/2495 3002/2918/2496
f 1093/2919/2478 1091/2917/2476 3002/2918/2496 2997/2791/2382
f 1108/2920/2497 1090/2921/2475 1093/2919/2478 2997/2791/2382
f 1058/2922/2443 1059/2923/2444 1090/2921/2475 1108/2920/2497
f 998/2924/2380 999/2796/2384 1058/2858/2443 1108/2925/2497
f 2996/2790/2381 998/2789/2380 1108/2920/2497 2997/2791/2382
f 2998/2792/2383 2997/2791/2382 3002/2918/2496 3003/2926/2498
f 3002/2918/2496 3001/2916/2495 3004/2927/2499 3003/2926/2498
f 3001/2916/2495 3000/2915/2494 3005/2928/2500 3004/2927/2499
f 3000/2915/2494 1107/2914/2493 1109/2929/2501 3005/2928/2500
f 1109/2930/2501 1107/2913/2493 1105/2912/2492 1110/2931/2502
f 1105/2912/2492 1106/2911/2491 1111/2932/2503 1110/2931/2502
f 1104/2910/2490 1112/2933/2504 1113/2934/2505 1106/2911/2491
f 1106/2911/2491 1113/2934/2505 1114/2935/2506 1111/2932/2503
f 1103/2909/2489 1115/2936/2507 1112/2933/2504 1104/2910/2490
f 1102/2908/2488 1116/2937/2508 1115/2936/2507 1103/2909/2489
f 1102/2908/2488 1101/2907/2487 68/68/68 1116/2937/2508
f 1100/2906/2486 65/65/65 68/68/68 1101/2907/2487
f 68/68/68 66/66/66 1117/2938/2509 1116/2937/2508
f 1116/2937/2508 1117/2938/2509 1118/2939/2510 1115/2936/2507
f 1115/2936/2507 1118/2939/2510 1119/2940/2511 1112/2933/2504
f 1112/2933/2504 1119/2940/2511 1120/2941/2512 1113/2934/2505
f 1113/2934/2505 1120/2941/2512 1121/2942/2513 1114/2935/2506
f 1114/2943/2506 1121/2944/2513 1123/2945/2514 1122/2946/2515
f 1111/2932/2503 1114/2935/2506 1122/2947/2515 1124/2948/2516
f 1110/2931/2502 1111/2932/2503 1124/2948/2516 1125/2949/2517
f 3006/2950/2518 1109/2929/2501 1110/2951/2502 1125/2952/2517
f 3007/2953/2519 3005/2928/2500 1109/2929/2501 3006/2950/2518
f 3008/2954/2520 3004/2927/2499 3005/2928/2500 3007/2953/2519
f 3003/2926/2498 3004/2927/2499 3008/2954/2520 2992/2759/2354
f 2991/2758/2353 2998/2792/2383 3003/2926/2498 2992/2759/2354
f 2992/2759/2354 3008/2954/2520 3009/2955/2521 2990/2757/2352
f 3008/2954/2520 3007/2953/2519 3010/2956/2522 3009/2955/2521
f 3007/2953/2519 3006/2950/2518 3011/2957/2523 3010/2956/2522
f 3006/2950/2518 1125/2952/2517 3012/2958/2524 3011/2957/2523
f 1125/2952/2517 1124/2959/2516 3013/2960/2525 3012/2958/2524
f 3013/2960/2525 1124/2959/2516 1122/2946/2515 3014/2961/2526
f 3014/2961/2526 1122/2946/2515 1123/2945/2514 3015/2962/2527
f 1121/2942/2513 1126/2963/2528 1127/2964/2529 1123/2965/2514
f 3015/2962/2527 1123/2945/2514 1127/2966/2529 3016/2967/2530
f 1120/2941/2512 1128/2968/2531 1126/2963/2528 1121/2942/2513
f 1119/2940/2511 1129/2969/2532 1128/2968/2531 1120/2941/2512
f 1118/2939/2510 1130/2970/2533 1129/2969/2532 1119/2940/2511
f 1117/2938/2509 1131/2971/2534 1130/2970/2533 1118/2939/2510
f 66/66/66 67/67/67 1131/2971/2534 1117/2938/2509
f 67/67/67 71/71/71 1132/2972/2535 1131/2971/2534
f 1131/2971/2534 1132/2972/2535 1133/2973/2536 1130/2970/2533
f 1130/2970/2533 1133/2973/2536 1134/2974/2537 1129/2969/2532
f 1129/2969/2532 1134/2974/2537 1135/2975/2538 1128/2968/2531
f 1128/2968/2531 1135/2975/2538 1136/2976/2539 1126/2963/2528
f 1126/2963/2528 1136/2976/2539 1137/2977/2540 1127/2964/2529
f 3016/2967/2530 1127/2966/2529 1137/2978/2540 1138/2979/2541
f 3017/2980/2542 3016/2967/2530 1138/2979/2541 3018/2981/2543
f 3019/2982/2544 3015/2962/2527 3016/2967/2530 3017/2980/2542
f 3020/2983/2545 3014/2961/2526 3015/2962/2527 3019/2982/2544
f 3021/2984/2546 3013/2960/2525 3014/2961/2526 3020/2983/2545
f 3022/2985/2547 3012/2958/2524 3013/2960/2525 3021/2984/2546
f 3011/2957/2523 3012/2958/2524 3022/2985/2547 3023/2986/2548
f 3010/2956/2522 3011/2957/2523 3023/2986/2548 3024/2987/2549
f 3009/2955/2521 3010/2956/2522 3024/2987/2549 3025/2988/2550
f 3024/2987/2549 3023/2986/2548 3026/2989/2551 3027/2990/2552
f 3025/2988/2550 3024/2987/2549 3027/2990/2552 3028/2991/2553
f 3026/2989/2551 3023/2986/2548 3022/2985/2547 3029/2992/2554
f 3029/2992/2554 3022/2985/2547 3021/2984/2546 3030/2993/2555
f 3030/2993/2555 3021/2984/2546 3020/2983/2545 3031/2994/2556
f 3031/2994/2556 3020/2983/2545 3019/2982/2544 3032/2995/2557
f 3032/2995/2557 3019/2982/2544 3017/2980/2542 3033/2996/2558
f 3033/2996/2558 3017/2980/2542 3018/2981/2543 3034/2997/2559
f 3018/2981/2543 1138/2979/2541 1139/2998/2560 3035/2999/2561
f 3034/2997/2559 3018/2981/2543 3035/2999/2561 3036/3000/2562
f 1137/2977/2540 1140/3001/2563 1139/3002/2560 1138/3003/2541
f 1136/2976/2539 1141/3004/2564 1140/3001/2563 1137/2977/2540
f 1135/2975/2538 1142/3005/2565 1141/3004/2564 1136/2976/2539
f 1134/2974/2537 1143/3006/2566 1142/3005/2565 1135/2975/2538
f 1133/2973/2536 1144/3007/2567 1143/3006/2566 1134/2974/2537
f 1144/3007/2567 1145/3008/2568 1146/3009/2569 1143/3006/2566
f 1143/3006/2566 1146/3009/2569 1147/3010/2570 1142/3005/2565
f 1142/3005/2565 1147/3010/2570 1148/3011/2571 1141/3004/2564
f 1141/3004/2564 1148/3011/2571 1149/3012/2572 1140/3001/2563
f 1139/2998/2560 1140/3013/2563 1149/3014/2572 1150/3015/2573
f 3035/2999/2561 1139/2998/2560 1150/3015/2573 3037/3016/2574
f 3036/3000/2562 3035/2999/2561 3037/3016/2574 3038/3017/2575
f 3039/3018/2576 3036/3000/2562 3038/3017/2575 3040/3019/2577
f 3041/3020/2578 3034/2997/2559 3036/3000/2562 3039/3018/2576
f 3042/3021/2579 3033/2996/2558 3034/2997/2559 3041/3020/2578
f 3043/3022/2580 3032/2995/2557 3033/2996/2558 3042/3021/2579
f 3044/3023/2581 3031/2994/2556 3032/2995/2557 3043/3022/2580
f 3045/3024/2582 3030/2993/2555 3031/2994/2556 3044/3023/2581
f 3046/3025/2583 3029/2992/2554 3030/2993/2555 3045/3024/2582
f 3047/3026/2584 3026/2989/2551 3029/2992/2554 3046/3025/2583
f 3048/3027/2585 3046/3025/2583 3045/3024/2582 3049/3028/2586
f 3050/3029/2587 3047/3026/2584 3046/3025/2583 3048/3027/2585
f 3049/3028/2586 3045/3024/2582 3044/3023/2581 3051/3030/2588
f 3051/3030/2588 3044/3023/2581 3043/3022/2580 3052/3031/2589
f 3052/3031/2589 3043/3022/2580 3042/3021/2579 3053/3032/2590
f 3042/3021/2579 3041/3020/2578 3054/3033/2591 3053/3032/2590
f 3054/3033/2591 3041/3020/2578 3039/3018/2576 3055/3034/2592
f 3055/3034/2592 3039/3018/2576 3040/3019/2577 3056/3035/2593
f 3040/3019/2577 3038/3017/2575 3057/3036/2594 3058/3037/2595
f 3040/3019/2577 3058/3037/2595 3059/3038/2596 3056/3035/2593
f 3038/3017/2575 3037/3016/2574 1151/3039/2597 3057/3036/2594
f 3037/3016/2574 1150/3015/2573 1152/3040/2598 1151/3039/2597
f 1149/3012/2572 1153/3041/2599 1152/3042/2598 1150/3043/2573
f 1148/3011/2571 1154/3044/2600 1153/3041/2599 1149/3012/2572
f 1154/3044/2600 1155/3045/2601 1156/3046/2602 1153/3041/2599
f 1152/3042/2598 1153/3041/2599 1156/3046/2602 1157/3047/2603
f 1151/3048/2597 1152/3042/2598 1157/3047/2603 1158/3049/2604
f 3057/3036/2594 1151/3039/2597 1158/3050/2604 3060/3051/2605
f 3058/3037/2595 3057/3036/2594 3060/3051/2605 3061/3052/2606
f 3062/3053/2607 3058/3037/2595 3061/3052/2606 3063/3054/2608
f 3059/3038/2596 3058/3037/2595 3062/3053/2607 3064/3055/2609
f 3065/3056/2610 3056/3035/2593 3059/3038/2596 3064/3055/2609
f 3066/3057/2611 3055/3034/2592 3056/3035/2593 3065/3056/2610
f 3054/3033/2591 3055/3034/2592 3066/3057/2611 3067/3058/2612
f 3068/3059/2613 3053/3032/2590 3054/3033/2591 3067/3058/2612
f 3069/3060/2614 3052/3031/2589 3053/3032/2590 3068/3059/2613
f 3070/3061/2615 3051/3030/2588 3052/3031/2589 3069/3060/2614
f 3049/3028/2586 3051/3030/2588 3070/3061/2615 3071/3062/2616
f 3072/3063/2617 3070/3061/2615 3069/3060/2614 3073/3064/2618
f 3071/3062/2616 3070/3061/2615 3072/3063/2617 3074/3065/2619
f 3073/3064/2618 3069/3060/2614 3068/3059/2613 3075/3066/2620
f 3075/3066/2620 3068/3059/2613 3067/3058/2612 3076/3067/2621
f 3076/3067/2621 3067/3058/2612 3066/3057/2611 3077/3068/2622
f 3077/3068/2622 3066/3057/2611 3065/3056/2610 3078/3069/2623
f 3078/3069/2623 3065/3056/2610 3064/3055/2609 3079/3070/2624
f 3079/3070/2624 3064/3055/2609 3062/3053/2607 3080/3071/2625
f 3080/3071/2625 3062/3053/2607 3063/3054/2608 3081/3072/2626
f 3063/3054/2608 3061/3052/2606 3082/3073/2627 3083/3074/2628
f 3081/3072/2626 3063/3054/2608 3083/3074/2628 3084/3075/2629
f 3061/3052/2606 3060/3051/2605 3085/3076/2630 3082/3073/2627
f 1158/3050/2604 3086/3077/2631 3085/3076/2630 3060/3051/2605
f 1158/3050/2604 1157/3078/2603 1159/3079/2632 3086/3077/2631
f 1156/3046/2602 1160/3080/2633 1159/3081/2632 1157/3047/2603
f 1160/3080/2633 1161/3082/2634 1162/3083/2635 1159/3081/2632
f 3086/3077/2631 1159/3079/2632 1162/3084/2635 1163/3085/2636
f 3087/3086/2637 3086/3077/2631 1163/3085/2636 3088/3087/2638
f 3085/3076/2630 3086/3077/2631 3087/3086/2637 3082/3073/2627
f 3083/3074/2628 3082/3073/2627 3087/3086/2637 3089/3088/2639
f 3084/3075/2629 3083/3074/2628 3089/3088/2639 3090/3089/2640
f 3091/3090/2641 3084/3075/2629 3090/3089/2640 3092/3091/2642
f 3093/3092/2643 3081/3072/2626 3084/3075/2629 3091/3090/2641
f 3094/3093/2644 3080/3071/2625 3081/3072/2626 3093/3092/2643
f 3095/3094/2645 3079/3070/2624 3080/3071/2625 3094/3093/2644
f 3096/3095/2646 3078/3069/2623 3079/3070/2624 3095/3094/2645
f 3097/3096/2647 3077/3068/2622 3078/3069/2623 3096/3095/2646
f 3098/3097/2648 3076/3067/2621 3077/3068/2622 3097/3096/2647
f 3099/3098/2649 3075/3066/2620 3076/3067/2621 3098/3097/2648
f 3100/3099/2650 3073/3064/2618 3075/3066/2620 3099/3098/2649
f 3100/3099/2650 3099/3098/2649 3101/3100/2651 3102/3101/2652
f 3103/3102/2653 3099/3098/2649 3098/3097/2648 3104/3103/2654
f 3101/3100/2651 3099/3098/2649 3103/3102/2653 3105/3104/2655
f 3104/3103/2654 3098/3097/2648 3097/3096/2647 3106/3105/2656
f 3106/3105/2656 3097/3096/2647 3096/3095/2646 3107/3106/2657
f 3107/3106/2657 3096/3095/2646 3095/3094/2645 3108/3107/2658
f 3108/3107/2658 3095/3094/2645 3094/3093/2644 3109/3108/2659
f 3109/3108/2659 3094/3093/2644 3093/3092/2643 3110/3109/2660
f 3110/3109/2660 3093/3092/2643 3091/3090/2641 3111/3110/2661
f 3111/3110/2661 3091/3090/2641 3092/3091/2642 3112/3111/2662
f 3092/3091/2642 3090/3089/2640 3113/3112/2663 3114/3113/2664
f 3112/3111/2662 3092/3091/2642 3114/3113/2664 3115/3114/2665
f 3090/3089/2640 3089/3088/2639 3116/3115/2666 3113/3112/2663
f 3089/3088/2639 3087/3086/2637 3088/3087/2638 3116/3115/2666
f 3116/3115/2666 3088/3087/2638 1164/3116/2667 3117/3117/2668
f 3113/3112/2663 3116/3115/2666 3117/3117/2668 1165/3118/2669
f 3114/3113/2664 3113/3112/2663 1165/3118/2669 1166/3119/2670
f 3115/3114/2665 3114/3113/2664 1166/3119/2670 3118/3120/2671
f 3119/3121/2672 3115/3114/2665 3118/3120/2671 3120/3122/2673
f 3121/3123/2674 3112/3111/2662 3115/3114/2665 3119/3121/2672
f 3122/3124/2675 3111/3110/2661 3112/3111/2662 3121/3123/2674
f 3123/3125/2676 3110/3109/2660 3111/3110/2661 3122/3124/2675
f 3124/3126/2677 3109/3108/2659 3110/3109/2660 3123/3125/2676
f 3125/3127/2678 3108/3107/2658 3109/3108/2659 3124/3126/2677
f 3126/3128/2679 3107/3106/2657 3108/3107/2658 3125/3127/2678
f 3127/3129/2680 3106/3105/2656 3107/3106/2657 3126/3128/2679
f 3128/3130/2681 3104/3103/2654 3106/3105/2656 3127/3129/2680
f 3129/3131/2682 3103/3102/2653 3104/3103/2654 3128/3130/2681
f 3105/3104/2655 3103/3102/2653 3129/3131/2682 3130/3132/2683
f 3131/3133/2684 3129/3131/2682 3128/3130/2681 3132/3134/2685
f 3133/3135/2686 3130/3132/2683 3129/3131/2682 3131/3133/2684
f 3132/3134/2685 3128/3130/2681 3127/3129/2680 3134/3136/2687
f 3134/3136/2687 3127/3129/2680 3126/3128/2679 3135/3137/2688
f 3135/3137/2688 3126/3128/2679 3125/3127/2678 3136/3138/2689
f 3136/3138/2689 3125/3127/2678 3124/3126/2677 3137/3139/2690
f 3137/3139/2690 3124/3126/2677 3123/3125/2676 3138/3140/2691
f 3138/3140/2691 3123/3125/2676 3122/3124/2675 3139/3141/2692
f 3139/3141/2692 3122/3124/2675 3121/3123/2674 3140/3142/2693
f 3140/3142/2693 3121/3123/2674 3119/3121/2672 3141/3143/2694
f 3141/3143/2694 3119/3121/2672 3120/3122/2673 1167/3144/2695
f 3120/3122/2673 3118/3120/2671 1168/3145/2696 1169/3146/2697
f 1167/3144/2695 3120/3122/2673 1169/3146/2697 1170/3147/2698
f 1166/3119/2670 1171/3148/2699 1168/3145/2696 3118/3120/2671
f 1166/3149/2670 1165/3150/2669 1172/3151/2700 1171/3152/2699
f 1171/3152/2699 1172/3151/2700 1173/3153/2701 1174/3154/2702
f 1168/3155/2696 1171/3152/2699 1174/3154/2702 1175/3156/2703
f 1168/3155/2696 1175/3156/2703 1176/3157/2704 1169/3158/2697
f 1169/3146/2697 1176/3159/2704 219/3160/355 1170/3147/2698
f 1177/3161/2705 1170/3162/2698 219/408/355 218/409/356
f 1178/3163/2706 1167/3164/2695 1170/3162/2698 1177/3161/2705
f 3142/3165/2707 3141/3143/2694 1167/3144/2695 1178/3166/2706
f 3143/3167/2708 3140/3142/2693 3141/3143/2694 3142/3165/2707
f 3139/3141/2692 3140/3142/2693 3143/3167/2708 3144/3168/2709
f 3145/3169/2710 3138/3140/2691 3139/3141/2692 3144/3168/2709
f 3146/3170/2711 3137/3139/2690 3138/3140/2691 3145/3169/2710
f 3147/3171/2712 3136/3138/2689 3137/3139/2690 3146/3170/2711
f 3148/3172/2713 3135/3137/2688 3136/3138/2689 3147/3171/2712
f 3149/3173/2714 3134/3136/2687 3135/3137/2688 3148/3172/2713
f 3150/3174/2715 3132/3134/2685 3134/3136/2687 3149/3173/2714
f 3151/3175/2716 3149/3173/2714 3148/3172/2713 3152/3176/2717
f 3153/3177/2718 3150/3174/2715 3149/3173/2714 3151/3175/2716
f 3152/3176/2717 3148/3172/2713 3147/3171/2712 3154/3178/2719
f 3154/3178/2719 3147/3171/2712 3146/3170/2711 3155/3179/2720
f 3155/3179/2720 3146/3170/2711 3145/3169/2710 3156/3180/2721
f 3156/3180/2721 3145/3169/2710 3144/3168/2709 3157/3181/2722
f 3157/3181/2722 3144/3168/2709 3143/3167/2708 3158/3182/2723
f 3158/3182/2723 3143/3167/2708 3142/3165/2707 1179/3183/2724
f 1179/3183/2724 3142/3165/2707 1178/3166/2706 235/3184/390
f 235/456/390 1178/3163/2706 1177/3161/2705 233/454/388
f 233/454/388 1177/3161/2705 218/409/356 220/410/357
f 253/490/420 1179/3185/2724 235/456/390 234/455/389
f 1784/492/422 3158/3182/2723 1179/3183/2724 253/493/420
f 3159/3186/2725 3157/3181/2722 3158/3182/2723 1784/492/422
f 3160/3187/2726 3156/3180/2721 3157/3181/2722 3159/3186/2725
f 3161/3188/2727 3155/3179/2720 3156/3180/2721 3160/3187/2726
f 3162/3189/2728 3154/3178/2719 3155/3179/2720 3161/3188/2727
f 3163/3190/2729 3152/3176/2717 3154/3178/2719 3162/3189/2728
f 3151/3175/2716 3152/3176/2717 3163/3190/2729 3164/3191/2730
f 3165/3192/2731 3153/3177/2718 3151/3175/2716 3164/3191/2730
f 3166/3193/2732 3167/3194/2733 3150/3174/2715 3153/3177/2718
f 3168/3195/2734 3166/3193/2732 3153/3177/2718 3165/3192/2731
f 3167/3194/2733 3131/3133/2684 3132/3134/2685 3150/3174/2715
f 3169/3196/2735 3133/3135/2686 3131/3133/2684 3167/3194/2733
f 3170/3197/2736 3169/3196/2735 3167/3194/2733 3166/3193/2732
f 3171/3198/2737 3170/3197/2736 3166/3193/2732 3168/3195/2734
f 3172/3199/2738 3168/3195/2734 3165/3192/2731 3173/3200/2739
f 3174/3201/2740 3171/3198/2737 3168/3195/2734 3172/3199/2738
f 3173/3200/2739 3165/3192/2731 3164/3191/2730 3175/3202/2741
f 3175/3202/2741 3164/3191/2730 3163/3190/2729 3176/3203/2742
f 3163/3190/2729 3162/3189/2728 3177/3204/2743 3176/3203/2742
f 3177/3204/2743 3162/3189/2728 3161/3188/2727 3178/3205/2744
f 3178/3205/2744 3161/3188/2727 3160/3187/2726 1802/537/455
f 1802/537/455 3160/3187/2726 3159/3186/2725 1800/535/453
f 1800/535/453 3159/3186/2725 1784/492/422 254/491/421
f 1815/578/485 3178/3205/2744 1802/537/455 1801/536/454
f 3177/3204/2743 3178/3205/2744 1815/578/485 1817/580/487
f 3179/3206/2745 3176/3203/2742 3177/3204/2743 1817/580/487
f 3180/3207/2746 3175/3202/2741 3176/3203/2742 3179/3206/2745
f 3181/3208/2747 3173/3200/2739 3175/3202/2741 3180/3207/2746
f 3182/3209/2748 3172/3199/2738 3173/3200/2739 3181/3208/2747
f 3183/3210/2749 3174/3201/2740 3172/3199/2738 3182/3209/2748
f 3184/3211/2750 3185/3212/2751 3171/3198/2737 3174/3201/2740
f 3186/3213/2752 3184/3211/2750 3174/3201/2740 3183/3210/2749
f 3185/3212/2751 3187/3214/2753 3170/3197/2736 3171/3198/2737
f 3187/3214/2753 3188/3215/2754 3169/3196/2735 3170/3197/2736
f 3188/3215/2754 3189/3216/2755 3133/3135/2686 3169/3196/2735
f 3190/3217/2756 3130/3132/2683 3133/3135/2686 3189/3216/2755
f 3191/3218/2757 3190/3217/2756 3189/3216/2755 3192/3219/2758
f 3192/3219/2758 3189/3216/2755 3188/3215/2754 3193/3220/2759
f 3194/3221/2760 3193/3220/2759 3188/3215/2754 3187/3214/2753
f 3195/3222/2761 3194/3221/2760 3187/3214/2753 3185/3212/2751
f 3196/3223/2762 3195/3222/2761 3185/3212/2751 3184/3211/2750
f 3197/3224/2763 3196/3223/2762 3184/3211/2750 3186/3213/2752
f 3198/3225/2764 3186/3213/2752 3183/3210/2749 3199/3226/2765
f 3200/3227/2766 3197/3224/2763 3186/3213/2752 3198/3225/2764
f 3199/3226/2765 3183/3210/2749 3182/3209/2748 3201/3228/2767
f 3201/3228/2767 3182/3209/2748 3181/3208/2747 3202/3229/2768
f 3202/3229/2768 3181/3208/2747 3180/3207/2746 1840/621/520
f 1840/621/520 3180/3207/2746 3179/3206/2745 1838/619/518
f 1838/619/518 3179/3206/2745 1817/580/487 1816/579/486
f 1865/655/551 3202/3229/2768 1840/621/520 1839/620/519
f 1867/657/553 3201/3228/2767 3202/3229/2768 1865/655/551
f 3203/3230/2769 3199/3226/2765 3201/3228/2767 1867/657/553
f 3204/3231/2770 3198/3225/2764 3199/3226/2765 3203/3230/2769
f 3205/3232/2771 3200/3227/2766 3198/3225/2764 3204/3231/2770
f 3206/3233/2772 3207/3234/2773 3197/3224/2763 3200/3227/2766
f 3208/3235/2774 3206/3233/2772 3200/3227/2766 3205/3232/2771
f 3207/3234/2773 3209/3236/2775 3196/3223/2762 3197/3224/2763
f 3209/3236/2775 3210/3237/2776 3195/3222/2761 3196/3223/2762
f 3211/3238/2777 3194/3221/2760 3195/3222/2761 3210/3237/2776
f 3211/3238/2777 3212/3239/2778 3193/3220/2759 3194/3221/2760
f 3212/3239/2778 3213/3240/2779 3192/3219/2758 3193/3220/2759
f 3213/3240/2779 3214/3241/2780 3191/3218/2757 3192/3219/2758
f 3215/3242/2781 3216/3243/2782 3214/3241/2780 3213/3240/2779
f 3217/3244/2783 3215/3242/2781 3213/3240/2779 3212/3239/2778
f 3217/3244/2783 3212/3239/2778 3211/3238/2777 3218/3245/2784
f 3218/3245/2784 3211/3238/2777 3210/3237/2776 3219/3246/2785
f 3219/3246/2785 3210/3237/2776 3209/3236/2775 3220/3247/2786
f 3220/3247/2786 3209/3236/2775 3207/3234/2773 3221/3248/2787
f 3222/3249/2788 3221/3248/2787 3207/3234/2773 3206/3233/2772
f 3223/3250/2789 3222/3249/2788 3206/3233/2772 3208/3235/2774
f 3224/3251/2790 3208/3235/2774 3205/3232/2771 3225/3252/2791
f 3226/3253/2792 3223/3250/2789 3208/3235/2774 3224/3251/2790
f 3225/3252/2791 3205/3232/2771 3204/3231/2770 3227/3254/2793
f 3227/3254/2793 3204/3231/2770 3203/3230/2769 3228/3255/2794
f 3228/3255/2794 3203/3230/2769 1867/657/553 1866/656/552
f 1899/689/585 3228/3255/2794 1866/656/552 1868/658/554
f 1901/691/587 3227/3254/2793 3228/3255/2794 1899/689/585
f 3229/3256/2795 3225/3252/2791 3227/3254/2793 1901/691/587
f 3230/3257/2796 3224/3251/2790 3225/3252/2791 3229/3256/2795
f 3231/3258/2797 3226/3253/2792 3224/3251/2790 3230/3257/2796
f 3232/3259/2798 3233/3260/2799 3223/3250/2789 3226/3253/2792
f 3234/3261/2800 3232/3259/2798 3226/3253/2792 3231/3258/2797
f 3233/3260/2799 3235/3262/2801 3222/3249/2788 3223/3250/2789
f 3236/3263/2802 3221/3248/2787 3222/3249/2788 3235/3262/2801
f 3237/3264/2803 3220/3247/2786 3221/3248/2787 3236/3263/2802
f 3238/3265/2804 3219/3246/2785 3220/3247/2786 3237/3264/2803
f 3219/3246/2785 3238/3265/2804 3239/3266/2805 3218/3245/2784
f 3218/3245/2784 3239/3266/2805 3240/3267/2806 3217/3244/2783
f 3217/3244/2783 3240/3267/2806 3241/3268/2807 3215/3242/2781
f 3242/3269/2808 3243/3270/2809 3241/3268/2807 3240/3267/2806
f 3242/3269/2808 3240/3267/2806 3239/3266/2805 3244/3271/2810
f 3244/3271/2810 3239/3266/2805 3238/3265/2804 3245/3272/2811
f 3237/3264/2803 3246/3273/2812 3245/3272/2811 3238/3265/2804
f 3236/3263/2802 3247/3274/2813 3246/3273/2812 3237/3264/2803
f 3247/3274/2813 3236/3263/2802 3235/3262/2801 3248/3275/2814
f 3248/3275/2814 3235/3262/2801 3233/3260/2799 3249/3276/2815
f 3249/3276/2815 3233/3260/2799 3232/3259/2798 3250/3277/2816
f 3251/3278/2817 3250/3277/2816 3232/3259/2798 3234/3261/2800
f 3252/3279/2818 3234/3261/2800 3231/3258/2797 3253/3280/2819
f 3254/3281/2820 3251/3278/2817 3234/3261/2800 3252/3279/2818
f 3253/3280/2819 3231/3258/2797 3230/3257/2796 3255/3282/2821
f 3255/3282/2821 3230/3257/2796 3229/3256/2795 3256/3283/2822
f 3256/3283/2822 3229/3256/2795 1901/691/587 1900/690/586
f 1933/723/619 3256/3283/2822 1900/690/586 1902/692/588
f 1935/725/621 3255/3282/2821 3256/3283/2822 1933/723/619
f 1963/753/649 3253/3280/2819 3255/3282/2821 1935/725/621
f 1965/755/651 3252/3279/2818 3253/3280/2819 1963/753/649
f 3257/3284/2823 3254/3281/2820 3252/3279/2818 1965/755/651
f 3258/3285/2824 3259/3286/2825 3251/3278/2817 3254/3281/2820
f 3260/3287/2826 3258/3285/2824 3254/3281/2820 3257/3284/2823
f 3261/3288/2827 3250/3277/2816 3251/3278/2817 3259/3286/2825
f 3262/3289/2828 3249/3276/2815 3250/3277/2816 3261/3288/2827
f 3263/3290/2829 3248/3275/2814 3249/3276/2815 3262/3289/2828
f 3248/3275/2814 3263/3290/2829 3264/3291/2830 3247/3274/2813
f 3265/3292/2831 3246/3273/2812 3247/3274/2813 3264/3291/2830
f 3266/3293/2832 3245/3272/2811 3246/3273/2812 3265/3292/2831
f 3266/3293/2832 3267/3294/2833 3244/3271/2810 3245/3272/2811
f 3267/3294/2833 3268/3295/2834 3242/3269/2808 3244/3271/2810
f 3269/3296/2835 2933/2622/2230 3268/3295/2834 3267/3294/2833
f 3270/3297/2836 3269/3296/2835 3267/3294/2833 3266/3293/2832
f 2896/2510/2133 3270/3297/2836 3266/3293/2832 3265/3292/2831
f 2896/2510/2133 3265/3292/2831 3264/3291/2830 2894/2508/2131
f 2894/2508/2131 3264/3291/2830 3263/3290/2829 2876/2474/2103
f 3262/3289/2828 2872/2470/2099 2876/2474/2103 3263/3290/2829
f 3261/3288/2827 2873/2471/2100 2872/2470/2099 3262/3289/2828
f 2873/2471/2100 3261/3288/2827 3259/3286/2825 2874/2472/2101
f 2874/2472/2101 3259/3286/2825 3258/3285/2824 3271/3298/2837
f 3271/3298/2837 3258/3285/2824 3260/3287/2826 3272/3299/2838
f 3273/3300/2839 3260/3287/2826 3257/3284/2823 3274/3301/2840
f 3272/3299/2838 3260/3287/2826 3273/3300/2839 3275/3302/2841
f 3274/3301/2840 3257/3284/2823 1965/755/651 1964/754/650
f 1997/787/683 3274/3301/2840 1964/754/650 1966/756/652
f 1999/789/685 3273/3300/2839 3274/3301/2840 1997/787/683
f 3275/3302/2841 3273/3300/2839 1999/789/685 3276/3303/2842
f 3275/3302/2841 3277/3304/2843 2859/2431/2072 3272/3299/2838
f 3276/3303/2842 3278/3305/2844 3277/3304/2843 3275/3302/2841
f 3272/3299/2838 2859/2431/2072 2858/2430/2071 3271/3298/2837
f 3271/3298/2837 2858/2430/2071 2857/2429/2070 2874/2472/2101
f 2844/2394/2042 2843/2393/2041 2859/2431/2072 3277/3304/2843
f 2845/2395/2043 2844/2394/2042 3277/3304/2843 3278/3305/2844
f 3279/3306/2845 2845/2395/2043 3278/3305/2844 3280/3307/2846
f 3281/3308/2847 3280/3307/2846 3278/3305/2844 3276/3303/2842
f 3281/3308/2847 3276/3303/2842 1999/789/685 1998/788/684
f 2031/821/717 3281/3308/2847 1998/788/684 2000/790/686
f 2033/823/719 3280/3307/2846 3281/3308/2847 2031/821/717
f 2033/823/719 3282/3309/2848 3279/3306/2845 3280/3307/2846
f 795/3310/2010 796/2358/2011 2845/2395/2043 3279/3306/2845
f 797/3311/2012 795/3310/2010 3279/3306/2845 3282/3309/2848
f 3283/3312/2849 797/3311/2012 3282/3309/2848 3284/3313/2850
f 2032/822/718 3284/3313/2850 3282/3309/2848 2033/823/719
f 3283/3312/2849 2815/2317/1978 777/2316/1977 797/3311/2012
f 2067/857/753 2816/2319/1979 2815/2317/1978 3283/3312/2849
f 2067/857/753 3283/3312/2849 3284/3313/2850 2065/855/751
f 2065/855/751 3284/3313/2850 2032/822/718 2034/824/720
f 2066/856/752 3285/3314/2851 2816/2319/1979 2067/857/753
f 767/3315/1947 768/2318/1948 2816/2319/1979 3285/3314/2851
f 305/891/787 767/3315/1947 3285/3314/2851 2098/889/785
f 2068/858/754 2098/889/785 3285/3314/2851 2066/856/752
f 1180/3316/2852 761/2260/1931 305/2283/787 304/3317/786
f 326/3318/819 1180/3316/2852 304/3317/786 306/3319/788
f 763/2264/1933 761/2265/1931 1180/3320/2852 1181/3321/2853
f 328/939/821 1181/3321/2853 1180/3320/2852 326/940/819
f 1181/3321/2853 757/2255/1927 758/2256/1928 763/2264/1933
f 328/939/821 756/2254/1926 757/2255/1927 1181/3321/2853
f 327/938/820 755/2253/1925 756/2254/1926 328/939/821
f 329/941/822 358/979/853 755/2253/1925 327/938/820
f 2895/2509/2132 2919/2587/2199 3270/3297/2836 2896/2510/2133
f 2897/2511/2134 2908/2550/2166 2919/2587/2199 2895/2509/2132
f 2919/2587/2199 2918/2586/2198 3269/3296/2835 3270/3297/2836
f 2918/2586/2198 2917/2585/2197 2933/2622/2230 3269/3296/2835
f 2933/2622/2230 2932/2621/2229 3286/3322/2854 3268/3295/2834
f 2932/2621/2229 2931/2620/2228 3287/3323/2855 3286/3322/2854
f 3286/3322/2854 3287/3323/2855 3288/3324/2856 3243/3270/2809
f 3268/3295/2834 3286/3322/2854 3243/3270/2809 3242/3269/2808
f 3287/3323/2855 3289/3325/2857 3290/3326/2858 3288/3324/2856
f 2931/2620/2228 2935/2624/2232 3289/3325/2857 3287/3323/2855
f 3288/3324/2856 3290/3326/2858 3291/3327/2859 3292/3328/2860
f 3243/3270/2809 3288/3324/2856 3292/3328/2860 3241/3268/2807
f 3293/3329/2861 3294/3330/2862 3291/3327/2859 3290/3326/2858
f 3289/3325/2857 3295/3331/2863 3293/3329/2861 3290/3326/2858
f 2935/2624/2232 2947/2655/2260 3295/3331/2863 3289/3325/2857
f 3295/3331/2863 3296/3332/2864 3297/3333/2865 3293/3329/2861
f 2947/2655/2260 2949/2657/2262 3296/3332/2864 3295/3331/2863
f 3293/3329/2861 3297/3333/2865 3298/3334/2866 3294/3330/2862
f 3298/3334/2866 3074/3065/2619 3299/3335/2867 3294/3330/2862
f 3300/3336/2868 3294/3330/2862 3299/3335/2867 3301/3337/2869
f 3291/3327/2859 3294/3330/2862 3300/3336/2868 3302/3338/2870
f 3292/3328/2860 3291/3327/2859 3302/3338/2870 3216/3243/2782
f 3215/3242/2781 3241/3268/2807 3292/3328/2860 3216/3243/2782
f 3302/3338/2870 3303/3339/2871 3214/3241/2780 3216/3243/2782
f 3300/3336/2868 3301/3337/2869 3303/3339/2871 3302/3338/2870
f 3299/3335/2867 3304/3340/2872 3305/3341/2873 3301/3337/2869
f 3301/3337/2869 3305/3341/2873 3306/3342/2874 3303/3339/2871
f 3074/3065/2619 3072/3063/2617 3304/3340/2872 3299/3335/2867
f 3307/3343/2875 3071/3062/2616 3074/3065/2619 3298/3334/2866
f 3297/3333/2865 3308/3344/2876 3307/3343/2875 3298/3334/2866
f 3296/3332/2864 3309/3345/2877 3308/3344/2876 3297/3333/2865
f 2949/2657/2262 2962/2688/2290 3309/3345/2877 3296/3332/2864
f 3309/3345/2877 3310/3346/2878 3050/3029/2587 3308/3344/2876
f 2962/2688/2290 2964/2690/2292 3310/3346/2878 3309/3345/2877
f 3308/3344/2876 3050/3029/2587 3048/3027/2585 3307/3343/2875
f 3307/3343/2875 3048/3027/2585 3049/3028/2586 3071/3062/2616
f 3310/3346/2878 3311/3347/2879 3047/3026/2584 3050/3029/2587
f 2964/2690/2292 3312/3348/2880 3311/3347/2879 3310/3346/2878
f 2976/2723/2321 3312/3348/2880 2964/2690/2292 2963/2689/2291
f 3028/2991/2553 3027/2990/2552 3311/3347/2879 3312/3348/2880
f 2977/2724/2322 3028/2991/2553 3312/3348/2880 2976/2723/2321
f 3311/3347/2879 3027/2990/2552 3026/2989/2551 3047/3026/2584
f 2979/2726/2324 3025/2988/2550 3028/2991/2553 2977/2724/2322
f 2990/2757/2352 3009/2955/2521 3025/2988/2550 2979/2726/2324
f 3304/3340/2872 3072/3063/2617 3073/3064/2618 3100/3099/2650
f 3305/3341/2873 3304/3340/2872 3100/3099/2650 3102/3101/2652
f 3306/3342/2874 3305/3341/2873 3102/3101/2652 3313/3349/2881
f 3313/3349/2881 3102/3101/2652 3101/3100/2651 3105/3104/2655
f 3190/3217/2756 3313/3349/2881 3105/3104/2655 3130/3132/2683
f 3306/3342/2874 3313/3349/2881 3190/3217/2756 3191/3218/2757
f 3214/3241/2780 3303/3339/2871 3306/3342/2874 3191/3218/2757
f 1176/3157/2704 1182/3350/2882 217/407/354 219/408/355
f 1176/3157/2704 1175/3156/2703 1183/3351/2883 1182/3350/2882
f 1182/3350/2882 1183/3351/2883 1184/3352/2884 206/372/324
f 1182/3350/2882 206/372/324 205/371/323 217/407/354
f 1183/3351/2883 1185/3353/2885 1186/3354/2886 1184/3352/2884
f 1175/3156/2703 1174/3154/2702 1185/3353/2885 1183/3351/2883
f 1186/3354/2886 195/336/292 197/337/293 1184/3352/2884
f 1184/3352/2884 197/337/293 198/338/294 206/372/324
f 1187/3355/2887 196/335/291 195/336/292 1186/3354/2886
f 1188/3356/2888 1187/3355/2887 1186/3354/2886 1185/3353/2885
f 1174/3154/2702 1173/3153/2701 1188/3356/2888 1185/3353/2885
f 1189/3357/2889 1190/3358/2890 1187/3355/2887 1188/3356/2888
f 1191/3359/2891 1189/3357/2889 1188/3356/2888 1173/3153/2701
f 1187/3355/2887 1190/3358/2890 1192/3360/2892 196/335/291
f 1192/3360/2892 183/301/261 185/302/262 196/335/291
f 184/300/260 183/301/261 1192/3360/2892 1190/3358/2890
f 1193/3361/2893 1194/3362/2894 184/300/260 1190/3358/2890
f 1189/3357/2889 1195/3363/2895 1193/3361/2893 1190/3358/2890
f 1191/3359/2891 1196/3364/2896 1195/3363/2895 1189/3357/2889
f 1197/3365/2897 1198/3366/2898 1196/3364/2896 1191/3359/2891
f 1172/3151/2700 1197/3365/2897 1191/3359/2891 1173/3153/2701
f 1196/3364/2896 1199/3367/2899 1200/3368/2900 1195/3363/2895
f 1201/3369/2901 1199/3367/2899 1196/3364/2896 1198/3366/2898
f 1200/3368/2900 1202/3370/2902 1193/3361/2893 1195/3363/2895
f 1202/3370/2902 1203/3371/2903 1194/3362/2894 1193/3361/2893
f 1194/3362/2894 1203/3371/2903 173/266/230 172/265/229
f 1194/3362/2894 172/265/229 174/267/231 184/300/260
f 1203/3371/2903 1204/3372/2904 1205/3373/2905 173/266/230
f 1206/3374/2906 1204/3372/2904 1203/3371/2903 1202/3370/2902
f 1206/3374/2906 1202/3370/2902 1200/3368/2900 1199/3367/2899
f 1207/3375/2907 1208/3376/2908 1206/3374/2906 1199/3367/2899
f 1209/3377/2909 1207/3375/2907 1199/3367/2899 1201/3369/2901
f 1210/3378/2910 1161/3379/2634 1209/3377/2909 1201/3369/2901
f 1164/3380/2667 1210/3378/2910 1201/3369/2901 1198/3366/2898
f 3117/3117/2668 1164/3116/2667 1198/3381/2898 1197/3382/2897
f 1165/3118/2669 3117/3117/2668 1197/3382/2897 1172/3383/2700
f 1163/3085/2636 1210/3384/2910 1164/3116/2667 3088/3087/2638
f 1162/3385/2635 1161/3379/2634 1210/3378/2910 1163/3386/2636
f 1211/3387/2911 1212/3388/2912 1213/3389/2913 1161/3082/2634
f 1213/3390/2913 1207/3375/2907 1209/3377/2909 1161/3379/2634
f 1160/3080/2633 1214/3391/2914 1211/3387/2911 1161/3082/2634
f 1207/3375/2907 1213/3390/2913 1215/3392/2915 1208/3376/2908
f 1215/3392/2915 1216/3393/2916 1217/3394/2917 1208/3376/2908
f 1208/3376/2908 1217/3394/2917 1204/3372/2904 1206/3374/2906
f 1217/3394/2917 1218/3395/2918 1205/3373/2905 1204/3372/2904
f 159/227/197 160/228/198 1205/3373/2905 1218/3395/2918
f 173/266/230 1205/3373/2905 160/228/198 161/229/199
f 1218/3395/2918 1219/3396/2919 147/192/167 159/227/197
f 1217/3394/2917 1216/3393/2916 1219/3396/2919 1218/3395/2918
f 1216/3393/2916 1220/3397/2920 1221/3398/2921 1219/3396/2919
f 1222/3399/2922 1220/3400/2920 1216/3401/2916 1215/3402/2915
f 1212/3388/2912 1222/3399/2922 1215/3402/2915 1213/3389/2913
f 1224/3403/2923 1222/3399/2922 1212/3388/2912 1223/3404/2924
f 1223/3404/2924 1212/3388/2912 1211/3387/2911 1214/3391/2914
f 1225/3405/2925 1223/3404/2924 1214/3391/2914 1155/3045/2601
f 1156/3046/2602 1155/3045/2601 1214/3391/2914 1160/3080/2633
f 1226/3406/2926 1227/3407/2927 1224/3403/2923 1223/3404/2924
f 1225/3405/2925 1228/3408/2928 1226/3406/2926 1223/3404/2924
f 1229/3409/2929 1230/3410/2930 1224/3403/2923 1227/3407/2927
f 1222/3399/2922 1224/3403/2923 1230/3410/2930 1220/3400/2920
f 1231/3411/2931 1221/3398/2921 1220/3397/2920 1230/3412/2930
f 1221/3398/2921 1231/3411/2931 144/188/164 145/189/165
f 145/189/165 147/192/167 1219/3396/2919 1221/3398/2921
f 1231/3413/2931 1232/3414/2932 1233/3415/2933 144/3416/164
f 1232/3414/2932 1231/3413/2931 1230/3410/2930 1229/3409/2929
f 1229/3409/2929 1234/3417/2934 1235/3418/2935 1232/3414/2932
f 1234/3417/2934 1229/3409/2929 1227/3407/2927 1236/3419/2936
f 1236/3419/2936 1227/3407/2927 1226/3406/2926 1228/3408/2928
f 1238/3420/2937 1236/3419/2936 1228/3408/2928 1237/3421/2938
f 1239/3422/2939 1237/3421/2938 1228/3408/2928 1225/3405/2925
f 1239/3422/2939 1225/3405/2925 1155/3045/2601 1154/3044/2600
f 1146/3009/2569 1237/3421/2938 1239/3422/2939 1147/3010/2570
f 1147/3010/2570 1239/3422/2939 1154/3044/2600 1148/3011/2571
f 1145/3008/2568 1238/3420/2937 1237/3421/2938 1146/3009/2569
f 1238/3420/2937 1240/3423/2940 1241/3424/2941 1236/3419/2936
f 1145/3008/2568 1242/3425/2942 1240/3423/2940 1238/3420/2937
f 1241/3424/2941 130/149/133 1234/3417/2934 1236/3419/2936
f 129/148/132 1235/3418/2935 1234/3417/2934 130/149/133
f 1235/3418/2935 132/151/135 1233/3415/2933 1232/3414/2932
f 128/147/131 132/151/135 1235/3418/2935 129/148/132
f 131/187/134 144/188/164 1233/3426/2933 132/3427/135
f 127/146/130 130/149/133 1241/3424/2941 1240/3423/2940
f 101/101/101 127/146/130 1240/3423/2940 1242/3425/2942
f 100/100/100 101/101/101 1242/3425/2942 1243/3428/2943
f 1243/3428/2943 1242/3425/2942 1145/3008/2568 1144/3007/2567
f 71/71/71 100/100/100 1243/3428/2943 1132/2972/2535
f 1132/2972/2535 1243/3428/2943 1144/3007/2567 1133/2973/2536
f 40/40/40 37/38/38 65/65/65 1100/2906/2486
f 52/52/52 1074/2874/2459 1244/3429/2944 50/50/50
f 1075/2875/2460 1245/3430/2945 1244/3429/2944 1074/2874/2459
f 50/50/50 1244/3429/2944 1246/3431/2946 51/51/51
f 1247/3432/2947 1246/3431/2946 1244/3429/2944 1245/3430/2945
f 1249/3433/2948 1247/3434/2947 1245/3435/2945 1248/3436/2949
f 1248/3437/2949 1245/3430/2945 1075/2875/2460 1250/3438/2950
f 1251/3439/2951 1250/3438/2950 1075/2875/2460 1073/2873/2458
f 3314/3440/2952 1248/3436/2949 1250/3441/2950 1252/3442/2953
f 1253/3443/2954 1252/3442/2953 1250/3441/2950 1251/3444/2951
f 1248/3436/2949 3314/3440/2952 3315/3445/2955 1249/3433/2948
f 1247/3432/2947 1249/3446/2948 1254/3447/2956 86/86/86
f 1255/3448/2957 1254/3449/2956 1249/3433/2948 3315/3445/2955
f 86/86/86 83/83/83 1246/3431/2946 1247/3432/2947
f 51/51/51 1246/3431/2946 83/83/83 53/53/53
f 86/86/86 1254/3447/2956 1256/3450/2958 84/84/84
f 1255/3451/2957 1257/3452/2959 1256/3450/2958 1254/3447/2956
f 1259/3453/2960 1257/3452/2959 1255/3451/2957 1258/3454/2961
f 3316/3455/2962 1258/3456/2961 1255/3448/2957 3315/3445/2955
f 3316/3455/2962 3315/3445/2955 3314/3440/2952 3317/3457/2963
f 1252/3442/2953 1260/3458/2964 3317/3457/2963 3314/3440/2952
f 1253/3459/2954 1261/3460/2965 1260/3461/2964 1252/3462/2953
f 1045/3463/2430 1253/3459/2954 1251/3439/2951 1043/2842/2428
f 1262/3464/2966 1261/3460/2965 1253/3459/2954 1045/3463/2430
f 1043/2842/2428 1251/3439/2951 1073/2873/2458 1044/2843/2429
f 3318/3465/2967 3319/3466/2968 1260/3458/2964 1261/3467/2965
f 3320/3468/2969 3318/3465/2967 1261/3467/2965 1262/3469/2966
f 3319/3466/2968 3321/3470/2970 3317/3457/2963 1260/3458/2964
f 3321/3470/2970 3322/3471/2971 3316/3455/2962 3317/3457/2963
f 3322/3471/2971 3323/3472/2972 1258/3456/2961 3316/3455/2962
f 3323/3472/2972 3324/3473/2973 1259/3474/2960 1258/3456/2961
f 1259/3453/2960 1263/3475/2974 1264/3476/2975 1257/3452/2959
f 3324/3473/2973 3325/3477/2976 1263/3478/2974 1259/3474/2960
f 1618/123/118 115/122/115 1256/3479/2958 1257/3480/2959
f 1264/3481/2975 3326/3482/2977 1618/123/118 1257/3480/2959
f 84/84/84 1256/3450/2958 115/119/115 85/85/85
f 3326/3482/2977 3327/3483/2978 1617/120/116 1618/123/118
f 3328/3484/2979 3327/3483/2978 3326/3482/2977 3329/3485/2980
f 3329/3485/2980 3326/3482/2977 1264/3481/2975 1263/3478/2974
f 3330/3486/2981 3329/3485/2980 1263/3478/2974 3325/3477/2976
f 3331/3487/2982 3332/3488/2983 3330/3486/2981 3325/3477/2976
f 3333/3489/2984 3331/3487/2982 3325/3477/2976 3324/3473/2973
f 3334/3490/2985 3333/3489/2984 3324/3473/2973 3323/3472/2972
f 3335/3491/2986 3334/3490/2985 3323/3472/2972 3322/3471/2971
f 3336/3492/2987 3335/3491/2986 3322/3471/2971 3321/3470/2970
f 3337/3493/2988 3336/3492/2987 3321/3470/2970 3319/3466/2968
f 3338/3494/2989 3337/3493/2988 3319/3466/2968 3318/3465/2967
f 3339/3495/2990 3338/3494/2989 3318/3465/2967 3320/3468/2969
f 3320/3468/2969 1262/3469/2966 1265/3496/2991 3340/3497/2992
f 3341/3498/2993 3339/3495/2990 3320/3468/2969 3340/3497/2992
f 3342/3499/2994 3338/3494/2989 3339/3495/2990 3343/3500/2995
f 3344/3501/2996 3343/3500/2995 3339/3495/2990 3341/3498/2993
f 3342/3499/2994 3345/3502/2997 3337/3493/2988 3338/3494/2989
f 3345/3502/2997 3346/3503/2998 3336/3492/2987 3337/3493/2988
f 3346/3503/2998 3347/3504/2999 3335/3491/2986 3336/3492/2987
f 3347/3504/2999 3348/3505/3000 3334/3490/2985 3335/3491/2986
f 3348/3505/3000 3349/3506/3001 3333/3489/2984 3334/3490/2985
f 3349/3506/3001 3350/3507/3002 3331/3487/2982 3333/3489/2984
f 3350/3507/3002 3351/3508/3003 3332/3488/2983 3331/3487/2982
f 3332/3488/2983 3352/3509/3004 3353/3510/3005 3330/3486/2981
f 3351/3508/3003 3354/3511/3006 3352/3509/3004 3332/3488/2983
f 3330/3486/2981 3353/3510/3005 3355/3512/3007 3329/3485/2980
f 3355/3512/3007 3356/3513/3008 3328/3484/2979 3329/3485/2980
f 3357/3514/3009 3356/3513/3008 3355/3512/3007 3353/3510/3005
f 3352/3509/3004 3358/3515/3010 3357/3514/3009 3353/3510/3005
f 3354/3511/3006 3359/3516/3011 3358/3515/3010 3352/3509/3004
f 3360/3517/3012 3361/3518/3013 3359/3516/3011 3354/3511/3006
f 3362/3519/3014 3360/3517/3012 3354/3511/3006 3351/3508/3003
f 3362/3519/3014 3351/3508/3003 3350/3507/3002 3363/3520/3015
f 3364/3521/3016 3363/3520/3015 3350/3507/3002 3349/3506/3001
f 3364/3521/3016 3349/3506/3001 3348/3505/3000 3365/3522/3017
f 3366/3523/3018 3365/3522/3017 3348/3505/3000 3347/3504/2999
f 3367/3524/3019 3366/3523/3018 3347/3504/2999 3346/3503/2998
f 3368/3525/3020 3367/3524/3019 3346/3503/2998 3345/3502/2997
f 3369/3526/3021 3368/3525/3020 3345/3502/2997 3342/3499/2994
f 3370/3527/3022 3369/3526/3021 3342/3499/2994 3343/3500/2995
f 3371/3528/3023 3368/3525/3020 3369/3526/3021 3372/3529/3024
f 3372/3529/3024 3369/3526/3021 3370/3527/3022 3373/3530/3025
f 3371/3528/3023 3374/3531/3026 3367/3524/3019 3368/3525/3020
f 3374/3531/3026 3375/3532/3027 3366/3523/3018 3367/3524/3019
f 3376/3533/3028 3365/3522/3017 3366/3523/3018 3375/3532/3027
f 3377/3534/3029 3378/3535/3030 3364/3521/3016 3365/3522/3017
f 3377/3534/3029 3365/3522/3017 3376/3533/3028 3379/3536/3031
f 3380/3537/3032 3363/3520/3015 3364/3521/3016 3378/3535/3030
f 3381/3538/3033 3360/3517/3012 3362/3519/3014 3363/3520/3015
f 3380/3537/3032 3382/3539/3034 3381/3538/3033 3363/3520/3015
f 3383/3540/3035 3361/3518/3013 3360/3517/3012 3381/3538/3033
f 3384/3541/3036 3385/3542/3037 3359/3516/3011 3361/3518/3013
f 3386/3543/3038 3387/3544/3039 3384/3541/3036 3361/3518/3013
f 3383/3540/3035 3388/3545/3040 3386/3543/3038 3361/3518/3013
f 3359/3516/3011 3385/3542/3037 3389/3546/3041 3358/3515/3010
f 3385/3542/3037 3390/3547/3042 3391/3548/3043 3389/3546/3041
f 3384/3541/3036 3387/3544/3039 3390/3547/3042 3385/3542/3037
f 3392/3549/3044 1647/212/184 3390/3547/3042 3387/3544/3039
f 3386/3543/3038 3393/3550/3045 3392/3549/3044 3387/3544/3039
f 3394/3551/3046 3393/3550/3045 3386/3543/3038 3388/3545/3040
f 3395/3552/3047 3396/3553/3048 3394/3551/3046 3388/3545/3040
f 3397/3554/3049 3395/3552/3047 3388/3545/3040 3383/3540/3035
f 3382/3539/3034 3397/3554/3049 3383/3540/3035 3381/3538/3033
f 3398/3555/3050 3399/3556/3051 3382/3539/3034 3380/3537/3032
f 3399/3556/3051 3400/3557/3052 3397/3554/3049 3382/3539/3034
f 3401/3558/3053 3398/3555/3050 3380/3537/3032 3378/3535/3030
f 3402/3559/3054 3401/3558/3053 3378/3535/3030 3377/3534/3029
f 3402/3559/3054 3377/3534/3029 3379/3536/3031 3403/3560/3055
f 3404/3561/3056 3379/3536/3031 3376/3533/3028 3375/3532/3027
f 3405/3562/3057 3403/3560/3055 3379/3536/3031 3404/3561/3056
f 3406/3563/3058 3401/3558/3053 3402/3559/3054 3403/3560/3055
f 3407/3564/3059 3408/3565/3060 3406/3563/3058 3403/3560/3055
f 3407/3564/3059 3403/3560/3055 3405/3562/3057 3409/3566/3061
f 3410/3567/3062 3398/3555/3050 3401/3558/3053 3406/3563/3058
f 3410/3567/3062 3411/3568/3063 3399/3556/3051 3398/3555/3050
f 3411/3568/3063 3412/3569/3064 3400/3557/3052 3399/3556/3051
f 3400/3557/3052 3413/3570/3065 3395/3552/3047 3397/3554/3049
f 3414/3571/3066 3413/3570/3065 3400/3557/3052 3412/3569/3064
f 3415/3572/3067 3396/3553/3048 3395/3552/3047 3413/3570/3065
f 3396/3553/3048 1666/249/217 1665/248/216 3394/3551/3046
f 3416/3573/3068 1666/249/217 3396/3553/3048 3415/3572/3067
f 3394/3551/3046 1665/248/216 1664/247/215 3393/3550/3045
f 1646/211/183 1647/212/184 3392/3549/3044 3393/3550/3045
f 1664/247/215 1648/213/185 1646/211/183 3393/3550/3045
f 1645/210/182 3417/3574/3069 3418/3575/3070 1647/212/184
f 3390/3547/3042 1647/212/184 3418/3575/3070 3419/3576/3071
f 1645/210/182 1644/209/181 3420/3577/3072 3417/3574/3069
f 3421/3578/3073 3417/3574/3069 3420/3577/3072 3422/3579/3074
f 3419/3576/3071 3418/3575/3070 3417/3574/3069 3421/3578/3073
f 3419/3576/3071 3421/3578/3073 3391/3548/3043 3390/3547/3042
f 3391/3548/3043 3421/3578/3073 3422/3579/3074 3423/3580/3075
f 3422/3579/3074 3420/3577/3072 3424/3581/3076 3425/3582/3077
f 3422/3579/3074 3425/3582/3077 3426/3583/3078 3423/3580/3075
f 1644/209/181 1630/173/151 3424/3581/3076 3420/3577/3072
f 3427/3584/3079 3425/3582/3077 3424/3581/3076 1630/173/151
f 3425/3582/3077 3427/3584/3079 3428/3585/3080 3426/3583/3078
f 3429/3586/3081 3426/3583/3078 3428/3585/3080 3356/3513/3008
f 3423/3580/3075 3426/3583/3078 3429/3586/3081 3430/3587/3082
f 3389/3546/3041 3391/3548/3043 3423/3580/3075 3430/3587/3082
f 3357/3514/3009 3430/3587/3082 3429/3586/3081 3356/3513/3008
f 3358/3515/3010 3389/3546/3041 3430/3587/3082 3357/3514/3009
f 3428/3585/3080 1627/170/148 3328/3484/2979 3356/3513/3008
f 1627/170/148 3428/3585/3080 3427/3584/3079 1628/171/149
f 3427/3584/3079 1630/173/151 1629/172/150 1628/171/149
f 3327/3483/2978 3328/3484/2979 1627/170/148 1626/167/147
f 3327/3483/2978 1626/167/147 116/121/117 1617/120/116
f 1682/283/245 1666/249/217 3416/3573/3068 1685/286/248
f 3431/3588/3083 3432/3589/3084 1685/286/248 3416/3573/3068
f 1702/318/276 1684/285/247 1685/286/248 3432/3589/3084
f 3431/3588/3083 3416/3573/3068 3415/3572/3067 3433/3590/3085
f 3431/3588/3083 3434/3591/3086 3435/3592/3087 3432/3589/3084
f 3436/3593/3088 3434/3591/3086 3431/3588/3083 3433/3590/3085
f 3437/3594/3089 3432/3589/3084 3435/3592/3087 3438/3595/3090
f 3437/3594/3089 1704/320/278 1702/318/276 3432/3589/3084
f 3439/3596/3091 3438/3595/3090 3435/3592/3087 3434/3591/3086
f 3439/3596/3091 3434/3591/3086 3436/3593/3088 3440/3597/3092
f 3441/3598/3093 3440/3597/3092 3436/3593/3088 3433/3590/3085
f 3442/3599/3094 3433/3590/3085 3415/3572/3067 3413/3570/3065
f 3441/3598/3093 3433/3590/3085 3442/3599/3094 3443/3600/3095
f 3444/3601/3096 3445/3602/3097 3440/3597/3092 3441/3598/3093
f 3446/3603/3098 3444/3601/3096 3441/3598/3093 3443/3600/3095
f 3447/3604/3099 3439/3596/3091 3440/3597/3092 3445/3602/3097
f 3448/3605/3100 3438/3595/3090 3439/3596/3091 3447/3604/3099
f 3437/3594/3089 3438/3595/3090 3448/3605/3100 3449/3606/3101
f 3450/3607/3102 1704/320/278 3437/3594/3089 3449/3606/3101
f 1703/319/277 1704/320/278 3450/3607/3102 1722/353/307
f 1724/355/309 1722/353/307 3450/3607/3102 3449/3606/3101
f 3445/3602/3097 3449/3606/3101 3448/3605/3100 3447/3604/3099
f 3451/3608/3103 1724/355/309 3449/3606/3101 3445/3602/3097
f 3452/3609/3104 3451/3608/3103 3445/3602/3097 3444/3601/3096
f 3452/3609/3104 3444/3601/3096 3446/3603/3098 3453/3610/3105
f 3454/3611/3106 3446/3603/3098 3443/3600/3095 3455/3612/3107
f 3456/3613/3108 3453/3610/3105 3446/3603/3098 3454/3611/3106
f 3455/3612/3107 3443/3600/3095 3442/3599/3094 3457/3614/3109
f 3442/3599/3094 3413/3570/3065 3414/3571/3066 3457/3614/3109
f 3458/3615/3110 3457/3614/3109 3414/3571/3066 3412/3569/3064
f 3459/3616/3111 3455/3612/3107 3457/3614/3109 3458/3615/3110
f 3460/3617/3112 3454/3611/3106 3455/3612/3107 3459/3616/3111
f 3461/3618/3113 3456/3613/3108 3454/3611/3106 3460/3617/3112
f 3462/3619/3114 3453/3610/3105 3456/3613/3108 3463/3620/3115
f 3464/3621/3116 3463/3620/3115 3456/3613/3108 3461/3618/3113
f 3465/3622/3117 3451/3608/3103 3452/3609/3104 3453/3610/3105
f 3462/3619/3114 3466/3623/3118 3465/3622/3117 3453/3610/3105
f 3465/3622/3117 1723/354/308 1724/355/309 3451/3608/3103
f 3466/3623/3118 1727/358/312 1723/354/308 3465/3622/3117
f 3467/3624/3119 1743/389/338 1727/358/312 3466/3623/3118
f 3468/3625/3120 3467/3624/3119 3466/3623/3118 3462/3619/3114
f 3469/3626/3121 3468/3625/3120 3462/3619/3114 3463/3620/3115
f 3470/3627/3122 3469/3626/3121 3463/3620/3115 3464/3621/3116
f 3471/3628/3123 3464/3621/3116 3461/3618/3113 3472/3629/3124
f 3473/3630/3125 3470/3627/3122 3464/3621/3116 3471/3628/3123
f 3472/3629/3124 3461/3618/3113 3460/3617/3112 3474/3631/3126
f 3474/3631/3126 3460/3617/3112 3459/3616/3111 3475/3632/3127
f 3475/3632/3127 3459/3616/3111 3458/3615/3110 3476/3633/3128
f 3476/3633/3128 3458/3615/3110 3412/3569/3064 3411/3568/3063
f 3477/3634/3129 3476/3633/3128 3411/3568/3063 3410/3567/3062
f 3478/3635/3130 3475/3632/3127 3476/3633/3128 3477/3634/3129
f 3479/3636/3131 3474/3631/3126 3475/3632/3127 3478/3635/3130
f 3480/3637/3132 3472/3629/3124 3474/3631/3126 3479/3636/3131
f 3481/3638/3133 3471/3628/3123 3472/3629/3124 3480/3637/3132
f 3482/3639/3134 3473/3630/3125 3471/3628/3123 3481/3638/3133
f 3483/3640/3135 3484/3641/3136 3473/3630/3125 3482/3639/3134
f 3484/3641/3136 3485/3642/3137 3470/3627/3122 3473/3630/3125
f 3485/3642/3137 3486/3643/3138 3469/3626/3121 3470/3627/3122
f 3486/3643/3138 3487/3644/3139 3468/3625/3120 3469/3626/3121
f 3487/3644/3139 3488/3645/3140 3467/3624/3119 3468/3625/3120
f 3488/3645/3140 1744/390/339 1743/389/338 3467/3624/3119
f 3489/3646/3141 1745/391/340 1744/390/339 3488/3645/3140
f 3490/3647/3142 3489/3646/3141 3488/3645/3140 3487/3644/3139
f 3491/3648/3143 3490/3647/3142 3487/3644/3139 3486/3643/3138
f 3492/3649/3144 3491/3648/3143 3486/3643/3138 3485/3642/3137
f 3493/3650/3145 3492/3649/3144 3485/3642/3137 3484/3641/3136
f 3493/3650/3145 3484/3641/3136 3483/3640/3135 3494/3651/3146
f 3495/3652/3147 3483/3640/3135 3482/3639/3134 3496/3653/3148
f 3497/3654/3149 3494/3651/3146 3483/3640/3135 3495/3652/3147
f 3496/3653/3148 3482/3639/3134 3481/3638/3133 3498/3655/3150
f 3498/3655/3150 3481/3638/3133 3480/3637/3132 3499/3656/3151
f 3499/3656/3151 3480/3637/3132 3479/3636/3131 3500/3657/3152
f 3500/3657/3152 3479/3636/3131 3478/3635/3130 3501/3658/3153
f 3501/3658/3153 3478/3635/3130 3477/3634/3129 3408/3565/3060
f 3408/3565/3060 3477/3634/3129 3410/3567/3062 3406/3563/3058
f 3502/3659/3154 3501/3658/3153 3408/3565/3060 3407/3564/3059
f 3503/3660/3155 3500/3657/3152 3501/3658/3153 3502/3659/3154
f 3504/3661/3156 3499/3656/3151 3500/3657/3152 3503/3660/3155
f 3505/3662/3157 3498/3655/3150 3499/3656/3151 3504/3661/3156
f 3506/3663/3158 3496/3653/3148 3498/3655/3150 3505/3662/3157
f 3507/3664/3159 3495/3652/3147 3496/3653/3148 3506/3663/3158
f 3508/3665/3160 3497/3654/3149 3495/3652/3147 3507/3664/3159
f 3509/3666/3161 3494/3651/3146 3497/3654/3149 3510/3667/3162
f 3511/3668/3163 3510/3667/3162 3497/3654/3149 3508/3665/3160
f 3512/3669/3164 3513/3670/3165 3493/3671/3145 3494/3672/3146
f 3512/3669/3164 3494/3672/3146 3509/3673/3161 3514/3674/3166
f 3513/3670/3165 3515/3675/3167 3492/3676/3144 3493/3671/3145
f 3515/3675/3167 3516/3677/3168 3491/3678/3143 3492/3676/3144
f 3517/3679/3169 3490/3680/3142 3491/3678/3143 3516/3677/3168
f 3518/3681/3170 3517/3679/3169 3516/3677/3168 3519/3682/3171
f 3519/3682/3171 3516/3677/3168 3515/3675/3167 3520/3683/3172
f 3521/3684/3173 3520/3683/3172 3515/3675/3167 3513/3670/3165
f 3522/3685/3174 3521/3684/3173 3513/3670/3165 3512/3669/3164
f 3522/3685/3174 3512/3669/3164 3514/3674/3166 3523/3686/3175
f 3524/3687/3176 3514/3674/3166 3509/3673/3161 3510/3688/3162
f 3525/3689/3177 3523/3686/3175 3514/3674/3166 3524/3687/3176
f 3524/3687/3176 3510/3688/3162 3511/3690/3163 3526/3691/3178
f 3527/3692/3179 3511/3690/3163 3508/3693/3160 3528/3694/3180
f 3529/3695/3181 3526/3691/3178 3511/3690/3163 3527/3692/3179
f 3528/3694/3180 3508/3693/3160 3507/3696/3159 3530/3697/3182
f 3530/3698/3182 3507/3664/3159 3506/3663/3158 3531/3699/3183
f 3531/3699/3183 3506/3663/3158 3505/3662/3157 3532/3700/3184
f 3532/3700/3184 3505/3662/3157 3504/3661/3156 3533/3701/3185
f 3533/3701/3185 3504/3661/3156 3503/3660/3155 3534/3702/3186
f 3535/3703/3187 3533/3701/3185 3534/3702/3186 3536/3704/3188
f 3537/3705/3189 3532/3700/3184 3533/3701/3185 3535/3703/3187
f 3531/3699/3183 3532/3700/3184 3537/3705/3189 3538/3706/3190
f 3539/3707/3191 3530/3698/3182 3531/3699/3183 3538/3706/3190
f 3540/3708/3192 3528/3694/3180 3530/3697/3182 3539/3709/3191
f 3527/3692/3179 3528/3694/3180 3540/3708/3192 3541/3710/3193
f 3542/3711/3194 3529/3695/3181 3527/3692/3179 3541/3710/3193
f 3543/3712/3195 3526/3691/3178 3529/3695/3181 3544/3713/3196
f 3544/3713/3196 3529/3695/3181 3542/3711/3194 3545/3714/3197
f 3546/3715/3198 3525/3689/3177 3524/3687/3176 3526/3691/3178
f 3546/3715/3198 3526/3691/3178 3543/3712/3195 3547/3716/3199
f 3548/3717/3200 3549/3718/3201 3523/3686/3175 3525/3689/3177
f 3550/3719/3202 3548/3717/3200 3525/3689/3177 3546/3715/3198
f 3549/3718/3201 3551/3720/3203 3522/3685/3174 3523/3686/3175
f 3551/3720/3203 3552/3721/3204 3521/3684/3173 3522/3685/3174
f 3553/3722/3205 3554/3723/3206 3552/3721/3204 3551/3720/3203
f 3555/3724/3207 3553/3722/3205 3551/3720/3203 3549/3718/3201
f 3556/3725/3208 3555/3724/3207 3549/3718/3201 3548/3717/3200
f 3557/3726/3209 3556/3725/3208 3548/3717/3200 3550/3719/3202
f 3558/3727/3210 3550/3719/3202 3546/3715/3198 3547/3716/3199
f 3559/3728/3211 3557/3726/3209 3550/3719/3202 3558/3727/3210
f 3560/3729/3212 3547/3716/3199 3543/3712/3195 3544/3713/3196
f 3561/3730/3213 3558/3727/3210 3547/3716/3199 3560/3729/3212
f 3560/3729/3212 3544/3713/3196 3545/3714/3197 3562/3731/3214
f 3545/3714/3197 3542/3711/3194 3563/3732/3215 3564/3733/3216
f 3565/3734/3217 3562/3731/3214 3545/3714/3197 3564/3733/3216
f 3542/3711/3194 3541/3710/3193 3566/3735/3218 3563/3732/3215
f 3566/3735/3218 3541/3710/3193 3540/3708/3192 3567/3736/3219
f 3540/3708/3192 3539/3709/3191 3568/3737/3220 3567/3736/3219
f 3539/3709/3191 3538/3738/3190 3569/3739/3221 3568/3737/3220
f 3568/3737/3220 3569/3739/3221 3570/3740/3222 3571/3741/3223
f 3572/3742/3224 3567/3736/3219 3568/3737/3220 3571/3741/3223
f 3573/3743/3225 3566/3735/3218 3567/3736/3219 3572/3742/3224
f 3574/3744/3226 3563/3732/3215 3566/3735/3218 3573/3743/3225
f 3575/3745/3227 3564/3733/3216 3563/3732/3215 3574/3744/3226
f 3576/3746/3228 3564/3733/3216 3575/3745/3227 3577/3747/3229
f 3565/3734/3217 3564/3733/3216 3576/3746/3228 3578/3748/3230
f 3579/3749/3231 3562/3731/3214 3565/3734/3217 3578/3748/3230
f 3561/3730/3213 3560/3729/3212 3562/3731/3214 3579/3749/3231
f 3580/3750/3232 3559/3728/3211 3558/3727/3210 3561/3730/3213
f 3581/3751/3233 3580/3750/3232 3561/3730/3213 3579/3749/3231
f 3582/3752/3234 3583/3753/3235 3557/3726/3209 3559/3728/3211
f 3584/3754/3236 3582/3752/3234 3559/3728/3211 3580/3750/3232
f 3583/3753/3235 3585/3755/3237 3556/3725/3208 3557/3726/3209
f 3585/3755/3237 3586/3756/3238 3555/3724/3207 3556/3725/3208
f 3587/3757/3239 3586/3756/3238 3585/3755/3237 3588/3758/3240
f 3589/3759/3241 3588/3758/3240 3585/3755/3237 3583/3753/3235
f 3590/3760/3242 3589/3759/3241 3583/3753/3235 3582/3752/3234
f 3590/3760/3242 3582/3752/3234 3584/3754/3236 3591/3761/3243
f 3592/3762/3244 3584/3754/3236 3580/3750/3232 3581/3751/3233
f 3591/3761/3243 3584/3754/3236 3592/3762/3244 3593/3763/3245
f 3581/3751/3233 3579/3749/3231 3578/3748/3230 3594/3764/3246
f 3595/3765/3247 3592/3762/3244 3581/3751/3233 3594/3764/3246
f 3594/3764/3246 3578/3748/3230 3576/3746/3228 3596/3766/3248
f 3596/3766/3248 3576/3746/3228 3577/3747/3229 3597/3767/3249
f 3598/3768/3250 3577/3747/3229 3575/3745/3227 3599/3769/3251
f 3597/3767/3249 3577/3747/3229 3598/3768/3250 3600/3770/3252
f 3599/3769/3251 3575/3745/3227 3574/3744/3226 3601/3771/3253
f 3574/3744/3226 3573/3743/3225 3602/3772/3254 3601/3771/3253
f 3602/3772/3254 3573/3743/3225 3572/3742/3224 3603/3773/3255
f 3604/3774/3256 3602/3772/3254 3603/3773/3255 1266/3775/3257
f 3601/3771/3253 3602/3772/3254 3604/3774/3256 2903/2527/2147
f 2902/2526/2146 3599/3769/3251 3601/3771/3253 2903/2527/2147
f 2904/2528/2148 3598/3768/3250 3599/3769/3251 2902/2526/2146
f 3600/3770/3252 3598/3768/3250 2904/2528/2148 3605/3776/3258
f 3606/3777/3259 3597/3767/3249 3600/3770/3252 3607/3778/3260
f 3607/3778/3260 3600/3770/3252 3605/3776/3258 3608/3779/3261
f 3609/3780/3262 3596/3766/3248 3597/3767/3249 3606/3777/3259
f 3595/3765/3247 3594/3764/3246 3596/3766/3248 3609/3780/3262
f 3593/3763/3245 3592/3762/3244 3595/3765/3247 3610/3781/3263
f 3610/3781/3263 3595/3765/3247 3609/3780/3262 3611/3782/3264
f 3612/3783/3265 3591/3761/3243 3593/3763/3245 3613/3784/3266
f 3613/3784/3266 3593/3763/3245 3610/3781/3263 3614/3785/3267
f 3615/3786/3268 3590/3760/3242 3591/3761/3243 3612/3783/3265
f 3616/3787/3269 3589/3759/3241 3590/3760/3242 3615/3786/3268
f 3617/3788/3270 3618/3789/3271 3616/3787/3269 3615/3786/3268
f 3617/3788/3270 3615/3786/3268 3612/3783/3265 3619/3790/3272
f 3619/3790/3272 3612/3783/3265 3613/3784/3266 3620/3791/3273
f 3620/3791/3273 3613/3784/3266 3614/3785/3267 3621/3792/3274
f 3622/3793/3275 3614/3785/3267 3610/3781/3263 3611/3782/3264
f 3621/3792/3274 3614/3785/3267 3622/3793/3275 3623/3794/3276
f 3609/3780/3262 3606/3777/3259 3624/3795/3277 3611/3782/3264
f 3625/3796/3278 3611/3782/3264 3624/3795/3277 3626/3797/3279
f 3622/3793/3275 3611/3782/3264 3625/3796/3278 3627/3798/3280
f 3624/3795/3277 3606/3777/3259 3607/3778/3260 3626/3797/3279
f 3628/3799/3281 3626/3797/3279 3607/3778/3260 3608/3779/3261
f 3608/3779/3261 3605/3776/3258 2883/2489/2115 2885/2491/2117
f 3628/3799/3281 3608/3779/3261 2885/2491/2117 3629/3800/3282
f 3605/3776/3258 2904/2528/2148 2884/2490/2116 2883/2489/2115
f 2851/2412/2057 3629/3800/3282 2885/2491/2117 2865/2449/2086
f 3625/3796/3278 3626/3797/3279 3628/3799/3281 3629/3800/3282
f 3630/3801/3283 3627/3798/3280 3625/3796/3278 3629/3800/3282
f 2850/2411/2056 3630/3801/3283 3629/3800/3282 2851/2412/2057
f 3631/3802/3284 3623/3794/3276 3622/3793/3275 3627/3798/3280
f 3632/3803/3285 3631/3802/3284 3627/3798/3280 3630/3801/3283
f 3633/3804/3286 3621/3792/3274 3623/3794/3276 2836/2375/2027
f 2836/2375/2027 3623/3794/3276 3631/3802/3284 2837/2376/2028
f 3634/3805/3287 3620/3791/3273 3621/3792/3274 3633/3804/3286
f 3635/3806/3288 3619/3790/3272 3620/3791/3273 3634/3805/3287
f 3635/3806/3288 3636/3807/3289 3617/3788/3270 3619/3790/3272
f 3636/3807/3289 3637/3808/3290 3618/3789/3271 3617/3788/3270
f 3638/3809/3291 3589/3759/3241 3616/3787/3269 3618/3789/3271
f 3639/3810/3292 3638/3809/3291 3618/3789/3271 3637/3808/3290
f 3640/3811/3293 3639/3810/3292 3637/3808/3290 3641/3812/3294
f 3641/3812/3294 3637/3808/3290 3636/3807/3289 3642/3813/3295
f 3642/3813/3295 3636/3807/3289 3635/3806/3288 3643/3814/3296
f 3644/3815/3297 3643/3814/3296 3635/3806/3288 3634/3805/3287
f 3645/3816/3298 3644/3815/3297 3634/3805/3287 3633/3804/3286
f 3645/3816/3298 3633/3804/3286 2836/2375/2027 2835/2374/2026
f 2824/2338/1996 3646/3817/3299 3644/3815/3297 3645/3816/3298
f 2824/2338/1996 3645/3816/3298 2835/2374/2026 2825/2339/1997
f 3647/3818/3300 3643/3814/3296 3644/3815/3297 3646/3817/3299
f 3648/3819/3301 3642/3813/3295 3643/3814/3296 3647/3818/3300
f 3648/3819/3301 3649/3820/3302 3641/3812/3294 3642/3813/3295
f 3650/3821/3303 3640/3811/3293 3641/3812/3294 3649/3820/3302
f 3651/3822/3304 3652/3823/3305 3639/3810/3292 3640/3811/3293
f 3653/3824/3306 3651/3822/3304 3640/3811/3293 3650/3821/3303
f 3639/3810/3292 3652/3823/3305 3654/3825/3307 3638/3809/3291
f 3638/3809/3291 3654/3825/3307 3588/3758/3240 3589/3759/3241
f 3654/3825/3307 3655/3826/3308 3656/3827/3309 3588/3758/3240
f 3652/3823/3305 3657/3828/3310 3655/3826/3308 3654/3825/3307
f 3651/3822/3304 3658/3829/3311 3657/3828/3310 3652/3823/3305
f 3653/3824/3306 3659/3830/3312 3658/3829/3311 3651/3822/3304
f 3660/3831/3313 3661/3832/3314 3659/3830/3312 3653/3824/3306
f 3662/3833/3315 3660/3831/3313 3653/3824/3306 3650/3821/3303
f 3662/3833/3315 3650/3821/3303 3649/3820/3302 3663/3834/3316
f 3664/3835/3317 3649/3820/3302 3648/3819/3301 3647/3818/3300
f 3663/3834/3316 3649/3820/3302 3664/3835/3317 3665/3836/3318
f 3666/3837/3319 3664/3835/3317 3647/3818/3300 3646/3817/3299
f 3667/3838/3320 3668/3839/3321 3666/3837/3319 3646/3817/3299
f 3667/3838/3320 3646/3817/3299 2824/2338/1996 2823/2337/1995
f 3665/3836/3318 3664/3835/3317 3666/3837/3319 3668/3839/3321
f 3669/3840/3322 3663/3834/3316 3665/3836/3318 3670/3841/3323
f 3670/3841/3323 3665/3836/3318 3668/3839/3321 3671/3842/3324
f 3672/3843/3325 3673/3844/3326 3662/3833/3315 3663/3834/3316
f 3669/3840/3322 3674/3845/3327 3672/3843/3325 3663/3834/3316
f 3662/3833/3315 3673/3844/3326 3675/3846/3328 3660/3831/3313
f 3660/3831/3313 3675/3846/3328 3676/3847/3329 3661/3832/3314
f 3677/3848/3330 3678/3849/3331 3659/3830/3312 3661/3832/3314
f 3661/3832/3314 3676/3847/3329 3679/3850/3332 3680/3851/3333
f 3680/3851/3333 3681/3852/3334 3677/3848/3330 3661/3832/3314
f 3659/3830/3312 3678/3849/3331 3682/3853/3335 3658/3829/3311
f 3658/3829/3311 3682/3853/3335 3683/3854/3336 3657/3828/3310
f 3683/3854/3336 3684/3855/3337 3655/3826/3308 3657/3828/3310
f 3685/3856/3338 3686/3857/3339 3684/3855/3337 3683/3854/3336
f 3682/3853/3335 3687/3858/3340 3685/3856/3338 3683/3854/3336
f 3678/3849/3331 3688/3859/3341 3687/3858/3340 3682/3853/3335
f 3677/3848/3330 3689/3860/3342 3688/3859/3341 3678/3849/3331
f 3681/3852/3334 3690/3861/3343 3689/3860/3342 3677/3848/3330
f 3691/3862/3344 3692/3863/3345 3690/3861/3343 3681/3852/3334
f 3693/3864/3346 3691/3862/3344 3681/3852/3334 3680/3851/3333
f 3694/3865/3347 3680/3851/3333 3679/3850/3332 3695/3866/3348
f 3693/3864/3346 3680/3851/3333 3694/3865/3347 3696/3867/3349
f 3695/3866/3348 3679/3850/3332 3676/3847/3329 3675/3846/3328
f 3695/3866/3348 3675/3846/3328 3673/3844/3326 3697/3868/3350
f 3697/3868/3350 3673/3844/3326 3672/3843/3325 3674/3845/3327
f 3698/3869/3351 3699/3870/3352 3697/3868/3350 3674/3845/3327
f 3698/3869/3351 3674/3845/3327 3669/3840/3322 3700/3871/3353
f 3699/3870/3352 3694/3865/3347 3695/3866/3348 3697/3868/3350
f 3696/3867/3349 3694/3865/3347 3699/3870/3352 3701/3872/3354
f 3702/3873/3355 2596/2041/1724 3693/3864/3346 3696/3867/3349
f 3703/3874/3356 3702/3873/3355 3696/3867/3349 3701/3872/3354
f 2596/2041/1724 2594/2039/1722 3691/3862/3344 3693/3864/3346
f 2566/2011/1694 3692/3863/3345 3691/3862/3344 2594/2039/1722
f 2563/2008/1691 2562/2007/1690 3690/3861/3343 3692/3863/3345
f 2564/2009/1692 2563/2008/1691 3692/3863/3345 2566/2011/1694
f 3690/3861/3343 2562/2007/1690 2561/2006/1689 3689/3860/3342
f 3689/3860/3342 2561/2006/1689 3704/3875/3357 3688/3859/3341
f 3688/3859/3341 3704/3875/3357 3705/3876/3358 3687/3858/3340
f 3687/3858/3340 3705/3876/3358 3706/3877/3359 3685/3856/3338
f 3685/3856/3338 3706/3877/3359 3707/3878/3360 3686/3857/3339
f 3706/3877/3359 3708/3879/3361 3709/3880/3362 3707/3878/3360
f 3710/3881/3363 3708/3879/3361 3706/3877/3359 3705/3876/3358
f 3710/3881/3363 3705/3876/3358 3704/3875/3357 3711/3882/3364
f 2561/2006/1689 2560/2005/1688 3711/3882/3364 3704/3875/3357
f 3711/3882/3364 2531/1976/1659 2532/1977/1660 3710/3881/3363
f 2533/1978/1661 2531/1976/1659 3711/3882/3364 2560/2005/1688
f 3710/3881/3363 2532/1977/1660 3712/3883/3365 3708/3879/3361
f 3712/3883/3365 3713/3884/3366 3709/3880/3362 3708/3879/3361
f 3707/3878/3360 3709/3880/3362 3714/3885/3367 3715/3886/3368
f 3713/3884/3366 3716/3887/3369 3714/3885/3367 3709/3880/3362
f 3707/3878/3360 3715/3886/3368 3717/3888/3370 3686/3857/3339
f 3715/3886/3368 3718/3889/3371 3719/3890/3372 3717/3888/3370
f 3714/3885/3367 3720/3891/3373 3718/3889/3371 3715/3886/3368
f 3716/3887/3369 3721/3892/3374 3720/3891/3373 3714/3885/3367
f 3722/3893/3375 3723/3894/3376 3721/3892/3374 3716/3887/3369
f 3724/3895/3377 3722/3893/3375 3716/3887/3369 3713/3884/3366
f 3712/3883/3365 3725/3896/3378 3724/3895/3377 3713/3884/3366
f 2532/1977/1660 2529/1974/1657 3725/3896/3378 3712/3883/3365
f 3726/3897/3379 1790/513/438 3724/3895/3377 3725/3896/3378
f 3726/3897/3379 3725/3896/3378 2529/1974/1657 2528/1973/1656
f 1790/513/438 1789/512/437 3722/3893/3375 3724/3895/3377
f 1789/512/437 1788/511/436 3723/3894/3376 3722/3893/3375
f 1788/511/436 1778/473/404 1779/474/405 3723/3894/3376
f 3723/3894/3376 1779/474/405 3727/3898/3380 3721/3892/3374
f 3721/3892/3374 3727/3898/3380 3728/3899/3381 3720/3891/3373
f 3720/3891/3373 3728/3899/3381 3729/3900/3382 3718/3889/3371
f 3718/3889/3371 3729/3900/3382 3730/3901/3383 3719/3890/3372
f 3719/3890/3372 3730/3901/3383 3731/3902/3384 3732/3903/3385
f 3717/3888/3370 3719/3890/3372 3732/3903/3385 3733/3904/3386
f 3717/3888/3370 3733/3904/3386 3734/3905/3387 3686/3857/3339
f 3684/3855/3337 3686/3857/3339 3734/3905/3387 3735/3906/3388
f 3734/3905/3387 3733/3904/3386 3736/3907/3389 3735/3906/3388
f 3736/3907/3389 3733/3904/3386 3732/3903/3385 3737/3908/3390
f 3732/3903/3385 3731/3902/3384 3738/3909/3391 3737/3908/3390
f 3731/3902/3384 3739/3910/3392 3740/3911/3393 3738/3909/3391
f 3730/3901/3383 3741/3912/3394 3739/3910/3392 3731/3902/3384
f 3742/3913/3395 3741/3912/3394 3730/3901/3383 3729/3900/3382
f 3728/3899/3381 3743/3914/3396 3742/3913/3395 3729/3900/3382
f 3727/3898/3380 3744/3915/3397 3743/3914/3396 3728/3899/3381
f 1777/472/403 3744/3915/3397 3727/3898/3380 1779/474/405
f 3744/3915/3397 1764/435/373 1765/436/374 3743/3914/3396
f 1767/438/376 1764/435/373 3744/3915/3397 1777/472/403
f 3742/3913/3395 3743/3914/3396 1765/436/374 3741/3912/3394
f 1765/436/374 1763/434/372 3745/3916/3398 3741/3912/3394
f 3741/3912/3394 3745/3916/3398 3746/3917/3399 3739/3910/3392
f 3746/3917/3399 3519/3682/3171 3740/3911/3393 3739/3910/3392
f 3740/3911/3393 3519/3682/3171 3520/3683/3172 3747/3918/3400
f 3738/3909/3391 3740/3911/3393 3747/3918/3400 3748/3919/3401
f 3738/3909/3391 3748/3919/3401 3749/3920/3402 3737/3908/3390
f 3750/3921/3403 3737/3908/3390 3749/3920/3402 3751/3922/3404
f 3752/3923/3405 3736/3907/3389 3737/3908/3390 3750/3921/3403
f 3656/3827/3309 3735/3906/3388 3736/3907/3389 3752/3923/3405
f 3655/3826/3308 3684/3855/3337 3735/3906/3388 3656/3827/3309
f 3656/3827/3309 3752/3923/3405 3587/3757/3239 3588/3758/3240
f 3587/3757/3239 3752/3923/3405 3750/3921/3403 3586/3756/3238
f 3751/3922/3404 3554/3723/3206 3553/3722/3205 3750/3921/3403
f 3586/3756/3238 3750/3921/3403 3553/3722/3205 3555/3724/3207
f 3749/3920/3402 3748/3919/3401 3554/3723/3206 3751/3922/3404
f 3554/3723/3206 3748/3919/3401 3747/3918/3400 3552/3721/3204
f 3747/3918/3400 3520/3683/3172 3521/3684/3173 3552/3721/3204
f 3746/3917/3399 3745/3916/3398 3518/3681/3170 3519/3682/3171
f 3745/3916/3398 1763/434/372 1762/433/371 3518/3681/3170
f 1762/433/371 1761/3924/370 3517/3679/3169 3518/3681/3170
f 1761/431/370 1746/392/341 1745/391/340 3489/3646/3141
f 1761/431/370 3489/3646/3141 3490/3647/3142 3517/3925/3169
f 3726/3897/3379 3753/3926/3406 1791/514/439 1790/513/438
f 2528/1973/1656 2530/1975/1658 3753/3926/3406 3726/3897/3379
f 1808/556/469 1792/515/440 1791/514/439 3753/3926/3406
f 1809/557/470 1808/556/469 3753/3926/3406 2530/1975/1658
f 2500/1943/1628 1809/557/470 2530/1975/1658 2501/1944/1629
f 2500/1943/1628 1827/600/501 1810/558/471 1809/557/470
f 2652/2097/1780 2595/2040/1723 2596/2041/1724 3702/3873/3355
f 2653/2098/1781 2652/2097/1780 3702/3873/3355 3703/3874/3356
f 2655/2100/1783 2653/2098/1781 3703/3874/3356 3754/3927/3407
f 3754/3927/3407 3703/3874/3356 3701/3872/3354 3700/3871/3353
f 3755/3928/3408 3754/3927/3407 3700/3871/3353 3756/3929/3409
f 2655/2100/1783 3754/3927/3407 3755/3928/3408 3757/3930/3410
f 3758/3931/3411 2654/2099/1782 2655/2100/1783 3757/3930/3410
f 3755/3928/3408 3756/3929/3409 3759/3932/3412 3757/3930/3410
f 2807/2301/1965 3757/3930/3410 3759/3932/3412 3760/3933/3413
f 3758/3931/3411 3757/3930/3410 2807/2301/1965 2804/2298/1962
f 3756/3929/3409 3700/3871/3353 3669/3840/3322 3670/3841/3323
f 3759/3932/3412 3756/3929/3409 3670/3841/3323 3671/3842/3324
f 3701/3872/3354 3699/3870/3352 3698/3869/3351 3700/3871/3353
f 3761/3934/3414 3671/3842/3324 3668/3839/3321 3667/3838/3320
f 3760/3933/3413 3759/3932/3412 3671/3842/3324 3761/3934/3414
f 2806/2300/1964 3760/3933/3413 3761/3934/3414 2808/2302/1966
f 2805/2299/1963 2807/2301/1965 3760/3933/3413 2806/2300/1964
f 2808/2302/1966 3761/3934/3414 3667/3838/3320 2823/2337/1995
f 3762/3935/3415 2657/2102/1785 2654/2099/1782 3758/3931/3411
f 2803/2297/1961 3762/3935/3415 3758/3931/3411 2804/2298/1962
f 2686/2131/1814 2660/2105/1788 2657/2102/1785 3762/3935/3415
f 2687/2132/1815 2686/2131/1814 3762/3935/3415 2803/2297/1961
f 2660/2105/1788 2658/2103/1786 2656/2101/1784 2657/2102/1785
f 2837/2376/2028 3631/3802/3284 3632/3803/3285 2838/2377/2029
f 3632/3803/3285 3630/3801/3283 2850/2411/2056 2838/2377/2029
f 3604/3774/3256 1266/3775/3257 859/2529/2149 2903/2527/2147
f 3763/3936/3416 1267/3937/3417 1268/3938/3418 1266/3775/3257
f 3603/3773/3255 3764/3939/3419 3763/3936/3416 1266/3775/3257
f 859/2567/2149 1266/3940/3257 1268/3941/3418 882/2568/2181
f 3765/3942/3420 3766/3943/3421 1267/3937/3417 3763/3936/3416
f 3764/3939/3419 3767/3944/3422 3765/3942/3420 3763/3936/3416
f 3766/3943/3421 3768/3945/3423 1269/3946/3424 1267/3937/3417
f 1267/3947/3417 1269/3948/3424 1270/3949/3425 1268/3941/3418
f 1268/3941/3418 1270/3949/3425 883/2569/2182 882/2568/2181
f 1269/3950/3424 3769/3951/3426 3770/3952/3427 1270/3953/3425
f 1270/3953/3425 3770/3952/3427 3771/3954/3428 883/3955/2182
f 1269/3950/3424 3768/3956/3423 3772/3957/3429 3769/3951/3426
f 3768/3956/3423 3773/3958/3430 3774/3959/3431 3772/3957/3429
f 3766/3943/3421 3775/3960/3432 3773/3961/3430 3768/3945/3423
f 3765/3942/3420 3767/3944/3422 3775/3960/3432 3766/3943/3421
f 3767/3944/3422 3776/3962/3433 3777/3963/3434 3775/3960/3432
f 3764/3939/3419 3571/3741/3223 3776/3962/3433 3767/3944/3422
f 3572/3742/3224 3571/3741/3223 3764/3939/3419 3603/3773/3255
f 3570/3740/3222 3777/3963/3434 3776/3962/3433 3571/3741/3223
f 3777/3963/3434 3778/3964/3435 3773/3961/3430 3775/3960/3432
f 3779/3965/3436 3778/3964/3435 3777/3963/3434 3570/3740/3222
f 3773/3961/3430 3778/3964/3435 3780/3966/3437 3774/3967/3431
f 3774/3959/3431 3780/3968/3437 3781/3969/3438 3782/3970/3439
f 3772/3957/3429 3774/3959/3431 3782/3970/3439 3783/3971/3440
f 3772/3957/3429 3783/3971/3440 3784/3972/3441 3769/3951/3426
f 3770/3952/3427 3769/3951/3426 3784/3972/3441 3785/3973/3442
f 3770/3952/3427 3785/3973/3442 3786/3974/3443 3771/3954/3428
f 3771/3954/3428 3786/3974/3443 1272/3975/3444 1271/3976/3445
f 883/3955/2182 3771/3954/3428 1271/3976/3445 884/3977/2183
f 3786/3974/3443 3785/3973/3442 3787/3978/3446 3788/3979/3447
f 3786/3974/3443 3788/3979/3447 1273/3980/3448 1272/3975/3444
f 3785/3973/3442 3784/3972/3441 3789/3981/3449 3787/3978/3446
f 3784/3972/3441 3783/3971/3440 3790/3982/3450 3789/3981/3449
f 3791/3983/3451 3792/3984/3452 3790/3982/3450 3783/3971/3440
f 3782/3970/3439 3793/3985/3453 3791/3983/3451 3783/3971/3440
f 3781/3969/3438 3794/3986/3454 3793/3985/3453 3782/3970/3439
f 3781/3969/3438 3795/3987/3455 3796/3988/3456 3794/3986/3454
f 3780/3968/3437 3797/3989/3457 3795/3987/3455 3781/3969/3438
f 3798/3990/3458 3797/3989/3457 3780/3968/3437 3778/3991/3435
f 3779/3965/3436 3799/3992/3459 3798/3993/3458 3778/3964/3435
f 3569/3739/3221 3799/3992/3459 3779/3965/3436 3570/3740/3222
f 3799/3994/3459 3537/3705/3189 3535/3703/3187 3798/3990/3458
f 3538/3706/3190 3537/3705/3189 3799/3994/3459 3569/3995/3221
f 3798/3990/3458 3535/3703/3187 3536/3704/3188 3797/3989/3457
f 3800/3996/3460 3801/3997/3461 3795/3987/3455 3797/3989/3457
f 3536/3704/3188 3802/3998/3462 3800/3996/3460 3797/3989/3457
f 3801/3997/3461 3803/3999/3463 3796/3988/3456 3795/3987/3455
f 3796/3988/3456 3803/3999/3463 3804/4000/3464 3794/3986/3454
f 3793/3985/3453 3794/3986/3454 3804/4000/3464 3805/4001/3465
f 3791/3983/3451 3793/3985/3453 3805/4001/3465 3792/3984/3452
f 3792/3984/3452 3805/4001/3465 3806/4002/3466 3807/4003/3467
f 3790/3982/3450 3792/3984/3452 3807/4003/3467 3808/4004/3468
f 3790/3982/3450 3808/4004/3468 3809/4005/3469 3789/3981/3449
f 3787/3978/3446 3789/3981/3449 3809/4005/3469 3810/4006/3470
f 3787/3978/3446 3810/4006/3470 3811/4007/3471 3788/3979/3447
f 3788/3979/3447 3811/4007/3471 1274/4008/3472 1273/3980/3448
f 3811/4007/3471 3810/4006/3470 3812/4009/3473 1275/4010/3474
f 3811/4007/3471 1275/4010/3474 1276/4011/3475 1274/4008/3472
f 3809/4005/3469 3813/4012/3476 3812/4009/3473 3810/4006/3470
f 3809/4005/3469 3808/4004/3468 3814/4013/3477 3813/4012/3476
f 3815/4014/3478 3816/4015/3479 3814/4013/3477 3808/4004/3468
f 3807/4003/3467 3817/4016/3480 3815/4014/3478 3808/4004/3468
f 3807/4003/3467 3806/4002/3466 3818/4017/3481 3817/4016/3480
f 3373/3530/3025 3819/4018/3482 3818/4017/3481 3806/4002/3466
f 3820/4019/3483 3372/3529/3024 3373/3530/3025 3806/4002/3466
f 3805/4001/3465 3804/4000/3464 3820/4019/3483 3806/4002/3466
f 3804/4000/3464 3803/3999/3463 3821/4020/3484 3820/4019/3483
f 3822/4021/3485 3823/4022/3486 3821/4020/3484 3803/3999/3463
f 3801/3997/3461 3824/4023/3487 3822/4021/3485 3803/3999/3463
f 3800/3996/3460 3802/3998/3462 3824/4023/3487 3801/3997/3461
f 3802/3998/3462 3825/4024/3488 3409/3566/3061 3824/4023/3487
f 3536/3704/3188 3534/3702/3186 3825/4024/3488 3802/3998/3462
f 3824/4023/3487 3409/3566/3061 3405/3562/3057 3822/4021/3485
f 3822/4021/3485 3405/3562/3057 3404/3561/3056 3823/4022/3486
f 3823/4022/3486 3404/3561/3056 3375/3532/3027 3374/3531/3026
f 3823/4022/3486 3374/3531/3026 3371/3528/3023 3821/4020/3484
f 3820/4019/3483 3821/4020/3484 3371/3528/3023 3372/3529/3024
f 3502/3659/3154 3407/3564/3059 3409/3566/3061 3825/4024/3488
f 3534/3702/3186 3503/3660/3155 3502/3659/3154 3825/4024/3488
f 3370/3527/3022 3343/3500/2995 3819/4018/3482 3373/3530/3025
f 3819/4018/3482 3343/3500/2995 3344/3501/2996 3826/4025/3489
f 3818/4017/3481 3819/4018/3482 3826/4025/3489 3817/4016/3480
f 3815/4014/3478 3817/4016/3480 3826/4025/3489 3816/4015/3479
f 3816/4015/3479 3826/4025/3489 3344/3501/2996 3827/4026/3490
f 3814/4013/3477 3816/4015/3479 3827/4026/3490 3828/4027/3491
f 3827/4026/3490 3344/3501/2996 3341/3498/2993 3829/4028/3492
f 3828/4027/3491 3827/4026/3490 3829/4028/3492 1277/4029/3493
f 1278/4030/3494 3828/4027/3491 1277/4029/3493 1279/4031/3495
f 3813/4012/3476 3814/4013/3477 3828/4027/3491 1278/4030/3494
f 3829/4028/3492 3830/4032/3496 1280/4033/3497 1277/4029/3493
f 1279/4034/3495 1277/4035/3493 1280/4036/3497 1281/4037/3498
f 3341/3498/2993 3340/3497/2992 3830/4032/3496 3829/4028/3492
f 3340/3497/2992 1265/3496/2991 1282/4038/3499 3830/4032/3496
f 3830/4032/3496 1282/4038/3499 1283/4039/3500 1280/4033/3497
f 1281/4040/3498 1280/4033/3497 1283/4039/3500 1015/4041/2400
f 1281/4037/3498 1015/2811/2400 1014/2810/2399 1016/2812/2401
f 1284/4042/3501 1279/4034/3495 1281/4037/3498 1016/2812/2401
f 1285/4043/3502 1278/4044/3494 1279/4034/3495 1284/4042/3501
f 3812/4009/3473 3813/4012/3476 1278/4030/3494 1285/4045/3502
f 1286/4046/3503 1285/4045/3502 1284/4047/3501 1287/4048/3504
f 3812/4009/3473 1285/4045/3502 1286/4046/3503 1275/4010/3474
f 1287/4049/3504 1284/4042/3501 1016/2812/2401 1012/2808/2397
f 1288/4050/3505 1287/4049/3504 1012/2808/2397 987/2775/2369
f 1289/4051/3506 1286/4052/3503 1287/4049/3504 1288/4050/3505
f 1275/4053/3474 1286/4052/3503 1289/4051/3506 1276/4054/3475
f 1289/4051/3506 1288/4050/3505 1291/4055/3507 1290/4056/3508
f 1276/4054/3475 1289/4051/3506 1290/4056/3508 1292/4057/3509
f 966/2739/2336 1288/4050/3505 987/2775/2369 967/2740/2337
f 1291/4055/3507 1288/4050/3505 966/2739/2336 968/2741/2338
f 1293/4058/3510 1290/4056/3508 1291/4055/3507 968/2741/2338
f 1292/4057/3509 1290/4056/3508 1293/4058/3510 1294/4059/3511
f 1274/4008/3472 1276/4011/3475 1292/4060/3509 1295/4061/3512
f 1295/4062/3512 1292/4057/3509 1294/4059/3511 1296/4063/3513
f 951/2707/2307 1294/4059/3511 1293/4058/3510 949/2705/2305
f 1296/4063/3513 1294/4059/3511 951/2707/2307 1297/4064/3514
f 949/2705/2305 1293/4058/3510 968/2741/2338 950/2706/2306
f 1297/4064/3514 951/2707/2307 934/2673/2276 933/2672/2275
f 919/2639/2245 917/2638/2244 1296/4063/3513 1297/4064/3514
f 919/2639/2245 1297/4064/3514 933/2672/2275 918/2640/2246
f 1298/4065/3515 1295/4062/3512 1296/4063/3513 917/2638/2244
f 1273/4066/3448 1274/4067/3472 1295/4062/3512 1298/4065/3515
f 1272/3975/3444 1273/3980/3448 1298/4068/3515 903/4069/2214
f 903/2603/2214 1298/4065/3515 917/2638/2244 904/2604/2215
f 1271/4070/3445 1272/4071/3444 903/2603/2214 902/2602/2213
f 884/3977/2183 1271/3976/3445 902/4072/2213 885/4073/2184
f 1283/4074/3500 1282/4075/3499 1041/2841/2426 1015/2811/2400
f 1282/4038/3499 1265/3496/2991 1042/2838/2427 1041/2837/2426
f 1262/3464/2966 1045/3463/2430 1042/4076/2427 1265/4077/2991
f 3831/4078/3516 2770/2215/1898 2131/1093/952 2134/1096/955
f 2770/2215/1898 3831/4078/3516 3832/4079/3517 2769/2214/1897
f 2134/1096/955 2158/1130/983 3833/4080/3518 3831/4078/3516
f 3834/4081/3519 3831/4078/3516 3833/4080/3518 3835/4082/3520
f 3834/4081/3519 3836/4083/3521 3832/4079/3517 3831/4078/3516
f 3832/4079/3517 3837/4084/3522 2768/2213/1896 2769/2214/1897
f 3832/4079/3517 3836/4083/3521 3838/4085/3523 3837/4084/3522
f 2192/1172/1017 3838/4085/3523 3836/4083/3521 2190/1170/1015
f 2190/1170/1015 3836/4083/3521 3834/4081/3519 2160/1132/985
f 3834/4081/3519 3835/4082/3520 2161/1133/986 2160/1132/985
f 2157/1129/982 3835/4082/3520 3833/4080/3518 2158/1130/983
f 2159/1131/984 2161/1133/986 3835/4082/3520 2157/1129/982
f 3837/4084/3522 3838/4085/3523 3839/4086/3524 3840/4087/3525
f 3841/4088/3526 3839/4086/3524 3838/4085/3523 2192/1172/1017
f 3837/4084/3522 3840/4087/3525 2767/2212/1895 2768/2213/1896
f 2767/2212/1895 3840/4087/3525 3842/4089/3527 2765/2210/1893
f 3843/4090/3528 3842/4089/3527 3840/4087/3525 3839/4086/3524
f 3844/4091/3529 3843/4090/3528 3839/4086/3524 3841/4088/3526
f 3841/4088/3526 3845/4092/3530 3846/4093/3531 3844/4091/3529
f 2192/1172/1017 2191/1171/1016 3845/4092/3530 3841/4088/3526
f 3847/4094/3532 3848/4095/3533 3843/4090/3528 3844/4091/3529
f 3846/4093/3531 3849/4096/3534 3847/4094/3532 3844/4091/3529
f 3848/4095/3533 3850/4097/3535 3842/4089/3527 3843/4090/3528
f 3850/4097/3535 2766/2211/1894 2765/2210/1893 3842/4089/3527
f 3850/4097/3535 3851/4098/3536 3852/4099/3537 2766/2211/1894
f 3848/4095/3533 3853/4100/3538 3851/4098/3536 3850/4097/3535
f 3847/4094/3532 3849/4096/3534 3853/4100/3538 3848/4095/3533
f 3854/4101/3539 3855/4102/3540 3853/4100/3538 3849/4096/3534
f 3856/4103/3541 3857/4104/3542 3854/4101/3539 3849/4096/3534
f 3856/4103/3541 3849/4096/3534 3846/4093/3531 3858/4105/3543
f 3858/4105/3543 3846/4093/3531 3845/4092/3530 3859/4106/3544
f 3859/4106/3544 3845/4092/3530 2191/1171/1016 2193/1173/1018
f 3859/4106/3544 2220/1208/1049 2222/1210/1051 3858/4105/3543
f 2194/1174/1019 2220/1208/1049 3859/4106/3544 2193/1173/1018
f 3858/4105/3543 2222/1210/1051 3860/4107/3545 3856/4103/3541
f 3860/4107/3545 3861/4108/3546 3857/4104/3542 3856/4103/3541
f 3857/4104/3542 3862/4109/3547 3863/4110/3548 3854/4101/3539
f 3857/4104/3542 3861/4108/3546 3864/4111/3549 3862/4109/3547
f 3865/4112/3550 3866/4113/3551 3855/4102/3540 3854/4101/3539
f 3863/4110/3548 3867/4114/3552 3865/4112/3550 3854/4101/3539
f 3866/4113/3551 3868/4115/3553 3869/4116/3554 3855/4102/3540
f 3853/4100/3538 3855/4102/3540 3869/4116/3554 3851/4098/3536
f 3869/4116/3554 3868/4115/3553 3852/4099/3537 3851/4098/3536
f 3852/4099/3537 3870/4117/3555 3871/4118/3556 2766/2211/1894
f 3852/4099/3537 3868/4115/3553 3872/4119/3557 3870/4117/3555
f 2766/2211/1894 3871/4118/3556 3873/4120/3558 2764/2209/1892
f 3871/4118/3556 3874/4121/3559 3875/4122/3560 3873/4120/3558
f 3870/4117/3555 3876/4123/3561 3874/4121/3559 3871/4118/3556
f 3870/4117/3555 3872/4119/3557 3877/4124/3562 3876/4123/3561
f 3878/4125/3563 3879/4126/3564 3877/4124/3562 3872/4119/3557
f 3868/4115/3553 3880/4127/3565 3878/4125/3563 3872/4119/3557
f 3866/4113/3551 3881/4128/3566 3880/4127/3565 3868/4115/3553
f 3865/4112/3550 3867/4114/3552 3881/4128/3566 3866/4113/3551
f 3867/4114/3552 3882/4129/3567 3883/4130/3568 3881/4128/3566
f 3884/4131/3569 3882/4129/3567 3867/4114/3552 3863/4110/3548
f 3862/4109/3547 3885/4132/3570 3884/4131/3569 3863/4110/3548
f 3864/4111/3549 3886/4133/3571 3885/4132/3570 3862/4109/3547
f 2251/1245/1082 2279/1279/1111 3864/4111/3549 3861/4108/3546
f 3864/4111/3549 2279/1279/1111 2281/1281/1113 3886/4133/3571
f 2249/1243/1080 2251/1245/1082 3861/4108/3546 3860/4107/3545
f 2221/1209/1050 2249/1243/1080 3860/4107/3545 2222/1210/1051
f 3885/4132/3570 3886/4133/3571 3887/4134/3572 3888/4135/3573
f 3889/4136/3574 3887/4134/3572 3886/4133/3571 2281/1281/1113
f 3888/4135/3573 3890/4137/3575 3884/4131/3569 3885/4132/3570
f 3890/4137/3575 3891/4138/3576 3882/4129/3567 3884/4131/3569
f 3882/4129/3567 3891/4138/3576 3892/4139/3577 3883/4130/3568
f 3893/4140/3578 3894/4141/3579 3895/4142/3580 3883/4130/3568
f 3892/4139/3577 3896/4143/3581 3893/4140/3578 3883/4130/3568
f 3881/4128/3566 3883/4130/3568 3895/4142/3580 3897/4144/3582
f 3897/4144/3582 3898/4145/3583 3880/4127/3565 3881/4128/3566
f 3898/4145/3583 3879/4126/3564 3878/4125/3563 3880/4127/3565
f 3877/4124/3562 3879/4126/3564 3899/4146/3584 3900/4147/3585
f 3898/4145/3583 3894/4141/3579 3899/4146/3584 3879/4126/3564
f 3893/4140/3578 3900/4147/3585 3899/4146/3584 3894/4141/3579
f 3897/4144/3582 3895/4142/3580 3894/4141/3579 3898/4145/3583
f 3893/4140/3578 3896/4143/3581 3901/4148/3586 3900/4147/3585
f 3902/4149/3587 3903/4150/3588 3901/4148/3586 3896/4143/3581
f 3902/4149/3587 3896/4143/3581 3892/4139/3577 3891/4138/3576
f 3904/4151/3589 3905/4152/3590 3902/4149/3587 3891/4138/3576
f 3904/4151/3589 3891/4138/3576 3906/4153/3591 3907/4154/3592
f 3890/4137/3575 3908/4155/3593 3906/4153/3591 3891/4138/3576
f 3909/4156/3594 3908/4155/3593 3890/4137/3575 3888/4135/3573
f 3888/4135/3573 3887/4134/3572 3910/4157/3595 3909/4156/3594
f 3911/4158/3596 3910/4157/3595 3887/4134/3572 3889/4136/3574
f 2304/1324/1146 3911/4158/3596 3889/4136/3574 2302/1322/1144
f 2302/1322/1144 3889/4136/3574 2281/1281/1113 2280/1280/1112
f 3912/4159/3597 3913/4160/3598 3910/4157/3595 3911/4158/3596
f 2304/1324/1146 3914/4161/3599 3912/4159/3597 3911/4158/3596
f 3913/4160/3598 3915/4162/3600 3909/4156/3594 3910/4157/3595
f 3908/4155/3593 3909/4156/3594 3915/4162/3600 3916/4163/3601
f 3916/4163/3601 3917/4164/3602 3906/4153/3591 3908/4155/3593
f 3917/4164/3602 3918/4165/3603 3907/4154/3592 3906/4153/3591
f 3919/4166/3604 3907/4154/3592 3918/4165/3603 3920/4167/3605
f 3904/4151/3589 3907/4154/3592 3919/4166/3604 3905/4152/3590
f 3905/4152/3590 3921/4168/3606 3903/4150/3588 3902/4149/3587
f 3905/4152/3590 3919/4166/3604 3922/4169/3607 3921/4168/3606
f 3923/4170/3608 3900/4147/3585 3901/4148/3586 3903/4150/3588
f 3924/4171/3609 3923/4170/3608 3903/4150/3588 3921/4168/3606
f 3877/4124/3562 3900/4147/3585 3923/4170/3608 3876/4123/3561
f 3923/4170/3608 3924/4171/3609 3874/4121/3559 3876/4123/3561
f 3875/4122/3560 3874/4121/3559 3924/4171/3609 3925/4172/3610
f 3924/4171/3609 3921/4168/3606 3926/4173/3611 3925/4172/3610
f 3926/4173/3611 3921/4168/3606 3922/4169/3607 3927/4174/3612
f 3927/4174/3612 3922/4169/3607 3928/4175/3613 3929/4176/3614
f 3919/4166/3604 3920/4167/3605 3928/4175/3613 3922/4169/3607
f 3930/4177/3615 3931/4178/3616 3928/4175/3613 3920/4167/3605
f 3920/4167/3605 3918/4165/3603 3932/4179/3617 3930/4177/3615
f 3933/4180/3618 3932/4179/3617 3918/4165/3603 3917/4164/3602
f 3917/4164/3602 3916/4163/3601 3934/4181/3619 3933/4180/3618
f 3935/4182/3620 3934/4181/3619 3916/4163/3601 3915/4162/3600
f 3936/4183/3621 3935/4182/3620 3915/4162/3600 3913/4160/3598
f 3912/4159/3597 3937/4184/3622 3936/4183/3621 3913/4160/3598
f 3914/4161/3599 3938/4185/3623 3937/4184/3622 3912/4159/3597
f 3939/4186/3624 3940/4187/3625 3936/4183/3621 3937/4184/3622
f 3941/4188/3626 3942/4189/3627 3939/4186/3624 3937/4184/3622
f 3938/4185/3623 3943/4190/3628 3941/4188/3626 3937/4184/3622
f 3936/4183/3621 3940/4187/3625 3944/4191/3629 3935/4182/3620
f 3935/4182/3620 3944/4191/3629 3945/4192/3630 3934/4181/3619
f 3946/4193/3631 3947/4194/3632 3933/4180/3618 3934/4181/3619
f 3945/4192/3630 3948/4195/3633 3946/4193/3631 3934/4181/3619
f 3932/4179/3617 3933/4180/3618 3947/4194/3632 3949/4196/3634
f 3930/4177/3615 3932/4179/3617 3949/4196/3634 3950/4197/3635
f 3950/4197/3635 3951/4198/3636 3931/4178/3616 3930/4177/3615
f 3952/4199/3637 3931/4178/3616 3951/4198/3636 3953/4200/3638
f 3929/4176/3614 3928/4175/3613 3931/4178/3616 3952/4199/3637
f 3929/4176/3614 3952/4199/3637 3954/4201/3639 3955/4202/3640
f 3929/4176/3614 3955/4202/3640 2636/2081/1764 3927/4174/3612
f 3927/4174/3612 2636/2081/1764 2637/2082/1765 3926/4173/3611
f 2636/2081/1764 3955/4202/3640 2610/2055/1738 2609/2054/1737
f 3955/4202/3640 3954/4201/3639 2611/2056/1739 2610/2055/1738
f 3954/4201/3639 3956/4203/3641 3957/4204/3642 2611/2056/1739
f 3954/4201/3639 3952/4199/3637 3953/4200/3638 3956/4203/3641
f 3953/4200/3638 3958/4205/3643 3959/4206/3644 3956/4203/3641
f 3960/4207/3645 3958/4205/3643 3953/4200/3638 3951/4198/3636
f 3951/4198/3636 3950/4197/3635 3961/4208/3646 3960/4207/3645
f 3950/4197/3635 3949/4196/3634 3962/4209/3647 3961/4208/3646
f 3947/4194/3632 3963/4210/3648 3962/4209/3647 3949/4196/3634
f 3947/4194/3632 3946/4193/3631 3964/4211/3649 3963/4210/3648
f 3948/4195/3633 3965/4212/3650 3964/4211/3649 3946/4193/3631
f 3966/4213/3651 3948/4195/3633 3945/4192/3630 3944/4191/3629
f 3948/4195/3633 3966/4213/3651 3967/4214/3652 3965/4212/3650
f 3940/4187/3625 3968/4215/3653 3966/4213/3651 3944/4191/3629
f 3968/4215/3653 3969/4216/3654 3967/4214/3652 3966/4213/3651
f 3970/4217/3655 3965/4212/3650 3967/4214/3652 3969/4216/3654
f 3964/4211/3649 3965/4212/3650 3971/4218/3656 3972/4219/3657
f 3970/4217/3655 3973/4220/3658 3971/4218/3656 3965/4212/3650
f 3964/4211/3649 3972/4219/3657 3974/4221/3659 3963/4210/3648
f 3975/4222/3660 3961/4208/3646 3962/4209/3647 3963/4210/3648
f 3975/4222/3660 3963/4210/3648 3974/4221/3659 3976/4223/3661
f 3960/4207/3645 3961/4208/3646 3975/4222/3660 3977/4224/3662
f 3958/4205/3643 3960/4207/3645 3977/4224/3662 3978/4225/3663
f 3958/4205/3643 3978/4225/3663 3979/4226/3664 3959/4206/3644
f 3956/4203/3641 3959/4206/3644 3980/4227/3665 3957/4204/3642
f 3981/4228/3666 3980/4227/3665 3959/4206/3644 3979/4226/3664
f 2611/2056/1739 3957/4204/3642 2549/1994/1677 2578/2023/1706
f 2546/1991/1674 2549/1994/1677 3957/4204/3642 3980/4227/3665
f 3980/4227/3665 3981/4228/3666 2545/1990/1673 2546/1991/1674
f 2412/1728/1465 2424/1773/1493 2545/1990/1673 3981/4228/3666
f 3979/4226/3664 2410/1726/1463 2412/1728/1465 3981/4228/3666
f 2410/1726/1463 3979/4226/3664 3978/4225/3663 2403/1692/1435
f 3977/4224/3662 2401/1690/1433 2403/1692/1435 3978/4225/3663
f 3975/4222/3660 3976/4223/3661 3982/4229/3667 3977/4224/3662
f 3977/4224/3662 3982/4229/3667 3983/4230/3668 2401/1690/1433
f 3984/4231/3669 3976/4223/3661 3974/4221/3659 3972/4219/3657
f 3985/4232/3670 3982/4229/3667 3976/4223/3661 3984/4231/3669
f 3986/4233/3671 3972/4219/3657 3971/4218/3656 3973/4220/3658
f 3984/4231/3669 3972/4219/3657 3986/4233/3671 3987/4234/3672
f 3988/4235/3673 3973/4220/3658 3970/4217/3655 3989/4236/3674
f 3990/4237/3675 3986/4233/3671 3973/4220/3658 3988/4235/3673
f 3970/4217/3655 3969/4216/3654 3991/4238/3676 3989/4236/3674
f 3941/4188/3626 3989/4236/3674 3991/4238/3676 3942/4189/3627
f 3992/4239/3677 3993/4240/3678 3988/4235/3673 3989/4236/3674
f 3992/4239/3677 3989/4236/3674 3941/4188/3626 3943/4190/3628
f 3994/4241/3679 3990/4237/3675 3988/4235/3673 3993/4240/3678
f 3995/4242/3680 3987/4234/3672 3986/4233/3671 3990/4237/3675
f 3994/4241/3679 3996/4243/3681 3995/4242/3680 3990/4237/3675
f 3997/4244/3682 3985/4232/3670 3984/4231/3669 3987/4234/3672
f 3998/4245/3683 3997/4244/3682 3987/4234/3672 3995/4242/3680
f 3985/4232/3670 3999/4246/3684 3983/4230/3668 3982/4229/3667
f 4000/4247/3685 3999/4246/3684 3985/4232/3670 3997/4244/3682
f 2395/1653/1405 2401/1690/1433 3983/4230/3668 3999/4246/3684
f 2393/1651/1403 2395/1653/1405 3999/4246/3684 4000/4247/3685
f 2386/1618/1373 4000/4247/3685 3997/4244/3682 3998/4245/3683
f 2385/1617/1372 2393/1651/1403 4000/4247/3685 2386/1618/1373
f 4001/4248/3686 3998/4245/3683 3995/4242/3680 3996/4243/3681
f 2384/1616/1371 2386/1618/1373 3998/4245/3683 4001/4248/3686
f 4002/4249/3687 2374/1539/1312 3996/4243/3681 3994/4241/3679
f 4001/4248/3686 3996/4243/3681 2374/1539/1312 2373/1538/1311
f 4002/4249/3687 3994/4241/3679 3993/4240/3678 4003/4250/3688
f 4004/4251/3689 4003/4250/3688 3993/4240/3678 3992/4239/3677
f 4005/4252/3690 4004/4251/3689 3992/4239/3677 3943/4190/3628
f 4006/4253/3691 4005/4252/3690 3943/4190/3628 3938/4185/3623
f 2326/1370/1179 4007/4254/3692 4005/4252/3690 4006/4253/3691
f 4007/4254/3692 4008/4255/3693 4004/4251/3689 4005/4252/3690
f 4004/4251/3689 4008/4255/3693 4009/4256/3694 4003/4250/3688
f 4003/4250/3688 4009/4256/3694 2372/1537/1310 2371/1536/1309
f 4002/4249/3687 4003/4250/3688 2371/1536/1309 2374/1539/1312
f 4010/4257/3695 2370/1534/1308 2372/1537/1310 4009/4256/3694
f 4011/4258/3696 4010/4257/3695 4009/4256/3694 4008/4255/3693
f 4012/4259/3697 4011/4258/3696 4008/4255/3693 4007/4254/3692
f 2325/1369/1178 4012/4259/3697 4007/4254/3692 2326/1370/1179
f 2324/1368/1177 2326/1370/1179 4006/4253/3691 4013/4260/3698
f 4013/4260/3698 4006/4253/3691 3938/4185/3623 3914/4161/3599
f 2304/1324/1146 2303/1323/1145 4013/4260/3698 3914/4161/3599
f 2305/1325/1147 2324/1368/1177 4013/4260/3698 2303/1323/1145
f 4012/4259/3697 4014/4261/3699 4015/4262/3700 4011/4258/3696
f 2325/1369/1178 2327/1371/1180 4014/4261/3699 4012/4259/3697
f 4011/4258/3696 4015/4262/3700 4016/4263/3701 4010/4257/3695
f 4010/4257/3695 4016/4263/3701 4017/4264/3702 2370/1534/1308
f 2358/1535/1277 2370/1534/1308 4017/4264/3702 2357/4265/1276
f 4018/4266/3703 2357/4265/1276 4017/4264/3702 4016/4263/3701
f 4015/4262/3700 4019/4267/3704 4018/4266/3703 4016/4263/3701
f 4019/4267/3704 4015/4262/3700 4014/4261/3699 2338/1411/1210
f 2338/1411/1210 4014/4261/3699 2327/1371/1180 2328/1373/1181
f 2340/1413/1212 4020/4268/3705 4019/4267/3704 2338/1411/1210
f 4020/4268/3705 2356/4269/1275 4018/4266/3703 4019/4267/3704
f 4018/4266/3703 2356/4269/1275 2355/4270/1274 2357/4265/1276
f 2345/1452/1244 2344/1451/1243 2356/4269/1275 4020/4268/3705
f 2345/1452/1244 4020/4268/3705 2340/1413/1212 2339/1412/1211
f 2376/1541/1314 2384/1616/1371 4001/4248/3686 2373/1538/1311
f 3991/4238/3676 3969/4216/3654 3968/4215/3653 3942/4189/3627
f 3939/4186/3624 3942/4189/3627 3968/4215/3653 3940/4187/3625
f 2638/2083/1766 3925/4172/3610 3926/4173/3611 2637/2082/1765
f 2641/2086/1769 3875/4122/3560 3925/4172/3610 2638/2083/1766
f 3873/4120/3558 3875/4122/3560 2641/2086/1769 2735/2180/1863
f 2733/2178/1861 2735/2180/1863 2641/2086/1769 2640/2085/1768
f 2764/2209/1892 3873/4120/3558 2735/2180/1863 2734/2179/1862
f 2733/2178/1861 2640/2085/1768 2639/2084/1767 2670/2115/1798
f 2427/1776/1496 2515/1959/1643 2514/1958/1642 2425/1774/1494
f 684/1777/1497 702/1960/1526 2515/1959/1643 2427/1776/1496
f 703/4271/1527 715/1855/1557 2490/1929/1617 704/1957/1528
f 1980/770/666 1949/739/635 1947/737/633 2472/1877/1578
f 1982/772/668 1980/770/666 2472/1877/1578 2471/1876/1577
f 4021/4272/3706 1982/772/668 2471/1876/1577 2469/1874/1575
f 4022/4273/3707 1981/771/667 1982/772/668 4021/4272/3706
f 4023/4274/3708 4021/4272/3706 2469/1874/1575 2468/1873/1574
f 4024/4275/3709 4022/4273/3707 4021/4272/3706 4023/4274/3708
f 2014/804/700 1983/773/669 1981/771/667 4022/4273/3707
f 2016/806/702 2014/804/700 4022/4273/3707 4024/4275/3709
f 4025/4276/3710 4024/4275/3709 4023/4274/3708 4026/4277/3711
f 4027/4278/3712 2016/806/702 4024/4275/3709 4025/4276/3710
f 4026/4277/3711 4023/4274/3708 2468/1873/1574 2470/1875/1576
f 4026/4277/3711 2470/1875/1576 4028/4279/3713 4029/4280/3714
f 4030/4281/3715 4025/4276/3710 4026/4277/3711 4029/4280/3714
f 4031/4282/3716 4027/4278/3712 4025/4276/3710 4030/4281/3715
f 4032/4283/3717 2015/805/701 2016/806/702 4027/4278/3712
f 4033/4284/3718 4032/4283/3717 4027/4278/3712 4031/4282/3716
f 4034/4285/3719 4031/4282/3716 4030/4281/3715 4035/4286/3720
f 4036/4287/3721 4033/4284/3718 4031/4282/3716 4034/4285/3719
f 4035/4286/3720 4030/4281/3715 4029/4280/3714 4037/4288/3722
f 4029/4280/3714 4028/4279/3713 4038/4289/3723 4037/4288/3722
f 2470/1875/1576 2467/1872/1573 4039/4290/3724 4028/4279/3713
f 4028/4279/3713 4039/4290/3724 4040/4291/3725 4038/4289/3723
f 4038/4289/3723 4040/4291/3725 4041/4292/3726 4042/4293/3727
f 4037/4288/3722 4038/4289/3723 4042/4293/3727 4043/4294/3728
f 4035/4286/3720 4037/4288/3722 4043/4294/3728 4044/4295/3729
f 4045/4296/3730 4034/4285/3719 4035/4286/3720 4044/4295/3729
f 4046/4297/3731 4036/4287/3721 4034/4285/3719 4045/4296/3730
f 4047/4298/3732 2050/840/736 4033/4284/3718 4036/4287/3721
f 4048/4299/3733 4047/4298/3732 4036/4287/3721 4046/4297/3731
f 2050/840/736 2048/838/734 4032/4283/3717 4033/4284/3718
f 2048/838/734 2017/807/703 2015/805/701 4032/4283/3717
f 4049/4300/3734 2049/839/735 2050/840/736 4047/4298/3732
f 4050/4301/3735 4049/4300/3734 4047/4298/3732 4048/4299/3733
f 4051/4302/3736 4048/4299/3733 4046/4297/3731 4052/4303/3737
f 4053/4304/3738 4050/4301/3735 4048/4299/3733 4051/4302/3736
f 4052/4303/3737 4046/4297/3731 4045/4296/3730 4054/4305/3739
f 4054/4305/3739 4045/4296/3730 4044/4295/3729 4055/4306/3740
f 4055/4306/3740 4044/4295/3729 4043/4294/3728 4056/4307/3741
f 4043/4294/3728 4042/4293/3727 4057/4308/3742 4056/4307/3741
f 4042/4293/3727 4041/4292/3726 4058/4309/3743 4057/4308/3742
f 4040/4291/3725 2450/1836/1544 4059/4310/3744 4041/4292/3726
f 4058/4309/3743 4041/4292/3726 4059/4310/3744 4060/4311/3745
f 4039/4290/3724 2449/1835/1543 2450/1836/1544 4040/4291/3725
f 2467/1872/1573 2448/1834/1542 2449/1835/1543 4039/4290/3724
f 4059/4310/3744 2450/1836/1544 2447/1833/1541 4061/4312/3746
f 4060/4311/3745 4059/4310/3744 4061/4312/3746 4062/4313/3747
f 4063/4314/3748 4060/4311/3745 4062/4313/3747 4064/4315/3749
f 4065/4316/3750 4058/4309/3743 4060/4311/3745 4063/4314/3748
f 4066/4317/3751 4057/4308/3742 4058/4309/3743 4065/4316/3750
f 4067/4318/3752 4056/4307/3741 4057/4308/3742 4066/4317/3751
f 4068/4319/3753 4055/4306/3740 4056/4307/3741 4067/4318/3752
f 4069/4320/3754 4054/4305/3739 4055/4306/3740 4068/4319/3753
f 4070/4321/3755 4052/4303/3737 4054/4305/3739 4069/4320/3754
f 4071/4322/3756 4051/4302/3736 4052/4303/3737 4070/4321/3755
f 4072/4323/3757 4053/4304/3738 4051/4302/3736 4071/4322/3756
f 4073/4324/3758 2084/874/770 4050/4301/3735 4053/4304/3738
f 4074/4325/3759 4073/4324/3758 4053/4304/3738 4072/4323/3757
f 2084/874/770 2082/872/768 4049/4300/3734 4050/4301/3735
f 4075/4326/3760 2083/873/769 2084/874/770 4073/4324/3758
f 4076/4327/3761 4075/4326/3760 4073/4324/3758 4074/4325/3759
f 4077/4328/3762 4074/4325/3759 4072/4323/3757 4078/4329/3763
f 4079/4330/3764 4076/4327/3761 4074/4325/3759 4077/4328/3762
f 4078/4329/3763 4072/4323/3757 4071/4322/3756 4080/4331/3765
f 4080/4331/3765 4071/4322/3756 4070/4321/3755 4081/4332/3766
f 4081/4332/3766 4070/4321/3755 4069/4320/3754 4082/4333/3767
f 4082/4333/3767 4069/4320/3754 4068/4319/3753 4083/4334/3768
f 4083/4334/3768 4068/4319/3753 4067/4318/3752 4084/4335/3769
f 4084/4335/3769 4067/4318/3752 4066/4317/3751 4085/4336/3770
f 4085/4336/3770 4066/4317/3751 4065/4316/3750 4086/4337/3771
f 4086/4337/3771 4065/4316/3750 4063/4314/3748 4087/4338/3772
f 4087/4338/3772 4063/4314/3748 4064/4315/3749 4088/4339/3773
f 4089/4340/3774 4087/4338/3772 4088/4339/3773 4090/4341/3775
f 4091/4342/3776 4086/4337/3771 4087/4338/3772 4089/4340/3774
f 4092/4343/3777 4085/4336/3770 4086/4337/3771 4091/4342/3776
f 4093/4344/3778 4084/4335/3769 4085/4336/3770 4092/4343/3777
f 4094/4345/3779 4083/4334/3768 4084/4335/3769 4093/4344/3778
f 4095/4346/3780 4082/4333/3767 4083/4334/3768 4094/4345/3779
f 4096/4347/3781 4081/4332/3766 4082/4333/3767 4095/4346/3780
f 4097/4348/3782 4080/4331/3765 4081/4332/3766 4096/4347/3781
f 4098/4349/3783 4078/4329/3763 4080/4331/3765 4097/4348/3782
f 4099/4350/3784 4077/4328/3762 4078/4329/3763 4098/4349/3783
f 4100/4351/3785 4079/4330/3764 4077/4328/3762 4099/4350/3784
f 4101/4352/3786 2107/911/804 4076/4327/3761 4079/4330/3764
f 4102/4353/3787 4101/4352/3786 4079/4330/3764 4100/4351/3785
f 2107/911/804 2105/909/802 4075/4326/3760 4076/4327/3761
f 4103/4354/3788 2106/910/803 2107/911/804 4101/4352/3786
f 4104/4355/3789 4103/4354/3788 4101/4352/3786 4102/4353/3787
f 4105/4356/3790 4102/4353/3787 4100/4351/3785 4106/4357/3791
f 4107/4358/3792 4104/4355/3789 4102/4353/3787 4105/4356/3790
f 4106/4357/3791 4100/4351/3785 4099/4350/3784 4108/4359/3793
f 4108/4359/3793 4099/4350/3784 4098/4349/3783 4109/4360/3794
f 4109/4360/3794 4098/4349/3783 4097/4348/3782 4110/4361/3795
f 4110/4361/3795 4097/4348/3782 4096/4347/3781 4111/4362/3796
f 4111/4362/3796 4096/4347/3781 4095/4346/3780 4112/4363/3797
f 4112/4363/3797 4095/4346/3780 4094/4345/3779 4113/4364/3798
f 4113/4364/3798 4094/4345/3779 4093/4344/3778 4114/4365/3799
f 4114/4365/3799 4093/4344/3778 4092/4343/3777 4115/4366/3800
f 4092/4343/3777 4091/4342/3776 4116/4367/3801 4115/4366/3800
f 4116/4367/3801 4091/4342/3776 4089/4340/3774 4117/4368/3802
f 4116/4367/3801 4117/4368/3802 4118/4369/3803 4119/4370/3804
f 4115/4366/3800 4116/4367/3801 4119/4370/3804 4120/4371/3805
f 4114/4365/3799 4115/4366/3800 4120/4371/3805 4121/4372/3806
f 4122/4373/3807 4113/4364/3798 4114/4365/3799 4121/4372/3806
f 4123/4374/3808 4112/4363/3797 4113/4364/3798 4122/4373/3807
f 4124/4375/3809 4111/4362/3796 4112/4363/3797 4123/4374/3808
f 4125/4376/3810 4110/4361/3795 4111/4362/3796 4124/4375/3809
f 4126/4377/3811 4109/4360/3794 4110/4361/3795 4125/4376/3810
f 4127/4378/3812 4108/4359/3793 4109/4360/3794 4126/4377/3811
f 4128/4379/3813 4106/4357/3791 4108/4359/3793 4127/4378/3812
f 4129/4380/3814 4105/4356/3790 4106/4357/3791 4128/4379/3813
f 4107/4358/3792 4105/4356/3790 4129/4380/3814 4130/4381/3815
f 1299/4382/3816 2111/965/839 4104/4355/3789 4107/4358/3792
f 1300/4383/3817 1299/4382/3816 4107/4358/3792 4130/4381/3815
f 2111/965/839 2110/960/836 4103/4354/3788 4104/4355/3789
f 1301/4384/3818 343/964/837 2111/965/839 1299/4382/3816
f 1302/4385/3819 1301/4386/3818 1299/4387/3816 1300/4388/3817
f 1304/4389/3820 1302/4385/3819 1300/4388/3817 1303/4390/3821
f 1303/4391/3821 1300/4383/3817 4130/4381/3815 1305/4392/3822
f 1305/4392/3822 4130/4381/3815 4129/4380/3814 1306/4393/3823
f 4129/4380/3814 4128/4379/3813 4131/4394/3824 1306/4393/3823
f 4131/4394/3824 4128/4379/3813 4127/4378/3812 4132/4395/3825
f 4132/4395/3825 4127/4378/3812 4126/4377/3811 4133/4396/3826
f 4133/4396/3826 4126/4377/3811 4125/4376/3810 4134/4397/3827
f 4134/4397/3827 4125/4376/3810 4124/4375/3809 4135/4398/3828
f 4135/4398/3828 4124/4375/3809 4123/4374/3808 4136/4399/3829
f 4136/4399/3829 4123/4374/3808 4122/4373/3807 4137/4400/3830
f 4122/4373/3807 4121/4372/3806 4138/4401/3831 4137/4400/3830
f 4121/4372/3806 4120/4371/3805 4139/4402/3832 4138/4401/3831
f 4140/4403/3833 4138/4401/3831 4139/4402/3832 4141/4404/3834
f 4137/4400/3830 4138/4401/3831 4140/4403/3833 1307/4405/3835
f 4136/4399/3829 4137/4400/3830 1307/4405/3835 1308/4406/3836
f 1309/4407/3837 4135/4398/3828 4136/4399/3829 1308/4406/3836
f 4142/4408/3838 4134/4397/3827 4135/4398/3828 1309/4407/3837
f 4143/4409/3839 4133/4396/3826 4134/4397/3827 4142/4408/3838
f 4144/4410/3840 4132/4395/3825 4133/4396/3826 4143/4409/3839
f 1310/4411/3841 4131/4394/3824 4132/4395/3825 4144/4410/3840
f 1311/4412/3842 1306/4393/3823 4131/4394/3824 1310/4411/3841
f 1312/4413/3843 1305/4414/3822 1306/4415/3823 1311/4416/3842
f 1312/4413/3843 1313/4417/3844 1303/4390/3821 1305/4414/3822
f 1314/4418/3845 1304/4389/3820 1303/4390/3821 1313/4417/3844
f 1315/4419/3846 1316/4420/3847 1302/4385/3819 1304/4389/3820
f 1317/4421/3848 1315/4419/3846 1304/4389/3820 1314/4418/3845
f 1316/4420/3847 1318/4422/3849 1301/4386/3818 1302/4385/3819
f 1319/4423/3850 376/997/871 1318/4422/3849 1316/4420/3847
f 1320/4424/3851 1319/4423/3850 1316/4420/3847 1315/4419/3846
f 1317/4421/3848 1321/4425/3852 1320/4424/3851 1315/4419/3846
f 1317/4421/3848 1314/4418/3845 1322/4426/3853 1321/4425/3852
f 1314/4418/3845 1313/4417/3844 1323/4427/3854 1322/4426/3853
f 1312/4413/3843 1311/4416/3842 1324/4428/3855 1313/4417/3844
f 1323/4427/3854 1313/4417/3844 1324/4428/3855 1325/4429/3856
f 1311/4416/3842 1310/4430/3841 1326/4431/3857 1324/4428/3855
f 1310/4411/3841 4144/4410/3840 1327/4432/3858 1326/4433/3857
f 4144/4410/3840 4143/4409/3839 1328/4434/3859 1327/4432/3858
f 4143/4409/3839 4142/4408/3838 1329/4435/3860 1328/4434/3859
f 4142/4408/3838 1309/4407/3837 1330/4436/3861 1329/4435/3860
f 1309/4437/3837 1308/4438/3836 1331/4439/3862 1330/4440/3861
f 1308/4438/3836 1307/4441/3835 1332/4442/3863 1331/4439/3862
f 1331/4443/3862 1332/4444/3863 1334/4445/3864 1333/4446/3865
f 1335/4447/3866 1330/4440/3861 1331/4439/3862 1333/4448/3865
f 1336/4449/3867 1329/4450/3860 1330/4440/3861 1335/4447/3866
f 1337/4451/3868 1328/4434/3859 1329/4435/3860 1336/4452/3867
f 1338/4453/3869 1327/4454/3858 1328/4455/3859 1337/4456/3868
f 1339/4457/3870 1326/4433/3857 1327/4432/3858 1338/4458/3869
f 1325/4429/3856 1324/4428/3855 1326/4431/3857 1339/4459/3870
f 1325/4429/3856 1339/4459/3870 1340/4460/3871 1341/4461/3872
f 1323/4427/3854 1325/4429/3856 1341/4461/3872 1342/4462/3873
f 1322/4426/3853 1323/4427/3854 1342/4462/3873 1343/4463/3874
f 1321/4425/3852 1322/4426/3853 1343/4463/3874 1344/4464/3875
f 1345/4465/3876 1346/4466/3877 1320/4424/3851 1321/4425/3852
f 1345/4465/3876 1321/4425/3852 1344/4464/3875 1347/4467/3878
f 1320/4424/3851 1346/4466/3877 1348/4468/3879 1319/4423/3850
f 1350/4469/3880 1348/4468/3879 1346/4466/3877 1349/4470/3881
f 1345/4465/3876 1347/4467/3878 1349/4470/3881 1346/4466/3877
f 1347/4467/3878 1344/4464/3875 1351/4471/3882 1352/4472/3883
f 1353/4473/3884 1354/4474/3885 1349/4470/3881 1347/4467/3878
f 1353/4473/3884 1347/4467/3878 1352/4472/3883 1355/4475/3886
f 1344/4464/3875 1343/4463/3874 1356/4476/3887 1351/4471/3882
f 1343/4463/3874 1342/4462/3873 1357/4477/3888 1356/4476/3887
f 1342/4462/3873 1341/4461/3872 1358/4478/3889 1357/4477/3888
f 1359/4479/3890 1360/4480/3891 1358/4478/3889 1341/4461/3872
f 1359/4479/3890 1341/4461/3872 1340/4460/3871 1361/4481/3892
f 1339/4459/3870 1338/4453/3869 1362/4482/3893 1340/4460/3871
f 1361/4481/3892 1340/4460/3871 1362/4482/3893 1363/4483/3894
f 1338/4453/3869 1337/4456/3868 1364/4484/3895 1362/4482/3893
f 1337/4456/3868 1336/4449/3867 1365/4485/3896 1364/4484/3895
f 1336/4449/3867 1335/4447/3866 1366/4486/3897 1365/4485/3896
f 1367/4487/3898 1365/4485/3896 1366/4486/3897 1368/4488/3899
f 1369/4489/3900 1364/4484/3895 1365/4485/3896 1367/4487/3898
f 1363/4483/3894 1362/4482/3893 1364/4484/3895 1369/4489/3900
f 1363/4483/3894 1369/4489/3900 1370/4490/3901 1371/4491/3902
f 1361/4481/3892 1363/4483/3894 1371/4491/3902 1372/4492/3903
f 1359/4479/3890 1361/4481/3892 1372/4492/3903 1360/4480/3891
f 1360/4480/3891 1372/4492/3903 1373/4493/3904 1374/4494/3905
f 1358/4478/3889 1360/4480/3891 1374/4494/3905 1375/4495/3906
f 1375/4495/3906 1376/4496/3907 1357/4477/3888 1358/4478/3889
f 1356/4476/3887 1357/4477/3888 1376/4496/3907 1377/4497/3908
f 1351/4471/3882 1356/4476/3887 1377/4497/3908 1378/4498/3909
f 1379/4499/3910 1352/4472/3883 1351/4471/3882 1378/4498/3909
f 1380/4500/3911 1355/4475/3886 1352/4472/3883 1379/4499/3910
f 1379/4499/3910 1378/4498/3909 1381/4501/3912 1382/4502/3913
f 1380/4500/3911 1379/4499/3910 1382/4502/3913 1383/4503/3914
f 1378/4498/3909 1377/4497/3908 1384/4504/3915 1381/4501/3912
f 1385/4505/3916 1384/4504/3915 1377/4497/3908 1376/4496/3907
f 1376/4496/3907 1375/4495/3906 1386/4506/3917 1385/4505/3916
f 1375/4495/3906 1374/4494/3905 1387/4507/3918 1386/4506/3917
f 1388/4508/3919 1387/4507/3918 1374/4494/3905 1373/4493/3904
f 1373/4493/3904 1389/4509/3920 1390/4510/3921 1388/4508/3919
f 1391/4511/3922 1389/4509/3920 1373/4493/3904 1372/4492/3903
f 1391/4511/3922 1372/4492/3903 1371/4491/3902 1392/4512/3923
f 1392/4512/3923 1371/4491/3902 1370/4490/3901 1393/4513/3924
f 1369/4489/3900 1367/4487/3898 1394/4514/3925 1370/4490/3901
f 1393/4513/3924 1370/4490/3901 1394/4514/3925 1395/4515/3926
f 1367/4487/3898 1368/4488/3899 1396/4516/3927 1394/4514/3925
f 1395/4515/3926 1394/4514/3925 1396/4516/3927 1397/4517/3928
f 1395/4515/3926 1397/4517/3928 1398/4518/3929 1399/4519/3930
f 1395/4515/3926 1399/4519/3930 1400/4520/3931 1393/4513/3924
f 1392/4512/3923 1393/4513/3924 1400/4520/3931 1401/4521/3932
f 1391/4511/3922 1392/4512/3923 1401/4521/3932 1389/4509/3920
f 1389/4509/3920 1401/4521/3932 1402/4522/3933 1390/4510/3921
f 1390/4510/3921 1402/4522/3933 1403/4523/3934 1404/4524/3935
f 1388/4508/3919 1390/4510/3921 1404/4524/3935 1405/4525/3936
f 1387/4507/3918 1388/4508/3919 1405/4525/3936 1406/4526/3937
f 1406/4526/3937 1407/4527/3938 1386/4506/3917 1387/4507/3918
f 1385/4505/3916 1386/4506/3917 1407/4527/3938 1408/4528/3939
f 1384/4504/3915 1385/4505/3916 1408/4528/3939 1409/4529/3940
f 1409/4529/3940 1410/4530/3941 1381/4501/3912 1384/4504/3915
f 1382/4502/3913 1381/4501/3912 1410/4530/3941 1411/4531/3942
f 1383/4503/3914 1382/4502/3913 1411/4531/3942 1412/4532/3943
f 1412/4532/3943 1411/4531/3942 1413/4533/3944 1414/4534/3945
f 1415/4535/3946 1413/4533/3944 1411/4531/3942 1410/4530/3941
f 1410/4530/3941 1409/4529/3940 1416/4536/3947 1415/4535/3946
f 1409/4529/3940 1408/4528/3939 1417/4537/3948 1416/4536/3947
f 1408/4528/3939 1407/4527/3938 1418/4538/3949 1417/4537/3948
f 1419/4539/3950 1418/4538/3949 1407/4527/3938 1406/4526/3937
f 1406/4526/3937 1405/4525/3936 1420/4540/3951 1419/4539/3950
f 1405/4525/3936 1404/4524/3935 1421/4541/3952 1420/4540/3951
f 1404/4524/3935 1403/4523/3934 1422/4542/3953 1421/4541/3952
f 1403/4523/3934 1423/4543/3954 1424/4544/3955 1422/4542/3953
f 1402/4522/3933 1425/4545/3956 1423/4543/3954 1403/4523/3934
f 1401/4521/3932 1400/4520/3931 1425/4545/3956 1402/4522/3933
f 1399/4519/3930 1426/4546/3957 1425/4545/3956 1400/4520/3931
f 1399/4519/3930 1398/4518/3929 1427/4547/3958 1426/4546/3957
f 1425/4545/3956 1426/4546/3957 1428/4548/3959 1423/4543/3954
f 1429/4549/3960 1430/4550/3961 1428/4548/3959 1426/4546/3957
f 1429/4549/3960 1426/4546/3957 1427/4547/3958 1431/4551/3962
f 1423/4543/3954 1428/4548/3959 1432/4552/3963 1424/4544/3955
f 1422/4542/3953 1424/4544/3955 1433/4553/3964 1434/4554/3965
f 1432/4552/3963 1435/4555/3966 1433/4553/3964 1424/4544/3955
f 1421/4541/3952 1422/4542/3953 1434/4554/3965 1436/4556/3967
f 1420/4540/3951 1421/4541/3952 1436/4556/3967 1437/4557/3968
f 1420/4540/3951 1437/4557/3968 1438/4558/3969 1419/4539/3950
f 1419/4539/3950 1438/4558/3969 1439/4559/3970 1418/4538/3949
f 1439/4559/3970 1440/4560/3971 1417/4537/3948 1418/4538/3949
f 1417/4537/3948 1440/4560/3971 1441/4561/3972 1416/4536/3947
f 1416/4536/3947 1441/4561/3972 1442/4562/3973 1415/4535/3946
f 1442/4562/3973 1443/4563/3974 1413/4533/3944 1415/4535/3946
f 1442/4562/3973 1441/4561/3972 1444/4564/3975 1443/4563/3974
f 1441/4561/3972 1440/4560/3971 1445/4565/3976 1444/4564/3975
f 1446/4566/3977 1447/4567/3978 1445/4565/3976 1440/4560/3971
f 1439/4559/3970 1438/4558/3969 1446/4566/3977 1440/4560/3971
f 1437/4557/3968 1448/4568/3979 1446/4566/3977 1438/4558/3969
f 1436/4556/3967 1449/4569/3980 1448/4568/3979 1437/4557/3968
f 1436/4556/3967 1434/4554/3965 1450/4570/3981 1449/4569/3980
f 1434/4554/3965 1433/4553/3964 1451/4571/3982 1450/4570/3981
f 1435/4555/3966 1452/4572/3983 1451/4571/3982 1433/4553/3964
f 1453/4573/3984 1454/4574/3985 1452/4572/3983 1435/4555/3966
f 1432/4552/3963 1455/4575/3986 1453/4573/3984 1435/4555/3966
f 1455/4575/3986 1432/4552/3963 1428/4548/3959 1430/4550/3961
f 1430/4550/3961 1456/4576/3987 1457/4577/3988 1455/4575/3986
f 1429/4549/3960 1431/4551/3962 1456/4576/3987 1430/4550/3961
f 1427/4547/3958 1458/4578/3989 1459/4579/3990 1431/4551/3962
f 1431/4551/3962 1459/4579/3990 1460/4580/3991 1456/4576/3987
f 1456/4576/3987 1460/4580/3991 1461/4581/3992 1457/4577/3988
f 1457/4577/3988 1461/4581/3992 1462/4582/3993 1463/4583/3994
f 1455/4575/3986 1457/4577/3988 1463/4583/3994 1453/4573/3984
f 1463/4583/3994 1464/4584/3995 1454/4574/3985 1453/4573/3984
f 1465/4585/3996 1466/4586/3997 1452/4572/3983 1454/4574/3985
f 1464/4584/3995 1467/4587/3998 1465/4585/3996 1454/4574/3985
f 1452/4572/3983 1466/4586/3997 1468/4588/3999 1451/4571/3982
f 1450/4570/3981 1451/4571/3982 1468/4588/3999 1469/4589/4000
f 1450/4570/3981 1469/4589/4000 1470/4590/4001 1449/4569/3980
f 1449/4569/3980 1470/4590/4001 1471/4591/4002 1448/4568/3979
f 1448/4568/3979 1471/4591/4002 1447/4567/3978 1446/4566/3977
f 1471/4591/4002 1472/4592/4003 1473/4593/4004 1447/4567/3978
f 1445/4565/3976 1447/4567/3978 1473/4593/4004 1474/4594/4005
f 1445/4565/3976 1474/4594/4005 1475/4595/4006 1444/4564/3975
f 444/1191/1034 2178/1156/1003 1476/4596/4007 1474/4597/4005
f 1473/4598/4004 1477/4599/4008 444/1191/1034 1474/4597/4005
f 1475/4595/4006 1474/4594/4005 1476/4600/4007 1478/4601/4009
f 1472/4602/4003 1479/4603/4010 1477/4599/4008 1473/4598/4004
f 1480/4604/4011 1481/4605/4012 1479/4606/4010 1472/4592/4003
f 1470/4590/4001 1480/4604/4011 1472/4592/4003 1471/4591/4002
f 1469/4589/4000 1482/4607/4013 1480/4604/4011 1470/4590/4001
f 1468/4588/3999 1483/4608/4014 1482/4607/4013 1469/4589/4000
f 1466/4586/3997 466/1350/1163 1483/4608/4014 1468/4588/3999
f 1484/4609/4015 464/1349/1162 466/1350/1163 1466/4586/3997
f 1465/4585/3996 1467/4587/3998 1484/4609/4015 1466/4586/3997
f 480/1393/1197 477/1390/1194 1484/4609/4015 1467/4587/3998
f 1485/4610/4016 480/1393/1197 1467/4587/3998 1464/4584/3995
f 1463/4583/3994 1462/4582/3993 1485/4610/4016 1464/4584/3995
f 1485/4610/4016 1486/4611/4017 478/1391/1195 480/1393/1197
f 1462/4582/3993 1487/4612/4018 1486/4611/4017 1485/4610/4016
f 1486/4611/4017 1488/4613/4019 479/1392/1196 478/1391/1195
f 1487/4612/4018 1489/4614/4020 1488/4613/4019 1486/4611/4017
f 1490/4615/4021 1491/4616/4022 1489/4614/4020 1487/4612/4018
f 1461/4581/3992 1490/4615/4021 1487/4612/4018 1462/4582/3993
f 1489/4614/4020 1492/4617/4023 499/1431/1227 1488/4613/4019
f 1491/4616/4022 1493/4618/4024 1492/4617/4023 1489/4614/4020
f 1488/4613/4019 499/1431/1227 481/1394/1198 479/1392/1196
f 1492/4617/4023 1494/4619/4025 500/1430/1226 499/1431/1227
f 1493/4618/4024 1495/4620/4026 1494/4619/4025 1492/4617/4023
f 1497/4621/4027 1495/4620/4026 1493/4618/4024 1496/4622/4028
f 1496/4622/4028 1493/4618/4024 1491/4616/4022 1498/4623/4029
f 1499/4624/4030 1498/4623/4029 1491/4616/4022 1490/4615/4021
f 1460/4580/3991 1499/4624/4030 1490/4615/4021 1461/4581/3992
f 1500/4625/4031 1501/4626/4032 1498/4623/4029 1499/4624/4030
f 1459/4579/3990 1500/4625/4031 1499/4624/4030 1460/4580/3991
f 1501/4626/4032 1502/4627/4033 1496/4622/4028 1498/4623/4029
f 1502/4627/4033 1503/4628/4034 1497/4621/4027 1496/4622/4028
f 1497/4621/4027 1504/4629/4035 1505/4630/4036 1495/4620/4026
f 1503/4628/4034 1506/4631/4037 1504/4629/4035 1497/4621/4027
f 1507/4632/4038 1508/4633/4039 1494/4619/4025 1495/4620/4026
f 1507/4632/4038 1495/4620/4026 1505/4630/4036 1509/4634/4040
f 1508/4633/4039 503/1434/1230 500/1430/1226 1494/4619/4025
f 1508/4633/4039 1510/4635/4041 525/1474/1260 503/1434/1230
f 1507/4632/4038 1509/4634/4040 1510/4635/4041 1508/4633/4039
f 1509/4634/4040 1505/4630/4036 1511/4636/4042 1512/4637/4043
f 1509/4634/4040 1512/4637/4043 1513/4638/4044 1510/4635/4041
f 1504/4629/4035 1514/4639/4045 1511/4636/4042 1505/4630/4036
f 1515/4640/4046 1514/4639/4045 1504/4629/4035 1506/4631/4037
f 1506/4631/4037 1516/4641/4047 1517/4642/4048 1515/4640/4046
f 1516/4641/4047 1506/4631/4037 1503/4628/4034 1518/4643/4049
f 1519/4644/4050 1518/4643/4049 1503/4628/4034 1502/4627/4033
f 1520/4645/4051 1519/4644/4050 1502/4627/4033 1501/4626/4032
f 1521/4646/4052 1520/4645/4051 1501/4626/4032 1500/4625/4031
f 1458/4578/3989 1521/4646/4052 1500/4625/4031 1459/4579/3990
f 1522/4647/4053 1523/4648/4054 1520/4645/4051 1521/4646/4052
f 1524/4649/4055 1522/4647/4053 1521/4646/4052 1458/4578/3989
f 1520/4645/4051 1523/4648/4054 1525/4650/4056 1519/4644/4050
f 1519/4644/4050 1525/4650/4056 1526/4651/4057 1518/4643/4049
f 1518/4643/4049 1526/4651/4057 1527/4652/4058 1516/4641/4047
f 1528/4653/4059 1517/4642/4048 1516/4641/4047 1527/4652/4058
f 1529/4654/4060 1530/4655/4061 1517/4642/4048 1528/4653/4059
f 1517/4642/4048 1530/4655/4061 1531/4656/4062 1515/4640/4046
f 1531/4656/4062 1532/4657/4063 1514/4639/4045 1515/4640/4046
f 1532/4657/4063 543/1510/1292 1511/4636/4042 1514/4639/4045
f 1511/4636/4042 543/1510/1292 545/1511/1293 1512/4637/4043
f 545/1511/1293 542/1508/1290 1513/4638/4044 1512/4637/4043
f 1513/4638/4044 542/1508/1290 524/1473/1259 523/1472/1258
f 1510/4635/4041 1513/4638/4044 523/1472/1258 525/1474/1260
f 525/1474/1260 502/1433/1229 501/1432/1228 503/1434/1230
f 1532/4657/4063 1533/4658/4064 544/1509/1291 543/1510/1292
f 1531/4656/4062 1530/4655/4061 1533/4658/4064 1532/4657/4063
f 565/4659/1329 561/1559/1325 1533/4658/4064 1530/4655/4061
f 1534/4660/4065 565/4659/1329 1530/4655/4061 1529/4654/4060
f 1535/4661/4066 1536/4662/4067 1534/4663/4065 1529/4664/4060
f 1537/4665/4068 1538/4666/4069 1535/4667/4066 1529/4654/4060
f 1537/4665/4068 1529/4654/4060 1528/4653/4059 1539/4668/4070
f 1540/4669/4071 1539/4668/4070 1528/4653/4059 1527/4652/4058
f 1540/4669/4071 1527/4652/4058 1526/4651/4057 1541/4670/4072
f 1541/4670/4072 1526/4651/4057 1525/4650/4056 1542/4671/4073
f 1543/4672/4074 1542/4671/4073 1525/4650/4056 1523/4648/4054
f 1542/4671/4073 1544/4673/4075 1545/4674/4076 1541/4670/4072
f 1543/4672/4074 1546/4675/4077 1544/4673/4075 1542/4671/4073
f 1541/4670/4072 1545/4674/4076 1547/4676/4078 1540/4669/4071
f 1547/4676/4078 1548/4677/4079 1539/4668/4070 1540/4669/4071
f 1548/4677/4079 1538/4666/4069 1537/4665/4068 1539/4668/4070
f 1549/4678/4080 1550/4679/4081 1535/4667/4066 1538/4666/4069
f 1551/4680/4082 1549/4678/4080 1538/4666/4069 1548/4677/4079
f 1535/4661/4066 1550/4681/4081 1552/4682/4083 1536/4662/4067
f 1536/4662/4067 1552/4682/4083 590/1598/1356 589/1599/1357
f 1534/4663/4065 1536/4662/4067 589/1599/1357 565/1565/1329
f 1552/4682/4083 614/1635/1389 591/1600/1358 590/1598/1356
f 1553/4683/4084 614/1635/1389 1552/4682/4083 1550/4681/4081
f 1554/4684/4085 1555/4685/4086 1553/4683/4084 1550/4681/4081
f 1554/4686/4085 1550/4679/4081 1549/4678/4080 1556/4687/4087
f 1556/4687/4087 1549/4678/4080 1551/4680/4082 1557/4688/4088
f 1558/4689/4089 1559/4690/4090 1557/4688/4088 1551/4680/4082
f 1558/4689/4089 1551/4680/4082 1548/4677/4079 1547/4676/4078
f 1560/4691/4091 1558/4689/4089 1547/4676/4078 1545/4674/4076
f 1561/4692/4092 1560/4691/4091 1545/4674/4076 1544/4673/4075
f 1562/4693/4093 1561/4692/4092 1544/4673/4075 1546/4675/4077
f 1563/4694/4094 1562/4693/4093 1546/4675/4077 1564/4695/4095
f 1565/4696/4096 1564/4695/4095 1546/4675/4077 1543/4672/4074
f 1565/4696/4096 1543/4672/4074 1523/4648/4054 1522/4647/4053
f 1567/4697/4097 1564/4695/4095 1565/4696/4096 1566/4698/4098
f 1566/4698/4098 1565/4696/4096 1522/4647/4053 1524/4649/4055
f 1568/4699/4099 1563/4694/4094 1564/4695/4095 1567/4697/4097
f 1563/4694/4094 1569/4700/4100 1570/4701/4101 1562/4693/4093
f 1568/4699/4099 1571/4702/4102 1569/4700/4100 1563/4694/4094
f 1562/4693/4093 1570/4701/4101 1572/4703/4103 1561/4692/4092
f 1572/4703/4103 1573/4704/4104 1560/4691/4091 1561/4692/4092
f 1573/4704/4104 1559/4690/4090 1558/4689/4089 1560/4691/4091
f 1574/4705/4105 1575/4706/4106 1557/4688/4088 1559/4690/4090
f 1576/4707/4107 4145/4708/4108 1574/4709/4105 1559/4710/4090
f 1576/4711/4107 1559/4690/4090 1573/4704/4104 1577/4712/4109
f 1575/4713/4106 1578/4714/4110 1556/4715/4087 1557/4716/4088
f 1578/4714/4110 1555/4685/4086 1554/4684/4085 1556/4715/4087
f 1555/4685/4086 1579/4717/4111 1580/4718/4112 1553/4683/4084
f 1581/4719/4113 1579/4717/4111 1555/4685/4086 1578/4714/4110
f 1582/4720/4114 1581/4719/4113 1578/4714/4110 1575/4713/4106
f 1583/4721/4115 1582/4722/4114 1575/4723/4106 1574/4709/4105
f 4146/4724/4116 1583/4721/4115 1574/4709/4105 4145/4708/4108
f 4147/4725/4117 4146/4724/4116 4145/4708/4108 4148/4726/4118
f 4148/4726/4118 4145/4708/4108 1576/4707/4107 1577/4727/4109
f 1584/4728/4119 4149/4729/4120 4148/4726/4118 1577/4727/4109
f 1584/4730/4119 1577/4712/4109 1573/4704/4104 1572/4703/4103
f 1585/4731/4121 1584/4728/4119 1572/4732/4103 1570/4733/4101
f 1334/4734/3864 1585/4735/4121 1570/4701/4101 1569/4700/4100
f 1333/4448/3865 1334/4734/3864 1569/4700/4100 1571/4702/4102
f 1335/4447/3866 1333/4448/3865 1571/4702/4102 1366/4486/3897
f 1368/4488/3899 1366/4486/3897 1571/4702/4102 1568/4699/4099
f 1368/4488/3899 1568/4699/4099 1567/4697/4097 1396/4516/3927
f 1397/4517/3928 1396/4516/3927 1567/4697/4097 1566/4698/4098
f 1397/4517/3928 1566/4698/4098 1524/4649/4055 1398/4518/3929
f 1398/4518/3929 1524/4649/4055 1458/4578/3989 1427/4547/3958
f 1332/4444/3863 4141/4404/3834 1585/4731/4121 1334/4445/3864
f 1585/4731/4121 4141/4404/3834 4149/4729/4120 1584/4728/4119
f 4149/4729/4120 4150/4736/4122 4147/4725/4117 4148/4726/4118
f 4139/4402/3832 4150/4736/4122 4149/4729/4120 4141/4404/3834
f 4147/4725/4117 4118/4369/3803 4151/4737/4123 4146/4724/4116
f 4119/4370/3804 4118/4369/3803 4147/4725/4117 4150/4736/4122
f 4151/4737/4123 1586/4738/4124 1583/4721/4115 4146/4724/4116
f 1586/4739/4124 1587/4740/4125 1582/4720/4114 1583/4741/4115
f 1587/4740/4125 1588/4742/4126 1581/4719/4113 1582/4720/4114
f 4152/4743/4127 1589/4744/4128 1588/4745/4126 1587/4746/4125
f 4153/4747/4129 4152/4743/4127 1587/4746/4125 1586/4738/4124
f 4151/4737/4123 4154/4748/4130 4153/4747/4129 1586/4738/4124
f 4118/4369/3803 4117/4368/3802 4154/4748/4130 4151/4737/4123
f 4154/4748/4130 4090/4341/3775 4155/4749/4131 4153/4747/4129
f 4117/4368/3802 4089/4340/3774 4090/4341/3775 4154/4748/4130
f 4153/4747/4129 4155/4749/4131 4156/4750/4132 4152/4743/4127
f 4156/4750/4132 4157/4751/4133 1589/4744/4128 4152/4743/4127
f 1589/4744/4128 4157/4751/4133 2406/1709/1450 1590/4752/4134
f 1588/4742/4126 1589/4753/4128 1590/4754/4134 1591/4755/4135
f 1588/4742/4126 1591/4755/4135 1579/4717/4111 1581/4719/4113
f 1590/4754/4134 634/1672/1418 636/1671/1419 1591/4755/4135
f 1591/4755/4135 636/1671/1419 1580/4718/4112 1579/4717/4111
f 1590/4752/4134 2406/1709/1450 635/1667/1417 634/1670/1418
f 4157/4751/4133 4158/4756/4136 657/1710/1448 2406/1709/1450
f 4156/4750/4132 4159/4757/4137 4158/4756/4136 4157/4751/4133
f 4155/4749/4131 4160/4758/4138 4159/4757/4137 4156/4750/4132
f 4090/4341/3775 4088/4339/3773 4160/4758/4138 4155/4749/4131
f 4160/4758/4138 4161/4759/4139 4162/4760/4140 4159/4757/4137
f 4088/4339/3773 4064/4315/3749 4161/4759/4139 4160/4758/4138
f 4159/4757/4137 4162/4760/4140 2417/1751/1479 4158/4756/4136
f 4158/4756/4136 2417/1751/1479 658/1752/1449 657/1710/1448
f 4163/4761/4141 2415/1749/1477 2417/1751/1479 4162/4760/4140
f 4161/4759/4139 4164/4762/4142 4163/4761/4141 4162/4760/4140
f 4064/4315/3749 4062/4313/3747 4164/4762/4142 4161/4759/4139
f 2434/1796/1513 2431/1793/1510 4163/4761/4141 4164/4762/4142
f 4062/4313/3747 4061/4312/3746 2434/1796/1513 4164/4762/4142
f 2431/1793/1510 2416/1750/1478 2415/1749/1477 4163/4761/4141
f 4061/4312/3746 2447/1833/1541 2432/1794/1511 2434/1796/1513
f 1580/4718/4112 636/1671/1419 613/1634/1388 612/1633/1387
f 1553/4683/4084 1580/4718/4112 612/1633/1387 614/1635/1389
f 4120/4371/3805 4119/4370/3804 4150/4736/4122 4139/4402/3832
f 4140/4403/3833 4141/4404/3834 1332/4444/3863 1307/4405/3835
f 561/1559/1325 546/1512/1294 544/1509/1291 1533/4658/4064
f 477/1390/1194 465/1348/1161 464/1349/1162 1484/4609/4015
f 466/1350/1163 463/1347/1160 1592/4763/4143 1483/4608/4014
f 1483/4608/4014 1592/4763/4143 1593/4764/4144 1482/4607/4013
f 1592/4763/4143 463/1347/1160 454/1296/1128 453/1299/1129
f 1593/4764/4144 1592/4763/4143 453/1299/1129 455/1301/1130
f 1593/4764/4144 455/1301/1130 1594/4765/4145 1481/4605/4012
f 1482/4607/4013 1593/4764/4144 1481/4605/4012 1480/4604/4011
f 455/1301/1130 452/1300/1127 1595/4766/4146 1594/4765/4145
f 1594/4765/4145 1595/4766/4146 445/4767/1038 1596/4768/4147
f 1481/4605/4012 1594/4765/4145 1596/4768/4147 1479/4606/4010
f 1595/4766/4146 452/1300/1127 448/4769/1096 447/4770/1066
f 1595/4766/4146 447/4770/1066 446/4771/1065 445/4767/1038
f 1596/4772/4147 445/1195/1038 2207/1192/1035 443/1190/1033
f 1479/4603/4010 1596/4772/4147 443/1190/1033 1477/4599/4008
f 1477/4599/4008 443/1190/1033 442/1189/1032 444/1191/1034
f 1476/4596/4007 2178/1156/1003 2176/1154/1001 1478/4773/4009
f 1478/4773/4009 2176/1154/1001 2174/1151/999 1597/4774/4148
f 1598/4775/4149 1475/4595/4006 1478/4601/4009 1597/4776/4148
f 1597/4777/4148 2174/4778/999 2173/1152/998 2175/1153/1000
f 1599/4779/4150 1598/4780/4149 1597/4777/4148 2175/1153/1000
f 1444/4564/3975 1475/4595/4006 1598/4775/4149 1443/4563/3974
f 1443/4563/3974 1598/4775/4149 1599/4781/4150 1600/4782/4151
f 1599/4779/4150 2175/1153/1000 1601/4783/4152 1600/4784/4151
f 2175/1153/1000 2145/1114/970 440/1113/968 1601/4783/4152
f 1602/4785/4153 1601/4786/4152 440/1111/968 439/1110/967
f 1604/4787/4154 1601/4786/4152 1602/4785/4153 1603/4788/4155
f 1600/4782/4151 1601/4786/4152 1604/4787/4154 1414/4534/3945
f 1413/4533/3944 1443/4563/3974 1600/4782/4151 1414/4534/3945
f 1414/4534/3945 1604/4787/4154 1605/4789/4156 1412/4532/3943
f 1605/4789/4156 1604/4787/4154 1603/4788/4155 1606/4790/4157
f 1602/4785/4153 439/1110/967 441/1112/969 1603/4788/4155
f 1606/4790/4157 1603/4788/4155 441/1112/969 1607/4791/4158
f 1608/4792/4159 1606/4790/4157 1607/4791/4158 1609/4793/4160
f 1608/4792/4159 1610/4794/4161 1605/4789/4156 1606/4790/4157
f 1383/4503/3914 1412/4532/3943 1605/4789/4156 1610/4794/4161
f 1611/4795/4162 1355/4475/3886 1610/4794/4161 1608/4792/4159
f 1380/4500/3911 1383/4503/3914 1610/4794/4161 1355/4475/3886
f 1611/4795/4162 1608/4792/4159 1609/4793/4160 1612/4796/4163
f 1609/4793/4160 1607/4791/4158 431/1074/935 430/1075/936
f 1612/4796/4163 1609/4793/4160 430/1075/936 432/1076/937
f 1607/4791/4158 441/1112/969 433/1077/938 431/1074/935
f 1613/4797/4164 432/1076/937 429/1073/934 1614/4798/4165
f 1612/4796/4163 432/1076/937 1613/4797/4164 1615/4799/4166
f 1611/4795/4162 1612/4796/4163 1615/4799/4166 1355/4475/3886
f 1353/4473/3884 1355/4475/3886 1615/4799/4166 1354/4474/3885
f 1613/4797/4164 1616/4800/4167 1354/4474/3885 1615/4799/4166
f 1613/4797/4164 1614/4798/4165 379/1000/874 1616/4800/4167
f 429/1073/934 408/1029/903 407/1028/902 1614/4798/4165
f 407/1028/902 377/998/872 379/1000/874 1614/4798/4165
f 1350/4469/3880 1616/4800/4167 379/1000/874 374/995/869
f 1354/4474/3885 1616/4800/4167 1350/4469/3880 1349/4470/3881
f 1350/4469/3880 374/995/869 375/996/870 1348/4468/3879
f 1319/4423/3850 1348/4468/3879 375/996/870 376/997/871
f 376/997/871 345/966/840 344/963/838 1318/4422/3849
f 1301/4386/3818 1318/4422/3849 344/963/838 343/962/837
f 2110/960/836 2108/912/805 2106/910/803 4103/4354/3788
f 2105/909/802 2085/875/771 2083/873/769 4075/4326/3760
f 2082/872/768 2051/841/737 2049/839/735 4049/4300/3734
s 7
f 4168/4801/4168 4169/4802/4169 4170/4803/4170 4171/4804/4171
f 4172/4805/4172 4173/4806/4173 4169/4802/4169 4168/4801/4168
f 4174/4807/4174 4168/4801/4168 4171/4804/4171 4175/4808/4175
f 4176/4809/4176 4172/4805/4172 4168/4801/4168 4174/4807/4174
f 4177/4810/4177 4178/4811/4178 4170/4803/4170 4169/4802/4169
f 4179/4812/4179 4177/4810/4177 4169/4802/4169 4173/4806/4173
f 4180/4813/4180 4171/4804/4171 4170/4803/4170 4178/4811/4178
f 4181/4814/4181 4175/4808/4175 4171/4804/4171 4180/4813/4180
f 4183/4815/4182 4174/4807/4174 4175/4808/4175 4182/4816/4183
f 4175/4808/4175 4181/4814/4181 4184/4817/4184 4182/4816/4183
f 4176/4809/4176 4174/4807/4174 4183/4815/4182 4185/4818/4185
f 4186/4819/4186 4187/4820/4187 4172/4805/4172 4176/4809/4176
f 4188/4821/4188 4186/4819/4186 4176/4809/4176 4185/4818/4185
f 4187/4820/4187 4189/4822/4189 4173/4806/4173 4172/4805/4172
f 4179/4812/4179 4173/4806/4173 4189/4822/4189 4190/4823/4190
f 4192/4824/4191 4177/4810/4177 4179/4812/4179 4191/4825/4192
f 4191/4825/4192 4179/4812/4179 4190/4823/4190 4193/4826/4193
f 4194/4827/4194 4178/4811/4178 4177/4810/4177 4192/4824/4191
f 4180/4813/4180 4178/4811/4178 4195/4828/4195 4196/4829/4196
f 4194/4827/4194 4197/4830/4197 4195/4828/4195 4178/4811/4178
f 4180/4813/4180 4196/4829/4196 4198/4831/4198 4181/4814/4181
f 4181/4814/4181 4198/4831/4198 4199/4832/4199 4184/4817/4184
f 4182/4816/4183 4184/4817/4184 4201/4833/4200 4200/4834/4201
f 4201/4833/4200 4184/4817/4184 4199/4832/4199 4202/4835/4202
f 4203/4836/4203 4185/4818/4185 4183/4815/4182 4182/4816/4183
f 4203/4836/4203 4182/4816/4183 4200/4834/4201 4204/4837/4204
f 4205/4838/4205 4188/4821/4188 4185/4818/4185 4203/4836/4203
f 4207/4839/4206 4186/4819/4186 4188/4821/4188 4206/4840/4207
f 4208/4841/4208 4206/4840/4207 4188/4821/4188 4205/4838/4205
f 4209/4842/4209 4187/4820/4187 4186/4819/4186 4207/4839/4206
f 4189/4822/4189 4187/4820/4187 4209/4842/4209 4210/4843/4210
f 4210/4843/4210 4211/4844/4211 4190/4823/4190 4189/4822/4189
f 4193/4826/4193 4190/4823/4190 4211/4844/4211 4212/4845/4212
f 4214/4846/4213 4191/4825/4192 4193/4826/4193 4213/4847/4214
f 4557/4848/4215 4213/4849/4214 4193/4850/4193 4212/4851/4212
f 4191/4852/4192 4214/4853/4213 4215/4854/4216 4192/4855/4191
f 4192/4824/4191 4215/4856/4216 4216/4857/4217 4194/4827/4194
f 4194/4858/4194 4216/4859/4217 4558/4860/4218 4197/4861/4197
f 4195/4828/4195 4197/4830/4197 4217/4862/4219 4218/4863/4220
f 4219/4864/4221 4197/4861/4197 4558/4860/4218 4559/4865/4222
f 4219/4866/4221 4220/4867/4223 4217/4862/4219 4197/4830/4197
f 4195/4828/4195 4218/4863/4220 4221/4868/4224 4196/4829/4196
f 4198/4831/4198 4196/4829/4196 4221/4868/4224 4222/4869/4225
f 4223/4870/4226 4199/4832/4199 4198/4831/4198 4222/4869/4225
f 4199/4832/4199 4223/4870/4226 4224/4871/4227 4202/4835/4202
f 4225/4872/4228 4200/4834/4201 4201/4833/4200 4202/4835/4202
f 4225/4873/4228 4202/4874/4202 4226/4875/4229 4560/4876/4230
f 4226/4877/4229 4202/4835/4202 4224/4871/4227 4227/4878/4231
f 4223/4870/4226 4228/4879/4232 4229/4880/4233 4224/4871/4227
f 4227/4881/4231 4224/4882/4227 4229/4883/4233 4561/4884/4234
f 4222/4869/4225 4230/4885/4235 4228/4879/4232 4223/4870/4226
f 4230/4885/4235 4222/4869/4225 4221/4868/4224 4218/4863/4220
f 4230/4885/4235 4218/4863/4220 4231/4886/4236 4232/4887/4237
f 4217/4862/4219 4233/4888/4238 4231/4886/4236 4218/4863/4220
f 4217/4862/4219 4220/4867/4223 4234/4889/4239 4233/4888/4238
f 4235/4890/4240 4236/4891/4241 4234/4889/4239 4220/4867/4223
f 4562/4892/4242 4235/4893/4240 4220/4894/4223 4219/4864/4221
f 4562/4892/4242 4219/4864/4221 4559/4865/4222 4563/4895/4243
f 4564/4896/4244 4559/4865/4222 4558/4860/4218 4216/4859/4217
f 4565/4897/4245 4563/4895/4243 4559/4865/4222 4564/4896/4244
f 4566/4898/4246 4564/4896/4244 4216/4859/4217 4215/4854/4216
f 4567/4899/4247 4565/4897/4245 4564/4896/4244 4566/4898/4246
f 4568/4900/4248 4563/4895/4243 4565/4897/4245 4569/4901/4249
f 4570/4902/4250 4569/4901/4249 4565/4897/4245 4567/4899/4247
f 4562/4892/4242 4563/4895/4243 4568/4900/4248 4571/4903/4251
f 4572/4904/4252 4235/4893/4240 4562/4892/4242 4571/4903/4251
f 4572/4904/4252 4573/4905/4253 4236/4906/4241 4235/4893/4240
f 4237/4907/4254 4233/4888/4238 4234/4889/4239 4236/4891/4241
f 4238/4908/4255 4237/4909/4254 4236/4906/4241 4573/4905/4253
f 4239/4910/4256 4232/4887/4237 4231/4886/4236 4233/4888/4238
f 4239/4910/4256 4233/4888/4238 4237/4907/4254 4240/4911/4257
f 4230/4885/4235 4232/4887/4237 4241/4912/4258 4228/4879/4232
f 4241/4912/4258 4232/4887/4237 4239/4910/4256 4242/4913/4259
f 4243/4914/4260 4228/4879/4232 4241/4912/4258 4242/4913/4259
f 4229/4883/4233 4228/4915/4232 4243/4916/4260 4561/4884/4234
f 4561/4884/4234 4243/4916/4260 4245/4917/4261 4244/4918/4262
f 4574/4919/4263 4227/4881/4231 4561/4884/4234 4244/4918/4262
f 4245/4920/4261 4243/4914/4260 4242/4913/4259 4246/4921/4264
f 4242/4913/4259 4239/4910/4256 4240/4911/4257 4246/4921/4264
f 4247/4922/4265 4240/4911/4257 4237/4907/4254 4238/4923/4255
f 4248/4924/4266 4246/4921/4264 4240/4911/4257 4247/4922/4265
f 4575/4925/4267 4238/4908/4255 4573/4905/4253 4576/4926/4268
f 4249/4927/4269 4247/4928/4265 4238/4908/4255 4575/4925/4267
f 4576/4926/4268 4573/4905/4253 4572/4904/4252 4577/4929/4270
f 4578/4930/4271 4577/4929/4270 4572/4904/4252 4571/4903/4251
f 4579/4931/4272 4571/4903/4251 4568/4900/4248 4569/4901/4249
f 4578/4930/4271 4571/4903/4251 4579/4931/4272 4580/4932/4273
f 4581/4933/4274 4579/4931/4272 4569/4901/4249 4570/4902/4250
f 4582/4934/4275 4570/4902/4250 4567/4899/4247 4583/4935/4276
f 4581/4933/4274 4570/4902/4250 4582/4934/4275 4584/4936/4277
f 4585/4937/4278 4580/4932/4273 4579/4931/4272 4581/4933/4274
f 4586/4938/4279 4585/4937/4278 4581/4933/4274 4584/4936/4277
f 4587/4939/4280 4578/4930/4271 4580/4932/4273 4588/4940/4281
f 4589/4941/4282 4588/4940/4281 4580/4932/4273 4585/4937/4278
f 4590/4942/4283 4577/4929/4270 4578/4930/4271 4587/4939/4280
f 4576/4926/4268 4577/4929/4270 4590/4942/4283 4591/4943/4284
f 4592/4944/4285 4575/4925/4267 4576/4926/4268 4591/4943/4284
f 4593/4945/4286 4249/4927/4269 4575/4925/4267 4592/4944/4285
f 4250/4946/4287 4248/4924/4266 4247/4922/4265 4249/4947/4269
f 4250/4948/4287 4249/4927/4269 4593/4945/4286 4251/4949/4288
f 4252/4950/4289 4245/4920/4261 4246/4921/4264 4248/4924/4266
f 4253/4951/4290 4252/4950/4289 4248/4924/4266 4250/4946/4287
f 4254/4952/4291 4244/4953/4262 4245/4920/4261 4252/4950/4289
f 4255/4954/4292 4254/4952/4291 4252/4950/4289 4253/4951/4290
f 4256/4955/4293 4253/4951/4290 4250/4946/4287 4251/4956/4288
f 4257/4957/4294 4255/4958/4292 4253/4959/4290 4256/4960/4293
f 4251/4949/4288 4593/4945/4286 4594/4961/4295 4258/4962/4296
f 4259/4963/4297 4256/4955/4293 4251/4956/4288 4258/4964/4296
f 4594/4961/4295 4593/4945/4286 4592/4944/4285 4595/4965/4298
f 4592/4944/4285 4591/4943/4284 4596/4966/4299 4595/4965/4298
f 4597/4967/4300 4591/4943/4284 4590/4942/4283 4587/4939/4280
f 4596/4966/4299 4591/4943/4284 4597/4967/4300 4598/4968/4301
f 4599/4969/4302 4597/4967/4300 4587/4939/4280 4588/4940/4281
f 4600/4970/4303 4599/4969/4302 4588/4940/4281 4589/4941/4282
f 4601/4971/4304 4589/4941/4282 4585/4937/4278 4586/4938/4279
f 4602/4972/4305 4600/4970/4303 4589/4941/4282 4601/4971/4304
f 4586/4938/4279 4584/4936/4277 4603/4973/4306 4604/4974/4307
f 4605/4975/4308 4601/4971/4304 4586/4938/4279 4604/4974/4307
f 4606/4976/4309 4602/4972/4305 4601/4971/4304 4605/4975/4308
f 4607/4977/4310 4608/4978/4311 4600/4970/4303 4602/4972/4305
f 4609/4979/4312 4607/4977/4310 4602/4972/4305 4606/4976/4309
f 4608/4978/4311 4610/4980/4313 4599/4969/4302 4600/4970/4303
f 4598/4968/4301 4597/4967/4300 4599/4969/4302 4610/4980/4313
f 4611/4981/4314 4595/4965/4298 4596/4966/4299 4598/4968/4301
f 4612/4982/4315 4611/4981/4314 4598/4968/4301 4610/4980/4313
f 4260/4983/4316 4258/4962/4296 4594/4961/4295 4595/4965/4298
f 4613/4984/4317 4260/4983/4316 4595/4965/4298 4611/4981/4314
f 4261/4985/4318 4259/4963/4297 4258/4964/4296 4260/4986/4316
f 4257/4987/4294 4256/4955/4293 4259/4963/4297 4261/4985/4318
f 4614/4988/4319 4615/4989/4320 4255/4958/4292 4257/4957/4294
f 4262/4990/4321 4614/4988/4319 4257/4957/4294 4261/4991/4318
f 4616/4992/4322 4254/4993/4291 4255/4958/4292 4615/4989/4320
f 4617/4994/4323 4618/4995/4324 4616/4992/4322 4615/4989/4320
f 4619/4996/4325 4617/4994/4323 4615/4989/4320 4614/4988/4319
f 4620/4997/4326 4619/4996/4325 4614/4988/4319 4262/4990/4321
f 4263/4998/4327 4262/4999/4321 4968/5000/4328 4264/5001/4329
f 4621/5002/4330 4620/4997/4326 4262/4990/4321 4263/5003/4327
f 4264/5004/4329 4261/5005/4318 4260/4983/4316 4622/5006/4331
f 4622/5006/4331 4260/4983/4316 4613/4984/4317 4623/5007/4332
f 4613/4984/4317 4611/4981/4314 4612/4982/4315 4624/5008/4333
f 4625/5009/4334 4623/5007/4332 4613/4984/4317 4624/5008/4333
f 4626/5010/4335 4612/4982/4315 4610/4980/4313 4608/4978/4311
f 4627/5011/4336 4624/5008/4333 4612/4982/4315 4626/5010/4335
f 4628/5012/4337 4626/5010/4335 4608/4978/4311 4607/4977/4310
f 4629/5013/4338 4628/5012/4337 4607/4977/4310 4609/4979/4312
f 4630/5014/4339 4609/4979/4312 4606/4976/4309 4631/5015/4340
f 4632/5016/4341 4629/5013/4338 4609/4979/4312 4630/5014/4339
f 4633/5017/4342 4634/5018/4343 4628/5012/4337 4629/5013/4338
f 4635/5019/4344 4633/5017/4342 4629/5013/4338 4632/5016/4341
f 4634/5018/4343 4627/5011/4336 4626/5010/4335 4628/5012/4337
f 4636/5020/4345 4624/5008/4333 4627/5011/4336 4637/5021/4346
f 4638/5022/4347 4637/5021/4346 4627/5011/4336 4634/5018/4343
f 4625/5009/4334 4624/5008/4333 4636/5020/4345 4639/5023/4348
f 4640/5024/4349 4623/5007/4332 4625/5009/4334 4639/5023/4348
f 4641/5025/4350 4622/5006/4331 4623/5007/4332 4640/5024/4349
f 4265/5026/4351 4264/5004/4329 4622/5006/4331 4641/5025/4350
f 4266/5027/4352 4263/4998/4327 4264/5001/4329 4265/5028/4351
f 4642/5029/4353 4621/5002/4330 4263/5003/4327 4266/5030/4352
f 4643/5031/4354 4644/5032/4355 4620/4997/4326 4621/5002/4330
f 4645/5033/4356 4643/5031/4354 4621/5002/4330 4642/5029/4353
f 4644/5032/4355 4646/5034/4357 4619/4996/4325 4620/4997/4326
f 4647/5035/4358 4648/5036/4359 4646/5034/4357 4644/5032/4355
f 4649/5037/4360 4647/5035/4358 4644/5032/4355 4643/5031/4354
f 4650/5038/4361 4649/5037/4360 4643/5031/4354 4645/5033/4356
f 4267/5039/4362 4645/5033/4356 4642/5029/4353 4268/5040/4363
f 4651/5041/4364 4650/5038/4361 4645/5033/4356 4267/5039/4362
f 4268/5040/4363 4642/5029/4353 4266/5030/4352 4269/5042/4365
f 4269/5043/4365 4266/5027/4352 4265/5028/4351 4270/5044/4366
f 4652/5045/4367 4270/5046/4366 4265/5026/4351 4641/5025/4350
f 4652/5045/4367 4641/5025/4350 4640/5024/4349 4653/5047/4368
f 4653/5047/4368 4640/5024/4349 4639/5023/4348 4654/5048/4369
f 4654/5048/4369 4639/5023/4348 4636/5020/4345 4655/5049/4370
f 4655/5049/4370 4636/5020/4345 4637/5021/4346 4656/5050/4371
f 4656/5050/4371 4637/5021/4346 4638/5022/4347 4657/5051/4372
f 4658/5052/4373 4638/5022/4347 4634/5018/4343 4633/5017/4342
f 4659/5053/4374 4657/5051/4372 4638/5022/4347 4658/5052/4373
f 4660/5054/4375 4657/5051/4372 4659/5053/4374 4661/5055/4376
f 4662/5056/4377 4663/5057/4378 4656/5050/4371 4657/5051/4372
f 4662/5056/4377 4657/5051/4372 4660/5054/4375 4664/5058/4379
f 4665/5059/4380 4655/5049/4370 4656/5050/4371 4663/5057/4378
f 4666/5060/4381 4654/5048/4369 4655/5049/4370 4665/5059/4380
f 4667/5061/4382 4653/5047/4368 4654/5048/4369 4666/5060/4381
f 4668/5062/4383 4652/5045/4367 4653/5047/4368 4667/5061/4382
f 4668/5062/4383 4271/5063/4384 4270/5046/4366 4652/5045/4367
f 4269/5043/4365 4270/5044/4366 4271/5064/4384 4272/5065/4385
f 4273/5066/4386 4268/5067/4363 4269/5043/4365 4272/5065/4385
f 4274/5068/4387 4267/5069/4362 4268/5067/4363 4273/5066/4386
f 4669/5070/4388 4651/5041/4364 4267/5039/4362 4274/5071/4387
f 4670/5072/4389 4671/5073/4390 4650/5038/4361 4651/5041/4364
f 4672/5074/4391 4670/5072/4389 4651/5041/4364 4669/5070/4388
f 4673/5075/4392 4669/5070/4388 4274/5071/4387 4674/5076/4393
f 4675/5077/4394 4672/5074/4391 4669/5070/4388 4673/5075/4392
f 4674/5076/4393 4274/5071/4387 4273/5078/4386 4275/5079/4395
f 4275/5080/4395 4273/5066/4386 4272/5065/4385 4276/5081/4396
f 4276/5081/4396 4272/5065/4385 4271/5064/4384 4277/5082/4397
f 4676/5083/4398 4277/5084/4397 4271/5063/4384 4668/5062/4383
f 4676/5083/4398 4668/5062/4383 4667/5061/4382 4677/5085/4399
f 4678/5086/4400 4677/5085/4399 4667/5061/4382 4666/5060/4381
f 4678/5086/4400 4666/5060/4381 4665/5059/4380 4679/5087/4401
f 4679/5087/4401 4665/5059/4380 4663/5057/4378 4680/5088/4402
f 4681/5089/4403 4680/5088/4402 4663/5057/4378 4662/5056/4377
f 4682/5090/4404 4681/5089/4403 4662/5056/4377 4664/5058/4379
f 4683/5091/4405 4664/5058/4379 4660/5054/4375 4661/5055/4376
f 4684/5092/4406 4682/5090/4404 4664/5058/4379 4683/5091/4405
f 4685/5093/4407 4686/5094/4408 4681/5089/4403 4682/5090/4404
f 4687/5095/4409 4685/5093/4407 4682/5090/4404 4684/5092/4406
f 4686/5094/4408 4688/5096/4410 4680/5088/4402 4681/5089/4403
f 4689/5097/4411 4679/5087/4401 4680/5088/4402 4688/5096/4410
f 4689/5097/4411 4690/5098/4412 4678/5086/4400 4679/5087/4401
f 4690/5098/4412 4691/5099/4413 4677/5085/4399 4678/5086/4400
f 4692/5100/4414 4676/5083/4398 4677/5085/4399 4691/5099/4413
f 4278/5101/4415 4277/5084/4397 4676/5083/4398 4692/5100/4414
f 4279/5102/4416 4276/5081/4396 4277/5082/4397 4278/5103/4415
f 4280/5104/4417 4275/5080/4395 4276/5081/4396 4279/5102/4416
f 4281/5105/4418 4674/5076/4393 4275/5079/4395 4280/5106/4417
f 4693/5107/4419 4673/5075/4392 4674/5076/4393 4281/5105/4418
f 4694/5108/4420 4675/5077/4394 4673/5075/4392 4693/5107/4419
f 4695/5109/4421 4696/5110/4422 4672/5074/4391 4675/5077/4394
f 4697/5111/4423 4695/5109/4421 4675/5077/4394 4694/5108/4420
f 4698/5112/4424 4694/5108/4420 4693/5107/4419 4699/5113/4425
f 4700/5114/4426 4697/5111/4423 4694/5108/4420 4698/5112/4424
f 4699/5113/4425 4693/5107/4419 4281/5105/4418 4282/5115/4427
f 4282/5116/4427 4281/5117/4418 4280/5104/4417 4283/5118/4428
f 4280/5104/4417 4279/5102/4416 4284/5119/4429 4283/5118/4428
f 4284/5119/4429 4279/5102/4416 4278/5103/4415 4285/5120/4430
f 4285/5121/4430 4278/5101/4415 4692/5100/4414 4286/5122/4431
f 4692/5100/4414 4691/5099/4413 4701/5123/4432 4286/5122/4431
f 4702/5124/4433 4701/5123/4432 4691/5099/4413 4690/5098/4412
f 4703/5125/4434 4702/5124/4433 4690/5098/4412 4689/5097/4411
f 4689/5097/4411 4688/5096/4410 4704/5126/4435 4703/5125/4434
f 4704/5126/4435 4688/5096/4410 4686/5094/4408 4705/5127/4436
f 4706/5128/4437 4705/5127/4436 4686/5094/4408 4685/5093/4407
f 4707/5129/4438 4705/5127/4436 4706/5128/4437 4708/5130/4439
f 4709/5131/4440 4710/5132/4441 4704/5126/4435 4705/5127/4436
f 4709/5131/4440 4705/5127/4436 4707/5129/4438 4711/5133/4442
f 4703/5125/4434 4704/5126/4435 4710/5132/4441 4712/5134/4443
f 4712/5134/4443 4713/5135/4444 4702/5124/4433 4703/5125/4434
f 4713/5135/4444 4714/5136/4445 4701/5123/4432 4702/5124/4433
f 4287/5137/4446 4286/5122/4431 4701/5123/4432 4714/5136/4445
f 4284/5119/4429 4285/5120/4430 4286/5138/4431 4283/5118/4428
f 4283/5118/4428 4286/5138/4431 4287/5139/4446 4288/5140/4447
f 4282/5116/4427 4283/5118/4428 4288/5140/4447 4289/5141/4448
f 4699/5113/4425 4282/5115/4427 4289/5142/4448 4715/5143/4449
f 4716/5144/4450 4698/5112/4424 4699/5113/4425 4715/5143/4449
f 4717/5145/4451 4700/5114/4426 4698/5112/4424 4716/5144/4450
f 4718/5146/4452 4719/5147/4453 4697/5111/4423 4700/5114/4426
f 4720/5148/4454 4718/5146/4452 4700/5114/4426 4717/5145/4451
f 4721/5149/4455 4717/5145/4451 4716/5144/4450 4722/5150/4456
f 4723/5151/4457 4720/5148/4454 4717/5145/4451 4721/5149/4455
f 4716/5144/4450 4715/5143/4449 4724/5152/4458 4722/5150/4456
f 4715/5143/4449 4289/5142/4448 4725/5153/4459 4724/5152/4458
f 4725/5153/4459 4289/5142/4448 4288/5154/4447 4290/5155/4460
f 4288/5140/4447 4287/5139/4446 4291/5156/4461 4290/5157/4460
f 4287/5137/4446 4714/5136/4445 4726/5158/4462 4291/5159/4461
f 4727/5160/4463 4726/5158/4462 4714/5136/4445 4713/5135/4444
f 4713/5135/4444 4712/5134/4443 4728/5161/4464 4727/5160/4463
f 4729/5162/4465 4728/5161/4464 4712/5134/4443 4710/5132/4441
f 4730/5163/4466 4729/5162/4465 4710/5132/4441 4709/5131/4440
f 4730/5163/4466 4709/5131/4440 4711/5133/4442 4731/5164/4467
f 4711/5133/4442 4707/5129/4438 4732/5165/4468 4733/5166/4469
f 4731/5164/4467 4711/5133/4442 4733/5166/4469 4734/5167/4470
f 4735/5168/4471 4736/5169/4472 4730/5163/4466 4731/5164/4467
f 4737/5170/4473 4735/5168/4471 4731/5164/4467 4734/5167/4470
f 4736/5169/4472 4738/5171/4474 4729/5162/4465 4730/5163/4466
f 4738/5171/4474 4739/5172/4475 4728/5161/4464 4729/5162/4465
f 4727/5160/4463 4728/5161/4464 4739/5172/4475 4740/5173/4476
f 4741/5174/4477 4726/5158/4462 4727/5160/4463 4740/5173/4476
f 4292/5175/4478 4291/5159/4461 4726/5158/4462 4741/5174/4477
f 4291/5156/4461 4292/5176/4478 4293/5177/4479 4290/5157/4460
f 4294/5178/4480 4290/5157/4460 4293/5177/4479 4295/5179/4481
f 4725/5153/4459 4290/5155/4460 4294/5180/4480 4742/5181/4482
f 4724/5152/4458 4725/5153/4459 4742/5181/4482 4743/5182/4483
f 4722/5150/4456 4724/5152/4458 4743/5182/4483 4744/5183/4484
f 4745/5184/4485 4721/5149/4455 4722/5150/4456 4744/5183/4484
f 4744/5183/4484 4743/5182/4483 4746/5185/4486 4747/5186/4487
f 4745/5184/4485 4744/5183/4484 4747/5186/4487 4748/5187/4488
f 4743/5182/4483 4742/5181/4482 4749/5188/4489 4746/5185/4486
f 4742/5181/4482 4294/5180/4480 4296/5189/4490 4749/5188/4489
f 4296/5190/4490 4294/5178/4480 4295/5179/4481 4297/5191/4491
f 4295/5179/4481 4293/5177/4479 4292/5176/4478 4298/5192/4492
f 4297/5191/4491 4295/5179/4481 4298/5192/4492 4299/5193/4493
f 4292/5175/4478 4741/5174/4477 4750/5194/4494 4298/5195/4492
f 4740/5173/4476 4751/5196/4495 4750/5194/4494 4741/5174/4477
f 4752/5197/4496 4753/5198/4497 4740/5173/4476 4739/5172/4475
f 4753/5198/4497 4754/5199/4498 4751/5196/4495 4740/5173/4476
f 4755/5200/4499 4752/5197/4496 4739/5172/4475 4738/5171/4474
f 4736/5169/4472 4756/5201/4500 4755/5200/4499 4738/5171/4474
f 4735/5168/4471 4757/5202/4501 4756/5201/4500 4736/5169/4472
f 4758/5203/4502 4759/5204/4503 4755/5200/4499 4756/5201/4500
f 4760/5205/4504 4758/5203/4502 4756/5201/4500 4757/5202/4501
f 4759/5204/4503 4761/5206/4505 4752/5197/4496 4755/5200/4499
f 4752/5197/4496 4761/5206/4505 4762/5207/4506 4753/5198/4497
f 4762/5207/4506 4763/5208/4507 4754/5199/4498 4753/5198/4497
f 4754/5199/4498 4300/5209/4508 4301/5210/4509 4751/5196/4495
f 4754/5199/4498 4763/5208/4507 4764/5211/4510 4300/5209/4508
f 4299/5212/4493 4298/5195/4492 4750/5194/4494 4751/5196/4495
f 4299/5212/4493 4751/5196/4495 4301/5210/4509 4302/5213/4511
f 4303/5214/4512 4299/5193/4493 4302/5215/4511 4304/5216/4513
f 4297/5191/4491 4299/5193/4493 4303/5214/4512 4305/5217/4514
f 4306/5218/4515 4296/5190/4490 4297/5191/4491 4305/5217/4514
f 4765/5219/4516 4749/5188/4489 4296/5189/4490 4306/5220/4515
f 4746/5185/4486 4749/5188/4489 4765/5219/4516 4766/5221/4517
f 4767/5222/4518 4765/5219/4516 4306/5220/4515 4307/5223/4519
f 4766/5221/4517 4765/5219/4516 4767/5222/4518 4768/5224/4520
f 4307/5223/4519 4306/5220/4515 4305/5225/4514 4308/5226/4521
f 4308/5227/4521 4305/5217/4514 4303/5214/4512 4309/5228/4522
f 4309/5228/4522 4303/5214/4512 4304/5216/4513 4310/5229/4523
f 4304/5216/4513 4302/5215/4511 4301/5230/4509 4300/5231/4508
f 4304/5216/4513 4300/5231/4508 4311/5232/4524 4310/5229/4523
f 4311/5233/4524 4300/5209/4508 4764/5211/4510 4312/5234/4525
f 4769/5235/4526 4312/5234/4525 4764/5211/4510 4763/5208/4507
f 4762/5207/4506 4770/5236/4527 4771/5237/4528 4763/5208/4507
f 4769/5235/4526 4763/5208/4507 4771/5237/4528 4772/5238/4529
f 4773/5239/4530 4770/5236/4527 4762/5207/4506 4761/5206/4505
f 4774/5240/4531 4773/5239/4530 4761/5206/4505 4759/5204/4503
f 4775/5241/4532 4774/5240/4531 4759/5204/4503 4758/5203/4502
f 4774/5240/4531 4776/5242/4533 4777/5243/4534 4773/5239/4530
f 4775/5241/4532 4778/5244/4535 4776/5242/4533 4774/5240/4531
f 4773/5239/4530 4777/5243/4534 4779/5245/4536 4770/5236/4527
f 4780/5246/4537 4770/5236/4527 4779/5245/4536 4781/5247/4538
f 4780/5246/4537 4772/5238/4529 4771/5237/4528 4770/5236/4527
f 4782/5248/4539 4783/5249/4540 4772/5238/4529 4780/5246/4537
f 4784/5250/4541 4769/5235/4526 4772/5238/4529 4783/5249/4540
f 4784/5250/4541 4313/5251/4542 4312/5234/4525 4769/5235/4526
f 4314/5252/4543 4311/5232/4524 4312/5253/4525 4313/5254/4542
f 4315/5255/4544 4310/5229/4523 4311/5232/4524 4314/5252/4543
f 4316/5256/4545 4309/5228/4522 4310/5229/4523 4315/5255/4544
f 4308/5227/4521 4309/5228/4522 4316/5256/4545 4317/5257/4546
f 4318/5258/4547 4307/5259/4519 4308/5227/4521 4317/5257/4546
f 4319/5260/4548 4767/5222/4518 4307/5223/4519 4318/5261/4547
f 4318/5262/4547 4317/5263/4546 4321/5264/4549 4320/5265/4550
f 4319/5266/4548 4318/5262/4547 4320/5265/4550 4322/5267/4551
f 4321/5268/4549 4317/5257/4546 4316/5256/4545 4323/5269/4552
f 4323/5269/4552 4316/5256/4545 4315/5255/4544 4324/5270/4553
f 4315/5255/4544 4314/5252/4543 4325/5271/4554 4324/5270/4553
f 4325/5271/4554 4314/5252/4543 4313/5254/4542 4326/5272/4555
f 4326/5273/4555 4313/5251/4542 4784/5250/4541 4327/5274/4556
f 4784/5250/4541 4783/5249/4540 4328/5275/4557 4327/5274/4556
f 4328/5275/4557 4783/5249/4540 4782/5248/4539 4329/5276/4558
f 4782/5248/4539 4780/5246/4537 4781/5247/4538 4785/5277/4559
f 4329/5276/4558 4782/5248/4539 4785/5277/4559 4330/5278/4560
f 4786/5279/4561 4781/5247/4538 4779/5245/4536 4777/5243/4534
f 4787/5280/4562 4785/5277/4559 4781/5247/4538 4786/5279/4561
f 4788/5281/4563 4786/5279/4561 4777/5243/4534 4776/5242/4533
f 4789/5282/4564 4787/5280/4562 4786/5279/4561 4788/5281/4563
f 4331/5283/4565 4330/5278/4560 4785/5277/4559 4787/5280/4562
f 4790/5284/4566 4331/5285/4565 4787/5286/4562 4789/5287/4564
f 4333/5288/4567 4330/5289/4560 4331/5290/4565 4332/5291/4568
f 4334/5292/4569 4329/5293/4558 4330/5289/4560 4333/5288/4567
f 4334/5292/4569 4335/5294/4570 4328/5295/4557 4329/5293/4558
f 4327/5274/4556 4328/5275/4557 4335/5296/4570 4336/5297/4571
f 4325/5271/4554 4326/5272/4555 4327/5298/4556 4324/5270/4553
f 4337/5299/4572 4324/5270/4553 4327/5298/4556 4336/5300/4571
f 4338/5301/4573 4323/5269/4552 4324/5270/4553 4337/5299/4572
f 4321/5264/4549 4323/5302/4552 4338/5303/4573 4339/5304/4574
f 4340/5305/4575 4320/5265/4550 4321/5264/4549 4339/5304/4574
f 4322/5267/4551 4320/5265/4550 4340/5305/4575 4341/5306/4576
f 4791/5307/4577 4319/5260/4548 4322/5308/4551 4342/5309/4578
f 4342/5310/4578 4322/5267/4551 4341/5306/4576 4343/5311/4579
f 4340/5305/4575 4339/5304/4574 4344/5312/4580 4341/5306/4576
f 4341/5306/4576 4344/5312/4580 4345/5313/4581 4343/5311/4579
f 4346/5314/4582 4339/5304/4574 4338/5303/4573 4347/5315/4583
f 4344/5312/4580 4339/5304/4574 4346/5314/4582 4348/5316/4584
f 4338/5303/4573 4337/5317/4572 4349/5318/4585 4347/5315/4583
f 4349/5319/4585 4337/5299/4572 4336/5300/4571 4350/5320/4586
f 4336/5321/4571 4335/5294/4570 4351/5322/4587 4350/5323/4586
f 4351/5322/4587 4335/5294/4570 4334/5292/4569 4352/5324/4588
f 4352/5324/4588 4334/5292/4569 4333/5288/4567 4353/5325/4589
f 4333/5288/4567 4332/5291/4568 4354/5326/4590 4353/5325/4589
f 4332/5327/4568 4331/5285/4565 4790/5284/4566 4355/5328/4591
f 4354/5329/4590 4332/5327/4568 4355/5328/4591 4356/5330/4592
f 4790/5284/4566 4789/5287/4564 4792/5331/4593 4793/5332/4594
f 4357/5333/4595 4355/5328/4591 4790/5284/4566 4793/5332/4594
f 4358/5334/4596 4356/5335/4592 4355/5336/4591 4357/5337/4595
f 4359/5338/4597 4353/5325/4589 4354/5326/4590 4356/5335/4592
f 4360/5339/4598 4359/5338/4597 4356/5335/4592 4358/5334/4596
f 4361/5340/4599 4362/5341/4600 4352/5324/4588 4353/5325/4589
f 4361/5340/4599 4353/5325/4589 4359/5338/4597 4363/5342/4601
f 4362/5341/4600 4350/5323/4586 4351/5322/4587 4352/5324/4588
f 4349/5318/4585 4350/5323/4586 4362/5341/4600 4347/5315/4583
f 4364/5343/4602 4347/5315/4583 4362/5341/4600 4361/5340/4599
f 4346/5314/4582 4347/5315/4583 4364/5343/4602 4348/5316/4584
f 4345/5313/4581 4344/5312/4580 4348/5316/4584 4365/5344/4603
f 4365/5344/4603 4348/5316/4584 4364/5343/4602 4366/5345/4604
f 4367/5346/4605 4343/5311/4579 4345/5313/4581 4368/5347/4606
f 4369/5348/4607 4368/5347/4606 4345/5313/4581 4365/5344/4603
f 4367/5346/4605 4370/5349/4608 4342/5310/4578 4343/5311/4579
f 4372/5350/4609 4370/5349/4608 4367/5346/4605 4371/5351/4610
f 4371/5351/4610 4367/5346/4605 4368/5347/4606 4373/5352/4611
f 4374/5353/4612 4373/5352/4611 4368/5347/4606 4369/5348/4607
f 4369/5348/4607 4365/5344/4603 4366/5345/4604 4375/5354/4613
f 4374/5353/4612 4369/5348/4607 4375/5354/4613 4376/5355/4614
f 4366/5345/4604 4364/5343/4602 4361/5340/4599 4363/5342/4601
f 4375/5354/4613 4366/5345/4604 4363/5342/4601 4377/5356/4615
f 4377/5356/4615 4363/5342/4601 4359/5338/4597 4360/5339/4598
f 4378/5357/4616 4360/5339/4598 4358/5334/4596 4379/5358/4617
f 4377/5356/4615 4360/5339/4598 4378/5357/4616 4380/5359/4618
f 4379/5358/4617 4358/5334/4596 4357/5337/4595 4381/5360/4619
f 4381/5361/4619 4357/5362/4595 4793/5363/4594 4382/5364/4620
f 4382/5364/4620 4793/5363/4594 4792/5365/4593 4794/5366/4621
f 4792/5365/4593 4789/5282/4564 4788/5281/4563 4795/5367/4622
f 4792/5365/4593 4795/5367/4622 4796/5368/4623 4794/5366/4621
f 4797/5369/4624 4794/5366/4621 4796/5368/4623 4798/5370/4625
f 4383/5371/4626 4382/5364/4620 4794/5366/4621 4797/5369/4624
f 4384/5372/4627 4381/5360/4619 4382/5373/4620 4383/5374/4626
f 4385/5375/4628 4379/5358/4617 4381/5360/4619 4384/5372/4627
f 4386/5376/4629 4378/5357/4616 4379/5358/4617 4385/5375/4628
f 4380/5359/4618 4378/5357/4616 4386/5376/4629 4387/5377/4630
f 4376/5355/4614 4375/5354/4613 4377/5356/4615 4380/5359/4618
f 4388/5378/4631 4376/5355/4614 4380/5359/4618 4387/5377/4630
f 4389/5379/4632 4374/5353/4612 4376/5355/4614 4388/5378/4631
f 4389/5379/4632 4390/5380/4633 4373/5352/4611 4374/5353/4612
f 4391/5381/4634 4371/5351/4610 4373/5352/4611 4390/5380/4633
f 4392/5382/4635 4372/5350/4609 4371/5351/4610 4391/5381/4634
f 4394/5383/4636 4370/5349/4608 4372/5350/4609 4393/5384/4637
f 4395/5385/4638 4393/5384/4637 4372/5350/4609 4392/5382/4635
f 4396/5386/4639 4395/5385/4638 4392/5382/4635 4397/5387/4640
f 4397/5387/4640 4392/5382/4635 4391/5381/4634 4398/5388/4641
f 4391/5381/4634 4390/5380/4633 4399/5389/4642 4398/5388/4641
f 4400/5390/4643 4399/5389/4642 4390/5380/4633 4389/5379/4632
f 4400/5390/4643 4389/5379/4632 4388/5378/4631 4401/5391/4644
f 4388/5378/4631 4387/5377/4630 4402/5392/4645 4401/5391/4644
f 4386/5376/4629 4385/5375/4628 4403/5393/4646 4387/5377/4630
f 4402/5392/4645 4387/5377/4630 4403/5393/4646 4404/5394/4647
f 4403/5393/4646 4385/5375/4628 4384/5372/4627 4405/5395/4648
f 4384/5372/4627 4383/5374/4626 4406/5396/4649 4405/5395/4648
f 4406/5397/4649 4383/5398/4626 4797/5399/4624 4799/5400/4650
f 4797/5369/4624 4798/5370/4625 4800/5401/4651 4799/5402/4650
f 4796/5368/4623 4801/5403/4652 4802/5404/4653 4798/5370/4625
f 4800/5401/4651 4798/5370/4625 4802/5404/4653 4803/5405/4654
f 4804/5406/4655 4799/5402/4650 4800/5401/4651 4803/5405/4654
f 4406/5397/4649 4799/5400/4650 4804/5407/4655 4405/5408/4648
f 4407/5409/4656 4405/5408/4648 4804/5407/4655 4805/5410/4657
f 4403/5393/4646 4405/5395/4648 4407/5411/4656 4404/5394/4647
f 4408/5412/4658 4404/5394/4647 4407/5411/4656 4409/5413/4659
f 4411/5414/4660 4404/5394/4647 4408/5412/4658 4410/5415/4661
f 4402/5392/4645 4404/5394/4647 4411/5414/4660 4401/5391/4644
f 4400/5390/4643 4401/5391/4644 4411/5414/4660 4399/5389/4642
f 4399/5389/4642 4411/5414/4660 4410/5415/4661 4398/5388/4641
f 4412/5416/4662 4397/5387/4640 4398/5388/4641 4413/5417/4663
f 4410/5415/4661 4414/5418/4664 4413/5417/4663 4398/5388/4641
f 4412/5416/4662 4415/5419/4665 4416/5420/4666 4397/5387/4640
f 4396/5386/4639 4397/5387/4640 4416/5420/4666 4417/5421/4667
f 4396/5422/4639 4417/5423/4667 4806/5424/4668 4395/5425/4638
f 4417/5423/4667 4807/5426/4669 4808/5427/4670 4806/5424/4668
f 4418/5428/4671 4807/5426/4669 4417/5423/4667 4416/5429/4666
f 4415/5419/4665 4419/5430/4672 4418/5431/4671 4416/5420/4666
f 4420/5432/4673 4421/5433/4674 4419/5430/4672 4415/5419/4665
f 4422/5434/4675 4420/5432/4673 4415/5419/4665 4412/5416/4662
f 4422/5434/4675 4412/5416/4662 4413/5417/4663 4423/5435/4676
f 4423/5435/4676 4413/5417/4663 4414/5418/4664 4424/5436/4677
f 4425/5437/4678 4426/5438/4679 4424/5436/4677 4414/5418/4664
f 4414/5418/4664 4410/5415/4661 4408/5412/4658 4425/5437/4678
f 4425/5437/4678 4408/5412/4658 4409/5413/4659 4426/5438/4679
f 4409/5439/4659 4407/5409/4656 4805/5410/4657 4809/5440/4680
f 4426/5441/4679 4409/5442/4659 4809/5443/4680 4427/5444/4681
f 4804/5406/4655 4803/5405/4654 4810/5445/4682 4805/5446/4657
f 4809/5440/4680 4805/5410/4657 4810/5447/4682 4811/5448/4683
f 4809/5443/4680 4811/5449/4683 4428/5450/4684 4427/5444/4681
f 4429/5451/4685 4427/5452/4681 4428/5453/4684 4430/5454/4686
f 4432/5455/4687 4969/5456/4688 4429/5451/4685 4431/5457/4689
f 4433/5458/4690 4426/5438/4679 4969/5456/4688 4432/5455/4687
f 4424/5436/4677 4426/5438/4679 4433/5458/4690 4434/5459/4691
f 4435/5460/4692 4423/5435/4676 4424/5436/4677 4434/5459/4691
f 4435/5460/4692 4436/5461/4693 4437/5462/4694 4423/5435/4676
f 4422/5434/4675 4423/5435/4676 4437/5462/4694 4420/5432/4673
f 4437/5462/4694 4438/5463/4695 4421/5433/4674 4420/5432/4673
f 4421/5433/4674 4438/5463/4695 4439/5464/4696 4440/5465/4697
f 4421/5433/4674 4440/5465/4697 4441/5466/4698 4419/5430/4672
f 4418/5431/4671 4419/5430/4672 4441/5466/4698 4442/5467/4699
f 4442/5468/4699 4812/5469/4700 4807/5426/4669 4418/5428/4671
f 4443/5470/4701 4813/5471/4702 4442/5468/4699 4441/5472/4698
f 4812/5469/4700 4442/5468/4699 4813/5471/4702 4814/5473/4703
f 4440/5465/4697 4444/5474/4704 4443/5475/4701 4441/5466/4698
f 4440/5465/4697 4439/5464/4696 4445/5476/4705 4444/5474/4704
f 4439/5464/4696 4446/5477/4706 4447/5478/4707 4445/5476/4705
f 4430/5454/4686 4446/5477/4706 4439/5464/4696 4438/5463/4695
f 4430/5479/4686 4428/5450/4684 4448/5480/4708 4446/5481/4706
f 4449/5482/4709 4429/5451/4685 4430/5454/4686 4438/5463/4695
f 4811/5449/4683 4815/5483/4710 4448/5480/4708 4428/5450/4684
f 4811/5449/4683 4810/5445/4682 4816/5484/4711 4815/5483/4710
f 4803/5405/4654 4817/5485/4712 4816/5484/4711 4810/5445/4682
f 4816/5484/4711 4817/5485/4712 4818/5486/4713 4815/5483/4710
f 4818/5486/4713 4819/5487/4714 4820/5488/4715 4815/5483/4710
f 4448/5480/4708 4815/5483/4710 4820/5488/4715 4450/5489/4716
f 4446/5477/4706 4448/5490/4708 4450/5491/4716 4447/5478/4707
f 4447/5478/4707 4450/5491/4716 4451/5492/4717 4452/5493/4718
f 4447/5478/4707 4452/5493/4718 4453/5494/4719 4445/5476/4705
f 4445/5476/4705 4453/5494/4719 4454/5495/4720 4444/5474/4704
f 4444/5474/4704 4454/5495/4720 4455/5496/4721 4443/5475/4701
f 4455/5497/4721 4821/5498/4722 4813/5471/4702 4443/5470/4701
f 4821/5498/4722 4822/5499/4723 4814/5473/4703 4813/5471/4702
f 4823/5500/4724 4814/5473/4703 4822/5499/4723 4824/5501/4725
f 4814/5473/4703 4823/5500/4724 4825/5502/4726 4812/5469/4700
f 4812/5469/4700 4825/5502/4726 4808/5427/4670 4807/5426/4669
f 4823/5500/4724 4826/5503/4727 4827/5504/4728 4825/5502/4726
f 4808/5427/4670 4825/5502/4726 4827/5504/4728 4828/5505/4729
f 4823/5500/4724 4824/5501/4725 4829/5506/4730 4826/5503/4727
f 4824/5501/4725 4822/5499/4723 4830/5507/4731 4831/5508/4732
f 4824/5501/4725 4831/5508/4732 4723/5151/4457 4829/5506/4730
f 4821/5498/4722 4832/5509/4733 4830/5507/4731 4822/5499/4723
f 4455/5497/4721 4456/5510/4734 4832/5509/4733 4821/5498/4722
f 4454/5495/4720 4457/5511/4735 4456/5512/4734 4455/5496/4721
f 4453/5494/4719 4458/5513/4736 4457/5511/4735 4454/5495/4720
f 4452/5493/4718 4459/5514/4737 4458/5513/4736 4453/5494/4719
f 4451/5492/4717 4460/5515/4738 4459/5514/4737 4452/5493/4718
f 4451/5516/4717 4833/5517/4739 4834/5518/4740 4460/5519/4738
f 4450/5489/4716 4820/5488/4715 4833/5517/4739 4451/5516/4717
f 4819/5487/4714 4835/5520/4741 4833/5517/4739 4820/5488/4715
f 4835/5520/4741 4836/5521/4742 4834/5518/4740 4833/5517/4739
f 4834/5518/4740 4836/5521/4742 4837/5522/4743 4460/5519/4738
f 4837/5522/4743 4838/5523/4744 4461/5524/4745 4460/5519/4738
f 4460/5519/4738 4461/5524/4745 4462/5525/4746 4459/5526/4737
f 4459/5514/4737 4462/5527/4746 4463/5528/4747 4458/5513/4736
f 4463/5528/4747 4464/5529/4748 4457/5511/4735 4458/5513/4736
f 4457/5511/4735 4464/5529/4748 4465/5530/4749 4456/5512/4734
f 4456/5510/4734 4465/5531/4749 4839/5532/4750 4832/5509/4733
f 4832/5509/4733 4839/5532/4750 4840/5533/4751 4830/5507/4731
f 4830/5507/4731 4840/5533/4751 4841/5534/4752 4831/5508/4732
f 4831/5508/4732 4841/5534/4752 4720/5148/4454 4723/5151/4457
f 4829/5506/4730 4723/5151/4457 4721/5149/4455 4745/5184/4485
f 4829/5506/4730 4745/5184/4485 4748/5187/4488 4826/5503/4727
f 4748/5187/4488 4747/5186/4487 4842/5535/4753 4843/5536/4754
f 4827/5504/4728 4826/5503/4727 4748/5187/4488 4843/5536/4754
f 4844/5537/4755 4843/5536/4754 4842/5535/4753 4845/5538/4756
f 4828/5505/4729 4827/5504/4728 4843/5536/4754 4844/5537/4755
f 4747/5186/4487 4746/5185/4486 4766/5221/4517 4842/5535/4753
f 4842/5535/4753 4766/5221/4517 4768/5224/4520 4845/5538/4756
f 4845/5538/4756 4768/5224/4520 4791/5307/4577 4846/5539/4757
f 4844/5537/4755 4845/5538/4756 4846/5539/4757 4847/5540/4758
f 4828/5505/4729 4844/5537/4755 4847/5540/4758 4848/5541/4759
f 4806/5424/4668 4808/5427/4670 4828/5505/4729 4848/5541/4759
f 4848/5541/4759 4847/5540/4758 4394/5542/4636 4393/5543/4637
f 4395/5425/4638 4806/5424/4668 4848/5541/4759 4393/5543/4637
f 4394/5542/4636 4847/5540/4758 4846/5539/4757 4370/5544/4608
f 4846/5539/4757 4791/5307/4577 4342/5309/4578 4370/5544/4608
f 4768/5224/4520 4767/5222/4518 4319/5260/4548 4791/5307/4577
f 4841/5534/4752 4849/5545/4760 4718/5146/4452 4720/5148/4454
f 4849/5545/4760 4850/5546/4761 4719/5147/4453 4718/5146/4452
f 4851/5547/4762 4852/5548/4763 4850/5546/4761 4849/5545/4760
f 4840/5533/4751 4851/5547/4762 4849/5545/4760 4841/5534/4752
f 4850/5546/4761 4853/5549/4764 4854/5550/4765 4719/5147/4453
f 4852/5548/4763 4855/5551/4766 4853/5549/4764 4850/5546/4761
f 4719/5147/4453 4854/5550/4765 4695/5109/4421 4697/5111/4423
f 4854/5550/4765 4856/5552/4767 4696/5110/4422 4695/5109/4421
f 4853/5549/4764 4857/5553/4768 4856/5552/4767 4854/5550/4765
f 4855/5551/4766 4858/5554/4769 4857/5553/4768 4853/5549/4764
f 4855/5551/4766 4466/5555/4770 4467/5556/4771 4858/5554/4769
f 4852/5548/4763 4859/5557/4772 4466/5555/4770 4855/5551/4766
f 4860/5558/4773 4859/5557/4772 4852/5548/4763 4851/5547/4762
f 4839/5532/4750 4860/5558/4773 4851/5547/4762 4840/5533/4751
f 4468/5559/4774 4469/5560/4775 4859/5557/4772 4860/5558/4773
f 4465/5531/4749 4468/5559/4774 4860/5558/4773 4839/5532/4750
f 4469/5560/4775 4470/5561/4776 4466/5555/4770 4859/5557/4772
f 4470/5562/4776 4471/5563/4777 4467/5564/4771 4466/5565/4770
f 4472/5566/4778 4473/5567/4779 4467/5564/4771 4471/5563/4777
f 4858/5554/4769 4467/5556/4771 4473/5568/4779 4861/5569/4780
f 4858/5554/4769 4861/5569/4780 4862/5570/4781 4857/5553/4768
f 4857/5553/4768 4862/5570/4781 4863/5571/4782 4856/5552/4767
f 4856/5552/4767 4863/5571/4782 4864/5572/4783 4696/5110/4422
f 4696/5110/4422 4864/5572/4783 4670/5072/4389 4672/5074/4391
f 4864/5572/4783 4865/5573/4784 4671/5073/4390 4670/5072/4389
f 4863/5571/4782 4866/5574/4785 4865/5573/4784 4864/5572/4783
f 4862/5570/4781 4867/5575/4786 4866/5574/4785 4863/5571/4782
f 4868/5576/4787 4867/5575/4786 4862/5570/4781 4861/5569/4780
f 4861/5569/4780 4473/5568/4779 4869/5577/4788 4868/5576/4787
f 4474/5578/4789 4869/5577/4788 4473/5568/4779 4472/5579/4778
f 4472/5566/4778 4475/5580/4790 4476/5581/4791 4474/5582/4789
f 4471/5563/4777 4477/5583/4792 4475/5580/4790 4472/5566/4778
f 4470/5562/4776 4478/5584/4793 4477/5583/4792 4471/5563/4777
f 4479/5585/4794 4478/5584/4793 4470/5562/4776 4469/5586/4775
f 4480/5587/4795 4479/5585/4794 4469/5586/4775 4468/5588/4774
f 4465/5530/4749 4464/5529/4748 4480/5589/4795 4468/5590/4774
f 4481/5591/4796 4482/5592/4797 4479/5593/4794 4480/5589/4795
f 4461/5594/4745 4481/5591/4796 4480/5589/4795 4464/5529/4748
f 4479/5595/4794 4482/5596/4797 4483/5597/4798 4478/5598/4793
f 4478/5584/4793 4483/5599/4798 4484/5600/4799 4477/5583/4792
f 4477/5601/4792 4484/5602/4799 4870/5603/4800 4475/5604/4790
f 4475/5604/4790 4870/5603/4800 4485/5605/4801 4476/5606/4791
f 4476/5581/4791 4485/5607/4801 4486/5608/4802 4487/5609/4803
f 4474/5582/4789 4476/5581/4791 4487/5609/4803 4488/5610/4804
f 4488/5611/4804 4871/5612/4805 4869/5577/4788 4474/5578/4789
f 4868/5576/4787 4869/5577/4788 4871/5612/4805 4872/5613/4806
f 4872/5613/4806 4873/5614/4807 4867/5575/4786 4868/5576/4787
f 4873/5614/4807 4874/5615/4808 4866/5574/4785 4867/5575/4786
f 4866/5574/4785 4874/5615/4808 4875/5616/4809 4865/5573/4784
f 4865/5573/4784 4875/5616/4809 4876/5617/4810 4671/5073/4390
f 4671/5073/4390 4876/5617/4810 4649/5037/4360 4650/5038/4361
f 4876/5617/4810 4877/5618/4811 4647/5035/4358 4649/5037/4360
f 4875/5616/4809 4878/5619/4812 4877/5618/4811 4876/5617/4810
f 4874/5615/4808 4879/5620/4813 4878/5619/4812 4875/5616/4809
f 4880/5621/4814 4879/5620/4813 4874/5615/4808 4873/5614/4807
f 4873/5614/4807 4872/5613/4806 4881/5622/4815 4880/5621/4814
f 4882/5623/4816 4881/5622/4815 4872/5613/4806 4871/5612/4805
f 4488/5611/4804 4489/5624/4817 4882/5623/4816 4871/5612/4805
f 4487/5625/4803 4490/5626/4818 4489/5624/4817 4488/5611/4804
f 4487/5627/4803 4486/5628/4802 4491/5629/4819 4490/5630/4818
f 4486/5631/4802 4883/5632/4820 4492/5633/4821 4491/5634/4819
f 4485/5605/4801 4884/5635/4822 4883/5632/4820 4486/5631/4802
f 4870/5603/4800 4885/5636/4823 4884/5635/4822 4485/5605/4801
f 4886/5637/4824 4885/5636/4823 4870/5603/4800 4484/5602/4799
f 4887/5638/4825 4886/5637/4824 4484/5602/4799 4483/5597/4798
f 4886/5637/4824 4888/5639/4826 4889/5640/4827 4885/5636/4823
f 4890/5641/4828 4888/5639/4826 4886/5637/4824 4887/5638/4825
f 4891/5642/4829 4892/5643/4830 4884/5635/4822 4885/5636/4823
f 4889/5640/4827 4893/5644/4831 4891/5642/4829 4885/5636/4823
f 4884/5635/4822 4892/5643/4830 4894/5645/4832 4883/5632/4820
f 4883/5632/4820 4894/5645/4832 4895/5646/4833 4492/5633/4821
f 4492/5633/4821 4895/5646/4833 4493/5647/4834 4494/5648/4835
f 4492/5649/4821 4494/5650/4835 4495/5651/4836 4491/5629/4819
f 4496/5652/4837 4491/5629/4819 4495/5651/4836 4497/5653/4838
f 4498/5654/4839 4490/5630/4818 4491/5629/4819 4496/5652/4837
f 4498/5654/4839 4499/5655/4840 4500/5656/4841 4490/5630/4818
f 4489/5657/4817 4490/5630/4818 4500/5656/4841 4501/5658/4842
f 4489/5624/4817 4501/5659/4842 4896/5660/4843 4882/5623/4816
f 4896/5660/4843 4897/5661/4844 4881/5622/4815 4882/5623/4816
f 4897/5661/4844 4898/5662/4845 4880/5621/4814 4881/5622/4815
f 4899/5663/4846 4900/5664/4847 4898/5662/4845 4897/5661/4844
f 4896/5660/4843 4901/5665/4848 4899/5663/4846 4897/5661/4844
f 4501/5659/4842 4902/5666/4849 4901/5665/4848 4896/5660/4843
f 4501/5659/4842 4500/5667/4841 4502/5668/4850 4902/5666/4849
f 4499/5655/4840 4503/5669/4851 4502/5670/4850 4500/5656/4841
f 4497/5653/4838 4504/5671/4852 4503/5669/4851 4499/5655/4840
f 4496/5652/4837 4497/5653/4838 4499/5655/4840 4498/5654/4839
f 4495/5651/4836 4505/5672/4853 4504/5671/4852 4497/5653/4838
f 4494/5650/4835 4506/5673/4854 4505/5672/4853 4495/5651/4836
f 4493/5674/4834 4507/5675/4855 4506/5673/4854 4494/5650/4835
f 4493/5647/4834 4903/5676/4856 4904/5677/4857 4507/5678/4855
f 4905/5679/4858 4903/5676/4856 4493/5647/4834 4895/5646/4833
f 4632/5016/4341 4630/5014/4339 4905/5679/4858 4895/5646/4833
f 4894/5645/4832 4635/5019/4344 4632/5016/4341 4895/5646/4833
f 4892/5643/4830 4906/5680/4859 4635/5019/4344 4894/5645/4832
f 4906/5680/4859 4658/5052/4373 4633/5017/4342 4635/5019/4344
f 4893/5644/4831 4659/5053/4374 4658/5052/4373 4906/5680/4859
f 4891/5642/4829 4893/5644/4831 4906/5680/4859 4892/5643/4830
f 4889/5640/4827 4661/5055/4376 4659/5053/4374 4893/5644/4831
f 4888/5639/4826 4683/5091/4405 4661/5055/4376 4889/5640/4827
f 4890/5641/4828 4684/5092/4406 4683/5091/4405 4888/5639/4826
f 4687/5095/4409 4684/5092/4406 4890/5641/4828 4907/5681/4860
f 4908/5682/4861 4907/5681/4860 4890/5641/4828 4887/5638/4825
f 4708/5130/4439 4687/5095/4409 4907/5681/4860 4909/5683/4862
f 4910/5684/4863 4909/5683/4862 4907/5681/4860 4908/5682/4861
f 4706/5128/4437 4685/5093/4407 4687/5095/4409 4708/5130/4439
f 4909/5683/4862 4732/5165/4468 4707/5129/4438 4708/5130/4439
f 4732/5165/4468 4909/5683/4862 4910/5684/4863 4838/5523/4744
f 4481/5685/4796 4910/5684/4863 4908/5682/4861 4482/5596/4797
f 4838/5523/4744 4910/5684/4863 4481/5685/4796 4461/5524/4745
f 4482/5596/4797 4908/5682/4861 4887/5638/4825 4483/5597/4798
f 4838/5523/4744 4837/5522/4743 4733/5166/4469 4732/5165/4468
f 4734/5167/4470 4733/5166/4469 4837/5522/4743 4836/5521/4742
f 4737/5170/4473 4734/5167/4470 4836/5521/4742 4835/5520/4741
f 4911/5686/4864 4737/5170/4473 4835/5520/4741 4819/5487/4714
f 4737/5170/4473 4911/5686/4864 4757/5202/4501 4735/5168/4471
f 4760/5205/4504 4757/5202/4501 4911/5686/4864 4912/5687/4865
f 4819/5487/4714 4818/5486/4713 4912/5687/4865 4911/5686/4864
f 4913/5688/4866 4760/5205/4504 4912/5687/4865 4914/5689/4867
f 4914/5689/4867 4912/5687/4865 4818/5486/4713 4817/5485/4712
f 4913/5688/4866 4775/5241/4532 4758/5203/4502 4760/5205/4504
f 4913/5688/4866 4801/5403/4652 4778/5244/4535 4775/5241/4532
f 4914/5689/4867 4802/5404/4653 4801/5403/4652 4913/5688/4866
f 4802/5404/4653 4914/5689/4867 4817/5485/4712 4803/5405/4654
f 4796/5368/4623 4795/5367/4622 4778/5244/4535 4801/5403/4652
f 4795/5367/4622 4788/5281/4563 4776/5242/4533 4778/5244/4535
f 4462/5527/4746 4461/5594/4745 4464/5529/4748 4463/5528/4747
f 4905/5679/4858 4630/5014/4339 4631/5015/4340 4903/5676/4856
f 4631/5015/4340 4606/4976/4309 4605/4975/4308 4915/5690/4868
f 4903/5676/4856 4631/5015/4340 4915/5690/4868 4904/5677/4857
f 4915/5690/4868 4605/4975/4308 4604/4974/4307 4916/5691/4869
f 4915/5690/4868 4916/5691/4869 4917/5692/4870 4904/5677/4857
f 4904/5677/4857 4917/5692/4870 4918/5693/4871 4507/5678/4855
f 4917/5692/4870 4916/5691/4869 4919/5694/4872 4920/5695/4873
f 4918/5693/4871 4917/5692/4870 4920/5695/4873 4921/5696/4874
f 4916/5691/4869 4604/4974/4307 4603/4973/4306 4919/5694/4872
f 4919/5694/4872 4603/4973/4306 4922/5697/4875 4923/5698/4876
f 4920/5695/4873 4919/5694/4872 4923/5698/4876 4924/5699/4877
f 4921/5696/4874 4920/5695/4873 4924/5699/4877 4508/5700/4878
f 4921/5696/4874 4508/5700/4878 4510/5701/4879 4509/5702/4880
f 4918/5693/4871 4921/5696/4874 4509/5702/4880 4507/5678/4855
f 4506/5703/4854 4507/5678/4855 4509/5702/4880 4511/5704/4881
f 4511/5705/4881 4509/5706/4880 4510/5707/4879 4512/5708/4882
f 4508/5709/4878 4513/5710/4883 4514/5711/4884 4510/5707/4879
f 4512/5708/4882 4510/5707/4879 4514/5711/4884 4515/5712/4885
f 4924/5699/4877 4925/5713/4886 4513/5714/4883 4508/5700/4878
f 4924/5699/4877 4923/5698/4876 4557/4848/4215 4925/5713/4886
f 4922/5697/4875 4213/4849/4214 4557/4848/4215 4923/5698/4876
f 4922/5697/4875 4926/5715/4887 4927/5716/4888 4213/4849/4214
f 4603/4973/4306 4584/4936/4277 4926/5715/4887 4922/5697/4875
f 4927/5716/4888 4928/5717/4889 4214/4853/4213 4213/4849/4214
f 4583/4935/4276 4928/5717/4889 4927/5716/4888 4926/5715/4887
f 4582/4934/4275 4583/4935/4276 4926/5715/4887 4584/4936/4277
f 4583/4935/4276 4567/4899/4247 4566/4898/4246 4928/5717/4889
f 4566/4898/4246 4215/4854/4216 4214/4853/4213 4928/5717/4889
f 4925/5713/4886 4557/4848/4215 4212/4851/4212 4516/5718/4890
f 4925/5713/4886 4516/5718/4890 4517/5719/4891 4513/5714/4883
f 4514/5711/4884 4513/5710/4883 4517/5720/4891 4515/5712/4885
f 4517/5720/4891 4518/5721/4892 4519/5722/4893 4515/5712/4885
f 4520/5723/4894 4515/5712/4885 4519/5722/4893 4521/5724/4895
f 4512/5708/4882 4515/5712/4885 4520/5723/4894 4522/5725/4896
f 4511/5705/4881 4512/5708/4882 4522/5725/4896 4523/5726/4897
f 4506/5673/4854 4511/5705/4881 4523/5726/4897 4505/5672/4853
f 4524/5727/4898 4523/5726/4897 4522/5725/4896 4525/5728/4899
f 4505/5672/4853 4523/5726/4897 4524/5727/4898 4504/5671/4852
f 4525/5728/4899 4522/5725/4896 4520/5723/4894 4526/5729/4900
f 4526/5729/4900 4520/5723/4894 4521/5724/4895 4527/5730/4901
f 4521/5724/4895 4519/5722/4893 4528/5731/4902 4529/5732/4903
f 4527/5730/4901 4521/5724/4895 4529/5732/4903 4530/5733/4904
f 4518/5721/4892 4531/5734/4905 4528/5731/4902 4519/5722/4893
f 4532/5735/4906 4533/5736/4907 4531/5734/4905 4518/5721/4892
f 4518/5721/4892 4517/5720/4891 4516/5737/4890 4532/5735/4906
f 4212/4845/4212 4211/4844/4211 4532/5735/4906 4516/5737/4890
f 4533/5736/4907 4532/5735/4906 4211/4844/4211 4210/4843/4210
f 4533/5736/4907 4210/4843/4210 4209/4842/4209 4534/5738/4908
f 4531/5734/4905 4533/5736/4907 4534/5738/4908 4535/5739/4909
f 4528/5731/4902 4531/5734/4905 4535/5739/4909 4529/5732/4903
f 4530/5733/4904 4529/5732/4903 4535/5739/4909 4536/5740/4910
f 4530/5733/4904 4536/5740/4910 4538/5741/4911 4537/5742/4912
f 4539/5743/4913 4527/5730/4901 4530/5733/4904 4537/5742/4912
f 4526/5729/4900 4527/5730/4901 4539/5743/4913 4540/5744/4914
f 4525/5728/4899 4526/5729/4900 4540/5744/4914 4541/5745/4915
f 4542/5746/4916 4524/5727/4898 4525/5728/4899 4541/5745/4915
f 4503/5669/4851 4504/5671/4852 4524/5727/4898 4542/5746/4916
f 4542/5747/4916 4541/5748/4915 4929/5749/4917 4543/5750/4918
f 4542/5746/4916 4543/5751/4918 4502/5670/4850 4503/5669/4851
f 4540/5752/4914 4930/5753/4919 4929/5749/4917 4541/5748/4915
f 4539/5754/4913 4537/5755/4912 4930/5753/4919 4540/5752/4914
f 4931/5756/4920 4537/5755/4912 4538/5757/4911 4932/5758/4921
f 4930/5753/4919 4537/5755/4912 4931/5756/4920 4933/5759/4922
f 4538/5757/4911 4536/5760/4910 4544/5761/4923 4545/5762/4924
f 4538/5757/4911 4545/5762/4924 4934/5763/4925 4932/5758/4921
f 4535/5739/4909 4546/5764/4926 4547/5765/4927 4536/5740/4910
f 4547/5765/4927 4548/5766/4928 4544/5767/4923 4536/5740/4910
f 4534/5738/4908 4549/5768/4929 4546/5764/4926 4535/5739/4909
f 4534/5738/4908 4209/4842/4209 4207/4839/4206 4549/5768/4929
f 4549/5768/4929 4207/4839/4206 4206/4840/4207 4548/5766/4928
f 4546/5764/4926 4549/5768/4929 4548/5766/4928 4547/5765/4927
f 4548/5766/4928 4206/4840/4207 4208/4841/4208 4544/5767/4923
f 4545/5769/4924 4544/5767/4923 4208/4841/4208 4550/5770/4930
f 4934/5763/4925 4545/5762/4924 4550/5771/4930 4551/5772/4931
f 4934/5763/4925 4551/5772/4931 4935/5773/4932 4932/5758/4921
f 4936/5774/4933 4932/5758/4921 4935/5773/4932 4937/5775/4934
f 4931/5756/4920 4932/5758/4921 4936/5774/4933 4933/5759/4922
f 4929/5749/4917 4930/5753/4919 4933/5759/4922 4938/5776/4935
f 4933/5759/4922 4936/5774/4933 4939/5777/4936 4938/5776/4935
f 4940/5778/4937 4543/5750/4918 4929/5749/4917 4938/5776/4935
f 4902/5666/4849 4502/5668/4850 4543/5750/4918 4940/5778/4937
f 4940/5778/4937 4938/5776/4935 4939/5777/4936 4941/5779/4938
f 4902/5666/4849 4940/5778/4937 4941/5779/4938 4901/5665/4848
f 4939/5777/4936 4936/5774/4933 4937/5775/4934 4942/5780/4939
f 4941/5779/4938 4939/5777/4936 4942/5780/4939 4943/5781/4940
f 4937/5775/4934 4935/5773/4932 4552/5782/4941 4944/5783/4942
f 4942/5780/4939 4937/5775/4934 4944/5783/4942 4945/5784/4943
f 4551/5772/4931 4553/5785/4944 4552/5782/4941 4935/5773/4932
f 4551/5786/4931 4550/5770/4930 4554/5787/4945 4553/5788/4944
f 4550/5770/4930 4208/4841/4208 4205/4838/4205 4554/5787/4945
f 4205/4838/4205 4203/4836/4203 4204/4837/4204 4554/5787/4945
f 4554/5787/4945 4204/4837/4204 4555/5789/4946 4553/5788/4944
f 4552/5790/4941 4553/5788/4944 4555/5789/4946 4556/5791/4947
f 4944/5783/4942 4552/5782/4941 4556/5792/4947 4946/5793/4948
f 4945/5784/4943 4944/5783/4942 4946/5793/4948 4947/5794/4949
f 4948/5795/4950 4945/5784/4943 4947/5794/4949 4949/5796/4951
f 4943/5781/4940 4942/5780/4939 4945/5784/4943 4948/5795/4950
f 4943/5781/4940 4948/5795/4950 4900/5664/4847 4899/5663/4846
f 4901/5665/4848 4941/5779/4938 4943/5781/4940 4899/5663/4846
f 4950/5797/4952 4948/5795/4950 4949/5796/4951 4951/5798/4953
f 4900/5664/4847 4948/5795/4950 4950/5797/4952 4952/5799/4954
f 4947/5794/4949 4953/5800/4955 4954/5801/4956 4949/5796/4951
f 4955/5802/4957 4949/5796/4951 4954/5801/4956 4956/5803/4958
f 4951/5798/4953 4949/5796/4951 4955/5802/4957 4957/5804/4959
f 4947/5794/4949 4946/5793/4948 4958/5805/4960 4953/5800/4955
f 4946/5793/4948 4556/5792/4947 4560/4876/4230 4958/5805/4960
f 4556/5792/4947 4555/5806/4946 4225/4873/4228 4560/4876/4230
f 4555/5789/4946 4204/4837/4204 4200/4834/4201 4225/4872/4228
f 4958/5805/4960 4560/4876/4230 4226/4875/4229 4959/5807/4961
f 4953/5800/4955 4958/5805/4960 4959/5807/4961 4960/5808/4962
f 4953/5800/4955 4960/5808/4962 4961/5809/4963 4954/5801/4956
f 4956/5803/4958 4954/5801/4956 4961/5809/4963 4962/5810/4964
f 4648/5036/4359 4956/5803/4958 4962/5810/4964 4646/5034/4357
f 4963/5811/4965 4955/5802/4957 4956/5803/4958 4648/5036/4359
f 4964/5812/4966 4957/5804/4959 4955/5802/4957 4963/5811/4965
f 4952/5799/4954 4950/5797/4952 4951/5798/4953 4957/5804/4959
f 4965/5813/4967 4952/5799/4954 4957/5804/4959 4964/5812/4966
f 4965/5813/4967 4898/5662/4845 4900/5664/4847 4952/5799/4954
f 4879/5620/4813 4880/5621/4814 4898/5662/4845 4965/5813/4967
f 4879/5620/4813 4965/5813/4967 4964/5812/4966 4878/5619/4812
f 4878/5619/4812 4964/5812/4966 4963/5811/4965 4877/5618/4811
f 4877/5618/4811 4963/5811/4965 4648/5036/4359 4647/5035/4358
f 4962/5810/4964 4617/4994/4323 4619/4996/4325 4646/5034/4357
f 4962/5810/4964 4961/5809/4963 4618/4995/4324 4617/4994/4323
f 4961/5809/4963 4960/5808/4962 4966/5814/4968 4618/4995/4324
f 4960/5808/4962 4959/5807/4961 4574/4919/4263 4966/5814/4968
f 4959/5807/4961 4226/4875/4229 4227/4881/4231 4574/4919/4263
f 4574/4919/4263 4244/4918/4262 4967/5815/4969 4966/5814/4968
f 4618/4995/4324 4966/5814/4968 4967/5815/4969 4616/4992/4322
f 4967/5815/4969 4244/4918/4262 4254/4993/4291 4616/4992/4322
f 4449/5482/4709 4438/5463/4695 4437/5462/4694 4436/5461/4693
f 4431/5457/4689 4429/5451/4685 4449/5482/4709 4436/5461/4693
f 4435/5460/4692 4434/5459/4691 4431/5457/4689 4436/5461/4693
f 4434/5459/4691 4433/5458/4690 4432/5455/4687 4431/5457/4689
