# This file uses centimeters as units for non-parametric coordinates.

mtllib PineFoliage.mtl
g default
v 0.210120 1.329965 0.081252
v 0.609472 1.416227 0.559347
v 0.264030 1.397048 1.112947
v -0.203436 1.505988 0.779619
v 0.808843 1.245064 -0.250935
v 1.217661 1.012000 0.398504
v 0.835611 1.034145 -0.944165
v 0.105190 1.319218 -0.680622
v -0.541308 1.382585 -0.258733
v -0.765184 1.137986 -0.778765
v -0.783915 1.166356 0.727434
v 0.447047 1.440701 0.828579
v 0.015516 1.325154 0.428278
v -0.773799 1.241328 0.240148
v -0.444488 1.303602 0.766281
v -0.299246 1.228074 0.320599
v -0.140639 1.309614 -0.077870
v -0.224083 1.279845 -0.915215
v 0.909671 1.167941 -0.527881
v 0.153797 1.267313 -0.289437
v -0.216464 1.221495 -0.393787
v -0.665982 1.258366 -0.508475
v 0.440879 1.186351 -0.809690
v 0.455609 1.193093 -0.367590
v 0.520424 1.253370 -0.061510
v 0.930342 1.206902 0.489901
v 1.073310 1.122976 0.030335
v 0.696636 1.183091 0.220575
v 0.415609 1.314629 0.328874
v 0.218332 1.317387 0.616058
v 0.010001 1.423285 0.962067
v -0.018779 1.484352 1.035528
v 0.247260 1.457028 1.218581
v -0.213015 1.595570 0.780659
v -0.484576 1.373433 0.826636
v -0.839462 1.248103 0.750215
v -0.863499 1.354222 0.251613
v -0.599056 1.509856 -0.299040
v -0.765747 1.326602 -0.560841
v -0.806067 1.171006 -0.822840
v -0.203919 1.353729 -1.002459
v 0.173673 1.483902 -0.833527
v 0.478090 1.297877 -0.950375
v 0.890147 1.071649 -0.974407
v 0.997764 1.213343 -0.583569
v 0.933462 1.393693 -0.279057
v 1.204508 1.206678 0.028427
v 1.343357 1.025003 0.439965
v 1.035267 1.280610 0.588231
v 0.686031 1.574005 0.638075
v 0.534300 1.582526 0.924861
v 0.336628 2.094415 0.633769
v 0.174980 2.045990 0.753465
v 0.047084 2.151244 0.588873
v -0.072767 2.270610 0.409958
v -0.295323 2.132587 0.388859
v -0.511796 2.167977 0.295551
v -0.367610 2.290474 0.016744
v -0.318662 2.137674 -0.241049
v -0.224251 2.214389 -0.405744
v -0.154066 2.227312 -0.552452
v -0.010681 2.047336 -0.662143
v 0.185105 2.131781 -0.553031
v 0.452659 2.240113 -0.440520
v 0.562076 2.386541 -0.306010
v 0.616007 2.309222 -0.167860
v 0.749714 2.168185 -0.044392
v 0.892323 2.033502 0.094883
v 0.907103 2.039383 0.253437
v 0.695865 2.100592 0.304501
v 0.428146 2.203434 0.404751
v -0.439547 2.227453 0.136483
v -0.851639 1.260126 0.459961
v -0.787089 1.182337 0.451770
v -0.348490 1.229975 0.552848
v -0.076761 1.356514 0.607677
v 0.122565 1.344138 0.775713
v 0.361431 1.428642 0.952096
v 0.397557 1.532768 1.047485
v 0.244862 2.031748 0.723954
v 0.402473 2.156360 0.526885
v 0.630522 1.571204 0.769025
v 0.535103 1.434709 0.674848
v 0.320039 1.330580 0.447023
v 0.124252 1.336282 0.234024
v -0.211876 1.286087 0.099834
v -0.642474 1.323996 -0.038247
v -0.780309 1.498068 -0.096196
v -0.373265 2.192962 -0.129628
v 0.282223 2.149372 -0.471674
v 0.329500 1.388207 -0.903028
v 0.292078 1.260154 -0.741378
v 0.314230 1.230543 -0.331560
v 0.375691 1.293286 0.005295
v 0.573251 1.260409 0.267318
v 0.796875 1.327389 0.486749
v 0.881114 1.429871 0.593143
v 0.560869 2.143732 0.332055
v 0.797097 2.072572 0.287499
v 1.193100 1.149019 0.515913
v 1.070221 1.088995 0.454617
v 0.875017 1.097625 0.126904
v 0.664129 1.224728 -0.157310
v 0.689214 1.149446 -0.432489
v 0.635777 1.096324 -0.881738
v 0.676848 1.169493 -0.987611
v 0.526748 2.316573 -0.392651
v 0.113087 2.089217 0.735232
v 0.094761 1.453587 1.133090
v 0.116725 1.393903 1.025786
v 0.247920 1.346247 0.854220
v 0.327832 1.358411 0.712518
v 0.421788 1.359393 0.551430
v 0.515261 1.350608 0.449114
v 0.681398 1.290630 0.381063
v 0.792272 1.189626 0.336543
v 0.931767 1.056136 0.285025
v 1.147052 1.034704 0.183162
v 1.279945 1.092179 0.215636
v 0.936976 1.988692 0.165552
v 0.831815 2.100465 0.027631
v 1.134254 1.314393 -0.109548
v 0.951245 1.199364 -0.104736
v 0.770281 1.184110 -0.034289
v 0.613297 1.213691 0.073538
v 0.480853 1.266744 0.151389
v 0.322038 1.320146 0.217472
v 0.239530 1.329420 0.357817
v 0.135326 1.321237 0.536341
v 0.039783 1.361836 0.696748
v -0.076423 1.455328 0.882143
v -0.116206 1.528428 0.923831
v -0.004806 2.198473 0.497182
v -0.277514 2.170324 -0.329263
v -0.685665 1.419452 -0.414515
v -0.595685 1.327829 -0.380752
v -0.176377 1.279877 -0.229963
v 0.184118 1.307258 -0.094607
v 0.348275 1.275815 -0.156410
v 0.492434 1.243404 -0.208959
v 0.675634 1.208041 -0.291908
v 0.853531 1.215301 -0.384741
v 0.979446 1.312531 -0.417271
v 0.657392 2.217651 -0.104672
v 0.570548 2.418436 -0.245234
v 0.942413 1.132632 -0.766270
v 0.878354 1.090208 -0.725402
v 0.659668 1.042323 -0.670611
v 0.429642 1.145233 -0.573045
v 0.288448 1.206502 -0.530224
v 0.126235 1.254053 -0.482586
v -0.209641 1.223168 -0.650440
v -0.718455 1.190981 -0.630890
v -0.799663 1.259429 -0.682442
v -0.164657 2.274403 -0.454921
v -0.146517 2.181094 0.395898
v -0.350644 1.483385 0.820216
v -0.314750 1.413226 0.780436
v -0.211650 1.302902 0.576529
v -0.140683 1.285127 0.375571
v -0.040591 1.316836 0.168673
v 0.039228 1.323420 0.003461
v 0.008754 1.298614 -0.161543
v -0.027378 1.253495 -0.342275
v -0.039261 1.247732 -0.562344
v -0.055070 1.299746 -0.794916
v 0.007541 1.440527 -0.946022
v 0.086017 2.102248 -0.617059
v -0.103925 2.133278 -0.655025
v -0.482397 1.239990 -0.929936
v -0.492165 1.180963 -0.854672
v -0.455122 1.137861 -0.649263
v -0.449008 1.216802 -0.437913
v -0.393731 1.270072 -0.292363
v -0.341884 1.293110 -0.160286
v -0.425688 1.278133 0.025151
v -0.531254 1.194399 0.266844
v -0.558952 1.125228 0.498391
v -0.621870 1.200195 0.748208
v -0.672571 1.261435 0.793813
v -0.433476 2.106876 0.368791
v -0.573415 2.357661 -0.146489
v -0.706637 2.219525 -0.268839
v -0.472570 2.435757 -0.001034
v -0.558682 2.338826 0.164580
v -0.618243 2.261118 0.318785
v -0.625848 2.154761 0.514092
v -0.454585 2.249589 0.519931
v -0.307351 2.356863 0.520174
v -0.149851 2.443459 0.490956
v -0.063494 2.332113 0.621434
v -0.005879 2.256651 0.716732
v 0.083524 2.162770 0.837230
v 0.142214 2.117664 0.940369
v 0.215327 2.084544 1.022145
v 0.349799 2.157392 0.897731
v 0.445237 2.261971 0.741429
v 0.510715 2.390583 0.529146
v 0.690774 2.315661 0.487775
v 0.828480 2.231287 0.421862
v 0.922872 2.158804 0.351372
v 1.029601 2.081256 0.264512
v 1.191722 2.019964 0.155660
v 1.156415 2.065142 0.071586
v 1.114334 2.146169 -0.003313
v 1.035231 2.250681 -0.090758
v 0.927846 2.371799 -0.179104
v 0.662410 2.478039 -0.431377
v 0.702415 2.543845 -0.294524
v 0.851275 2.448514 -0.228582
v 0.627550 2.391500 -0.552210
v 0.585206 2.300308 -0.679710
v 0.517471 2.241417 -0.739627
v 0.253179 2.280678 -0.764026
v 0.165380 2.259408 -0.867736
v -0.049833 2.082068 -1.020403
v -0.161366 2.200316 -0.876412
v -0.243121 2.424522 -0.537855
v -0.222122 2.330380 -0.706457
v -0.406583 2.298283 -0.490931
v -0.617184 2.266126 -0.386128
v -0.488547 2.272123 -0.125614
v -0.527736 2.166656 -0.252978
v -0.485810 2.193914 -0.360038
v -0.320476 2.254360 -0.458074
v -0.207919 2.353006 -0.499956
v -0.191238 2.281826 -0.634388
v -0.129031 2.141675 -0.803281
v -0.031142 2.059444 -0.853691
v 0.112168 2.137121 -0.867869
v 0.206636 2.188931 -0.694126
v 0.410510 2.191636 -0.630995
v 0.524690 2.270961 -0.567574
v 0.586367 2.362860 -0.477783
v 0.611102 2.419511 -0.371756
v 0.639132 2.476338 -0.272036
v 0.739135 2.382350 -0.200013
v 0.801805 2.297441 -0.148482
v 0.903483 2.204663 -0.080600
v 0.981742 2.114405 0.002070
v 1.032911 2.046098 0.078930
v 1.074216 1.994471 0.159888
v 0.972766 2.060279 0.261025
v 0.864574 2.115620 0.325122
v 0.766928 2.164745 0.374107
v 0.629443 2.230697 0.421491
v 0.469358 2.304460 0.471028
v 0.429999 2.210041 0.641816
v 0.354536 2.119197 0.775967
v 0.219727 2.032784 0.885425
v 0.142011 2.073468 0.857607
v 0.094856 2.113572 0.788110
v 0.011825 2.195612 0.654058
v -0.037520 2.268943 0.563550
v -0.113041 2.364115 0.451176
v -0.231870 2.274472 0.463015
v -0.375989 2.186105 0.474479
v -0.532977 2.120331 0.453883
v -0.568503 2.211618 0.305482
v -0.503520 2.286402 0.151003
v -0.421317 2.369672 0.007396
v 0.425363 1.858424 0.764565
v 0.319543 1.812485 0.879965
v 0.164275 1.792034 0.994465
v 0.076040 1.812907 0.912205
v 0.008164 1.855701 0.802080
v -0.051742 1.892079 0.705309
v -0.129566 1.955007 0.570326
v -0.221914 1.856896 0.567953
v -0.381940 1.799155 0.591582
v -0.534043 1.744393 0.553893
v -0.709322 1.741508 0.465530
v -0.652552 1.818620 0.252381
v -0.602268 1.873659 0.059416
v -0.569031 1.851086 -0.120925
v -0.439722 1.844747 -0.317962
v -0.484986 1.822557 -0.411882
v -0.501804 1.811641 -0.523884
v -0.474525 1.808659 -0.663824
v -0.438269 1.772977 -0.844478
v -0.287606 1.776078 -0.858495
v -0.095700 1.750700 -0.852368
v 0.081425 1.798335 -0.775449
v 0.224407 1.850106 -0.670208
v 0.327118 1.836799 -0.698464
v 0.466300 1.836228 -0.705783
v 0.596924 1.857332 -0.690903
v 0.754923 1.834807 -0.679630
v 0.790184 1.843251 -0.529390
v 0.814511 1.816819 -0.379441
v 0.808284 1.805102 -0.246873
v 0.841322 1.818995 -0.161292
v 0.989310 1.738420 -0.044123
v 1.067573 1.669712 0.052135
v 1.136958 1.608735 0.175367
v 1.169524 1.610669 0.370043
v 0.994606 1.671463 0.424952
v 0.862225 1.742024 0.454777
v 0.716893 1.830780 0.468151
v 0.553269 1.920153 0.513020
v 0.514150 1.896460 0.643994
v 0.161120 1.928635 0.857547
v 0.275189 1.928395 0.788216
v 0.371318 1.982248 0.684923
v 0.446413 2.034638 0.573937
v 0.480439 2.074725 0.452264
v 0.629479 2.002027 0.390563
v 0.767743 1.936560 0.365895
v 0.883026 1.889779 0.343416
v 1.035374 1.840454 0.304426
v 1.033963 1.822721 0.168218
v 0.977888 1.874497 0.072911
v 0.905202 1.940150 -0.005983
v 0.792987 2.013297 -0.098808
v 0.738488 2.039731 -0.170836
v 0.720194 2.096201 -0.252986
v 0.695094 2.151443 -0.341878
v 0.682001 2.164077 -0.433965
v 0.567199 2.126098 -0.511805
v 0.458764 2.059708 -0.559576
v 0.310694 2.016530 -0.569720
v 0.210706 2.005014 -0.596024
v 0.092025 1.969298 -0.684640
v -0.048505 1.915443 -0.748562
v -0.165491 1.983615 -0.745447
v -0.263577 2.020026 -0.728392
v -0.291718 2.061922 -0.571202
v -0.340068 2.045051 -0.459350
v -0.364871 2.018170 -0.361897
v -0.363495 2.020511 -0.289150
v -0.461140 2.040195 -0.125854
v -0.465345 2.096882 0.019682
v -0.531572 2.045516 0.172241
v -0.604198 1.998852 0.346881
v -0.477284 1.942649 0.448496
v -0.333191 1.980276 0.474749
v -0.177032 2.033439 0.469353
v -0.092945 2.124790 0.474745
v -0.021260 2.057654 0.585843
v 0.034453 2.015235 0.679771
v 0.096204 1.958967 0.798202
v 0.495771 1.701295 0.867459
v 0.378012 1.660229 0.994406
v 0.203154 1.622490 1.164177
v 0.074266 1.615362 1.077514
v -0.030160 1.656754 0.964676
v -0.098118 1.686229 0.863249
v -0.181086 1.742778 0.697050
v -0.295421 1.649924 0.716789
v -0.444105 1.563490 0.734562
v -0.602718 1.485364 0.680509
v -0.813280 1.441809 0.608492
v -0.778525 1.491443 0.388991
v -0.781569 1.582494 0.139871
v -0.713780 1.615214 -0.120610
v -0.540957 1.646520 -0.311639
v -0.634495 1.590969 -0.429423
v -0.679574 1.525927 -0.577546
v -0.674168 1.476383 -0.736720
v -0.638515 1.425041 -0.918228
v -0.424223 1.477786 -0.923999
v -0.160632 1.525467 -0.965856
v 0.053118 1.581517 -0.883068
v 0.196751 1.636225 -0.776186
v 0.321179 1.583937 -0.845608
v 0.474529 1.535599 -0.876655
v 0.647759 1.473586 -0.895842
v 0.830373 1.392925 -0.906752
v 0.873337 1.432582 -0.703612
v 0.932551 1.463711 -0.512956
v 0.911176 1.512771 -0.347835
v 0.896168 1.566310 -0.231375
v 1.095939 1.477591 -0.086932
v 1.167113 1.400403 0.032756
v 1.240294 1.323491 0.194136
v 1.304617 1.272947 0.455468
v 1.128381 1.370211 0.506345
v 0.989729 1.484253 0.560915
v 0.825614 1.611396 0.573816
v 0.642006 1.720508 0.591313
v 0.605845 1.718250 0.728956
v 0.204842 3.335916 0.368926
v 0.154458 3.349061 0.374948
v 0.052022 3.310987 0.272791
v 0.006342 3.297119 0.242873
v 0.081538 3.338163 0.308675
v 0.116694 3.351024 0.346369
v 0.370738 3.239951 0.206940
v 0.301820 3.286884 0.290409
v 0.244282 3.320852 0.344072
v 0.444250 3.211096 0.195582
v 0.516377 3.205123 0.177111
v 0.547660 3.250881 0.146315
v 0.567999 3.302792 0.121844
v 0.575113 3.336483 0.098638
v 0.458260 3.422207 -0.103829
v 0.472815 3.450948 -0.058484
v 0.499021 3.439026 -0.028574
v 0.567291 3.371509 0.064534
v 0.523912 3.424986 -0.002804
v 0.540836 3.408211 0.019893
v 0.365205 3.229191 -0.355142
v 0.420910 3.289826 -0.321378
v 0.427633 3.326725 -0.237626
v 0.441289 3.376060 -0.164944
v 0.294144 3.162969 -0.372157
v 0.229435 3.176875 -0.423669
v 0.127762 3.284919 -0.438883
v 0.085968 3.298213 -0.385203
v -0.008546 3.251454 -0.272245
v 0.040823 3.290120 -0.321478
v -0.122049 3.178263 -0.273354
v -0.233535 3.154032 -0.258199
v -0.182157 3.290537 0.012059
v -0.239722 3.260062 -0.086759
v -0.282366 3.202272 -0.213463
v -0.217395 3.167780 0.230047
v -0.220349 3.201478 0.150194
v -0.189682 3.229799 0.091374
v -0.076415 3.271235 0.237640
v -0.153008 3.228657 0.239523
v 0.211052 2.220447 1.001882
v 0.134183 2.239315 0.892297
v 0.077890 2.280169 0.798040
v -0.012236 2.364539 0.693442
v -0.079258 2.430293 0.605179
v -0.141298 2.528647 0.473269
v -0.283728 2.450368 0.505009
v -0.432299 2.346594 0.505234
v -0.646972 2.271519 0.472265
v -0.606123 2.356912 0.295420
v -0.555726 2.430751 0.147025
v -0.452444 2.521623 0.000725
v -0.555835 2.442390 -0.173391
v -0.684904 2.315526 -0.314596
v -0.547566 2.354080 -0.417345
v -0.390012 2.393903 -0.501171
v -0.221852 2.505626 -0.513982
v -0.205577 2.427091 -0.673421
v -0.150617 2.313048 -0.841100
v -0.035160 2.229088 -1.006314
v 0.168509 2.344369 -0.819866
v 0.260110 2.369199 -0.732749
v 0.504271 2.348204 -0.758327
v 0.594469 2.404426 -0.659060
v 0.636990 2.491267 -0.539372
v 0.659615 2.568845 -0.409840
v 0.683791 2.631374 -0.282231
v 0.834811 2.555902 -0.236764
v 0.911759 2.485447 -0.179356
v 1.010693 2.375224 -0.093783
v 1.087735 2.279692 -0.012016
v 1.140721 2.207065 0.050611
v 1.180221 2.170043 0.175670
v 1.009369 2.207478 0.278609
v 0.906094 2.272735 0.350372
v 0.817751 2.333744 0.415823
v 0.674965 2.408885 0.481109
v 0.507909 2.477248 0.510066
v 0.446997 2.366252 0.711836
v 0.355869 2.275620 0.858627
v 0.147621 2.557589 0.734865
v 0.227885 2.538366 0.812538
v 0.335633 2.586036 0.722530
v 0.417043 2.640093 0.600125
v 0.469823 2.701084 0.425135
v 0.608213 2.641563 0.398606
v 0.729170 2.585602 0.345369
v 0.801690 2.555988 0.290755
v 0.879416 2.523903 0.231042
v 1.008895 2.513788 0.135540
v 0.968771 2.548805 0.049662
v 0.920897 2.602398 -0.000056
v 0.861557 2.675139 -0.064948
v 0.786813 2.758172 -0.132628
v 0.716525 2.804278 -0.172569
v 0.601030 2.849205 -0.211451
v 0.581612 2.795270 -0.333429
v 0.564246 2.726355 -0.444248
v 0.534316 2.655833 -0.555428
v 0.464026 2.608605 -0.651662
v 0.273873 2.592149 -0.612346
v 0.175311 2.579808 -0.692412
v 0.008578 2.523950 -0.828431
v -0.063123 2.586631 -0.694505
v -0.116908 2.667302 -0.560143
v -0.148111 2.718222 -0.438944
v -0.300798 2.622800 -0.428857
v -0.446698 2.588675 -0.382856
v -0.544416 2.556686 -0.326491
v -0.433032 2.670470 -0.134805
v -0.357177 2.737528 0.013377
v -0.445626 2.660408 0.132146
v -0.502964 2.605760 0.251247
v -0.535070 2.529854 0.382801
v -0.354848 2.593880 0.422355
v -0.219550 2.685047 0.411099
v -0.088361 2.746274 0.399786
v -0.043783 2.688771 0.511851
v 0.008576 2.650173 0.587430
v 0.087138 2.592257 0.670286
v 0.162631 3.169831 0.442304
v 0.211018 3.158213 0.464013
v 0.263564 3.157287 0.427227
v 0.320580 3.144499 0.362177
v 0.378398 3.120211 0.252375
v 0.477754 3.079185 0.226135
v 0.559917 3.064545 0.206698
v 0.602002 3.095318 0.174552
v 0.635948 3.129344 0.143826
v 0.665213 3.143122 0.110553
v 0.648776 3.176965 0.068232
v 0.611957 3.223705 0.020496
v 0.587335 3.253585 -0.011305
v 0.557041 3.285722 -0.048157
v 0.524062 3.308363 -0.092297
v 0.497698 3.298374 -0.135389
v 0.462808 3.244570 -0.199439
v 0.460709 3.194463 -0.283637
v 0.443637 3.148300 -0.371540
v 0.389770 3.084938 -0.405480
v 0.291375 3.035608 -0.415671
v 0.215804 3.043959 -0.481624
v 0.125136 3.107162 -0.520184
v 0.065833 3.133272 -0.443310
v 0.018892 3.146319 -0.367970
v -0.027220 3.133835 -0.305258
v -0.144173 3.064196 -0.306564
v -0.250826 3.032385 -0.288391
v -0.326537 3.055345 -0.224230
v -0.279197 3.125953 -0.100998
v -0.200099 3.159817 0.025793
v -0.237128 3.099381 0.103561
v -0.273768 3.065079 0.174782
v -0.292144 3.032542 0.245279
v -0.212911 3.070218 0.268734
v -0.094168 3.145438 0.259867
v -0.021832 3.174794 0.257199
v 0.049772 3.171633 0.315194
v 0.079285 3.177818 0.352946
v 0.124223 3.176713 0.403796
v 0.214491 2.853432 0.630084
v 0.159738 2.868031 0.580291
v 0.112521 2.886967 0.526999
v 0.053598 2.914327 0.458530
v 0.013131 2.930379 0.404059
v -0.054530 2.960184 0.309023
v -0.154897 2.917974 0.326302
v -0.281154 2.835511 0.339522
v -0.413150 2.786831 0.304693
v -0.385937 2.840873 0.212262
v -0.339656 2.885209 0.117274
v -0.273192 2.952453 0.014297
v -0.349049 2.901958 -0.119547
v -0.422170 2.802827 -0.291877
v -0.351151 2.820338 -0.336790
v -0.216118 2.849401 -0.366091
v -0.079233 2.926408 -0.362388
v -0.041407 2.908784 -0.458791
v 0.005994 2.863830 -0.563223
v 0.079258 2.816888 -0.671437
v 0.192609 2.816085 -0.581298
v 0.284589 2.815964 -0.505081
v 0.425741 2.851762 -0.526080
v 0.482867 2.906182 -0.458955
v 0.503043 2.963520 -0.359706
v 0.512366 3.022674 -0.264408
v 0.544743 3.077543 -0.168648
v 0.606427 3.056911 -0.121620
v 0.654422 3.021304 -0.080709
v 0.708192 2.964655 -0.031477
v 0.752076 2.914895 0.014593
v 0.788997 2.876107 0.053289
v 0.825245 2.847554 0.127986
v 0.759414 2.836632 0.193875
v 0.702292 2.833847 0.235663
v 0.643638 2.831444 0.276816
v 0.540794 2.863305 0.307049
v 0.420614 2.914436 0.336848
v 0.371425 2.899606 0.480456
v 0.301363 2.879953 0.574002
v 0.064955 3.335208 -0.431567
v 0.144761 3.308356 -0.536475
v 0.001391 3.350983 -0.413449
v -0.086074 3.318773 -0.444488
v -0.221849 3.238965 -0.442587
v -0.365216 3.161388 -0.373893
v -0.382987 3.211831 -0.296259
v -0.269518 3.342099 0.007602
v -0.352889 3.307475 -0.117392
v -0.306838 3.281927 0.093212
v -0.370100 3.227589 0.230673
v -0.263209 3.208947 0.408463
v -0.337275 3.132441 0.381035
v -0.172780 3.292525 0.406878
v 0.059629 3.373262 0.363596
v -0.005860 3.361716 0.399214
v -0.081754 3.346919 0.413456
v 0.101268 3.381389 0.375571
v 0.145814 3.375366 0.403751
v 0.216025 3.360449 0.430457
v 0.289290 3.350228 0.463392
v 0.408526 3.379492 0.425259
v 0.717142 3.250097 0.260339
v 0.698234 3.186307 0.346131
v 0.609512 3.234002 0.374025
v 0.517036 3.304908 0.389472
v 0.516834 3.490758 -0.069784
v 0.563335 3.486294 -0.029039
v 0.600166 3.465402 0.009098
v 0.613723 3.433583 0.042797
v 0.643000 3.379279 0.104041
v 0.661666 3.342810 0.144755
v 0.691373 3.294411 0.203110
v 0.530929 3.470194 -0.147620
v 0.542486 3.431256 -0.245437
v 0.486157 3.321527 -0.415283
v 0.521158 3.379040 -0.330322
v 0.272147 3.198926 -0.606592
v 0.353986 3.138801 -0.637304
v 0.436782 3.237248 -0.541988
v -0.106688 4.145923 -0.213113
v -0.075257 4.149329 -0.224069
v 0.070336 4.148143 -0.202377
v 0.124684 4.158440 -0.223151
v 0.025481 4.146751 -0.209981
v -0.022598 4.148892 -0.223587
v 0.177937 4.174119 -0.234585
v 0.219606 4.179058 -0.233836
v 0.240519 4.174713 -0.198731
v 0.270911 4.109931 -0.201639
v 0.283245 4.104868 -0.160155
v 0.254706 4.151803 -0.080306
v 0.252938 4.149660 -0.035334
v 0.258424 4.160381 -0.138045
v 0.265896 4.153259 -0.006554
v 0.281181 4.159908 0.032256
v 0.284113 4.163989 0.063014
v 0.341125 4.063376 0.090503
v 0.264211 4.176553 0.136773
v 0.250228 4.179617 0.152386
v 0.277600 4.169269 0.102381
v 0.336173 4.065318 0.116382
v 0.223823 4.054253 0.199600
v 0.191885 4.052875 0.207911
v 0.212614 4.174020 0.159591
v 0.167120 4.169690 0.166032
v 0.095462 4.157597 0.159451
v 0.066440 4.145194 0.133013
v 0.119680 4.167674 0.171696
v -0.027343 4.040356 0.152788
v -0.073301 4.045109 0.145076
v -0.009966 4.145851 0.120798
v 0.040198 4.144258 0.116056
v -0.079641 4.151040 0.117381
v -0.122603 4.154352 0.096189
v -0.109385 4.151803 -0.007646
v -0.087595 4.147665 -0.058344
v -0.130354 4.159461 0.043980
v -0.108250 4.148240 -0.123769
v -0.116344 4.147397 -0.180044
v -0.215162 3.307928 -0.443122
v -0.371629 3.247432 -0.391146
v -0.378498 3.286360 -0.289045
v -0.348851 3.366090 -0.114709
v -0.277321 3.390730 -0.008556
v -0.315292 3.327966 0.064043
v -0.373700 3.286556 0.193824
v -0.367533 3.221913 0.386017
v -0.262005 3.283389 0.400661
v -0.173126 3.355896 0.402133
v -0.081925 3.400824 0.412885
v 0.000348 3.412156 0.398303
v 0.056217 3.422635 0.367257
v 0.088215 3.425967 0.374860
v 0.133867 3.419628 0.401349
v 0.200773 3.405752 0.436831
v 0.276607 3.402491 0.469656
v 0.394032 3.426197 0.419426
v 0.498008 3.363059 0.394302
v 0.584096 3.302212 0.386811
v 0.681150 3.263481 0.372517
v 0.694637 3.319005 0.260259
v 0.674061 3.357610 0.206259
v 0.652304 3.400493 0.149599
v 0.637710 3.432486 0.110140
v 0.618320 3.481145 0.046375
v 0.599720 3.508479 0.008686
v 0.560480 3.526938 -0.035992
v 0.519819 3.532222 -0.074883
v 0.531801 3.511426 -0.142532
v 0.542234 3.478026 -0.242808
v 0.522386 3.434693 -0.327722
v 0.488691 3.385656 -0.411441
v 0.438249 3.309859 -0.526468
v 0.360342 3.235276 -0.635879
v 0.264642 3.276512 -0.597111
v 0.138029 3.368882 -0.527797
v 0.054856 3.387421 -0.435468
v 0.007920 3.402350 -0.425128
v -0.079495 3.374383 -0.451091
v -0.140912 3.656277 -0.351798
v -0.199149 3.653341 -0.333468
v -0.220215 3.649363 -0.250862
v -0.218931 3.652972 -0.152245
v -0.183539 3.645800 -0.054966
v -0.230999 3.645346 0.017453
v -0.270159 3.644376 0.100090
v -0.272112 3.632633 0.197244
v -0.196829 3.628531 0.231443
v -0.121040 3.644468 0.263215
v -0.061651 3.655952 0.284107
v -0.009481 3.659608 0.280143
v 0.036921 3.656471 0.267028
v 0.072056 3.656315 0.273995
v 0.114748 3.660842 0.302470
v 0.165397 3.660673 0.339246
v 0.220924 3.666877 0.365525
v 0.295593 3.666440 0.344313
v 0.363354 3.663867 0.328108
v 0.430481 3.664211 0.318537
v 0.481026 3.669816 0.305581
v 0.503013 3.669493 0.259023
v 0.509799 3.675554 0.225939
v 0.517050 3.685793 0.184052
v 0.522277 3.696429 0.143081
v 0.526156 3.710848 0.087767
v 0.514129 3.719867 0.036468
v 0.460913 3.727680 -0.023170
v 0.436558 3.730198 -0.053235
v 0.448279 3.722084 -0.121617
v 0.454226 3.714489 -0.208662
v 0.436916 3.712022 -0.264776
v 0.407228 3.701002 -0.322483
v 0.367132 3.686373 -0.387766
v 0.322717 3.679829 -0.440186
v 0.245980 3.671367 -0.435069
v 0.152138 3.680069 -0.402197
v 0.073563 3.673805 -0.346039
v 0.000962 3.669904 -0.358713
v -0.061889 3.671861 -0.363619
v -0.292804 3.461688 -0.363449
v -0.176218 3.488706 -0.394312
v -0.070698 3.529828 -0.407731
v 0.005405 3.542689 -0.394714
v 0.062124 3.538299 -0.393634
v 0.144207 3.531635 -0.464424
v 0.255029 3.481438 -0.511791
v 0.351971 3.465343 -0.532189
v 0.400250 3.505174 -0.453536
v 0.446515 3.549763 -0.365319
v 0.481282 3.580408 -0.297049
v 0.499775 3.602451 -0.225633
v 0.493644 3.622264 -0.139286
v 0.476977 3.635427 -0.063859
v 0.510074 3.632165 -0.031001
v 0.560047 3.620692 0.020842
v 0.576629 3.603199 0.067978
v 0.581379 3.571326 0.127957
v 0.583408 3.549533 0.167712
v 0.588346 3.522837 0.216433
v 0.593008 3.500217 0.259272
v 0.573307 3.472410 0.354897
v 0.504854 3.492876 0.360945
v 0.429347 3.521380 0.365185
v 0.343887 3.552407 0.383294
v 0.248279 3.542563 0.420280
v 0.180040 3.539458 0.389375
v 0.123243 3.545608 0.351129
v 0.078656 3.546617 0.324268
v 0.046158 3.544226 0.315062
v -0.004607 3.541180 0.337442
v -0.071400 3.533568 0.345991
v -0.144905 3.504982 0.328268
v -0.225088 3.458842 0.305554
v -0.327690 3.435425 0.276949
v -0.330124 3.475381 0.145180
v -0.287408 3.496966 0.026130
v -0.233490 3.525662 -0.033144
v -0.283589 3.516524 -0.133420
v -0.297007 3.475552 -0.269221
v 0.177915 4.352877 0.043063
v 0.231698 4.251088 0.082108
v 0.233904 4.240952 0.027540
v 0.159339 4.348864 -0.023651
v 0.223028 4.235322 -0.004005
v 0.215258 4.226779 -0.075614
v 0.218338 4.234051 -0.105906
v 0.162001 4.365654 -0.135525
v 0.145617 4.358984 -0.168143
v 0.057865 4.334771 -0.145394
v 0.113162 4.240109 -0.195020
v 0.158484 4.248337 -0.205442
v 0.014527 4.332855 -0.151510
v -0.014567 4.335775 -0.159444
v -0.058261 4.340949 -0.161343
v -0.099580 4.347332 -0.137330
v -0.107569 4.247322 -0.157108
v -0.100613 4.241408 -0.106712
v -0.078772 4.335434 -0.051141
v -0.108595 4.336455 0.030657
v -0.121525 4.236648 0.045746
v -0.115075 4.235574 0.087042
v -0.103793 4.330963 0.082513
v -0.033801 4.317295 0.090395
v 0.026134 4.320620 0.091084
v 0.060752 4.229283 0.121034
v 0.085879 4.237781 0.140437
v 0.085964 4.341267 0.125012
v 0.151099 4.241332 0.146755
v 0.191408 4.251567 0.138470
v 0.224818 4.254076 0.108553
v 0.156523 4.360225 0.106723
v -0.073685 4.507477 -0.036350
v -0.068252 4.604525 -0.050543
v -0.084177 4.506339 0.008427
v -0.069398 4.604897 0.021722
v -0.045335 4.492350 0.061547
v 0.000301 4.501395 0.063052
v 0.014074 4.611429 0.048738
v 0.072773 4.519340 0.075143
v 0.097374 4.523907 0.044474
v 0.050802 4.617749 0.019461
v 0.086615 4.527698 -0.070310
v 0.069466 4.525060 -0.093233
v 0.016102 4.614872 -0.062701
v -0.004236 4.507814 -0.094920
v -0.023159 4.509778 -0.099831
v -0.031733 4.604485 -0.066615
v -0.011275 4.700493 -0.008574
v -0.023438 4.692742 0.005166
v -0.020828 4.695415 -0.027246
v -0.035998 4.691812 -0.026039
v -0.047386 4.687203 -0.017644
v -0.043229 4.686531 0.003149
v -0.001021 4.659279 0.029685
v 0.025373 4.665533 0.004489
v -0.008144 4.662074 -0.047122
v -0.034493 4.653566 -0.048251
v -0.056530 4.650950 -0.037530
v -0.058213 4.648966 0.013450
v -0.139647 3.891264 -0.281308
v -0.104918 3.892358 -0.299042
v -0.042595 3.897079 -0.302603
v 0.017435 3.894691 -0.290620
v 0.074997 3.896747 -0.276307
v 0.144831 3.900846 -0.311930
v 0.223651 3.903030 -0.336272
v 0.284955 3.914121 -0.341388
v 0.314284 3.915129 -0.308890
v 0.344610 3.914422 -0.254961
v 0.364113 3.917429 -0.207832
v 0.374617 3.914628 -0.168243
v 0.370055 3.916207 -0.106919
v 0.358484 3.913825 -0.047774
v 0.374777 3.911197 -0.011878
v 0.407373 3.908028 0.033081
v 0.421881 3.907936 0.075935
v 0.423163 3.902790 0.114045
v 0.417724 3.899848 0.146054
v 0.410091 3.895113 0.178955
v 0.401576 3.893710 0.209076
v 0.384261 3.890968 0.239145
v 0.336536 3.885362 0.248847
v 0.285210 3.882017 0.255848
v 0.237550 3.882989 0.267995
v 0.190448 3.882933 0.283667
v 0.144437 3.877926 0.264266
v 0.107667 3.874049 0.231875
v 0.076077 3.869082 0.203663
v 0.046183 3.866045 0.192957
v 0.007865 3.867484 0.199930
v -0.042908 3.868319 0.201018
v -0.091250 3.865804 0.186632
v -0.143036 3.859359 0.163452
v -0.186647 3.868273 0.131782
v -0.182501 3.877072 0.070485
v -0.155014 3.872825 0.005234
v -0.117502 3.872095 -0.056030
v -0.144365 3.879023 -0.143755
v -0.149048 3.884336 -0.221613
vt 0.792352 0.754417
vt 0.844943 0.859341
vt 0.767492 0.934602
vt 0.691324 0.880917
vt 0.914882 0.712700
vt 0.966518 0.835438
vt 0.799041 0.610090
vt 0.933388 0.594720
vt 0.660887 0.667163
vt 0.659552 0.564116
vt 0.602274 0.822865
vt 0.807570 0.896228
vt 0.746639 0.809875
vt 0.618289 0.749959
vt 0.652623 0.849069
vt 0.696340 0.778047
vt 0.735651 0.713549
vt 0.748502 0.564904
vt 0.934796 0.664803
vt 0.794799 0.685807
vt 0.732726 0.654613
vt 0.659787 0.615751
vt 0.862686 0.604926
vt 0.851661 0.682368
vt 0.853169 0.738543
vt 0.908732 0.846658
vt 0.948781 0.771968
vt 0.876842 0.792949
vt 0.820335 0.805700
vt 0.775098 0.848016
vt 0.731001 0.905192
vt 0.520394 0.038007
vt 0.471587 0.059234
vt 0.436699 0.100135
vt 0.418334 0.079643
vt 0.371912 0.040481
vt 0.297338 0.070968
vt 0.214099 0.132000
vt 0.176097 0.075417
vt 0.139211 0.040320
vt 0.046553 0.094151
vt 0.001353 0.149621
vt 0.960272 0.086331
vt 0.900500 0.039105
vt 0.841930 0.076097
vt 0.808210 0.123104
vt 0.758036 0.084213
vt 0.697114 0.037178
vt 0.644506 0.083313
vt 0.605256 0.145714
vt 0.824549 0.924706
vt 0.542861 0.172319
vt 0.635378 0.285946
vt 0.580681 0.302518
vt 0.543768 0.325686
vt 0.498620 0.291162
vt 0.438711 0.296003
vt 0.310707 0.287448
vt 0.297812 0.241199
vt 0.267333 0.301131
vt 0.229100 0.323084
vt 0.172571 0.287612
vt 0.118671 0.289271
vt 0.058825 0.309832
vt 0.021941 0.344237
vt 0.936500 0.325493
vt 0.859089 0.269503
vt 0.891570 0.293544
vt 0.836484 0.295939
vt 0.789867 0.299677
vt 0.739647 0.318961
vt 0.404834 0.304995
vt 0.327275 0.050963
vt 0.609973 0.782027
vt 0.679689 0.816093
vt 0.723048 0.841163
vt 0.754221 0.872860
vt 0.789314 0.912760
vt 0.551662 0.061799
vt 0.527184 0.156124
vt 0.712142 0.314869
vt 0.600505 0.094160
vt 0.827669 0.874892
vt 0.799150 0.822915
vt 0.772511 0.778584
vt 0.718327 0.742190
vt 0.644964 0.705865
vt 0.249836 0.108593
vt 0.271566 0.232861
vt 0.093878 0.286773
vt 0.979546 0.108274
vt 0.833645 0.609452
vt 0.824950 0.683896
vt 0.824366 0.746188
vt 0.851010 0.799078
vt 0.879707 0.849209
vt 0.627637 0.113752
vt 0.638221 0.244245
vt 0.810185 0.297483
vt 0.669106 0.057432
vt 0.938440 0.840899
vt 0.912626 0.782429
vt 0.883357 0.725593
vt 0.894574 0.677403
vt 0.899195 0.599880
vt 0.933239 0.058422
vt 0.899136 0.258921
vt 0.613867 0.293545
vt 0.491995 0.044743
vt 0.747725 0.916177
vt 0.772599 0.889405
vt 0.790652 0.868929
vt 0.812902 0.845805
vt 0.832887 0.832453
vt 0.864294 0.824830
vt 0.889050 0.816258
vt 0.920634 0.809411
vt 0.957589 0.800430
vt 0.732322 0.055927
vt 0.701499 0.204108
vt 0.915697 0.306628
vt 0.774736 0.110109
vt 0.932153 0.743947
vt 0.897983 0.750367
vt 0.866181 0.765036
vt 0.838869 0.775348
vt 0.807639 0.782404
vt 0.788296 0.804380
vt 0.763452 0.832092
vt 0.741181 0.858534
vt 0.716186 0.892429
vt 0.454274 0.076846
vt 0.480655 0.200331
vt 0.288124 0.291806
vt 0.193905 0.101431
vt 0.661706 0.642749
vt 0.733697 0.685477
vt 0.793571 0.722164
vt 0.824879 0.716681
vt 0.852921 0.712053
vt 0.889425 0.702773
vt 0.923347 0.689276
vt 0.822972 0.101016
vt 0.842808 0.260104
vt 0.011178 0.348958
vt 0.868598 0.055937
vt 0.934245 0.630531
vt 0.896873 0.635220
vt 0.854275 0.645863
vt 0.827147 0.647866
vt 0.796503 0.649664
vt 0.743129 0.611603
vt 0.659533 0.590845
vt 0.159927 0.058131
vt 0.126118 0.246293
vt 0.525389 0.302592
vt 0.430110 0.104304
vt 0.674129 0.864881
vt 0.701831 0.828680
vt 0.722010 0.794616
vt 0.746199 0.761002
vt 0.765047 0.734558
vt 0.764800 0.704041
vt 0.764525 0.670154
vt 0.769968 0.631125
vt 0.773070 0.589338
vt 0.022246 0.124271
vt 0.064039 0.234129
vt 0.202009 0.304035
vt 0.085605 0.061080
vt 0.704040 0.566056
vt 0.701723 0.601243
vt 0.694550 0.637880
vt 0.696305 0.666156
vt 0.700769 0.691292
vt 0.682925 0.721381
vt 0.659035 0.760746
vt 0.646080 0.796846
vt 0.624993 0.834131
vt 0.396313 0.052622
vt 0.354740 0.199615
vt 0.342510 0.342948
vt 0.320509 0.334108
vt 0.386892 0.347057
vt 0.414753 0.329556
vt 0.437643 0.319095
vt 0.460868 0.313179
vt 0.480565 0.321021
vt 0.499466 0.337816
vt 0.552737 0.362654
vt 0.575973 0.341115
vt 0.592766 0.328010
vt 0.615833 0.314133
vt 0.629486 0.313261
vt 0.640546 0.315004
vt 0.660839 0.320899
vt 0.682340 0.336653
vt 0.749028 0.361584
vt 0.778041 0.347784
vt 0.801658 0.333130
vt 0.820573 0.321594
vt 0.842811 0.313166
vt 0.864596 0.318776
vt 0.874641 0.322952
vt 0.884335 0.332515
vt 0.896907 0.348600
vt 0.910835 0.371049
vt 0.039362 0.370926
vt 0.018185 0.384570
vt 0.919724 0.386761
vt 0.057356 0.356731
vt 0.076225 0.346977
vt 0.087566 0.340028
vt 0.123730 0.338423
vt 0.140582 0.338741
vt 0.168920 0.326527
vt 0.190097 0.332692
vt 0.211879 0.348799
vt 0.250698 0.349473
vt 0.278519 0.332668
vt 0.305774 0.335517
vt 0.344825 0.322607
vt 0.321035 0.314388
vt 0.302280 0.316993
vt 0.272463 0.318120
vt 0.240842 0.349211
vt 0.219979 0.336487
vt 0.191549 0.318399
vt 0.172690 0.312433
vt 0.149709 0.321205
vt 0.125227 0.313648
vt 0.091220 0.319714
vt 0.067371 0.330962
vt 0.048683 0.345968
vt 0.031309 0.355289
vt 0.951358 0.398925
vt 0.939012 0.375924
vt 0.930879 0.357031
vt 0.914576 0.337078
vt 0.897602 0.319419
vt 0.881339 0.309314
vt 0.864955 0.307516
vt 0.840812 0.304648
vt 0.816799 0.309804
vt 0.796837 0.317494
vt 0.771423 0.327901
vt 0.721668 0.345490
vt 0.695707 0.326054
vt 0.671623 0.308770
vt 0.642948 0.300658
vt 0.629142 0.301947
vt 0.615375 0.302243
vt 0.587344 0.314624
vt 0.569215 0.327121
vt 0.530087 0.338257
vt 0.511851 0.321272
vt 0.488041 0.306739
vt 0.463176 0.301562
vt 0.437858 0.308074
vt 0.410095 0.317928
vt 0.371278 0.334195
vt 0.557425 0.130233
vt 0.538095 0.113850
vt 0.511125 0.100807
vt 0.496028 0.112174
vt 0.482899 0.128693
vt 0.470820 0.142864
vt 0.455470 0.164061
vt 0.409421 0.174805
vt 0.393478 0.153433
vt 0.373756 0.136728
vt 0.344689 0.127389
vt 0.315202 0.148928
vt 0.288057 0.166709
vt 0.259635 0.172360
vt 0.226663 0.188900
vt 0.169632 0.169463
vt 0.154597 0.160423
vt 0.133643 0.154228
vt 0.107615 0.142486
vt 0.086946 0.152077
vt 0.059416 0.162494
vt 0.039738 0.185962
vt 0.024405 0.210346
vt 0.958787 0.183909
vt 0.938350 0.177121
vt 0.917968 0.175111
vt 0.895202 0.165893
vt 0.873365 0.175133
vt 0.850133 0.180295
vt 0.830894 0.187793
vt 0.817981 0.194249
vt 0.745681 0.175470
vt 0.733819 0.156998
vt 0.718124 0.139394
vt 0.689536 0.130120
vt 0.665684 0.147358
vt 0.649464 0.164484
vt 0.633749 0.185799
vt 0.612799 0.207045
vt 0.575487 0.146285
vt 0.511509 0.130867
vt 0.531897 0.137165
vt 0.549396 0.153423
vt 0.564531 0.170357
vt 0.614802 0.235328
vt 0.636371 0.218103
vt 0.653227 0.200792
vt 0.667721 0.187444
vt 0.687975 0.171747
vt 0.709147 0.175062
vt 0.721050 0.189706
vt 0.730415 0.206818
vt 0.822606 0.227092
vt 0.837382 0.227881
vt 0.853101 0.230424
vt 0.869833 0.232596
vt 0.883849 0.228264
vt 0.905931 0.223780
vt 0.926318 0.217232
vt 0.950688 0.218250
vt 0.039020 0.233441
vt 0.052453 0.213869
vt 0.066727 0.192971
vt 0.087862 0.192924
vt 0.104210 0.190966
vt 0.126368 0.203958
vt 0.145664 0.205191
vt 0.162015 0.206048
vt 0.238421 0.216825
vt 0.266238 0.205808
vt 0.290609 0.208062
vt 0.311858 0.191045
vt 0.336652 0.173577
vt 0.363413 0.171460
vt 0.381918 0.186118
vt 0.399163 0.205331
vt 0.463584 0.193841
vt 0.476424 0.174560
vt 0.487575 0.159969
vt 0.500721 0.141141
vt 0.568048 0.100485
vt 0.546636 0.083583
vt 0.515156 0.064506
vt 0.493649 0.072075
vt 0.476064 0.088568
vt 0.462733 0.102414
vt 0.430310 0.156681
vt 0.421438 0.135111
vt 0.407910 0.111679
vt 0.386578 0.092223
vt 0.355938 0.074539
vt 0.324210 0.090497
vt 0.288851 0.111839
vt 0.250909 0.130016
vt 0.195659 0.148220
vt 0.181883 0.127283
vt 0.164484 0.107903
vt 0.142769 0.094286
vt 0.115834 0.082785
vt 0.087483 0.100274
vt 0.051600 0.122370
vt 0.026610 0.149577
vt 0.988253 0.157024
vt 0.972116 0.139699
vt 0.951627 0.124676
vt 0.928238 0.108171
vt 0.903306 0.090076
vt 0.874304 0.104872
vt 0.845913 0.118335
vt 0.825544 0.136339
vt 0.787468 0.167225
vt 0.763292 0.134197
vt 0.748655 0.114183
vt 0.727387 0.093010
vt 0.689935 0.074355
vt 0.665611 0.094345
vt 0.646827 0.116611
vt 0.629770 0.144038
vt 0.607113 0.130411
vt 0.590509 0.115996
vt 0.045829 0.560980
vt 0.036875 0.570042
vt 0.615330 0.544642
vt 0.623547 0.553127
vt 0.019618 0.568751
vt 0.028304 0.572241
vt 0.088255 0.520466
vt 0.067209 0.536748
vt 0.053720 0.551281
vt 0.105382 0.519736
vt 0.122574 0.522709
vt 0.137691 0.529270
vt 0.150765 0.539665
vt 0.158821 0.548486
vt 0.199311 0.579009
vt 0.206800 0.571651
vt 0.189677 0.576864
vt 0.167855 0.558009
vt 0.178371 0.568127
vt 0.183465 0.572762
vt 0.252457 0.544646
vt 0.270214 0.530877
vt 0.233368 0.550519
vt 0.218040 0.560668
vt 0.292416 0.521763
vt 0.310279 0.530419
vt 0.336051 0.556150
vt 0.352998 0.559863
vt 0.362787 0.549211
vt 0.372407 0.536617
vt 0.398245 0.528068
vt 0.424394 0.528821
vt 0.499910 0.552403
vt 0.474820 0.547563
vt 0.444620 0.538131
vt 0.556012 0.535009
vt 0.533697 0.538899
vt 0.517760 0.541389
vt 0.598444 0.538672
vt 0.579063 0.534992
vt 0.638540 0.328520
vt 0.622100 0.329492
vt 0.608561 0.334312
vt 0.589676 0.346957
vt 0.573898 0.358766
vt 0.554112 0.379208
vt 0.499985 0.354318
vt 0.482309 0.336555
vt 0.456188 0.325518
vt 0.434086 0.334016
vt 0.412933 0.345406
vt 0.368679 0.370417
vt 0.339724 0.357875
vt 0.317296 0.343956
vt 0.296705 0.346372
vt 0.273185 0.348238
vt 0.230929 0.386066
vt 0.212891 0.366405
vt 0.192790 0.349327
vt 0.169184 0.340927
vt 0.138175 0.352631
vt 0.122990 0.357145
vt 0.090507 0.354149
vt 0.072299 0.361408
vt 0.055765 0.373727
vt 0.038425 0.388084
vt 0.929652 0.427911
vt 0.915090 0.404702
vt 0.905845 0.389369
vt 0.893588 0.368308
vt 0.882838 0.352045
vt 0.875227 0.340936
vt 0.858841 0.333525
vt 0.833766 0.333115
vt 0.816258 0.341531
vt 0.800004 0.350780
vt 0.776537 0.364087
vt 0.706799 0.382779
vt 0.682581 0.355148
vt 0.662765 0.338765
vt 0.618485 0.379929
vt 0.635947 0.374703
vt 0.655674 0.387754
vt 0.674382 0.403760
vt 0.759526 0.424384
vt 0.778880 0.408674
vt 0.798530 0.397132
vt 0.812621 0.392018
vt 0.827562 0.386467
vt 0.852533 0.383124
vt 0.865455 0.392544
vt 0.872282 0.403783
vt 0.881200 0.418799
vt 0.890704 0.436845
vt 0.898097 0.449705
vt 0.026729 0.447776
vt 0.042704 0.433017
vt 0.056369 0.417555
vt 0.071049 0.403436
vt 0.088614 0.395222
vt 0.118416 0.399081
vt 0.137186 0.394114
vt 0.167690 0.380042
vt 0.187388 0.395425
vt 0.203862 0.414407
vt 0.253407 0.412563
vt 0.271426 0.390097
vt 0.294690 0.382169
vt 0.311942 0.375154
vt 0.342133 0.398307
vt 0.397358 0.407394
vt 0.414985 0.387628
vt 0.433345 0.375144
vt 0.452272 0.361124
vt 0.477886 0.377479
vt 0.492336 0.398181
vt 0.560068 0.421809
vt 0.575435 0.406628
vt 0.588605 0.397822
vt 0.605345 0.386794
vt 0.613033 0.488506
vt 0.621915 0.485848
vt 0.632196 0.489525
vt 0.646162 0.494277
vt 0.665714 0.502078
vt 0.794343 0.491005
vt 0.807043 0.484590
vt 0.817179 0.487900
vt 0.826222 0.492062
vt 0.834193 0.493439
vt 0.840167 0.500919
vt 0.846670 0.511861
vt 0.850980 0.518981
vt 0.856086 0.527023
vt 0.862896 0.534144
vt 0.871203 0.536156
vt 0.055115 0.514079
vt 0.065493 0.501740
vt 0.077731 0.490310
vt 0.088779 0.480147
vt 0.107538 0.474850
vt 0.125835 0.474042
vt 0.144939 0.482250
vt 0.158632 0.492466
vt 0.171194 0.500743
vt 0.183826 0.504471
vt 0.279661 0.470432
vt 0.295374 0.460032
vt 0.313154 0.461015
vt 0.332452 0.477212
vt 0.354742 0.489313
vt 0.427382 0.467269
vt 0.438207 0.457748
vt 0.448860 0.449632
vt 0.459981 0.459981
vt 0.472455 0.479529
vt 0.570018 0.497970
vt 0.585000 0.494831
vt 0.593053 0.493947
vt 0.604191 0.491375
vt 0.628419 0.429511
vt 0.616386 0.434090
vt 0.605244 0.439468
vt 0.591371 0.446808
vt 0.581049 0.451959
vt 0.492899 0.454076
vt 0.481610 0.440123
vt 0.468946 0.419133
vt 0.449641 0.404674
vt 0.435917 0.416543
vt 0.421588 0.428496
vt 0.358057 0.453447
vt 0.336176 0.438639
vt 0.309876 0.415797
vt 0.296094 0.421071
vt 0.275463 0.431880
vt 0.200473 0.470331
vt 0.187488 0.459473
vt 0.174475 0.444744
vt 0.157683 0.429926
vt 0.133059 0.434759
vt 0.112832 0.437716
vt 0.087585 0.437309
vt 0.074509 0.447508
vt 0.061577 0.460943
vt 0.050131 0.475064
vt 0.888198 0.502545
vt 0.879015 0.493073
vt 0.872649 0.483033
vt 0.865879 0.469536
vt 0.859523 0.457979
vt 0.854009 0.448722
vt 0.842193 0.439700
vt 0.826122 0.439600
vt 0.814186 0.440708
vt 0.802161 0.441847
vt 0.786581 0.451298
vt 0.678877 0.466577
vt 0.659920 0.450268
vt 0.643954 0.438811
vt 0.355811 0.571229
vt 0.326474 0.567732
vt 0.367922 0.571310
vt 0.383338 0.568673
vt 0.404854 0.558733
vt 0.425907 0.552665
vt 0.437055 0.553720
vt 0.503968 0.573404
vt 0.463290 0.564397
vt 0.520998 0.563783
vt 0.542183 0.561630
vt 0.571263 0.560016
vt 0.559523 0.557316
vt 0.585149 0.567474
vt 0.021062 0.581309
vt 0.611717 0.576924
vt 0.599561 0.574951
vt 0.028903 0.580702
vt 0.037900 0.577518
vt 0.049889 0.572060
vt 0.061492 0.571222
vt 0.080926 0.571114
vt 0.132379 0.553805
vt 0.120763 0.551713
vt 0.110176 0.552166
vt 0.096670 0.558606
vt 0.180156 0.587623
vt 0.202558 0.590226
vt 0.171815 0.582112
vt 0.166480 0.574894
vt 0.155694 0.564205
vt 0.148611 0.558908
vt 0.139570 0.554916
vt 0.216054 0.586346
vt 0.232192 0.579591
vt 0.260427 0.562519
vt 0.246344 0.570587
vt 0.306799 0.555423
vt 0.295984 0.554482
vt 0.279129 0.556957
vt 0.418001 0.718658
vt 0.423758 0.717327
vt 0.282113 0.724346
vt 0.291929 0.727746
vt 0.400493 0.723200
vt 0.408958 0.720774
vt 0.272266 0.722480
vt 0.265078 0.720533
vt 0.257763 0.720249
vt 0.254690 0.708125
vt 0.246936 0.708468
vt 0.236189 0.721704
vt 0.228559 0.723803
vt 0.246317 0.719837
vt 0.141018 0.722050
vt 0.133839 0.719743
vt 0.128341 0.718609
vt 0.130000 0.697548
vt 0.110338 0.719150
vt 0.114165 0.718412
vt 0.121049 0.717936
vt 0.125239 0.697071
vt 0.090306 0.700657
vt 0.096165 0.699199
vt 0.103374 0.720573
vt 0.095298 0.722857
vt 0.081944 0.726571
vt 0.074808 0.728564
vt 0.087119 0.725649
vt 0.566889 0.708573
vt 0.575469 0.709075
vt 0.574347 0.728780
vt 0.583259 0.730302
vt 0.561821 0.727773
vt 0.553084 0.727736
vt 0.523737 0.732109
vt 0.533574 0.730664
vt 0.543703 0.729873
vt 0.439601 0.720252
vt 0.429761 0.718324
vt 0.402730 0.569792
vt 0.425591 0.562897
vt 0.439393 0.565768
vt 0.464693 0.575159
vt 0.502664 0.585698
vt 0.515875 0.573388
vt 0.536179 0.570213
vt 0.560033 0.567156
vt 0.573931 0.571323
vt 0.585811 0.579125
vt 0.599618 0.584954
vt 0.612937 0.586673
vt 0.022601 0.591229
vt 0.028426 0.590473
vt 0.036887 0.586823
vt 0.048411 0.581645
vt 0.060623 0.579736
vt 0.080649 0.580339
vt 0.094940 0.568964
vt 0.105548 0.561209
vt 0.117451 0.559032
vt 0.133963 0.562737
vt 0.141239 0.565586
vt 0.149354 0.570270
vt 0.155213 0.575229
vt 0.164906 0.584311
vt 0.170892 0.590286
vt 0.179848 0.595935
vt 0.203995 0.599107
vt 0.215415 0.594350
vt 0.231672 0.587972
vt 0.245360 0.580881
vt 0.258948 0.574131
vt 0.276494 0.567214
vt 0.294888 0.562672
vt 0.308355 0.566967
vt 0.327283 0.578806
vt 0.359118 0.581253
vt 0.367815 0.583389
vt 0.382231 0.578609
vt 0.406461 0.629371
vt 0.417580 0.627341
vt 0.433639 0.628297
vt 0.451512 0.630988
vt 0.502098 0.643146
vt 0.516349 0.637870
vt 0.531884 0.633513
vt 0.548861 0.628805
vt 0.564361 0.630524
vt 0.579319 0.634372
vt 0.590714 0.637019
vt 0.599713 0.639760
vt 0.608020 0.642103
vt 0.036211 0.641298
vt 0.044585 0.637798
vt 0.054265 0.632793
vt 0.064658 0.629557
vt 0.078416 0.627355
vt 0.090556 0.624440
vt 0.102292 0.621369
vt 0.111717 0.619830
vt 0.121183 0.620067
vt 0.127179 0.621539
vt 0.134627 0.623723
vt 0.141798 0.625986
vt 0.151345 0.629163
vt 0.160003 0.632661
vt 0.171634 0.640298
vt 0.207725 0.642527
vt 0.218949 0.637787
vt 0.233629 0.633511
vt 0.244066 0.632624
vt 0.255687 0.630975
vt 0.269547 0.628844
vt 0.282210 0.628107
vt 0.296229 0.630813
vt 0.312245 0.638182
vt 0.327714 0.644975
vt 0.381708 0.636360
vt 0.392754 0.634184
vt 0.422365 0.593939
vt 0.402844 0.600073
vt 0.386009 0.607911
vt 0.373722 0.612395
vt 0.339144 0.617757
vt 0.322380 0.610346
vt 0.304657 0.598671
vt 0.288501 0.592723
vt 0.273222 0.598121
vt 0.256837 0.604028
vt 0.243949 0.608083
vt 0.231576 0.611705
vt 0.217483 0.616880
vt 0.184469 0.623460
vt 0.177337 0.619414
vt 0.166736 0.612826
vt 0.159087 0.608415
vt 0.149676 0.602593
vt 0.143430 0.598947
vt 0.135844 0.594546
vt 0.129109 0.590848
vt 0.112478 0.586299
vt 0.102544 0.591077
vt 0.092082 0.597876
vt 0.079155 0.605317
vt 0.061525 0.605222
vt 0.049462 0.608518
vt 0.039138 0.613876
vt 0.030890 0.617544
vt 0.617609 0.618318
vt 0.608537 0.615011
vt 0.597162 0.612298
vt 0.584242 0.608033
vt 0.570471 0.601001
vt 0.552843 0.595386
vt 0.531917 0.602093
vt 0.511780 0.607615
vt 0.478903 0.609813
vt 0.460457 0.604782
vt 0.438073 0.597658
vt 0.120700 0.756566
vt 0.119743 0.734967
vt 0.129917 0.735981
vt 0.135766 0.737666
vt 0.238428 0.761720
vt 0.239903 0.736253
vt 0.245355 0.735540
vt 0.257853 0.757884
vt 0.264110 0.756182
vt 0.277967 0.739127
vt 0.403020 0.758595
vt 0.270002 0.736635
vt 0.410309 0.756114
vt 0.415481 0.754881
vt 0.423120 0.753784
vt 0.431548 0.754313
vt 0.430895 0.736413
vt 0.439885 0.736994
vt 0.529742 0.764646
vt 0.544991 0.761939
vt 0.545567 0.743752
vt 0.553053 0.742734
vt 0.553907 0.759807
vt 0.566514 0.758937
vt 0.082434 0.760383
vt 0.080965 0.742384
vt 0.086612 0.740700
vt 0.094897 0.757531
vt 0.098175 0.736162
vt 0.105846 0.735281
vt 0.108464 0.756330
vt 0.114728 0.734653
vt 0.538513 0.812375
vt 0.537826 0.794628
vt 0.545868 0.792821
vt 0.551119 0.809887
vt 0.559587 0.789993
vt 0.092267 0.791615
vt 0.102702 0.808495
vt 0.105418 0.788671
vt 0.112203 0.789041
vt 0.248234 0.812384
vt 0.257501 0.791121
vt 0.262575 0.790682
vt 0.422950 0.806595
vt 0.421500 0.786655
vt 0.424855 0.785858
vt 0.430633 0.802593
vt 0.259556 0.831234
vt 0.108313 0.827268
vt 0.262974 0.826571
vt 0.435807 0.818745
vt 0.438332 0.818050
vt 0.551707 0.825303
vt 0.561469 0.821560
vt 0.253514 0.820686
vt 0.429238 0.814001
vt 0.433348 0.811394
vt 0.542584 0.820427
vt 0.551334 0.818012
vt 0.419051 0.670711
vt 0.412037 0.671650
vt 0.401301 0.674857
vt 0.390778 0.677617
vt 0.309929 0.684705
vt 0.297577 0.678578
vt 0.284138 0.672652
vt 0.273018 0.670311
vt 0.265023 0.670227
vt 0.253791 0.670571
vt 0.244692 0.671787
vt 0.237361 0.672310
vt 0.227038 0.675556
vt 0.164043 0.680245
vt 0.158011 0.676701
vt 0.149808 0.671287
vt 0.142285 0.668267
vt 0.135748 0.665863
vt 0.129903 0.664531
vt 0.123812 0.663003
vt 0.118087 0.662098
vt 0.111638 0.661534
vt 0.102720 0.663366
vt 0.093444 0.665747
vt 0.084775 0.668191
vt 0.075955 0.670167
vt 0.067640 0.673591
vt 0.059903 0.677650
vt 0.053102 0.680991
vt 0.595477 0.681191
vt 0.588719 0.679392
vt 0.579750 0.677305
vt 0.570567 0.675575
vt 0.560067 0.673313
vt 0.549699 0.674118
vt 0.538799 0.677929
vt 0.526083 0.680686
vt 0.460261 0.675043
vt 0.444155 0.672551
vt 0.430143 0.671021
vt 0.613169 0.845106
vt 0.586374 0.827852
vt 0.709726 0.551343
vt 0.756371 0.547657
vt 0.789769 0.556344
vt 0.814638 0.572002
vt 0.665809 0.876570
vt 0.643383 0.862996
vt 0.641257 0.580701
vt 0.653992 0.553679
vt 0.948793 0.626022
vt 0.953609 0.658471
vt 0.951675 0.686960
vt 0.949511 0.708909
vt 0.639538 0.634876
vt 0.638942 0.604987
vt 0.706031 0.903808
vt 0.683259 0.893943
vt 0.970384 0.741699
vt 0.975531 0.769350
vt 0.982425 0.805673
vt 0.986197 0.846541
vt 0.739746 0.936611
vt 0.722489 0.919775
vt 0.906078 0.577263
vt 0.943694 0.588307
vt 0.953588 0.861797
vt 0.919757 0.872175
vt 0.887509 0.876521
vt 0.857477 0.890856
vt 0.841641 0.573559
vt 0.868381 0.573791
vt 0.611656 0.687795
vt 0.636147 0.657581
vt 0.843145 0.904353
vt 0.575427 0.080166
vt 0.798327 0.936821
vt 0.763369 0.954831
vt 0.592687 0.779386
vt 0.595289 0.743464
vt 0.457637 0.488232
vt 0.451178 0.475036
vt 0.466171 0.499845
vt 0.575589 0.517948
vt 0.429688 0.490093
vt 0.418873 0.502508
vt 0.438640 0.482275
vt 0.312016 0.486641
vt 0.299904 0.480437
vt 0.331715 0.500452
vt 0.283343 0.490047
vt 0.269665 0.507643
vt 0.164152 0.524999
vt 0.151637 0.520748
vt 0.141777 0.514270
vt 0.121309 0.497487
vt 0.104520 0.496415
vt 0.089453 0.505594
vt 0.066474 0.525474
vt 0.057030 0.536684
vt 0.049002 0.546786
vt 0.077893 0.515331
vt 0.840025 0.543935
vt 0.834058 0.535287
vt 0.847541 0.552983
vt 0.843256 0.548301
vt 0.829511 0.528449
vt 0.852615 0.557585
vt 0.825156 0.523053
vt 0.818203 0.515541
vt 0.809253 0.509436
vt 0.797540 0.513937
vt 0.787342 0.522324
vt 0.626527 0.519578
vt 0.618392 0.519115
vt 0.640742 0.520269
vt 0.609796 0.520287
vt 0.602110 0.521832
vt 0.593337 0.521495
vt 0.584867 0.518826
vt 0.467313 0.286994
vt 0.335816 0.204571
vt 0.093877 0.221217
vt 0.073084 0.217707
vt 0.145227 0.287578
vt 0.053005 0.249564
vt 0.390437 0.230002
vt 0.372917 0.212655
vt 0.246248 0.331389
vt 0.113268 0.234979
vt 0.878820 0.280029
vt 0.960123 0.363113
vt 0.953427 0.341415
vt 0.825088 0.253503
vt 0.155031 0.233394
vt 0.139225 0.237874
vt 0.562053 0.311719
vt 0.470160 0.218074
vt 0.718145 0.231996
vt 0.710640 0.216055
vt 0.865895 0.290664
vt 0.685068 0.209115
vt 0.506176 0.163474
vt 0.490839 0.185459
vt 0.039896 0.328776
vt 0.886003 0.271926
vt 0.669360 0.220018
vt 0.655986 0.230188
vt 0.764643 0.305464
vt 0.616942 0.258144
vt 0.946175 0.244362
vt 0.915419 0.249551
vt 0.340598 0.297504
vt 0.250357 0.234110
vt 0.555603 0.190003
vt 0.688617 0.297417
vt 0.656040 0.285182
vt 0.514904 0.155215
vt 0.313768 0.223324
vt 0.371935 0.315062
vt 0.010627 0.174279
vt 0.998965 0.132923
vt 0.967044 0.219215
vt 0.973084 0.192466
vt 0.965810 0.240492
vt 0.036744 0.488113
vt 0.045198 0.525140
vt 0.861620 0.555892
vt 0.909094 0.467648
vt 0.020640 0.402754
vt 0.937444 0.411295
vt 0.014356 0.365774
vt 0.964772 0.388569
vt 0.769751 0.465361
vt 0.780090 0.502366
vt 0.660147 0.522463
vt 0.693884 0.427810
vt 0.751219 0.379082
vt 0.710456 0.364956
vt 0.743501 0.341177
vt 0.732388 0.325356
vt 0.563769 0.461536
vt 0.507035 0.416327
vt 0.481087 0.488988
vt 0.516950 0.373504
vt 0.521355 0.355618
vt 0.476892 0.509273
vt 0.547556 0.345101
vt 0.538076 0.319504
vt 0.407076 0.445834
vt 0.416815 0.480861
vt 0.348613 0.510211
vt 0.365149 0.414862
vt 0.388612 0.364306
vt 0.368750 0.351847
vt 0.382793 0.331344
vt 0.380421 0.314309
vt 0.259648 0.451839
vt 0.265508 0.487748
vt 0.177398 0.523758
vt 0.217075 0.431340
vt 0.249927 0.367492
vt 0.234126 0.367131
vt 0.249981 0.330779
vt 0.250661 0.310673
vt 0.219093 0.154891
vt 0.206142 0.126344
vt 0.172212 0.211060
vt 0.181128 0.181374
vt 0.171077 0.232143
vt 0.812427 0.151871
vt 0.803491 0.142940
vt 0.742839 0.228955
vt 0.762882 0.202362
vt 0.726749 0.250122
vt 0.609524 0.170647
vt 0.618457 0.107670
vt 0.576495 0.187324
vt 0.589744 0.162480
vt 0.566342 0.207845
vt 0.444400 0.126227
vt 0.439427 0.131294
vt 0.406433 0.223294
vt 0.417452 0.194234
vt 0.397563 0.246816
vt 0.047871 0.683188
vt 0.070040 0.731404
vt 0.104189 0.817937
vt 0.566417 0.813163
vt 0.567389 0.792940
vt 0.577002 0.761055
vt 0.025072 0.618937
vt 0.030306 0.643642
vt 0.623295 0.589110
vt 0.623918 0.576233
vt 0.628430 0.563038
vt 0.513766 0.684499
vt 0.469717 0.634094
vt 0.437595 0.810615
vt 0.547899 0.826163
vt 0.554936 0.827261
vt 0.262497 0.833409
vt 0.437627 0.801867
vt 0.443497 0.785621
vt 0.447171 0.755294
vt 0.451482 0.722502
vt 0.500343 0.617016
vt 0.485328 0.580117
vt 0.488214 0.569335
vt 0.495983 0.552311
vt 0.216964 0.678767
vt 0.177339 0.644038
vt 0.110789 0.818291
vt 0.259374 0.827744
vt 0.104897 0.826308
vt 0.111406 0.808288
vt 0.132513 0.760668
vt 0.146255 0.724140
vt 0.205022 0.622183
vt 0.188933 0.599672
vt 0.190648 0.590462
vt 0.196394 0.580264
vt 0.380965 0.681201
vt 0.392889 0.725704
vt 0.264259 0.819517
vt 0.433328 0.819939
vt 0.265440 0.831129
vt 0.264835 0.828588
vt 0.263632 0.809828
vt 0.279946 0.760345
vt 0.363819 0.613428
vt 0.369505 0.640661
vt 0.346167 0.583956
vt 0.345847 0.571080
vt 0.348768 0.558902
vn -0.082848 -0.993941 0.072227
vn -0.170857 -0.983408 0.060968
vn -0.028366 -0.999481 -0.015246
vn 0.047846 -0.998852 -0.002389
vn -0.220090 -0.971911 0.083366
vn -0.300500 -0.949761 0.087485
vn -0.000864 -0.887423 -0.460955
vn -0.491105 -0.744861 -0.451662
vn -0.341580 -0.938543 -0.049599
vn -0.098144 -0.992922 -0.066890
vn 0.183586 -0.976170 -0.115711
vn 0.369283 -0.848627 -0.378765
vn 0.174989 -0.984302 -0.022999
vn 0.054554 -0.996257 0.067059
vn 0.004834 -0.932551 0.361005
vn -0.303028 -0.932592 0.196078
vn -0.509429 -0.802279 0.311178
vn -0.125049 -0.719114 0.683549
vn 0.369505 -0.616763 0.695032
vn 0.355722 -0.840719 0.408233
vn -0.340181 -0.911294 0.231990
vn -0.375047 -0.917816 -0.130206
vn 0.129730 -0.990998 0.033058
vn 0.153814 -0.893285 0.422354
vn -0.100095 -0.994706 -0.023259
vn -0.027620 -0.968176 -0.248741
vn -0.412780 -0.812347 -0.411953
vn -0.568893 -0.816286 -0.100191
vn 0.143758 -0.948357 -0.282758
vn 0.102765 -0.993042 0.057511
vn -0.276130 -0.915639 0.292162
vn -0.201825 -0.974319 -0.099845
vn -0.077349 -0.980758 0.179253
vn -0.148874 -0.968000 0.202022
vn 0.005696 -0.979226 0.202693
vn -0.549474 -0.614692 0.565891
vn -0.241491 -0.886282 0.395205
vn 0.261761 -0.946311 0.189676
vn -0.119993 -0.984275 0.129630
vn -0.353908 -0.880630 -0.315025
vn 0.003336 -0.966771 -0.255623
vn -0.110845 -0.992253 -0.056097
vn 0.049611 -0.956493 0.287507
vn 0.459814 -0.781341 0.421991
vn 0.347566 -0.917618 -0.192810
vn 0.200144 -0.790553 -0.578765
vn -0.190185 -0.951442 -0.242049
vn -0.277055 -0.814536 0.509678
vn -0.351500 -0.925183 0.143123
vn 0.069460 -0.956529 -0.283246
vn 0.000417 -0.980116 0.198425
vn -0.011861 -0.924878 0.380078
vn -0.285770 -0.806255 0.517965
vn -0.290140 -0.623899 0.725651
vn 0.118732 -0.778656 0.616115
vn 0.504515 -0.794596 0.337759
vn 0.249480 -0.946972 0.202494
vn -0.148612 -0.951052 0.270952
vn 0.135514 -0.975337 0.174222
vn 0.500002 -0.812278 0.300338
vn 0.337868 -0.868005 0.363885
vn 0.259748 -0.153306 0.953430
vn -0.554702 -0.301170 0.775630
vn -0.789768 0.005637 0.613380
vn -0.532899 0.337446 0.775982
vn -0.074403 0.251259 0.965056
vn -0.268702 0.229874 0.935392
vn -0.810015 0.152715 0.566175
vn -0.995692 -0.089670 -0.023588
vn -0.894089 -0.144814 -0.423831
vn -0.966822 -0.111065 -0.230044
vn -0.888688 0.036375 0.457067
vn -0.970478 0.235333 -0.052828
vn -0.738726 -0.069730 -0.670389
vn -0.118567 -0.296462 -0.947656
vn 0.462759 -0.338913 -0.819141
vn 0.046307 -0.317455 -0.947142
vn -0.411337 -0.197482 -0.889833
vn -0.102758 -0.033811 -0.994132
vn 0.677944 -0.011642 -0.735022
vn 0.974914 -0.001525 -0.222579
vn 0.962443 -0.130148 0.238252
vn 0.865181 -0.184297 -0.466365
vn 0.694873 -0.192654 -0.692847
vn 0.891949 -0.257388 -0.371724
vn 0.939923 -0.289342 0.181182
vn 0.193531 -0.244745 0.950077
vn -0.034832 -0.238450 0.970530
vn 0.518879 -0.179653 0.835757
vn 0.832638 -0.259666 0.489171
vn 0.744198 -0.057207 0.665505
vn 0.491462 0.560401 0.666646
vn 0.096436 0.514115 0.852282
vn -0.558133 0.383078 0.736029
vn -0.666656 0.463038 0.584093
vn -0.576859 0.532487 0.619428
vn -0.236134 0.564714 0.790784
vn -0.399243 0.508063 0.763202
vn -0.799158 0.442677 0.406673
vn -0.838749 0.410300 -0.357987
vn -0.859290 0.441333 -0.258545
vn -0.940082 0.340472 0.018003
vn -0.868147 0.447076 0.215508
vn -0.835268 0.498320 -0.232390
vn -0.559935 0.268804 -0.783721
vn -0.156699 0.183462 -0.970457
vn 0.362830 0.317365 -0.876147
vn 0.143205 0.393361 -0.908163
vn -0.143844 0.411391 -0.900037
vn 0.090149 0.397018 -0.913373
vn 0.608087 0.357506 -0.708816
vn 0.955950 0.292259 0.027270
vn 0.786676 0.340583 -0.514922
vn 0.915473 0.292911 -0.275886
vn 0.766982 0.330357 -0.550093
vn 0.940822 0.250714 -0.228026
vn 0.915180 0.269679 0.299531
vn 0.467200 0.316384 0.825606
vn 0.388839 0.425351 0.817240
vn 0.637059 0.487816 0.596818
vn 0.759322 0.473257 0.446607
vn -0.980200 -0.117626 -0.159284
vn -0.903016 0.428179 -0.035008
vn -0.424121 -0.826769 -0.369561
vn 0.026426 -0.965978 -0.257269
vn 0.274392 -0.959827 0.058666
vn 0.092950 -0.993864 0.059956
vn -0.063028 -0.997415 0.034518
vn 0.291854 -0.942221 0.164441
vn 0.532787 -0.782448 0.322357
vn 0.762026 -0.161537 0.627074
vn 0.580202 0.533789 0.615171
vn -0.284784 -0.106232 -0.952687
vn -0.010158 0.406289 -0.913688
vn -0.511767 -0.772618 -0.375707
vn -0.340527 -0.937009 0.077820
vn -0.127936 -0.965571 0.226505
vn -0.239515 -0.970666 0.020995
vn -0.341506 -0.939209 -0.035497
vn -0.482598 -0.756994 0.440521
vn -0.411321 -0.614420 0.673278
vn 0.067941 -0.214977 0.974253
vn 0.438003 0.370658 0.819003
vn -0.720806 -0.163346 0.673614
vn -0.620699 0.435685 0.651852
vn -0.413840 -0.875238 0.250388
vn -0.199611 -0.969314 0.143479
vn 0.051680 -0.996384 0.067435
vn 0.078481 -0.994399 0.070795
vn -0.121911 -0.971456 0.203499
vn -0.298067 -0.906433 0.299225
vn -0.431752 -0.890785 0.141751
vn -0.266594 -0.939631 -0.214527
vn 0.140632 -0.831782 -0.536993
vn 0.781957 -0.274000 -0.559882
vn 0.906971 0.276587 -0.317653
vn -0.965050 0.106602 0.239403
vn -0.875594 0.481281 -0.041270
vn -0.415164 -0.748385 0.517262
vn -0.088714 -0.932752 0.349434
vn 0.060504 -0.989278 0.132923
vn -0.081411 -0.981693 0.172198
vn -0.190087 -0.958656 0.211768
vn -0.161722 -0.938621 0.304690
vn 0.047609 -0.930959 0.362007
vn 0.400286 -0.839888 0.366552
vn 0.991040 -0.024324 -0.131335
vn 0.932790 0.316671 -0.172113
vn -0.231225 0.194016 0.953359
vn -0.369013 0.523289 0.768114
vn 0.368843 -0.738600 0.564292
vn 0.380918 -0.891122 0.246583
vn 0.267333 -0.959085 -0.093217
vn 0.166045 -0.979474 -0.114281
vn 0.070138 -0.996738 0.039919
vn 0.006465 -0.968295 0.249728
vn 0.090668 -0.978980 0.182697
vn 0.237624 -0.967193 -0.089846
vn 0.305240 -0.865911 -0.396267
vn 0.055963 -0.223275 -0.973148
vn -0.000273 0.296531 -0.955023
vn -0.988666 -0.126390 0.081024
vn -0.459987 -0.597226 0.657064
vn -0.334609 -0.915449 0.223583
vn -0.855164 -0.367980 -0.365083
vn -0.763214 -0.641748 0.075258
vn -0.987108 -0.118873 -0.107176
vn -0.899111 0.109192 -0.423883
vn -0.616356 -0.534328 -0.578446
vn -0.990577 0.019949 -0.135496
vn -0.604164 -0.669459 -0.432216
vn -0.207017 -0.923447 0.323094
vn -0.351519 0.023899 0.935876
vn -0.017632 0.021841 0.999606
vn 0.238421 -0.575856 0.782014
vn 0.288771 -0.393320 0.872875
vn -0.113973 0.076374 0.990544
vn -0.464630 -0.257297 0.847300
vn -0.333282 -0.552538 0.763954
vn -0.839710 0.024088 0.542501
vn -0.852904 -0.500578 0.148247
vn -0.897772 -0.027218 0.439619
vn -0.826844 -0.546503 0.132903
vn -0.874323 -0.075335 0.479462
vn -0.787882 -0.592648 0.167364
vn -0.626856 -0.754475 0.194470
vn -0.200545 -0.090163 0.975527
vn 0.306164 -0.918836 0.249006
vn 0.714697 -0.241764 0.656322
vn 0.731114 -0.666186 0.147203
vn 0.863015 -0.212317 0.458395
vn 0.871563 -0.487282 0.054170
vn 0.964563 -0.078777 0.251819
vn 0.567384 -0.641581 0.516188
vn 0.681373 -0.238600 0.691954
vn -0.020031 -0.627770 0.778141
vn 0.322439 -0.070558 0.943957
vn 0.199314 -0.053659 0.978466
vn -0.011324 -0.649394 0.760368
vn 0.260145 0.068051 0.963169
vn 0.069751 -0.649862 0.756845
vn 0.564833 0.133033 0.814412
vn 0.133068 -0.720943 0.680098
vn 0.154960 -0.986141 0.059266
vn 0.984571 0.076537 -0.157360
vn 0.688396 -0.163333 -0.706706
vn 0.052111 -0.769935 -0.635991
vn 0.049286 -0.675387 -0.735815
vn 0.535102 -0.186661 -0.823908
vn 0.063585 -0.610459 -0.789491
vn 0.469504 -0.193366 -0.861496
vn 0.068227 -0.547711 -0.833881
vn 0.775663 -0.006944 -0.631110
vn 0.947656 0.210105 -0.240424
vn 0.756557 -0.633172 0.163446
vn 0.428790 -0.684612 -0.589445
vn 0.879511 -0.113572 -0.462128
vn 0.087989 -0.505105 -0.858561
vn 0.879574 0.071246 -0.470396
vn 0.726858 0.185319 -0.661312
vn 0.740096 -0.647779 0.180667
vn 0.528289 -0.233741 -0.816257
vn 0.600318 -0.786097 0.147208
vn 0.275209 -0.333870 -0.901549
vn 0.293694 -0.928482 -0.227298
vn 0.393144 -0.856306 -0.334930
vn 0.496776 -0.610524 -0.616826
vn 0.617046 -0.728692 -0.297091
vn 0.644775 -0.548570 -0.532293
vn 0.001230 -0.981871 -0.189548
vn 0.305225 -0.437169 -0.846003
vn -0.774352 -0.632626 0.012816
vn -0.696610 -0.046643 -0.715932
vn -0.536920 -0.634786 -0.555664
vn -0.884150 -0.459211 0.086054
vn -0.921649 0.262462 -0.285790
vn -0.837268 0.093426 -0.538752
vn -0.020290 -0.687319 -0.726073
vn -0.753827 0.054857 -0.654780
vn -0.167235 -0.841154 -0.514288
vn -0.697174 -0.462100 -0.548099
vn -0.728360 -0.118917 0.674797
vn -0.796739 -0.523417 0.302061
vn -0.467076 -0.522450 -0.713363
vn -0.246095 -0.416154 -0.875359
vn -0.713916 -0.087247 -0.694775
vn -0.974832 -0.120568 -0.187527
vn -0.899659 -0.208667 -0.383500
vn -0.074010 -0.439137 -0.895367
vn 0.702310 -0.127826 -0.700300
vn 0.365853 -0.421836 -0.829582
vn 0.370547 -0.610768 -0.699755
vn 0.825241 -0.520687 -0.218775
vn 0.917693 -0.396679 -0.022013
vn 0.948749 -0.310517 -0.058777
vn 0.618694 -0.230332 -0.751109
vn 0.286144 -0.279001 -0.916668
vn 0.365938 -0.291043 -0.883959
vn 0.425027 -0.333747 -0.841407
vn 0.466479 -0.410372 -0.783577
vn 0.662051 -0.428998 -0.614532
vn 0.822909 -0.438844 0.360884
vn 0.443335 -0.292437 0.847310
vn 0.449633 -0.258892 0.854871
vn 0.324381 -0.306992 0.894725
vn 0.186431 -0.294064 0.937427
vn 0.722031 -0.231551 0.651963
vn 0.925573 -0.207296 0.316770
vn 0.790304 -0.294747 0.537163
vn 0.289874 -0.412689 0.863517
vn -0.810113 -0.233460 0.537787
vn -0.875132 -0.172176 0.452217
vn -0.863764 -0.182802 0.469569
vn -0.898237 -0.273413 0.344117
vn -0.362454 -0.156780 0.918720
vn 0.153304 -0.130830 0.979480
vn 0.024885 -0.128165 0.991441
vn -0.605580 -0.426753 0.671681
vn -0.866714 -0.363416 -0.341665
vn -0.814615 -0.271400 -0.512586
vn -0.987119 -0.143049 0.071646
vn 0.406454 0.616213 0.674594
vn 0.490156 0.569115 0.660193
vn 0.089717 0.676529 0.730930
vn -0.515778 0.551552 0.655563
vn -0.667094 0.478445 0.571031
vn -0.601869 0.498329 0.624037
vn -0.568046 0.462406 0.680811
vn -0.316271 0.513513 0.797670
vn -0.208795 0.522989 0.826370
vn -0.356402 0.515557 0.779217
vn -0.815320 0.506574 0.280420
vn -0.885059 0.418393 -0.204004
vn -0.863357 0.452179 -0.223939
vn -0.810953 0.454147 -0.368925
vn -0.821436 0.449306 -0.351237
vn -0.858784 0.512336 0.001186
vn -0.797379 0.584868 -0.148714
vn -0.739881 0.618961 -0.263559
vn -0.482308 0.651890 -0.585165
vn 0.073409 0.494174 -0.866258
vn 0.203785 0.453034 -0.867889
vn 0.340415 0.437264 -0.832417
vn 0.312945 0.463680 -0.828895
vn -0.005667 0.549520 -0.835461
vn -0.044896 0.554648 -0.830873
vn 0.169863 0.577456 -0.798556
vn 0.667236 0.542493 -0.510389
vn 0.912920 0.397845 -0.091087
vn 0.932285 0.361679 -0.005809
vn 0.906873 0.379998 -0.182162
vn 0.751398 0.405798 -0.520317
vn 0.761824 0.416410 -0.496213
vn 0.840015 0.436797 -0.321844
vn 0.873097 0.457041 -0.169749
vn 0.732897 0.547046 0.404479
vn 0.378117 0.471138 0.796905
vn 0.362344 0.493415 0.790726
vn 0.448694 0.515527 0.730004
vn 0.662016 0.513051 0.546363
vn 0.692311 0.524652 0.495424
vn 0.041492 0.697483 0.715400
vn 0.416154 0.650614 0.635230
vn 0.496851 0.614550 0.612754
vn 0.688693 0.565580 0.453675
vn 0.639648 0.543421 0.543639
vn 0.429352 0.531785 0.729974
vn 0.439625 0.521674 0.731154
vn 0.454550 0.464304 0.760135
vn 0.826643 0.456292 0.329331
vn 0.907866 0.366015 -0.204481
vn 0.868317 0.377548 -0.321687
vn 0.741854 0.377725 -0.554055
vn 0.764721 0.369345 -0.528002
vn 0.944002 0.320276 -0.079267
vn 0.942670 0.324924 -0.076145
vn 0.923041 0.330727 -0.196505
vn 0.616084 0.475452 -0.628002
vn 0.119773 0.524317 -0.843058
vn -0.000201 0.515167 -0.857090
vn -0.092648 0.513668 -0.852972
vn 0.184130 0.459486 -0.868889
vn 0.358616 0.395085 -0.845756
vn 0.121351 0.402086 -0.907524
vn -0.045417 0.377168 -0.925031
vn -0.540330 0.519064 -0.662281
vn -0.779219 0.577068 -0.244560
vn -0.822433 0.560268 -0.098505
vn -0.846331 0.510813 0.150980
vn -0.840319 0.455947 -0.293216
vn -0.810607 0.458458 -0.364325
vn -0.867944 0.478366 -0.133566
vn -0.911469 0.406083 -0.065728
vn -0.792190 0.479209 0.377880
vn -0.395674 0.512603 0.762023
vn -0.273515 0.552232 0.787547
vn -0.283749 0.566516 0.773658
vn -0.579704 0.523545 0.624375
vn -0.619237 0.536884 0.572975
vn -0.586481 0.560321 0.584877
vn -0.504074 0.578649 0.641151
vn 0.052056 0.373485 0.926174
vn -0.715659 0.303829 0.628904
vn -0.745466 0.242449 0.620886
vn -0.437778 0.347957 0.829021
vn -0.644600 0.261928 0.718251
vn -0.683057 0.268612 0.679177
vn 0.686645 0.316202 0.654626
vn 0.809225 0.256848 0.528379
vn 0.632840 0.313005 0.708196
vn 0.430468 0.331624 0.839478
vn 0.605707 0.317605 0.729552
vn 0.669041 0.300082 0.679953
vn 0.586013 0.257657 0.768246
vn 0.830178 0.274155 0.485432
vn 0.669965 0.394288 -0.629034
vn 0.581177 0.334051 -0.742053
vn 0.781760 0.358120 -0.510492
vn 0.903480 0.329432 -0.274223
vn 0.831230 0.350014 -0.431910
vn 0.858408 0.341452 -0.382813
vn 0.155616 0.303218 -0.940129
vn 0.737335 0.286943 -0.611556
vn 0.849378 0.303617 -0.431710
vn 0.872322 0.336761 -0.354467
vn 0.163584 0.355246 -0.920348
vn 0.528797 0.359559 -0.768825
vn -0.047215 0.385998 -0.921291
vn -0.681257 0.421772 -0.598328
vn -0.621969 0.427238 -0.656218
vn -0.759878 0.444792 -0.474073
vn -0.394927 0.281751 -0.874442
vn -0.531908 0.247368 -0.809866
vn -0.925207 0.379365 -0.008614
vn -0.852803 0.407174 0.327011
vn -0.913620 0.385895 -0.128000
vn -0.747353 0.308755 0.588331
vn -0.953680 0.271508 -0.129532
vn -0.907867 0.285140 -0.307364
vn -0.121270 0.328801 0.936581
vn -0.256045 0.352665 0.900038
vn -0.480895 0.362995 0.798107
vn 0.109793 0.470166 0.875722
vn 0.131674 -0.014114 0.991193
vn -0.444469 0.027106 0.895384
vn -0.671786 -0.017745 0.740533
vn -0.670393 0.285937 0.684699
vn -0.554336 -0.232322 0.799211
vn -0.728911 0.272054 0.628232
vn -0.420501 -0.422536 0.802896
vn -0.698629 0.284012 0.656700
vn -0.027553 -0.572231 0.819629
vn -0.409596 0.269579 0.871527
vn -0.046330 0.241050 0.969406
vn 0.340279 -0.600751 0.723400
vn -0.228293 0.324755 0.917832
vn 0.447255 -0.524801 0.724257
vn -0.709155 0.463430 0.531348
vn -0.368323 -0.902096 0.224859
vn -0.901130 0.415251 -0.124629
vn -0.709470 -0.520728 -0.474863
vn -0.805853 -0.358062 -0.471585
vn -0.901079 0.351884 -0.253446
vn -0.938109 0.265243 0.222708
vn -0.886310 -0.452071 0.100428
vn -0.905769 0.257023 0.336930
vn -0.796787 -0.311834 0.517581
vn -0.833335 -0.445651 0.327029
vn -0.922452 0.355150 -0.151495
vn -0.182668 -0.657312 -0.731145
vn -0.378403 0.345394 -0.858787
vn 0.222751 -0.539636 -0.811896
vn -0.195459 0.307859 -0.931139
vn -0.547420 0.347199 -0.761436
vn 0.078890 -0.533969 -0.841816
vn -0.462165 -0.379571 -0.801455
vn -0.791357 0.342933 -0.506114
vn -0.721456 0.374700 -0.582325
vn -0.788668 -0.093146 -0.607723
vn -0.045351 0.449971 -0.891891
vn -0.674446 -0.319382 -0.665671
vn -0.069646 -0.522996 -0.849485
vn 0.590318 0.285609 -0.754952
vn 0.194067 0.365256 -0.910454
vn 0.502953 -0.649926 -0.569766
vn 0.059043 0.400199 -0.914524
vn 0.745023 -0.627547 -0.226107
vn 0.888530 -0.458630 -0.013110
vn 0.701836 0.352260 -0.619144
vn 0.946053 -0.321274 0.042041
vn 0.929190 0.268015 -0.254507
vn 0.858142 0.288287 -0.424832
vn 0.940139 -0.338607 -0.038537
vn 0.959299 -0.258333 -0.114060
vn 0.746927 0.309209 -0.588633
vn 0.923392 -0.173332 -0.342496
vn 0.760033 0.337317 -0.555489
vn 0.803433 0.349912 -0.481723
vn 0.790286 0.047263 -0.610913
vn 0.778693 -0.000467 -0.627405
vn 0.838091 0.362416 -0.407748
vn 0.822673 -0.007970 -0.568459
vn 0.865491 0.376776 -0.330099
vn 0.874425 0.019448 -0.484771
vn 0.887794 0.414354 -0.200330
vn 0.844957 0.449906 0.289193
vn 0.972288 -0.020372 -0.232897
vn 0.961595 -0.273446 -0.023699
vn 0.556251 0.353236 0.752203
vn 0.785143 -0.612792 -0.089644
vn 0.460385 0.346696 0.817219
vn 0.252267 -0.824710 0.506177
vn 0.374699 0.369260 0.850440
vn -0.138945 -0.554466 0.820525
vn 0.344007 0.378185 0.859439
vn 0.708582 0.363700 0.604677
vn 0.193237 -0.506115 0.840540
vn 0.802189 0.361705 0.475040
vn 0.409883 -0.533049 0.740172
vn 0.615287 0.423797 0.664694
vn 0.553069 -0.390891 0.735744
vn 0.032570 0.483700 0.874628
vn -0.638196 0.363362 0.678730
vn 0.585227 0.394393 0.708494
vn 0.798345 0.333363 0.501511
vn 0.682511 0.386017 0.620621
vn 0.408905 0.410042 0.815268
vn 0.565561 0.400684 0.720829
vn 0.646215 0.372141 0.666272
vn 0.606961 0.351911 0.712570
vn 0.799383 0.443516 0.405315
vn 0.861179 0.450513 -0.235390
vn 0.843946 0.454319 -0.285218
vn 0.830301 0.455084 -0.321712
vn 0.772375 0.458560 -0.439500
vn 0.561546 0.422389 -0.711515
vn 0.699302 0.379459 -0.605796
vn 0.854073 0.384252 -0.350584
vn 0.826795 0.385155 -0.409958
vn 0.677267 0.412336 -0.609335
vn 0.118861 0.447763 -0.886217
vn 0.108801 0.419744 -0.901098
vn 0.552140 0.341883 -0.760433
vn -0.023789 0.521540 -0.852895
vn -0.651148 0.483845 -0.584722
vn -0.762705 0.453060 -0.461538
vn -0.583749 0.436143 -0.684848
vn -0.337180 0.372228 -0.864729
vn -0.475345 0.362059 -0.801848
vn -0.867958 0.462247 -0.181596
vn -0.880735 0.379820 0.282917
vn -0.925139 0.379451 0.011648
vn -0.871428 0.388363 -0.299646
vn -0.908643 0.405609 -0.099243
vn -0.670882 0.472663 0.571408
vn -0.285450 0.401451 0.870262
vn -0.110239 0.369323 0.922740
vn -0.448025 0.403269 0.797902
vn -0.711971 0.366932 0.598713
vn -0.597923 0.371194 0.710425
vn -0.587739 0.355700 0.726664
vn -0.001608 0.488254 0.872700
vn -0.556846 0.382682 0.737209
vn 0.570343 0.432407 0.698379
vn 0.798646 0.372195 0.472901
vn 0.700192 0.398913 0.592114
vn 0.378271 0.420385 0.824735
vn 0.470378 0.400386 0.786407
vn 0.550477 0.364100 0.751270
vn 0.591822 0.347894 0.727129
vn 0.817630 0.451962 0.356667
vn 0.857111 0.453546 -0.244246
vn 0.846445 0.440732 -0.298808
vn 0.832410 0.438791 -0.338461
vn 0.775911 0.410584 -0.478939
vn 0.656448 0.345765 -0.670464
vn 0.734947 0.311889 -0.602145
vn 0.888028 0.308091 -0.341300
vn 0.888711 0.315175 -0.332953
vn 0.681323 0.394470 -0.616597
vn 0.076899 0.449541 -0.889944
vn 0.139421 0.400677 -0.905549
vn 0.584186 0.296428 -0.755551
vn 0.002900 0.469500 -0.882928
vn -0.687015 0.437014 -0.580541
vn -0.780130 0.407254 -0.474912
vn -0.539348 0.387308 -0.747728
vn -0.254306 0.346644 -0.902866
vn -0.410461 0.366469 -0.834999
vn -0.894626 0.421524 -0.148199
vn -0.904177 0.308043 0.295928
vn -0.933358 0.335952 0.126409
vn -0.875088 0.380568 -0.298979
vn -0.896326 0.422494 -0.134531
vn -0.667347 0.480198 0.569260
vn -0.268956 0.379213 0.885359
vn -0.085931 0.338379 0.937078
vn -0.415381 0.350107 0.839574
vn -0.705559 0.365613 0.607053
vn -0.644411 0.378458 0.664458
vn -0.597855 0.375375 0.708281
vn -0.633162 -0.544889 -0.549729
vn -0.710276 -0.457369 -0.535091
vn 0.171612 -0.681498 -0.711414
vn 0.363669 -0.618256 -0.696781
vn 0.180624 -0.690760 -0.700162
vn -0.259099 -0.871922 -0.415475
vn -0.776462 -0.549721 0.308081
vn -0.679676 -0.731532 0.053864
vn -0.761693 -0.467826 0.448289
vn -0.500477 -0.663562 -0.556065
vn -0.689545 -0.651711 -0.315913
vn 0.433461 -0.608908 0.664336
vn -0.166041 -0.956449 0.240073
vn 0.405380 -0.669870 0.622046
vn 0.250158 -0.616247 0.746767
vn 0.256126 -0.699007 0.667674
vn 0.258558 -0.713436 0.651273
vn -0.379589 -0.486003 0.787219
vn -0.438736 -0.484001 0.757136
vn -0.352032 -0.664248 0.659430
vn 0.115842 -0.748508 0.652929
vn 0.034700 -0.699595 0.713696
vn 0.752566 -0.522557 -0.400723
vn 0.385549 -0.920638 0.061470
vn -0.235582 -0.806055 0.542934
vn -0.240934 -0.728410 0.641381
vn 0.576184 -0.375375 -0.726020
vn 0.818715 -0.546707 -0.175549
vn 0.641048 -0.358540 -0.678607
vn 0.687989 -0.365602 -0.626902
vn 0.704194 -0.352182 -0.616505
vn 0.717239 -0.327474 -0.615085
vn 0.683755 -0.365860 -0.631368
vn 0.816818 -0.501963 0.284326
vn 0.820528 -0.533332 0.205647
vn 0.837193 -0.545956 0.032240
vn 0.823200 -0.558481 0.102182
vn -0.588402 -0.661696 -0.464695
vn 0.329875 -0.918664 -0.217345
vn 0.808357 -0.587742 -0.033453
vn -0.704276 0.183695 -0.685749
vn -0.277768 0.179774 -0.943677
vn -0.958174 0.282164 -0.047811
vn -0.931780 0.316384 0.178010
vn -0.970063 0.223393 0.095257
vn -0.901338 -0.013264 -0.432913
vn -0.992011 0.087823 -0.090564
vn -0.822774 0.180978 0.538785
vn -0.323879 0.380987 0.865997
vn -0.352216 0.385163 0.852991
vn -0.144349 0.360959 0.921342
vn 0.238148 0.305234 0.922018
vn 0.190918 0.289096 0.938069
vn -0.402291 0.229024 0.886403
vn -0.476650 0.179307 0.860612
vn -0.426735 0.131034 0.894834
vn 0.046437 0.229135 0.972286
vn 0.340018 0.307443 0.888745
vn 0.254499 0.212379 0.943465
vn 0.154853 0.099783 0.982885
vn 0.718189 0.265007 0.643410
vn 0.881291 0.414369 0.227210
vn 0.914263 0.404756 -0.017188
vn 0.929022 0.369582 -0.018067
vn 0.955676 0.289650 -0.052783
vn 0.955728 0.276928 -0.099476
vn 0.864285 0.273580 -0.422096
vn 0.726004 0.252809 -0.639536
vn 0.932850 0.282624 -0.223415
vn 0.968397 0.241929 0.060647
vn 0.952307 0.247456 -0.178544
vn 0.863813 0.251940 -0.436295
vn 0.810157 0.267984 -0.521373
vn 0.757462 0.258124 -0.599686
vn 0.291466 0.250762 -0.923128
vn -0.252858 0.291402 -0.922577
vn -0.436169 0.267914 -0.859057
vn -0.568575 0.172068 -0.804434
vn 0.091950 0.154389 -0.983722
vn -0.040216 0.183160 -0.982260
vn -0.681109 0.380740 -0.625402
vn -0.276892 0.287274 -0.916954
vn -0.910403 0.405826 -0.080444
vn -0.898122 0.411911 0.153969
vn -0.928522 0.370212 0.028117
vn -0.891782 0.179853 -0.415184
vn -0.965703 0.230530 -0.119471
vn -0.796869 0.395265 0.456909
vn -0.392402 0.461231 0.795793
vn -0.404765 0.450950 0.795494
vn -0.166228 0.455370 0.874646
vn 0.194252 0.427842 0.882733
vn 0.128427 0.409349 0.903294
vn -0.399259 0.336362 0.852908
vn -0.498329 0.287619 0.817890
vn -0.445537 0.269879 0.853617
vn 0.004952 0.361472 0.932370
vn 0.300052 0.384137 0.873159
vn 0.261619 0.326698 0.908198
vn 0.187313 0.263855 0.946200
vn 0.635401 0.406441 0.656560
vn 0.848191 0.463638 0.256148
vn 0.886443 0.446936 0.120277
vn 0.900127 0.416074 0.129051
vn 0.918460 0.380230 0.108883
vn 0.923064 0.384541 -0.009052
vn 0.823106 0.398740 -0.404355
vn 0.702808 0.380631 -0.600983
vn 0.898203 0.399272 -0.183886
vn 0.930641 0.363262 0.044153
vn 0.918699 0.359617 -0.163300
vn 0.825342 0.354142 -0.439766
vn 0.762058 0.348751 -0.545564
vn 0.718311 0.352812 -0.599627
vn 0.296162 0.405161 -0.864947
vn -0.187653 0.372148 -0.909006
vn -0.425462 0.339061 -0.839059
vn -0.424521 0.306363 -0.852011
vn 0.094077 0.265924 -0.959392
vn -0.070194 0.278596 -0.957840
vn -0.253580 0.279162 -0.926156
vn -0.721764 0.371696 -0.583866
vn -0.788680 0.289244 -0.542514
vn -0.209800 0.276751 -0.937760
vn -0.971899 0.230672 -0.046940
vn -0.928311 0.363975 -0.075902
vn -0.921578 0.352738 0.162080
vn -0.957840 0.206828 0.199412
vn -0.942934 0.331524 -0.031096
vn -0.978280 0.201628 -0.048103
vn -0.855358 0.262909 -0.446365
vn -0.872410 0.192591 -0.449233
vn -0.935106 0.312825 -0.166486
vn -0.948625 0.246504 -0.198359
vn -0.780602 0.414681 0.467655
vn -0.820961 0.339305 0.459232
vn -0.403987 0.395282 0.824953
vn -0.432283 0.307632 0.847640
vn -0.398400 0.389478 0.830412
vn -0.353798 0.311485 0.881932
vn -0.177974 0.403365 0.897564
vn -0.132662 0.326820 0.935729
vn 0.140988 0.380468 0.913984
vn 0.118462 0.308856 0.943703
vn 0.058461 0.363110 0.929910
vn -0.056333 0.293290 0.954363
vn -0.447323 0.305214 0.840683
vn -0.538451 0.228406 0.811111
vn -0.581102 0.254227 0.773104
vn -0.628697 0.200040 0.751481
vn -0.496434 0.263469 0.827126
vn -0.441444 0.260135 0.858753
vn -0.044141 0.367862 0.928832
vn -0.043008 0.349302 0.936023
vn 0.260462 0.393059 0.881853
vn 0.256787 0.379559 0.888817
vn 0.193218 0.358625 0.913266
vn 0.163914 0.358646 0.918970
vn 0.157047 0.332474 0.929945
vn 0.130054 0.345818 0.929245
vn 0.563004 0.440428 0.699321
vn 0.453448 0.435783 0.777482
vn 0.831287 0.455282 0.318872
vn 0.807690 0.468490 0.357985
vn 0.867542 0.441435 0.229145
vn 0.847322 0.459979 0.265452
vn 0.874262 0.432062 0.221335
vn 0.855468 0.455934 0.245558
vn 0.886526 0.429912 0.171021
vn 0.880531 0.457701 0.123189
vn 0.893816 0.448427 0.002557
vn 0.881404 0.461978 -0.098504
vn 0.810600 0.438504 -0.388125
vn 0.816029 0.423004 -0.393908
vn 0.735001 0.393097 -0.552493
vn 0.789263 0.386498 -0.477162
vn 0.910558 0.399305 -0.106953
vn 0.910802 0.405736 -0.076280
vn 0.923030 0.376708 0.078143
vn 0.913186 0.394676 0.101603
vn 0.913991 0.388680 -0.116399
vn 0.915313 0.401153 -0.035756
vn 0.836712 0.386999 -0.387485
vn 0.859896 0.408854 -0.305642
vn 0.779869 0.368609 -0.505898
vn 0.810927 0.396954 -0.429912
vn 0.730175 0.361951 -0.579514
vn 0.753416 0.391519 -0.528278
vn 0.275938 0.408903 -0.869860
vn 0.290996 0.418048 -0.860557
vn -0.193934 0.368309 -0.909252
vn -0.205570 0.345105 -0.915775
vn -0.399729 0.339192 -0.851566
vn -0.380907 0.300508 -0.874417
vn -0.283082 0.316695 -0.905301
vn -0.202326 0.293219 -0.934391
vn 0.136840 0.279682 -0.950291
vn 0.187440 0.278888 -0.941853
vn -0.045316 0.272601 -0.961060
vn 0.043390 0.275684 -0.960269
vn 0.851954 0.489800 0.185124
vn 0.840846 0.481574 0.247112
vn 0.880296 0.473091 0.035547
vn 0.873762 0.475031 -0.104334
vn -0.015031 0.319930 0.947322
vn 0.256512 0.375544 0.890600
vn 0.131708 0.345230 0.929231
vn 0.137514 0.332204 0.933129
vn -0.275502 0.210836 0.937895
vn -0.278816 0.250490 0.927101
vn -0.052586 0.271035 0.961132
vn 0.026592 0.219533 0.975243
vn 0.832520 0.421854 -0.359096
vn 0.830433 0.442442 -0.338566
vn 0.902915 0.429581 0.014330
vn 0.875591 0.431436 -0.217262
vn 0.886372 0.462669 -0.016819
vn 0.848328 0.509360 0.144543
vn 0.837668 0.426140 -0.341641
vn 0.847874 0.456949 -0.268900
vn 0.834085 0.434297 -0.340130
vn 0.816635 0.398226 -0.417760
vn 0.899781 0.424145 -0.102446
vn 0.912523 0.404469 -0.060886
vn 0.901107 0.423280 0.094025
vn 0.905029 0.420819 0.061927
vn 0.908330 0.417253 0.028925
vn 0.887611 0.442858 -0.126581
vn 0.385974 0.443412 -0.808957
vn 0.184199 0.435567 -0.881108
vn -0.334144 0.268230 -0.903549
vn -0.349760 0.273410 -0.896055
vn -0.155252 0.284162 -0.946123
vn -0.107582 0.289725 -0.951045
vn -0.197096 0.304872 -0.931776
vn -0.193637 0.315710 -0.928887
vn 0.207993 0.291041 -0.933828
vn 0.169807 0.305265 -0.937005
vn 0.118111 0.297865 -0.947273
vn 0.151316 0.317848 -0.935989
vn -0.171730 0.310413 -0.934961
vn -0.205644 0.337247 -0.918681
vn -0.748438 0.263242 -0.608723
vn -0.869329 0.247555 -0.427766
vn -0.991874 0.126320 -0.015152
vn -0.995638 0.091542 0.018021
vn -0.970736 0.093164 0.221340
vn -0.967191 0.046204 0.249815
vn -0.993329 0.093943 -0.066881
vn -0.994581 0.061262 -0.083997
vn -0.907945 0.102952 -0.406247
vn -0.979541 0.102434 -0.173225
vn -0.970064 0.152775 -0.188772
vn -0.985169 0.107427 -0.133796
vn -0.829799 0.221807 0.512089
vn -0.806771 0.134185 0.575427
vn -0.549412 0.209889 0.808760
vn -0.068766 0.173902 0.982359
vn -0.117729 0.215326 0.969420
vn -0.235713 0.136793 0.962147
vn -0.588502 0.160586 0.792388
vn -0.566103 0.084991 0.819942
vn -0.634521 0.157315 0.756726
vn -0.558388 0.107684 0.822561
vn -0.293326 0.266457 0.918129
vn -0.179984 0.209754 0.961046
vn 0.121017 0.291155 0.948991
vn 0.146424 0.307390 0.940251
vn 0.506221 0.426054 0.749812
vn 0.404455 0.430832 0.806722
vn 0.793205 0.490115 0.361405
vn 0.801890 0.518554 0.296771
vn -0.805452 0.274425 -0.525298
vn -0.998132 0.058825 0.016484
vn -0.989714 0.115722 -0.084106
vn -0.734746 0.241696 0.633822
vn -0.173404 0.193411 0.965672
vn -0.309156 0.146783 0.939616
vn -0.012322 0.325086 0.945604
vn 0.373349 0.380642 0.846004
vn 0.887451 0.458003 0.051610
vn 0.856075 0.512020 0.070504
vn 0.887937 0.450235 -0.094111
vn 0.077596 0.423204 -0.902706
vn 0.416907 0.489777 -0.765707
vn 0.106013 0.305607 -0.946238
vn 0.113657 0.324647 -0.938982
vn -0.268777 0.338809 -0.901647
vn -0.032433 0.672719 0.739187
vn 0.030854 0.439138 0.897889
vn 0.812535 0.581547 -0.039875
vn 0.573451 0.817790 -0.048715
vn 0.376680 0.702192 -0.604185
vn 0.534629 0.478801 -0.696363
vn -0.227832 0.373327 -0.899288
vn -0.365901 0.692357 -0.621900
vn -0.870300 0.340323 -0.356031
vn -0.827921 0.529565 -0.184684
vn -0.724552 0.332747 0.603577
vn -0.638423 0.516684 0.570486
s 1
g PineBranchesLOW Pine_Group
usemtl lambert5SG
f 1/1/1 127/127/2 128/128/3 85/85/4
f 1/1/1 94/94/5 126/126/6 127/127/2
f 8/7/7 92/92/8 150/150/9 151/151/10
f 151/151/10 165/165/11 166/166/12 8/7/7
f 85/85/4 161/161/13 162/162/14 1/1/1
f 76/76/15 130/130/16 131/131/17 4/4/18
f 158/158/19 159/159/20 76/76/15 4/4/18
f 11/11/21 74/74/22 178/178/23 179/179/24
f 175/175/25 176/176/26 87/87/27 9/9/28
f 171/171/29 172/172/30 153/153/31 10/10/32
f 138/138/33 139/139/34 94/94/5 1/1/1
f 1/1/1 162/162/14 163/163/35 138/138/33
f 136/136/36 174/174/37 175/175/25 9/9/28
f 147/147/38 148/148/39 105/105/40 7/8/41
f 103/103/42 141/141/43 142/142/44 5/5/45
f 123/123/46 124/124/47 103/103/42 5/5/45
f 101/101/48 117/117/49 118/118/50 6/6/51
f 114/114/52 115/115/53 96/96/54 2/2/55
f 83/83/56 113/113/57 114/114/52 2/2/55
f 110/110/58 111/111/59 78/78/60 3/3/61
f 33/919/62 109/904/63 110/110/58 3/3/61
f 131/131/17 132/898/64 34/899/65 4/4/18
f 34/899/65 157/888/66 158/158/19 4/4/18
f 11/11/21 179/179/24 180/882/67 36/883/68
f 73/920/69 74/74/22 11/11/21 36/883/68
f 9/9/28 87/87/27 88/914/70 38/915/71
f 135/896/72 136/136/36 9/9/28 38/915/71
f 10/10/32 153/153/31 154/890/73 40/891/74
f 170/884/75 171/171/29 10/10/32 40/891/74
f 8/7/7 166/166/12 167/886/76 42/887/77
f 91/912/78 92/92/8 8/7/7 42/887/77
f 7/8/41 105/105/40 106/906/79 44/907/80
f 146/892/81 147/147/38 7/8/41 44/907/80
f 5/5/45 142/142/44 143/894/82 46/895/83
f 46/895/83 122/900/84 123/123/46 5/5/45
f 6/6/51 118/118/50 119/902/85 48/903/86
f 100/908/87 101/101/48 6/6/51 48/903/86
f 96/96/54 97/910/88 50/911/89 2/2/55
f 82/916/90 83/83/56 2/2/55 50/911/89
f 3/3/61 78/78/60 79/918/91 33/919/62
f 33/32/62 79/79/91 343/343/92 344/344/93
f 109/109/63 33/32/62 344/344/93 345/345/94
f 34/34/65 132/132/64 347/347/95 348/1062/96
f 157/157/66 34/1063/65 348/348/96 349/349/97
f 36/36/68 180/180/67 351/351/98 352/352/99
f 38/38/71 88/88/70 355/355/100 356/1047/101
f 73/73/69 36/36/68 352/352/99 353/353/102
f 135/135/72 38/1048/71 356/356/101 357/357/103
f 40/40/74 154/154/73 359/359/104 360/360/105
f 170/170/75 40/40/74 360/360/105 361/361/106
f 42/42/77 167/167/76 363/363/107 364/1002/108
f 91/91/78 42/1003/77 364/364/108 365/365/109
f 44/44/80 106/106/79 367/367/110 368/368/111
f 46/46/83 143/143/82 371/371/112 372/1052/113
f 146/146/81 44/44/80 368/368/111 369/369/114
f 122/122/84 46/1053/83 372/372/113 373/373/115
f 48/48/86 119/119/85 375/375/116 376/376/117
f 100/100/87 48/48/86 376/376/117 377/377/118
f 50/50/89 97/97/88 379/379/119 380/1057/120
f 82/82/90 50/1058/89 380/380/120 381/381/121
f 37/37/122 73/73/69 353/353/102 354/354/123
f 14/14/124 74/74/22 73/920/69 37/921/122
f 177/177/125 178/178/23 74/74/22 14/14/124
f 76/76/15 159/159/20 160/160/126 13/13/127
f 13/13/127 129/129/128 130/130/16 76/76/15
f 78/78/60 111/111/59 112/112/129 12/12/130
f 79/918/91 78/78/60 12/12/130 51/51/131
f 79/79/91 51/917/131 342/342/132 343/343/92
f 381/381/121 342/342/132 51/917/131 82/82/90
f 12/12/130 83/83/56 82/916/90 51/51/131
f 112/112/129 113/113/57 83/83/56 12/12/130
f 85/85/4 128/128/3 129/129/128 13/13/127
f 13/13/127 160/160/126 161/161/13 85/85/4
f 87/87/27 176/176/26 177/177/125 14/14/124
f 88/914/70 87/87/27 14/14/124 37/921/122
f 88/88/70 37/37/122 354/354/123 355/355/100
f 43/43/133 91/91/78 365/365/109 366/366/134
f 23/23/135 92/92/8 91/912/78 43/913/133
f 149/149/136 150/150/9 92/92/8 23/23/135
f 94/94/5 139/139/34 140/140/137 25/25/138
f 125/125/139 126/126/6 94/94/5 25/25/138
f 96/96/54 115/115/53 116/116/140 26/26/141
f 49/909/142 97/910/88 96/96/54 26/26/141
f 97/97/88 49/49/142 378/378/143 379/379/119
f 49/49/142 100/100/87 377/377/118 378/378/143
f 26/26/141 101/101/48 100/908/87 49/909/142
f 26/26/141 116/116/140 117/117/49 101/101/48
f 103/103/42 124/124/47 125/125/139 25/25/138
f 25/25/138 140/140/137 141/141/43 103/103/42
f 148/148/39 149/149/136 23/23/135 105/105/40
f 106/906/79 105/105/40 23/23/135 43/913/133
f 106/106/79 43/43/133 366/366/134 367/367/110
f 32/33/144 109/109/63 345/345/94 346/346/145
f 110/110/58 109/904/63 32/905/144 31/31/146
f 31/31/146 77/77/147 111/111/59 110/110/58
f 112/112/129 111/111/59 77/77/147 30/30/148
f 30/30/148 84/84/149 113/113/57 112/112/129
f 114/114/52 113/113/57 84/84/149 29/29/150
f 29/29/150 95/95/151 115/115/53 114/114/52
f 116/116/140 115/115/53 95/95/151 28/28/152
f 117/117/49 116/116/140 28/28/152 102/102/153
f 118/118/50 117/117/49 102/102/153 27/27/154
f 119/902/85 118/118/50 27/27/154 47/901/155
f 119/119/85 47/47/155 374/374/156 375/375/116
f 47/47/155 122/122/84 373/373/115 374/374/156
f 123/123/46 122/900/84 47/901/155 27/27/154
f 27/27/154 102/102/153 124/124/47 123/123/46
f 125/125/139 124/124/47 102/102/153 28/28/152
f 95/95/151 126/126/6 125/125/139 28/28/152
f 127/127/2 126/126/6 95/95/151 29/29/150
f 128/128/3 127/127/2 29/29/150 84/84/149
f 129/129/128 128/128/3 84/84/149 30/30/148
f 130/130/16 129/129/128 30/30/148 77/77/147
f 131/131/17 130/130/16 77/77/147 31/31/146
f 32/905/144 132/898/64 131/131/17 31/31/146
f 132/132/64 32/33/144 346/346/145 347/347/95
f 39/39/157 135/135/72 357/357/103 358/358/158
f 22/22/159 136/136/36 135/896/72 39/897/157
f 22/22/159 173/173/160 174/174/37 136/136/36
f 138/138/33 163/163/35 164/164/161 20/20/162
f 20/20/162 93/93/163 139/139/34 138/138/33
f 140/140/137 139/139/34 93/93/163 24/24/164
f 141/141/43 140/140/137 24/24/164 104/104/165
f 142/142/44 141/141/43 104/104/165 19/19/166
f 143/894/82 142/142/44 19/19/166 45/893/167
f 143/143/82 45/45/167 370/370/168 371/371/112
f 45/45/167 146/146/81 369/369/114 370/370/168
f 19/19/166 147/147/38 146/892/81 45/893/167
f 104/104/165 148/148/39 147/147/38 19/19/166
f 24/24/164 149/149/136 148/148/39 104/104/165
f 93/93/163 150/150/9 149/149/136 24/24/164
f 151/151/10 150/150/9 93/93/163 20/20/162
f 20/20/162 164/164/161 165/165/11 151/151/10
f 153/153/31 172/172/30 173/173/160 22/22/159
f 154/890/73 153/153/31 22/22/159 39/897/157
f 154/154/73 39/39/157 358/358/158 359/359/104
f 35/35/169 157/157/66 349/349/97 350/350/170
f 158/158/19 157/888/66 35/889/169 15/15/171
f 15/15/171 75/75/172 159/159/20 158/158/19
f 160/160/126 159/159/20 75/75/172 16/16/173
f 161/161/13 160/160/126 16/16/173 86/86/174
f 162/162/14 161/161/13 86/86/174 17/17/175
f 163/163/35 162/162/14 17/17/175 137/137/176
f 164/164/161 163/163/35 137/137/176 21/21/177
f 165/165/11 164/164/161 21/21/177 152/152/178
f 166/166/12 165/165/11 152/152/178 18/18/179
f 167/886/76 166/166/12 18/18/179 41/885/180
f 167/167/76 41/41/180 362/362/181 363/363/107
f 41/41/180 170/170/75 361/361/106 362/362/181
f 18/18/179 171/171/29 170/884/75 41/885/180
f 18/18/179 152/152/178 172/172/30 171/171/29
f 173/173/160 172/172/30 152/152/178 21/21/177
f 174/174/37 173/173/160 21/21/177 137/137/176
f 175/175/25 174/174/37 137/137/176 17/17/175
f 17/17/175 86/86/174 176/176/26 175/175/25
f 177/177/125 176/176/26 86/86/174 16/16/173
f 75/75/172 178/178/23 177/177/125 16/16/173
f 179/179/24 178/178/23 75/75/172 15/15/171
f 180/882/67 179/179/24 15/15/171 35/889/169
f 180/180/67 35/35/169 350/350/170 351/351/98
f 89/994/182 222/222/183 223/223/184 59/58/185
f 261/261/186 222/222/183 89/994/182 58/1001/187
f 72/72/188 260/260/189 261/1037/186 58/1038/187
f 72/72/188 57/57/190 259/259/191 260/260/189
f 258/258/192 259/259/191 57/57/190 181/962/193
f 56/56/194 257/257/195 258/258/192 181/962/193
f 256/256/196 257/257/195 56/56/194 156/156/197
f 55/1030/198 255/255/199 256/256/196 156/156/197
f 133/978/200 254/254/201 255/1029/199 55/55/198
f 54/54/202 253/253/203 254/254/201 133/978/200
f 108/108/204 252/252/205 253/253/203 54/54/202
f 251/251/206 252/252/205 108/108/204 53/53/207
f 250/250/208 251/251/206 53/53/207 80/998/209
f 249/249/210 250/250/208 80/998/209 52/997/211
f 248/248/212 249/249/210 52/997/211 81/81/213
f 247/247/214 248/248/212 81/81/213 71/1022/215
f 246/246/216 247/1021/214 71/71/215 98/990/217
f 70/70/218 245/245/219 246/246/216 98/990/217
f 99/99/220 244/244/221 245/245/219 70/70/218
f 69/69/222 243/243/223 244/244/221 99/99/220
f 242/242/224 243/243/223 69/69/222 120/982/225
f 68/68/226 241/241/227 242/242/224 120/982/225
f 240/240/228 241/241/227 68/68/226 121/121/229
f 239/239/230 240/240/228 121/121/229 67/66/231
f 238/238/232 239/239/230 67/66/231 144/974/233
f 65/65/234 235/235/235 236/1013/236 145/145/237
f 237/237/238 238/238/232 144/974/233 66/973/239
f 236/236/236 237/237/238 66/973/239 145/1014/237
f 107/986/240 234/234/241 235/235/235 65/65/234
f 107/986/240 64/64/242 233/233/243 234/234/241
f 90/90/244 232/232/245 233/233/243 64/64/242
f 231/231/246 232/232/245 90/90/244 63/63/247
f 230/230/248 231/231/246 63/63/247 168/966/249
f 229/229/250 230/230/248 168/966/249 62/62/251
f 228/228/252 229/229/250 62/62/251 169/169/253
f 226/226/254 227/227/255 61/61/256 155/970/257
f 61/61/256 227/227/255 228/228/252 169/169/253
f 225/225/258 226/1045/254 155/1046/257 60/60/259
f 224/224/260 225/225/258 60/60/259 134/134/261
f 223/223/184 224/224/260 134/134/261 59/58/185
f 223/223/184 222/222/183 182/182/262 183/183/263
f 221/221/264 224/224/260 223/223/184 183/183/263
f 220/220/265 225/225/258 224/224/260 221/221/264
f 218/219/266 226/1045/254 225/225/258 220/220/265
f 219/218/267 227/227/255 226/226/254 218/1044/266
f 228/228/252 227/227/255 219/218/267 217/217/268
f 217/217/268 216/216/269 229/229/250 228/228/252
f 216/216/269 215/215/270 230/230/248 229/229/250
f 214/214/271 231/231/246 230/230/248 215/215/270
f 213/213/272 232/232/245 231/231/246 214/214/271
f 233/233/243 232/232/245 213/213/272 212/212/273
f 234/234/241 233/233/243 212/212/273 211/211/274
f 235/235/235 234/234/241 211/211/274 208/208/275
f 236/1013/236 235/235/235 208/208/275 209/209/276
f 210/210/277 237/237/238 236/236/236 209/1012/276
f 207/207/278 238/238/232 237/237/238 210/210/277
f 206/206/279 239/239/230 238/238/232 207/207/278
f 205/205/280 240/240/228 239/239/230 206/206/279
f 204/204/281 241/241/227 240/240/228 205/205/280
f 242/242/224 241/241/227 204/204/281 203/203/282
f 203/203/282 202/202/283 243/243/223 242/242/224
f 244/244/221 243/243/223 202/202/283 201/201/284
f 245/245/219 244/244/221 201/201/284 200/200/285
f 246/246/216 245/245/219 200/200/285 199/199/286
f 198/198/287 247/1021/214 246/246/216 199/199/286
f 197/197/288 248/248/212 247/247/214 198/1020/287
f 196/196/289 249/249/210 248/248/212 197/197/288
f 195/195/290 250/250/208 249/249/210 196/196/289
f 194/194/291 251/251/206 250/250/208 195/195/290
f 194/194/291 193/193/292 252/252/205 251/251/206
f 253/253/203 252/252/205 193/193/292 192/192/293
f 254/254/201 253/253/203 192/192/293 191/191/294
f 255/1029/199 254/254/201 191/191/294 190/190/295
f 256/256/196 255/255/199 190/1027/295 189/189/296
f 188/188/297 257/257/195 256/256/196 189/189/296
f 258/258/192 257/257/195 188/188/297 187/187/298
f 186/186/299 259/259/191 258/258/192 187/187/298
f 260/260/189 259/259/191 186/186/299 185/185/300
f 261/1037/186 260/260/189 185/185/300 184/184/301
f 184/1036/301 182/182/262 222/222/183 261/261/186
f 303/303/302 304/304/303 52/52/211 80/80/209
f 302/302/304 303/303/302 80/80/209 53/999/207
f 341/341/305 302/302/304 53/999/207 108/984/204
f 340/340/306 341/341/305 108/984/204 54/985/202
f 339/339/307 340/340/306 54/985/202 133/133/200
f 338/338/308 339/339/307 133/133/200 55/979/198
f 156/968/197 337/337/309 338/1064/308 55/1066/198
f 56/969/194 336/336/310 337/337/309 156/968/197
f 335/335/311 336/336/310 56/969/194 181/181/193
f 334/334/312 335/335/311 181/181/193 57/963/190
f 72/1000/188 333/333/313 334/334/312 57/963/190
f 58/59/187 332/332/314 333/333/313 72/1000/188
f 89/89/182 331/331/315 332/332/314 58/59/187
f 59/995/185 330/330/316 331/331/315 89/89/182
f 329/329/317 330/1049/316 59/1051/185 134/976/261
f 328/328/318 329/329/317 134/976/261 60/977/259
f 327/327/319 328/328/318 60/977/259 155/155/257
f 326/326/320 327/327/319 155/155/257 61/971/256
f 169/964/253 325/325/321 326/326/320 61/971/256
f 62/965/251 324/324/322 325/325/321 169/964/253
f 323/323/323 324/324/322 62/965/251 168/168/249
f 322/322/324 323/323/323 168/168/249 63/967/247
f 321/321/325 322/1004/324 63/1006/247 90/992/244
f 320/320/326 321/321/325 90/992/244 64/993/242
f 319/319/327 320/320/326 64/993/242 107/107/240
f 318/318/328 319/319/327 107/107/240 65/987/234
f 145/972/237 317/317/329 318/318/328 65/987/234
f 66/67/239 316/316/330 317/317/329 145/972/237
f 144/144/233 315/315/331 316/316/330 66/67/239
f 67/975/231 314/314/332 315/315/331 144/144/233
f 313/313/333 314/1054/332 67/1056/231 121/980/229
f 312/312/334 313/313/333 121/980/229 68/981/226
f 311/311/335 312/312/334 68/981/226 120/120/225
f 310/310/336 311/311/335 120/120/225 69/983/222
f 99/988/220 309/309/337 310/310/336 69/983/222
f 70/989/218 308/308/338 309/309/337 99/988/220
f 98/98/217 307/307/339 308/308/338 70/989/218
f 71/991/215 306/306/340 307/307/339 98/98/217
f 81/996/213 305/305/341 306/1059/340 71/1061/215
f 52/52/211 304/304/303 305/305/341 81/996/213
f 264/264/342 263/263/343 303/303/302 302/302/304
f 263/263/343 262/262/344 304/304/303 303/303/302
f 305/305/341 304/304/303 262/262/344 301/301/345
f 306/1059/340 305/305/341 301/301/345 300/1060/346
f 307/307/339 306/306/340 300/300/346 299/299/347
f 308/308/338 307/307/339 299/299/347 298/298/348
f 309/309/337 308/308/338 298/298/348 297/297/349
f 310/310/336 309/309/337 297/297/349 296/296/350
f 296/296/350 295/295/351 311/311/335 310/310/336
f 295/295/351 294/294/352 312/312/334 311/311/335
f 294/294/352 293/293/353 313/313/333 312/312/334
f 293/293/353 292/1055/354 314/1054/332 313/313/333
f 315/315/331 314/314/332 292/292/354 291/291/355
f 316/316/330 315/315/331 291/291/355 290/290/356
f 317/317/329 316/316/330 290/290/356 289/289/357
f 318/318/328 317/317/329 289/289/357 288/288/358
f 288/288/358 287/287/359 319/319/327 318/318/328
f 287/287/359 286/286/360 320/320/326 319/319/327
f 286/286/360 285/285/361 321/321/325 320/320/326
f 285/285/361 284/1005/362 322/1004/324 321/321/325
f 284/284/362 283/283/363 323/323/323 322/322/324
f 283/283/363 282/282/364 324/324/322 323/323/323
f 325/325/321 324/324/322 282/282/364 281/281/365
f 326/326/320 325/325/321 281/281/365 280/280/366
f 280/280/366 279/279/367 327/327/319 326/326/320
f 279/279/367 278/278/368 328/328/318 327/327/319
f 278/278/368 277/277/369 329/329/317 328/328/318
f 277/277/369 276/1050/370 330/1049/316 329/329/317
f 331/331/315 330/330/316 276/276/370 275/275/371
f 332/332/314 331/331/315 275/275/371 274/274/372
f 333/333/313 332/332/314 274/274/372 273/273/373
f 334/334/312 333/333/313 273/273/373 272/272/374
f 272/272/374 271/271/375 335/335/311 334/334/312
f 271/271/375 270/270/376 336/336/310 335/335/311
f 337/337/309 336/336/310 270/270/376 269/269/377
f 338/1064/308 337/337/309 269/269/377 268/1065/378
f 268/268/378 267/267/379 339/339/307 338/338/308
f 267/267/379 266/266/380 340/340/306 339/339/307
f 266/266/380 265/265/381 341/341/305 340/340/306
f 265/265/381 264/264/342 302/302/304 341/341/305
f 343/343/92 342/342/132 262/262/344 263/263/343
f 344/344/93 343/343/92 263/263/343 264/264/342
f 345/345/94 344/344/93 264/264/342 265/265/381
f 346/346/145 345/345/94 265/265/381 266/266/380
f 347/347/95 346/346/145 266/266/380 267/267/379
f 348/1062/96 347/347/95 267/267/379 268/268/378
f 349/349/97 348/348/96 268/1065/378 269/269/377
f 350/350/170 349/349/97 269/269/377 270/270/376
f 351/351/98 350/350/170 270/270/376 271/271/375
f 352/352/99 351/351/98 271/271/375 272/272/374
f 353/353/102 352/352/99 272/272/374 273/273/373
f 354/354/123 353/353/102 273/273/373 274/274/372
f 355/355/100 354/354/123 274/274/372 275/275/371
f 356/1047/101 355/355/100 275/275/371 276/276/370
f 357/357/103 356/356/101 276/1050/370 277/277/369
f 358/358/158 357/357/103 277/277/369 278/278/368
f 359/359/104 358/358/158 278/278/368 279/279/367
f 360/360/105 359/359/104 279/279/367 280/280/366
f 361/361/106 360/360/105 280/280/366 281/281/365
f 362/362/181 361/361/106 281/281/365 282/282/364
f 363/363/107 362/362/181 282/282/364 283/283/363
f 364/1002/108 363/363/107 283/283/363 284/284/362
f 365/365/109 364/364/108 284/1005/362 285/285/361
f 366/366/134 365/365/109 285/285/361 286/286/360
f 367/367/110 366/366/134 286/286/360 287/287/359
f 368/368/111 367/367/110 287/287/359 288/288/358
f 369/369/114 368/368/111 288/288/358 289/289/357
f 370/370/168 369/369/114 289/289/357 290/290/356
f 371/371/112 370/370/168 290/290/356 291/291/355
f 372/1052/113 371/371/112 291/291/355 292/292/354
f 373/373/115 372/372/113 292/1055/354 293/293/353
f 374/374/156 373/373/115 293/293/353 294/294/352
f 375/375/116 374/374/156 294/294/352 295/295/351
f 376/376/117 375/375/116 295/295/351 296/296/350
f 377/377/118 376/376/117 296/296/350 297/297/349
f 378/378/143 377/377/118 297/297/349 298/298/348
f 379/379/119 378/378/143 298/298/348 299/299/347
f 380/1057/120 379/379/119 299/299/347 300/300/346
f 381/381/121 380/380/120 300/1060/346 301/301/345
f 262/262/344 342/342/132 381/381/121 301/301/345
f 195/195/290 422/422/382 423/423/383 194/194/291
f 426/426/384 427/427/385 190/190/295 191/191/294
f 425/425/386 426/426/384 191/191/294 192/192/293
f 424/424/387 425/425/386 192/192/293 193/193/292
f 423/423/383 424/424/387 193/193/292 194/194/291
f 198/1020/287 459/459/388 460/460/389 197/197/288
f 197/197/288 460/460/389 461/461/390 196/196/289
f 196/196/289 461/461/390 422/422/382 195/195/290
f 199/199/286 458/458/391 459/1019/388 198/198/287
f 457/457/392 458/458/391 199/199/286 200/200/285
f 456/456/393 457/457/392 200/200/285 201/201/284
f 455/455/394 456/456/393 201/201/284 202/202/283
f 454/454/395 455/455/394 202/202/283 203/203/282
f 448/448/396 449/449/397 210/210/277 209/1012/276
f 210/210/277 449/449/397 450/450/398 207/207/278
f 204/204/281 453/453/399 454/454/395 203/203/282
f 451/451/400 452/452/401 205/205/280 206/206/279
f 450/450/398 451/451/400 206/206/279 207/207/278
f 452/452/401 453/453/399 204/204/281 205/205/280
f 444/444/402 445/445/403 212/212/273 213/213/272
f 445/445/403 446/446/404 211/211/274 212/212/273
f 447/447/405 448/1011/396 209/209/276 208/208/275
f 211/211/274 446/446/404 447/447/405 208/208/275
f 214/214/271 443/443/406 444/444/402 213/213/272
f 215/215/270 442/442/407 443/443/406 214/214/271
f 441/441/408 442/442/407 215/215/270 216/216/269
f 217/217/268 440/440/409 441/441/408 216/216/269
f 438/438/410 439/439/411 219/218/267 218/1044/266
f 219/218/267 439/439/411 440/440/409 217/217/268
f 220/220/265 437/437/412 438/1043/410 218/219/266
f 436/436/413 437/437/412 220/220/265 221/221/264
f 184/1036/301 433/433/414 434/434/415 182/182/262
f 434/434/415 435/435/416 183/183/263 182/182/262
f 435/435/416 436/436/413 221/221/264 183/183/263
f 187/187/298 430/430/417 431/431/418 186/186/299
f 431/431/418 432/432/419 185/185/300 186/186/299
f 185/185/300 432/432/419 433/1035/414 184/184/301
f 190/1027/295 427/1026/385 428/428/420 189/189/296
f 189/189/296 428/428/420 429/429/421 188/188/297
f 188/188/297 429/429/421 430/430/417 187/187/298
f 502/502/422 503/503/423 382/956/424 383/958/425
f 387/959/426 541/541/427 502/502/422 383/958/425
f 386/960/428 540/540/429 541/541/427 387/959/426
f 384/961/430 539/539/431 540/540/429 386/960/428
f 385/925/432 538/538/433 539/539/431 384/961/430
f 537/537/434 538/1025/433 385/1028/432 420/924/435
f 536/536/436 537/537/434 420/924/435 421/922/437
f 535/535/438 536/536/436 421/922/437 417/923/439
f 534/534/440 535/535/438 417/923/439 418/928/441
f 419/926/442 533/533/443 534/534/440 418/928/441
f 532/1032/444 533/533/443 419/926/442 414/927/445
f 531/531/446 532/532/444 414/1033/445 415/931/447
f 416/929/448 530/530/449 531/531/446 415/931/447
f 413/930/450 529/529/451 530/530/449 416/929/448
f 412/932/452 528/528/453 529/529/451 413/930/450
f 527/1040/454 528/528/453 412/932/452 410/933/455
f 411/934/456 526/526/457 527/527/454 410/1041/455
f 525/525/458 526/526/457 411/934/456 409/935/459
f 524/524/460 525/525/458 409/935/459 408/936/461
f 407/937/462 523/523/463 524/524/460 408/936/461
f 522/522/464 523/523/463 407/937/462 406/938/465
f 521/521/466 522/522/464 406/938/465 402/939/467
f 403/943/468 520/520/469 521/521/466 402/939/467
f 404/940/470 519/519/471 520/520/469 403/943/468
f 518/518/472 519/519/471 404/940/470 405/941/473
f 405/941/473 396/942/474 517/1008/475 518/518/472
f 397/949/476 516/516/477 517/517/475 396/1009/474
f 515/515/478 516/516/477 397/949/476 398/946/479
f 400/947/480 514/514/481 515/515/478 398/946/479
f 401/944/482 513/513/483 514/514/481 400/947/480
f 399/945/484 512/512/485 513/513/483 401/944/482
f 511/511/486 512/512/485 399/945/484 395/948/487
f 394/950/488 510/510/489 511/511/486 395/948/487
f 393/951/490 509/509/491 510/510/489 394/950/488
f 392/952/492 508/508/493 509/509/491 393/951/490
f 391/953/494 507/507/495 508/508/493 392/952/492
f 506/1016/496 507/507/495 391/953/494 388/954/497
f 505/505/498 506/506/496 388/1017/497 389/957/499
f 504/504/500 505/505/498 389/957/499 390/955/501
f 503/503/423 504/504/500 390/955/501 382/956/424
f 423/423/383 422/422/382 463/463/502 462/462/503
f 422/422/382 461/461/390 464/464/504 463/463/502
f 461/461/390 460/460/389 465/465/505 464/464/504
f 460/460/389 459/459/388 466/1018/506 465/465/505
f 459/1019/388 458/458/391 467/467/507 466/466/506
f 468/468/508 467/467/507 458/458/391 457/457/392
f 469/469/509 468/468/508 457/457/392 456/456/393
f 470/470/510 469/469/509 456/456/393 455/455/394
f 471/471/511 470/470/510 455/455/394 454/454/395
f 454/454/395 453/453/399 472/472/512 471/471/511
f 473/473/513 472/472/512 453/453/399 452/452/401
f 474/474/514 473/473/513 452/452/401 451/451/400
f 475/475/515 474/474/514 451/451/400 450/450/398
f 450/450/398 449/449/397 476/476/516 475/475/515
f 477/1010/517 476/476/516 449/449/397 448/448/396
f 478/478/518 477/477/517 448/1011/396 447/447/405
f 447/447/405 446/446/404 479/479/519 478/478/518
f 480/480/520 479/479/519 446/446/404 445/445/403
f 481/481/521 480/480/520 445/445/403 444/444/402
f 444/444/402 443/443/406 482/482/522 481/481/521
f 443/443/406 442/442/407 483/483/523 482/482/522
f 484/484/524 483/483/523 442/442/407 441/441/408
f 441/441/408 440/440/409 485/485/525 484/484/524
f 440/440/409 439/439/411 486/486/526 485/485/525
f 487/1042/527 486/486/526 439/439/411 438/438/410
f 438/1043/410 437/437/412 488/488/528 487/487/527
f 489/489/529 488/488/528 437/437/412 436/436/413
f 490/490/530 489/489/529 436/436/413 435/435/416
f 491/491/531 490/490/530 435/435/416 434/434/415
f 434/434/415 433/433/414 492/1034/532 491/491/531
f 433/1035/414 432/432/419 493/493/533 492/492/532
f 494/494/534 493/493/533 432/432/419 431/431/418
f 431/431/418 430/430/417 495/495/535 494/494/534
f 430/430/417 429/429/421 496/496/536 495/495/535
f 429/429/421 428/428/420 497/497/537 496/496/536
f 428/428/420 427/1026/385 498/1024/538 497/497/537
f 499/499/539 498/498/538 427/427/385 426/426/384
f 500/500/540 499/499/539 426/426/384 425/425/386
f 501/501/541 500/500/540 425/425/386 424/424/387
f 462/462/503 501/501/541 424/424/387 423/423/383
f 462/462/503 463/463/502 542/542/542 543/543/543
f 463/463/502 464/464/504 581/581/544 542/542/542
f 464/464/504 465/465/505 580/580/545 581/581/544
f 465/465/505 466/1018/506 579/579/546 580/580/545
f 466/466/506 467/467/507 578/578/547 579/1015/546
f 577/577/548 578/578/547 467/467/507 468/468/508
f 576/576/549 577/577/548 468/468/508 469/469/509
f 575/575/550 576/576/549 469/469/509 470/470/510
f 574/574/551 575/575/550 470/470/510 471/471/511
f 471/471/511 472/472/512 573/573/552 574/574/551
f 572/572/553 573/573/552 472/472/512 473/473/513
f 571/571/554 572/572/553 473/473/513 474/474/514
f 570/570/555 571/571/554 474/474/514 475/475/515
f 475/475/515 476/476/516 569/569/556 570/570/555
f 568/568/557 569/569/556 476/476/516 477/1010/517
f 567/567/558 568/1007/557 477/477/517 478/478/518
f 478/478/518 479/479/519 566/566/559 567/567/558
f 565/565/560 566/566/559 479/479/519 480/480/520
f 564/564/561 565/565/560 480/480/520 481/481/521
f 481/481/521 482/482/522 563/563/562 564/564/561
f 482/482/522 483/483/523 562/562/563 563/563/562
f 561/561/564 562/562/563 483/483/523 484/484/524
f 484/484/524 485/485/525 560/560/565 561/561/564
f 485/485/525 486/486/526 559/559/566 560/560/565
f 558/558/567 559/559/566 486/486/526 487/1042/527
f 487/487/527 488/488/528 557/557/568 558/1039/567
f 556/556/569 557/557/568 488/488/528 489/489/529
f 555/555/570 556/556/569 489/489/529 490/490/530
f 554/554/571 555/555/570 490/490/530 491/491/531
f 491/491/531 492/1034/532 553/553/572 554/554/571
f 492/492/532 493/493/533 552/552/573 553/1031/572
f 551/551/574 552/552/573 493/493/533 494/494/534
f 494/494/534 495/495/535 550/550/575 551/551/574
f 495/495/535 496/496/536 549/549/576 550/550/575
f 496/496/536 497/497/537 548/548/577 549/549/576
f 497/497/537 498/1024/538 547/547/578 548/548/577
f 546/546/579 547/1023/578 498/498/538 499/499/539
f 545/545/580 546/546/579 499/499/539 500/500/540
f 544/544/581 545/545/580 500/500/540 501/501/541
f 543/543/543 544/544/581 501/501/541 462/462/503
f 503/503/423 502/502/422 543/543/543 542/542/542
f 581/581/544 504/504/500 503/503/423 542/542/542
f 580/580/545 505/505/498 504/504/500 581/581/544
f 506/506/496 505/505/498 580/580/545 579/579/546
f 507/507/495 506/1016/496 579/1015/546 578/578/547
f 508/508/493 507/507/495 578/578/547 577/577/548
f 509/509/491 508/508/493 577/577/548 576/576/549
f 510/510/489 509/509/491 576/576/549 575/575/550
f 511/511/486 510/510/489 575/575/550 574/574/551
f 512/512/485 511/511/486 574/574/551 573/573/552
f 572/572/553 513/513/483 512/512/485 573/573/552
f 514/514/481 513/513/483 572/572/553 571/571/554
f 570/570/555 515/515/478 514/514/481 571/571/554
f 569/569/556 516/516/477 515/515/478 570/570/555
f 517/517/475 516/516/477 569/569/556 568/568/557
f 518/518/472 517/1008/475 568/1007/557 567/567/558
f 566/566/559 519/519/471 518/518/472 567/567/558
f 565/565/560 520/520/469 519/519/471 566/566/559
f 521/521/466 520/520/469 565/565/560 564/564/561
f 522/522/464 521/521/466 564/564/561 563/563/562
f 523/523/463 522/522/464 563/563/562 562/562/563
f 524/524/460 523/523/463 562/562/563 561/561/564
f 525/525/458 524/524/460 561/561/564 560/560/565
f 559/559/566 526/526/457 525/525/458 560/560/565
f 527/527/454 526/526/457 559/559/566 558/558/567
f 528/528/453 527/1040/454 558/1039/567 557/557/568
f 529/529/451 528/528/453 557/557/568 556/556/569
f 555/555/570 530/530/449 529/529/451 556/556/569
f 554/554/571 531/531/446 530/530/449 555/555/570
f 532/532/444 531/531/446 554/554/571 553/553/572
f 552/552/573 533/533/443 532/1032/444 553/1031/572
f 551/551/574 534/534/440 533/533/443 552/552/573
f 535/535/438 534/534/440 551/551/574 550/550/575
f 549/549/576 536/536/436 535/535/438 550/550/575
f 548/548/577 537/537/434 536/536/436 549/549/576
f 547/547/578 538/1025/433 537/537/434 548/548/577
f 539/539/431 538/538/433 547/1023/578 546/546/579
f 540/540/429 539/539/431 546/546/579 545/545/580
f 541/541/427 540/540/429 545/545/580 544/544/581
f 543/543/543 502/502/422 541/541/427 544/544/581
f 408/408/461 409/1116/459 582/1115/582 583/583/583
f 409/409/459 411/410/456 584/584/584 582/582/582
f 410/411/455 585/585/585 584/584/584 411/410/456
f 412/412/452 586/586/586 585/585/585 410/411/455
f 586/586/586 412/412/452 413/413/450 587/587/587
f 416/416/448 588/588/588 587/587/587 413/413/450
f 415/415/447 414/1091/445 589/1090/589 590/590/590
f 416/416/448 415/415/447 590/590/590 588/588/588
f 589/589/589 414/414/445 419/419/442 591/591/591
f 591/591/591 419/419/442 418/418/441 592/592/592
f 421/421/437 593/593/593 594/594/594 417/417/439
f 417/417/439 594/594/594 592/592/592 418/418/441
f 593/593/593 421/421/437 420/420/435 595/595/595
f 386/1077/428 596/1076/596 597/597/597 384/385/430
f 384/385/430 597/597/597 598/598/598 385/384/432
f 385/384/432 598/598/598 595/595/595 420/420/435
f 386/386/428 387/387/426 599/599/599 596/596/596
f 387/387/426 383/383/425 600/600/600 599/599/599
f 382/382/424 601/601/601 600/600/600 383/383/425
f 601/601/601 382/382/424 390/390/501 602/602/602
f 602/602/602 390/390/501 389/389/499 603/603/603
f 393/393/490 604/604/604 605/605/605 392/392/492
f 606/606/606 391/391/494 392/392/492 605/605/605
f 391/391/494 606/606/606 607/607/607 388/388/497
f 388/388/497 607/607/607 603/603/603 389/389/499
f 609/608/608 398/398/479 397/1103/476 608/1102/609
f 398/398/479 609/608/608 610/610/610 400/401/480
f 400/401/480 610/610/610 611/611/611 401/400/482
f 399/399/484 612/612/612 613/613/613 395/395/487
f 401/400/482 611/611/611 612/612/612 399/399/484
f 395/395/487 613/613/613 614/614/614 394/394/488
f 394/394/488 614/614/614 604/604/604 393/393/490
f 608/609/609 397/396/476 396/397/474 615/615/615
f 396/397/474 405/405/473 616/616/616 615/615/615
f 403/402/468 617/617/617 618/618/618 404/404/470
f 616/616/616 405/405/473 404/404/470 618/618/618
f 407/407/462 619/619/619 620/620/620 406/406/465
f 583/583/583 619/619/619 407/407/462 408/408/461
f 617/617/617 403/402/468 402/403/467 621/621/621
f 406/406/465 620/620/620 621/621/621 402/403/467
f 663/663/622 662/662/623 586/586/586 587/587/587
f 588/588/588 664/664/624 663/663/622 587/587/587
f 590/590/590 665/665/625 664/664/624 588/588/588
f 589/1090/589 666/1089/626 665/665/625 590/590/590
f 667/667/627 666/666/626 589/589/589 591/591/591
f 668/668/628 667/667/627 591/591/591 592/592/592
f 594/594/594 669/669/629 668/668/628 592/592/592
f 670/670/630 669/669/629 594/594/594 593/593/593
f 595/595/595 671/671/631 670/670/630 593/593/593
f 672/672/632 671/671/631 595/595/595 598/598/598
f 673/673/633 672/672/632 598/598/598 597/597/597
f 674/1075/634 673/673/633 597/597/597 596/1076/596
f 599/599/599 675/675/635 674/674/634 596/596/596
f 600/600/600 676/676/636 675/675/635 599/599/599
f 677/677/637 676/676/636 600/600/600 601/601/601
f 678/678/638 677/677/637 601/601/601 602/602/602
f 603/603/603 679/679/639 678/678/638 602/602/602
f 680/680/640 679/679/639 603/603/603 607/607/607
f 681/681/641 680/680/640 607/607/607 606/606/606
f 682/682/642 681/681/641 606/606/606 605/605/605
f 683/683/643 682/682/642 605/605/605 604/604/604
f 684/684/644 683/683/643 604/604/604 614/614/614
f 613/613/613 685/685/645 684/684/644 614/614/614
f 612/612/612 686/686/646 685/685/645 613/613/613
f 611/611/611 687/687/647 686/686/646 612/612/612
f 610/610/610 688/688/648 687/687/647 611/611/611
f 609/608/608 689/689/649 688/688/648 610/610/610
f 608/1102/609 690/1101/650 689/689/649 609/608/608
f 615/615/615 691/691/651 690/690/650 608/609/609
f 692/692/652 691/691/651 615/615/615 616/616/616
f 693/693/653 692/692/652 616/616/616 618/618/618
f 694/694/654 693/693/653 618/618/618 617/617/617
f 695/695/655 694/694/654 617/617/617 621/621/621
f 620/620/620 696/696/656 695/695/655 621/621/621
f 619/619/619 697/697/657 696/696/656 620/620/620
f 583/583/583 698/698/658 697/697/657 619/619/619
f 699/1114/659 698/698/658 583/583/583 582/1115/582
f 700/700/660 699/699/659 582/582/582 584/584/584
f 701/701/661 700/700/660 584/584/584 585/585/585
f 662/662/623 701/701/661 585/585/585 586/586/586
f 742/742/662 743/743/663 662/662/623 663/663/622
f 663/663/622 664/664/624 781/781/664 742/742/662
f 664/664/624 665/665/625 780/780/665 781/781/664
f 665/665/625 666/1089/626 779/779/666 780/780/665
f 778/778/667 779/1088/666 666/666/626 667/667/627
f 777/777/668 778/778/667 667/667/627 668/668/628
f 668/668/628 669/669/629 776/776/669 777/777/668
f 775/775/670 776/776/669 669/669/629 670/670/630
f 670/670/630 671/671/631 774/774/671 775/775/670
f 773/773/672 774/774/671 671/671/631 672/672/632
f 772/772/673 773/773/672 672/672/632 673/673/633
f 771/771/674 772/772/673 673/673/633 674/1075/634
f 674/674/634 675/675/635 770/770/675 771/1073/674
f 675/675/635 676/676/636 769/769/676 770/770/675
f 768/768/677 769/769/676 676/676/636 677/677/637
f 767/767/678 768/768/677 677/677/637 678/678/638
f 678/678/638 679/679/639 766/766/679 767/767/678
f 765/765/680 766/766/679 679/679/639 680/680/640
f 764/764/681 765/765/680 680/680/640 681/681/641
f 763/763/682 764/764/681 681/681/641 682/682/642
f 762/762/683 763/763/682 682/682/642 683/683/643
f 761/761/684 762/762/683 683/683/643 684/684/644
f 684/684/644 685/685/645 760/760/685 761/761/684
f 685/685/645 686/686/646 759/759/686 760/760/685
f 686/686/646 687/687/647 758/758/687 759/759/686
f 687/687/647 688/688/648 757/757/688 758/758/687
f 688/688/648 689/689/649 756/756/689 757/757/688
f 689/689/649 690/1101/650 755/755/690 756/756/689
f 690/690/650 691/691/651 754/754/691 755/1100/690
f 753/753/692 754/754/691 691/691/651 692/692/652
f 752/752/693 753/753/692 692/692/652 693/693/653
f 751/751/694 752/752/693 693/693/653 694/694/654
f 750/750/695 751/751/694 694/694/654 695/695/655
f 695/695/655 696/696/656 749/749/696 750/750/695
f 696/696/656 697/697/657 748/748/697 749/749/696
f 697/697/657 698/698/658 747/747/698 748/748/697
f 746/746/699 747/747/698 698/698/658 699/1114/659
f 745/745/700 746/1112/699 699/699/659 700/700/660
f 744/744/701 745/745/700 700/700/660 701/701/661
f 743/743/663 744/744/701 701/701/661 662/662/623
f 702/702/702 703/703/703 842/842/704 843/843/705
f 881/881/706 842/842/704 703/703/703 704/704/707
f 704/704/707 705/705/708 880/880/709 881/881/706
f 705/705/708 706/1079/710 879/879/711 880/880/709
f 706/706/710 707/707/712 878/878/713 879/1078/711
f 707/707/712 708/708/714 877/877/715 878/878/713
f 708/708/714 709/709/716 876/876/717 877/877/715
f 709/709/716 710/710/718 875/875/719 876/876/717
f 710/710/718 711/711/720 874/874/721 875/875/719
f 711/711/720 712/712/722 873/873/723 874/874/721
f 712/712/722 713/713/724 872/872/725 873/873/723
f 713/713/724 714/714/726 871/871/727 872/872/725
f 714/1074/726 715/715/728 870/870/729 871/1067/727
f 715/715/728 716/716/730 869/869/731 870/870/729
f 716/716/730 717/717/732 868/868/733 869/869/731
f 717/717/732 718/718/734 867/867/735 868/868/733
f 718/718/734 719/719/736 866/866/737 867/867/735
f 719/719/736 720/720/738 865/865/739 866/866/737
f 720/720/738 721/721/740 864/864/741 865/865/739
f 721/721/740 722/722/742 863/863/743 864/864/741
f 722/722/742 723/723/744 862/862/745 863/863/743
f 723/723/744 724/724/746 861/861/747 862/862/745
f 724/724/746 725/725/748 860/860/749 861/861/747
f 725/725/748 726/726/750 859/859/751 860/860/749
f 726/726/750 727/727/752 858/858/753 859/859/751
f 727/727/752 728/728/754 857/857/755 858/858/753
f 728/728/754 729/729/756 856/856/757 857/857/755
f 729/729/756 730/1093/758 855/855/759 856/856/757
f 730/730/758 731/731/760 854/854/761 855/1092/759
f 731/731/760 732/732/762 853/853/763 854/854/761
f 732/732/762 733/733/764 852/852/765 853/853/763
f 733/733/764 734/734/766 851/851/767 852/852/765
f 734/734/766 735/735/768 850/850/769 851/851/767
f 735/735/768 736/736/770 849/849/771 850/850/769
f 736/736/770 737/737/772 848/848/773 849/849/771
f 737/737/772 738/738/774 847/847/775 848/848/773
f 738/738/774 739/739/776 846/846/777 847/847/775
f 739/1113/776 740/740/778 845/845/779 846/1104/777
f 740/740/778 741/741/780 844/844/781 845/845/779
f 741/741/780 702/702/702 843/843/705 844/844/781
f 703/703/703 702/702/702 743/743/663 742/742/662
f 702/702/702 741/741/780 744/744/701 743/743/663
f 741/741/780 740/740/778 745/745/700 744/744/701
f 740/740/778 739/1113/776 746/1112/699 745/745/700
f 739/739/776 738/738/774 747/747/698 746/746/699
f 748/748/697 747/747/698 738/738/774 737/737/772
f 749/749/696 748/748/697 737/737/772 736/736/770
f 750/750/695 749/749/696 736/736/770 735/735/768
f 735/735/768 734/734/766 751/751/694 750/750/695
f 734/734/766 733/733/764 752/752/693 751/751/694
f 733/733/764 732/732/762 753/753/692 752/752/693
f 732/732/762 731/731/760 754/754/691 753/753/692
f 755/1100/690 754/754/691 731/731/760 730/730/758
f 756/756/689 755/755/690 730/1093/758 729/729/756
f 757/757/688 756/756/689 729/729/756 728/728/754
f 758/758/687 757/757/688 728/728/754 727/727/752
f 759/759/686 758/758/687 727/727/752 726/726/750
f 760/760/685 759/759/686 726/726/750 725/725/748
f 761/761/684 760/760/685 725/725/748 724/724/746
f 724/724/746 723/723/744 762/762/683 761/761/684
f 723/723/744 722/722/742 763/763/682 762/762/683
f 722/722/742 721/721/740 764/764/681 763/763/682
f 721/721/740 720/720/738 765/765/680 764/764/681
f 720/720/738 719/719/736 766/766/679 765/765/680
f 767/767/678 766/766/679 719/719/736 718/718/734
f 718/718/734 717/717/732 768/768/677 767/767/678
f 717/717/732 716/716/730 769/769/676 768/768/677
f 770/770/675 769/769/676 716/716/730 715/715/728
f 771/1073/674 770/770/675 715/715/728 714/1074/726
f 714/714/726 713/713/724 772/772/673 771/771/674
f 713/713/724 712/712/722 773/773/672 772/772/673
f 712/712/722 711/711/720 774/774/671 773/773/672
f 775/775/670 774/774/671 711/711/720 710/710/718
f 710/710/718 709/709/716 776/776/669 775/775/670
f 777/777/668 776/776/669 709/709/716 708/708/714
f 708/708/714 707/707/712 778/778/667 777/777/668
f 707/707/712 706/706/710 779/1088/666 778/778/667
f 780/780/665 779/779/666 706/1079/710 705/705/708
f 781/781/664 780/780/665 705/705/708 704/704/707
f 742/742/662 781/781/664 704/704/707 703/703/703
f 642/642/782 643/643/783 639/639/784 638/638/785
f 647/647/786 645/644/787 644/645/788 646/646/789
f 655/655/790 652/651/791 651/652/792 653/653/793
f 631/631/794 630/630/795 635/635/796 632/632/797
f 638/638/785 782/782/798 783/783/799 642/642/782
f 782/782/798 638/638/785 637/637/800 784/784/801
f 786/785/802 636/636/803 634/1099/804 785/1098/805
f 636/636/803 786/785/802 784/784/801 637/637/800
f 785/786/805 634/634/804 633/633/806 787/787/807
f 787/787/807 633/633/806 635/635/796 788/788/808
f 788/788/808 635/635/796 630/630/795 789/789/809
f 789/789/809 630/630/795 629/629/810 790/790/811
f 792/791/812 625/624/813 624/625/814 791/1111/815
f 625/624/813 792/791/812 793/793/816 628/628/817
f 628/628/817 793/793/816 790/790/811 629/629/810
f 791/792/815 624/1105/814 626/626/818 794/794/819
f 627/627/820 795/795/821 794/794/819 626/626/818
f 623/622/822 796/796/823 795/795/821 627/627/820
f 796/796/823 623/622/822 622/623/824 797/797/825
f 661/661/826 798/798/827 797/797/825 622/623/824
f 660/660/828 799/799/829 798/798/827 661/661/826
f 799/799/829 660/660/828 658/1087/830 800/1086/831
f 657/658/832 801/801/833 800/800/831 658/657/830
f 801/801/833 657/658/832 659/659/834 802/802/835
f 802/802/835 659/659/834 656/656/836 803/803/837
f 655/655/790 804/804/838 803/803/837 656/656/836
f 804/804/838 655/655/790 653/653/793 805/805/839
f 654/654/840 806/1072/841 805/805/839 653/653/793
f 806/806/841 654/1068/840 649/649/842 807/807/843
f 648/648/844 808/808/845 807/807/843 649/649/842
f 650/650/846 809/809/847 808/808/845 648/648/844
f 647/647/786 810/810/848 809/809/847 650/650/846
f 810/810/848 647/647/786 646/646/789 811/811/849
f 813/812/850 641/640/851 640/641/852 812/813/853
f 812/813/853 640/641/852 642/642/782 783/783/799
f 811/811/849 646/646/789 641/640/851 813/812/850
f 792/791/812 791/1111/815 790/790/811 793/793/816
f 799/799/829 800/1086/831 797/797/825 798/798/827
f 803/803/837 804/804/838 801/801/833 802/802/835
f 808/808/845 809/809/847 806/806/841 807/807/843
f 786/785/802 785/1098/805 782/782/798 784/784/801
f 813/812/850 812/813/853 783/783/799 782/782/798
f 809/809/847 810/810/848 811/811/849 813/812/850
f 785/786/805 787/787/807 788/788/808 789/789/809
f 815/1084/854 797/797/825 800/1086/831 814/1085/855
f 814/815/855 800/800/831 801/801/833 816/816/856
f 816/816/856 801/801/833 804/804/838 817/817/857
f 817/817/857 804/804/838 805/805/839 818/818/858
f 806/1072/841 819/1071/859 818/818/858 805/805/839
f 819/819/859 806/806/841 809/809/847 820/820/860
f 820/820/860 809/809/847 813/812/850 821/821/861
f 821/821/861 813/812/850 782/782/798 822/822/862
f 785/1098/805 823/1097/863 822/822/862 782/782/798
f 823/823/863 785/786/805 789/789/809 824/824/864
f 824/824/864 789/789/809 790/790/811 825/825/865
f 825/825/865 790/790/811 791/1111/815 826/1110/866
f 794/794/819 827/827/867 826/826/866 791/792/815
f 795/795/821 828/828/868 827/827/867 794/794/819
f 828/828/868 795/795/821 796/796/823 829/829/869
f 829/829/869 796/796/823 797/797/825 815/1084/854
f 826/826/866 827/827/867 828/828/868 829/829/869
f 815/814/854 814/815/855 816/816/856 817/817/857
f 819/1071/859 820/1070/860 817/817/857 818/818/858
f 820/820/860 821/821/861 822/822/862 823/1097/863
f 825/825/865 826/1110/866 823/823/863 824/824/864
f 831/1096/870 836/1069/871 837/1094/872 830/831/873
f 832/832/874 830/1095/873 837/837/872 838/1106/875
f 832/1107/874 838/838/875 839/839/876 833/833/877
f 833/833/877 839/839/876 840/1080/878 834/834/879
f 834/1081/879 840/840/878 841/841/880 835/835/881
f 831/1082/870 835/835/881 841/841/880 836/836/871
f 830/1095/873 832/832/874 833/1109/877 831/830/870
f 835/1083/881 831/830/870 833/1109/877 834/1108/879
f 837/1094/872 836/1069/871 820/820/860 823/1097/863
f 838/1106/875 837/837/872 823/823/863 826/1110/866
f 839/839/876 838/838/875 826/826/866 829/829/869
f 840/1080/878 839/839/876 829/829/869 815/1084/854
f 841/841/880 840/840/878 815/814/854 817/817/857
f 836/836/871 841/841/880 817/817/857 820/1070/860
f 843/843/705 842/842/704 622/623/824 623/622/822
f 627/627/820 844/844/781 843/843/705 623/622/822
f 626/626/818 845/845/779 844/844/781 627/627/820
f 624/1105/814 846/1104/777 845/845/779 626/626/818
f 847/847/775 846/846/777 624/625/814 625/624/813
f 848/848/773 847/847/775 625/624/813 628/628/817
f 849/849/771 848/848/773 628/628/817 629/629/810
f 850/850/769 849/849/771 629/629/810 630/630/795
f 851/851/767 850/850/769 630/630/795 631/631/794
f 852/852/765 851/851/767 631/631/794 632/632/797
f 635/635/796 853/853/763 852/852/765 632/632/797
f 633/633/806 854/854/761 853/853/763 635/635/796
f 855/1092/759 854/854/761 633/633/806 634/634/804
f 856/856/757 855/855/759 634/1099/804 636/636/803
f 857/857/755 856/856/757 636/636/803 637/637/800
f 858/858/753 857/857/755 637/637/800 638/638/785
f 859/859/751 858/858/753 638/638/785 639/639/784
f 860/860/749 859/859/751 639/639/784 643/643/783
f 642/642/782 861/861/747 860/860/749 643/643/783
f 640/641/852 862/862/745 861/861/747 642/642/782
f 863/863/743 862/862/745 640/641/852 641/640/851
f 646/646/789 864/864/741 863/863/743 641/640/851
f 644/645/788 865/865/739 864/864/741 646/646/789
f 866/866/737 865/865/739 644/645/788 645/644/787
f 867/867/735 866/866/737 645/644/787 647/647/786
f 650/650/846 868/868/733 867/867/735 647/647/786
f 648/648/844 869/869/731 868/868/733 650/650/846
f 870/870/729 869/869/731 648/648/844 649/649/842
f 654/1068/840 871/1067/727 870/870/729 649/649/842
f 653/653/793 872/872/725 871/871/727 654/654/840
f 651/652/792 873/873/723 872/872/725 653/653/793
f 874/874/721 873/873/723 651/652/792 652/651/791
f 875/875/719 874/874/721 652/651/791 655/655/790
f 876/876/717 875/875/719 655/655/790 656/656/836
f 659/659/834 877/877/715 876/876/717 656/656/836
f 657/658/832 878/878/713 877/877/715 659/659/834
f 879/1078/711 878/878/713 657/658/832 658/657/830
f 880/880/709 879/879/711 658/1087/830 660/660/828
f 881/881/706 880/880/709 660/660/828 661/661/826
f 622/623/824 842/842/704 881/881/706 661/661/826
